Identificador;ual_prov;ual_estr;ual_segm;al_ncues;gv_superficie_ha;gv_k1001;gv_k1002;gv_k1003;gv_trs;gv_trc;gv_tro;gv_znd;gv_tn;fact_exp_fin
01055601002930001; AZUAY;01;00293;0001;7,98;2;1;1;REGIÓN SIERRA; ; ; ;TOTAL NACIONAL;49,6586342681885
01055201011020003; AZUAY;01;01102;0003;2,7;4; ;4;REGIÓN SIERRA; ; ; ;TOTAL NACIONAL;54,2563201971374
01135201017240001; AZUAY;01;01724;0001;11,53;2;1;1;REGIÓN SIERRA; ; ; ;TOTAL NACIONAL;27,1582036988485
01135201022300001; AZUAY;01;02230;0001;6,05;3;1;2;REGIÓN SIERRA; ; ; ;TOTAL NACIONAL;40,0250043768097
01056101024340007; AZUAY;01;02434;0007;3,08;2; ;2;REGIÓN SIERRA; ; ; ;TOTAL NACIONAL;13,3257351246505
01056201024900001; AZUAY;01;02490;0001;4,43;3; ;3;REGIÓN SIERRA; ; ; ;TOTAL NACIONAL;17,3506099814135
01056201024910009; AZUAY;01;02491;0009;4,43;3; ;3;REGIÓN SIERRA; ; ; ;TOTAL NACIONAL;14,880084477627
01055001025040006; AZUAY;01;02504;0006;2,02;4;2;2;REGIÓN SIERRA; ; ; ;TOTAL NACIONAL;38,60307908119
01055001028170002; AZUAY;01;02817;0002;2,45;4;1;3;REGIÓN SIERRA; ; ; ;TOTAL NACIONAL;41,103403613187
01055001028170005; AZUAY;01;02817;0005;1,21;6;2;4;REGIÓN SIERRA; ; ; ;TOTAL NACIONAL;64,3405922077535
01056201028290003; AZUAY;01;02829;0003;,59;4;4; ;REGIÓN SIERRA; ; ; ;TOTAL NACIONAL;62,781606280417
01056201028290007; AZUAY;01;02829;0007;2,65;8; ;8;REGIÓN SIERRA; ; ; ;TOTAL NACIONAL;2,28914200151982
01056101030190001; AZUAY;01;03019;0001;3,81;5;2;3;REGIÓN SIERRA; ; ; ;TOTAL NACIONAL;69,2247886591125
01015701031020003; AZUAY;01;03102;0003;79,97;6; ;6;REGIÓN SIERRA; ; ; ;TOTAL NACIONAL;,163808886860668
01015701031020004; AZUAY;01;03102;0004;12,52;5; ;5;REGIÓN SIERRA; ; ; ;TOTAL NACIONAL;1,44786989332387
01015701031020012; AZUAY;01;03102;0012;,84;6; ;6;REGIÓN SIERRA; ; ; ;TOTAL NACIONAL;47,1306657074141
01015701031020013; AZUAY;01;03102;0013;,76;3;1;2;REGIÓN SIERRA; ; ; ;TOTAL NACIONAL;2,71811720765946
01125001033490002; AZUAY;01;03349;0002;4,11;10; ;10;REGIÓN SIERRA; ; ; ;TOTAL NACIONAL;38,4070474049031
01135001033610003; AZUAY;01;03361;0003;37,12;6; ;6;REGIÓN SIERRA; ; ; ;TOTAL NACIONAL;1,19169357634661
01135001033620001; AZUAY;01;03362;0001;37,12;6; ;6;REGIÓN SIERRA; ; ; ;TOTAL NACIONAL;19,7923495949976
01055201034770001; AZUAY;01;03477;0001;2,91;2; ;2;REGIÓN SIERRA; ; ; ;TOTAL NACIONAL;72,245896577467
01145001041930001; AZUAY;01;04193;0001;1,97;3; ;3;REGIÓN SIERRA; ; ; ;TOTAL NACIONAL;36,719168538802
01055001043540001; AZUAY;01;04354;0001;1,18;8;3;5;REGIÓN SIERRA; ; ; ;TOTAL NACIONAL;64,154004769256
01055001043540005; AZUAY;01;04354;0005;2,9;30;7;23;REGIÓN SIERRA; ; ; ;TOTAL NACIONAL;20,9981235718149
01015701046750001; AZUAY;01;04675;0001;253,3;10;1;9;REGIÓN SIERRA; ; ; ;TOTAL NACIONAL;2,3581950954727
01016601049400002; AZUAY;01;04940;0002;1,03;4; ;4;REGIÓN SIERRA; ; ; ;TOTAL NACIONAL;25,1481099252052
01016601049400004; AZUAY;01;04940;0004;4,85;4;1;3;REGIÓN SIERRA; ; ; ;TOTAL NACIONAL;75,8914101650226
01055301053720002; AZUAY;01;05372;0002;7,03;5;2;3;REGIÓN SIERRA; ; ; ;TOTAL NACIONAL;45,5716114581473
01125301056940001; AZUAY;01;05694;0001;3,89;3;2;1;REGIÓN SIERRA; ; ; ;TOTAL NACIONAL;42,8641591906768
01125301056940004; AZUAY;01;05694;0004;2,96;2;1;1;REGIÓN SIERRA; ; ; ;TOTAL NACIONAL;38,8444410118032
01125301056940005; AZUAY;01;05694;0005;5,32;4;2;2;REGIÓN SIERRA; ; ; ;TOTAL NACIONAL;21,2434193055767
01016701057660004; AZUAY;01;05766;0004;1,09;2; ;2;REGIÓN SIERRA; ; ; ;TOTAL NACIONAL;31,7906646190028
01016701057660006; AZUAY;01;05766;0006;,53;4;1;3;REGIÓN SIERRA; ; ; ;TOTAL NACIONAL;50,115679923864
01016701057660007; AZUAY;01;05766;0007;,2;3; ;3;REGIÓN SIERRA; ; ; ;TOTAL NACIONAL;120,660825172014
01016701057660013; AZUAY;01;05766;0013;,83;4;2;2;REGIÓN SIERRA; ; ; ;TOTAL NACIONAL;82,0430279709505
01016701057660014; AZUAY;01;05766;0014;,25;3; ;3;REGIÓN SIERRA; ; ; ;TOTAL NACIONAL;92,0420419959013
01016701057660016; AZUAY;01;05766;0016;,22;3;1;2;REGIÓN SIERRA; ; ; ;TOTAL NACIONAL;79,7647819168927
01055401059150002; AZUAY;01;05915;0002;1,44;2; ;2;REGIÓN SIERRA; ; ; ;TOTAL NACIONAL;48,0808045725325
01055901060980001; AZUAY;01;06098;0001;14,26;2; ;2;REGIÓN SIERRA; ; ; ;TOTAL NACIONAL;20,2163482911711
01055901060980005; AZUAY;01;06098;0005;4,04;4; ;4;REGIÓN SIERRA; ; ; ;TOTAL NACIONAL;20,0063110499077
01055901060990001; AZUAY;01;06099;0001;14,26;2; ;2;REGIÓN SIERRA; ; ; ;TOTAL NACIONAL;27,4356083138333
01035401061660001; AZUAY;01;06166;0001;4;2; ;2;REGIÓN SIERRA; ; ; ;TOTAL NACIONAL;38,4382381179162
01035401061660002; AZUAY;01;06166;0002;4,27;2; ;2;REGIÓN SIERRA; ; ; ;TOTAL NACIONAL;52,1370481851387
01035401061660003; AZUAY;01;06166;0003;1,52;6; ;6;REGIÓN SIERRA; ; ; ;TOTAL NACIONAL;55,4277587695248
01035401061660004; AZUAY;01;06166;0004;1,79;3; ;3;REGIÓN SIERRA; ; ; ;TOTAL NACIONAL;66,8187378365586
01035401064920001; AZUAY;01;06492;0001;3,76;3; ;3;REGIÓN SIERRA; ; ; ;TOTAL NACIONAL;4,69180057151904
01035401064920002; AZUAY;01;06492;0002;1,51;2;2; ;REGIÓN SIERRA; ; ; ;TOTAL NACIONAL;13,8410209336609
01035401064920004; AZUAY;01;06492;0004;7,96;4; ;4;REGIÓN SIERRA; ; ; ;TOTAL NACIONAL;24,4443712758507
01035401064920005; AZUAY;01;06492;0005;4,02;10; ;10;REGIÓN SIERRA; ; ; ;TOTAL NACIONAL;52,4439287554118
01035401067610003; AZUAY;01;06761;0003;1;4;2;2;REGIÓN SIERRA; ; ; ;TOTAL NACIONAL;23,8467736437319
01035401067610006; AZUAY;01;06761;0006;,62;3;1;2;REGIÓN SIERRA; ; ; ;TOTAL NACIONAL;64,4539221016266
01035401067610007; AZUAY;01;06761;0007;,35;3;1;2;REGIÓN SIERRA; ; ; ;TOTAL NACIONAL;65,4598724648422
01035401067610009; AZUAY;01;06761;0009;1,31;2; ;2;REGIÓN SIERRA; ; ; ;TOTAL NACIONAL;78,3724378179981
01035401067610010; AZUAY;01;06761;0010;5,01;6;2;4;REGIÓN SIERRA; ; ; ;TOTAL NACIONAL;60,5133608803561
01035401069550002; AZUAY;01;06955;0002;,66;10;4;6;REGIÓN SIERRA; ; ; ;TOTAL NACIONAL;22,4451579977943
01035401069550003; AZUAY;01;06955;0003;1,64;4; ;4;REGIÓN SIERRA; ; ; ;TOTAL NACIONAL;9,11374662210466
01035401069550005; AZUAY;01;06955;0005;3,25;6;2;4;REGIÓN SIERRA; ; ; ;TOTAL NACIONAL;7,71118347887829
01035401069550008; AZUAY;01;06955;0008;1,71;5;2;3;REGIÓN SIERRA; ; ; ;TOTAL NACIONAL;43,827547714614
01035401069550009; AZUAY;01;06955;0009;,49;1; ;1;REGIÓN SIERRA; ; ; ;TOTAL NACIONAL;22,5929207232571
01035401069550017; AZUAY;01;06955;0017;,49;1; ;1;REGIÓN SIERRA; ; ; ;TOTAL NACIONAL;70,9889073804499
01035401069550019; AZUAY;01;06955;0019;,61;1; ;1;REGIÓN SIERRA; ; ; ;TOTAL NACIONAL;75,759826658076
01125301069780005; AZUAY;01;06978;0005;8,6;12;8;4;REGIÓN SIERRA; ; ; ;TOTAL NACIONAL;22,4631887730051
01055401070470001; AZUAY;01;07047;0001;4,83;2;2; ;REGIÓN SIERRA; ; ; ;TOTAL NACIONAL;46,2282111076591
01015801071610011; AZUAY;01;07161;0011;,2;2;1;1;REGIÓN SIERRA; ; ; ;TOTAL NACIONAL;3,45124472439203
01125301074240003; AZUAY;01;07424;0003;4,6;4;1;3;REGIÓN SIERRA; ; ; ;TOTAL NACIONAL;12,0923419879304
01015801074720014; AZUAY;01;07472;0014;2,92;2; ;2;REGIÓN SIERRA; ; ; ;TOTAL NACIONAL;4,93457079600573
01035201075800004; AZUAY;01;07580;0004;3,46;7;3;4;REGIÓN SIERRA; ; ; ;TOTAL NACIONAL;77,7440086430692
01035201075800007; AZUAY;01;07580;0007;,29;3; ;3;REGIÓN SIERRA; ; ; ;TOTAL NACIONAL;40,2636477316917
01035201075800008; AZUAY;01;07580;0008;,68;3; ;3;REGIÓN SIERRA; ; ; ;TOTAL NACIONAL;16,5304680993455
01035201075800010; AZUAY;01;07580;0010;2,46;5;2;3;REGIÓN SIERRA; ; ; ;TOTAL NACIONAL;31,1693257054565
01035001077660001; AZUAY;01;07766;0001;12,05;2; ;2;REGIÓN SIERRA; ; ; ;TOTAL NACIONAL;49,5710222143764
01016001080920003; AZUAY;01;08092;0003;4,08;3;1;2;REGIÓN SIERRA; ; ; ;TOTAL NACIONAL;60,5236666740808
01016001080920007; AZUAY;01;08092;0007;,63;2; ;2;REGIÓN SIERRA; ; ; ;TOTAL NACIONAL;81,3823733086949
01035601081240003; AZUAY;01;08124;0003;5,55;6;2;4;REGIÓN SIERRA; ; ; ;TOTAL NACIONAL;40,2692666327879
01035601081240004; AZUAY;01;08124;0004;9,31;8;4;4;REGIÓN SIERRA; ; ; ;TOTAL NACIONAL;6,43310472284846
01035901081310003; AZUAY;01;08131;0003;6,52;4;2;2;REGIÓN SIERRA; ; ; ;TOTAL NACIONAL;8,58434012529436
01035601085230002; AZUAY;01;08523;0002;2,07;15;5;10;REGIÓN SIERRA; ; ; ;TOTAL NACIONAL;,190768262590394
01035601085230004; AZUAY;01;08523;0004;1,38;5; ;5;REGIÓN SIERRA; ; ; ;TOTAL NACIONAL;13,2774710762914
01035601085230005; AZUAY;01;08523;0005;9,51;7;7; ;REGIÓN SIERRA; ; ; ;TOTAL NACIONAL;10,8947784855006
01035001087250003; AZUAY;01;08725;0003;,09;3;1;2;REGIÓN SIERRA; ; ; ;TOTAL NACIONAL;110,096787552875
01035001087250004; AZUAY;01;08725;0004;5,46;4; ;4;REGIÓN SIERRA; ; ; ;TOTAL NACIONAL;53,0077209510905
01035001087250006; AZUAY;01;08725;0006;1,66;4;2;2;REGIÓN SIERRA; ; ; ;TOTAL NACIONAL;49,4235007109788
01035001087250007; AZUAY;01;08725;0007;2,49;6;1;5;REGIÓN SIERRA; ; ; ;TOTAL NACIONAL;17,5435097648563
01017001089340004; AZUAY;01;08934;0004;,34;2; ;2;REGIÓN SIERRA; ; ; ;TOTAL NACIONAL;68,8492089532279
01035001094910002; AZUAY;01;09491;0002;4,41;11;2;9;REGIÓN SIERRA; ; ; ;TOTAL NACIONAL;44,5808351761472
01115001097580005; AZUAY;01;09758;0005;5,26;7;3;4;REGIÓN SIERRA; ; ; ;TOTAL NACIONAL;7,68681736655318
01115001097580007; AZUAY;01;09758;0007;3,39;5;5; ;REGIÓN SIERRA; ; ; ;TOTAL NACIONAL;29,516091141896
01016901098590005; AZUAY;01;09859;0005;,94;4; ;4;REGIÓN SIERRA; ; ; ;TOTAL NACIONAL;54,4799596837335
01016901098590012; AZUAY;01;09859;0012;,62;2; ;2;REGIÓN SIERRA; ; ; ;TOTAL NACIONAL;79,6655187311585
01017001100940002; AZUAY;01;10094;0002;,58;3; ;3;REGIÓN SIERRA; ; ; ;TOTAL NACIONAL;87,0706933285775
01017001100940004; AZUAY;01;10094;0004;,28;2; ;2;REGIÓN SIERRA; ; ; ;TOTAL NACIONAL;26,3584075104666
01017001100940012; AZUAY;01;10094;0012;4,36;6;2;4;REGIÓN SIERRA; ; ; ;TOTAL NACIONAL;10,9190977452647
01017001100940018; AZUAY;01;10094;0018;1,26;4; ;4;REGIÓN SIERRA; ; ; ;TOTAL NACIONAL;57,5418152766461
01016901101040001; AZUAY;01;10104;0001;,21;2; ;2;REGIÓN SIERRA; ; ; ;TOTAL NACIONAL;10,6192145365909
01016901101040004; AZUAY;01;10104;0004;,46;4;2;2;REGIÓN SIERRA; ; ; ;TOTAL NACIONAL;72,8772454134789
01016901101040006; AZUAY;01;10104;0006;2,6;3;3; ;REGIÓN SIERRA; ; ; ;TOTAL NACIONAL;15,9977445915421
01016901101040011; AZUAY;01;10104;0011;2,14;1;1; ;REGIÓN SIERRA; ; ; ;TOTAL NACIONAL;3,49838609733484
01016901101040014; AZUAY;01;10104;0014;3,54;5;2;3;REGIÓN SIERRA; ; ; ;TOTAL NACIONAL;42,5368537087171
01016901101040015; AZUAY;01;10104;0015;2,45;3; ;3;REGIÓN SIERRA; ; ; ;TOTAL NACIONAL;16,749643744832
01016401102290008; AZUAY;01;10229;0008;,42;2;1;1;REGIÓN SIERRA; ; ; ;TOTAL NACIONAL;25,1416225114822
01035701107590001; AZUAY;01;10759;0001;3,48;2; ;2;REGIÓN SIERRA; ; ; ;TOTAL NACIONAL;26,4240692177562
01035701107590003; AZUAY;01;10759;0003;9,28;7;1;6;REGIÓN SIERRA; ; ; ;TOTAL NACIONAL;26,1253561292516
01035701107590004; AZUAY;01;10759;0004;2,61;2;2; ;REGIÓN SIERRA; ; ; ;TOTAL NACIONAL;7,05404720414345
01115001107800005; AZUAY;01;10780;0005;2,19;2;1;1;REGIÓN SIERRA; ; ; ;TOTAL NACIONAL;37,4400046760969
01016401110750003; AZUAY;01;11075;0003;,53;7;1;6;REGIÓN SIERRA; ; ; ;TOTAL NACIONAL;26,0346073367599
01016401110750004; AZUAY;01;11075;0004;8,15;3; ;3;REGIÓN SIERRA; ; ; ;TOTAL NACIONAL;17,9614567345896
01016401110750006; AZUAY;01;11075;0006;3,05;2; ;2;REGIÓN SIERRA; ; ; ;TOTAL NACIONAL;19,5432716707218
01016401110750010; AZUAY;01;11075;0010;,38;3; ;3;REGIÓN SIERRA; ; ; ;TOTAL NACIONAL;61,8115135608472
01017001110910004; AZUAY;01;11091;0004;,31;3; ;3;REGIÓN SIERRA; ; ; ;TOTAL NACIONAL;53,0532532695003
01017001110910005; AZUAY;01;11091;0005;,62;5;2;3;REGIÓN SIERRA; ; ; ;TOTAL NACIONAL;78,6378528082626
01017001110910006; AZUAY;01;11091;0006;1,14;3;1;2;REGIÓN SIERRA; ; ; ;TOTAL NACIONAL;68,1981793210665
01017001110910007; AZUAY;01;11091;0007;,13;4; ;4;REGIÓN SIERRA; ; ; ;TOTAL NACIONAL;18,9920567673644
01017001110910010; AZUAY;01;11091;0010;2,3;4;2;2;REGIÓN SIERRA; ; ; ;TOTAL NACIONAL;9,02056104385409
01017001110910012; AZUAY;01;11091;0012;2,95;3;1;2;REGIÓN SIERRA; ; ; ;TOTAL NACIONAL;24,5321854463955
01016801111160002; AZUAY;01;11116;0002;,94;2;1;1;REGIÓN SIERRA; ; ; ;TOTAL NACIONAL;88,7099810091274
01016401112300008; AZUAY;01;11230;0008;9,55;4; ;4;REGIÓN SIERRA; ; ; ;TOTAL NACIONAL;29,4488610453862
01016401112300009; AZUAY;01;11230;0009;6,96;2; ;2;REGIÓN SIERRA; ; ; ;TOTAL NACIONAL;7,3760438613982
01016801114270002; AZUAY;01;11427;0002;2,4;2;1;1;REGIÓN SIERRA; ; ; ;TOTAL NACIONAL;63,3613134016588
01036001114830003; AZUAY;01;11483;0003;5,25;4;2;2;REGIÓN SIERRA; ; ; ;TOTAL NACIONAL;38,3138732095785
01016801115990001; AZUAY;01;11599;0001;5;5;2;3;REGIÓN SIERRA; ; ; ;TOTAL NACIONAL;87,3345416530358
01016801115990002; AZUAY;01;11599;0002;,23;1; ;1;REGIÓN SIERRA; ; ; ;TOTAL NACIONAL;169,712914296692
01016801116590003; AZUAY;01;11659;0003;5,21;15;3;12;REGIÓN SIERRA; ; ; ;TOTAL NACIONAL;38,9456126214798
01016801116590004; AZUAY;01;11659;0004;3,07;3; ;3;REGIÓN SIERRA; ; ; ;TOTAL NACIONAL;36,8472908309558
01016101116830001; AZUAY;01;11683;0001;10,56;4; ;4;REGIÓN SIERRA; ; ; ;TOTAL NACIONAL;41,7182530359429
01016101116830003; AZUAY;01;11683;0003;1,48;3; ;3;REGIÓN SIERRA; ; ; ;TOTAL NACIONAL;47,5577576691495
01016101116830005; AZUAY;01;11683;0005;,28;5;2;3;REGIÓN SIERRA; ; ; ;TOTAL NACIONAL;52,7642222286859
01115301117410001; AZUAY;01;11741;0001;1,2;5;2;3;REGIÓN SIERRA; ; ; ;TOTAL NACIONAL;64,8625133946778
01115301117410002; AZUAY;01;11741;0002;1,37;1; ;1;REGIÓN SIERRA; ; ; ;TOTAL NACIONAL;58,071172303561
01115301117410003; AZUAY;01;11741;0003;1,01;3;1;2;REGIÓN SIERRA; ; ; ;TOTAL NACIONAL;75,6218580497828
01115301117410006; AZUAY;01;11741;0006;,22;4; ;4;REGIÓN SIERRA; ; ; ;TOTAL NACIONAL;29,1975101160501
01016401117600003; AZUAY;01;11760;0003;8,15;3; ;3;REGIÓN SIERRA; ; ; ;TOTAL NACIONAL;17,1788597123761
01016401117600004; AZUAY;01;11760;0004;2,11;4; ;4;REGIÓN SIERRA; ; ; ;TOTAL NACIONAL;32,8170217003118
01016101119010001; AZUAY;01;11901;0001;,71;3; ;3;REGIÓN SIERRA; ; ; ;TOTAL NACIONAL;10,8903036400778
01016101119010004; AZUAY;01;11901;0004;,29;4;2;2;REGIÓN SIERRA; ; ; ;TOTAL NACIONAL;60,8773936795942
01016101119010012; AZUAY;01;11901;0012;1,05;3;1;2;REGIÓN SIERRA; ; ; ;TOTAL NACIONAL;33,6717594264402
01016801120880003; AZUAY;01;12088;0003;3,73;2; ;2;REGIÓN SIERRA; ; ; ;TOTAL NACIONAL;45,5925157625784
01016801120880005; AZUAY;01;12088;0005;7,29;3; ;3;REGIÓN SIERRA; ; ; ;TOTAL NACIONAL;23,3970502722778
01016801120920003; AZUAY;01;12092;0003;3,56;3;1;2;REGIÓN SIERRA; ; ; ;TOTAL NACIONAL;42,4824511315478
01016801120920004; AZUAY;01;12092;0004;1,42;5; ;5;REGIÓN SIERRA; ; ; ;TOTAL NACIONAL;44,2669810193891
01016801122510009; AZUAY;01;12251;0009;,22;7;2;5;REGIÓN SIERRA; ; ; ;TOTAL NACIONAL;67,9388384556893
01016801122510010; AZUAY;01;12251;0010;30;4; ;4;REGIÓN SIERRA; ; ; ;TOTAL NACIONAL;2,3855622989179
01016801123170001; AZUAY;01;12317;0001;5,82;3; ;3;REGIÓN SIERRA; ; ; ;TOTAL NACIONAL;3,11323622045673
01016801123170003; AZUAY;01;12317;0003;1,51;2; ;2;REGIÓN SIERRA; ; ; ;TOTAL NACIONAL;10,122537697752
01016801123170004; AZUAY;01;12317;0004;7,29;3; ;3;REGIÓN SIERRA; ; ; ;TOTAL NACIONAL;4,72056133163783
01115301124160001; AZUAY;01;12416;0001;3,03;5;1;4;REGIÓN SIERRA; ; ; ;TOTAL NACIONAL;51,5364850694946
01115301124160003; AZUAY;01;12416;0003;2,15;3; ;3;REGIÓN SIERRA; ; ; ;TOTAL NACIONAL;35,2811055054352
01115401124270002; AZUAY;01;12427;0002;4,19;7; ;7;REGIÓN SIERRA; ; ; ;TOTAL NACIONAL;30,9056525691265
01095501128480008; AZUAY;01;12848;0008;2,64;2; ;2;REGIÓN SIERRA; ; ; ;TOTAL NACIONAL;5,71939229894513
01095501130900003; AZUAY;01;13090;0003;3,99;7;3;4;REGIÓN SIERRA; ; ; ;TOTAL NACIONAL;20,1738461622453
01095501130900013; AZUAY;01;13090;0013;12,08;3;2;1;REGIÓN SIERRA; ; ; ;TOTAL NACIONAL;11,5691639329984
01016801134220004; AZUAY;01;13422;0004;,72;2; ;2;REGIÓN SIERRA; ; ; ;TOTAL NACIONAL;59,5118481321446
01016801134220007; AZUAY;01;13422;0007;,37;3;1;2;REGIÓN SIERRA; ; ; ;TOTAL NACIONAL;87,554706339696
01016801134220009; AZUAY;01;13422;0009;,16;2; ;2;REGIÓN SIERRA; ; ; ;TOTAL NACIONAL;79,8100342515657
01016801134220010; AZUAY;01;13422;0010;,17;3; ;3;REGIÓN SIERRA; ; ; ;TOTAL NACIONAL;69,9228427758612
01016801134220013; AZUAY;01;13422;0013;,23;3; ;3;REGIÓN SIERRA; ; ; ;TOTAL NACIONAL;23,2295317987925
01016801134220014; AZUAY;01;13422;0014;1,12;2;2; ;REGIÓN SIERRA; ; ; ;TOTAL NACIONAL;36,8413263247686
01016801134220016; AZUAY;01;13422;0016;,27;2; ;2;REGIÓN SIERRA; ; ; ;TOTAL NACIONAL;11,9957793839267
01016101135260002; AZUAY;01;13526;0002;2,22;12;5;7;REGIÓN SIERRA; ; ; ;TOTAL NACIONAL;27,7080181095507
01016101135260004; AZUAY;01;13526;0004;2;2;2; ;REGIÓN SIERRA; ; ; ;TOTAL NACIONAL;52,721081669631
01016101135390001; AZUAY;01;13539;0001;4,07;3;1;2;REGIÓN SIERRA; ; ; ;TOTAL NACIONAL;7,27787998722436
01016101135390002; AZUAY;01;13539;0002;1,07;8;2;6;REGIÓN SIERRA; ; ; ;TOTAL NACIONAL;13,2181928606747
01016101135390003; AZUAY;01;13539;0003;1,49;5;2;3;REGIÓN SIERRA; ; ; ;TOTAL NACIONAL;66,3567277481519
01016101135390004; AZUAY;01;13539;0004;2,28;5;2;3;REGIÓN SIERRA; ; ; ;TOTAL NACIONAL;43,0357641746051
01016101135390005; AZUAY;01;13539;0005;3,11;5; ;5;REGIÓN SIERRA; ; ; ;TOTAL NACIONAL;1,97189594690715
01016101135390006; AZUAY;01;13539;0006;11,07;4;1;3;REGIÓN SIERRA; ; ; ;TOTAL NACIONAL;1,81783302139473
01016101135390007; AZUAY;01;13539;0007;1,81;5;1;4;REGIÓN SIERRA; ; ; ;TOTAL NACIONAL;2,82714585901642
01016101135390008; AZUAY;01;13539;0008;1,47;5;3;2;REGIÓN SIERRA; ; ; ;TOTAL NACIONAL;37,1762808224019
01016101135390009; AZUAY;01;13539;0009;3,02;3; ;3;REGIÓN SIERRA; ; ; ;TOTAL NACIONAL;11,2609385938517
01016101135390015; AZUAY;01;13539;0015;,22;6;3;3;REGIÓN SIERRA; ; ; ;TOTAL NACIONAL;85,4665760856873
01016101135390016; AZUAY;01;13539;0016;7,85;3;3; ;REGIÓN SIERRA; ; ; ;TOTAL NACIONAL;11,4570840911897
01095501135470003; AZUAY;01;13547;0003;,72;3; ;3;REGIÓN SIERRA; ; ; ;TOTAL NACIONAL;23,5982545257575
01095501135470004; AZUAY;01;13547;0004;,12;6; ;6;REGIÓN SIERRA; ; ; ;TOTAL NACIONAL;76,3809128907916
01095501135470005; AZUAY;01;13547;0005;,65;2; ;2;REGIÓN SIERRA; ; ; ;TOTAL NACIONAL;4,65611714296676
01095501135470006; AZUAY;01;13547;0006;2,48;3; ;3;REGIÓN SIERRA; ; ; ;TOTAL NACIONAL;2,75649974110096
01095501135470009; AZUAY;01;13547;0009;,5;4; ;4;REGIÓN SIERRA; ; ; ;TOTAL NACIONAL;70,1133639778412
01095501135470010; AZUAY;01;13547;0010;,2;4;2;2;REGIÓN SIERRA; ; ; ;TOTAL NACIONAL;39,6893143305084
01095501135470013; AZUAY;01;13547;0013;1,58;3; ;3;REGIÓN SIERRA; ; ; ;TOTAL NACIONAL;8,64491436562658
01095501135470014; AZUAY;01;13547;0014;2,91;4;1;3;REGIÓN SIERRA; ; ; ;TOTAL NACIONAL;12,5076831010877
01095501135470016; AZUAY;01;13547;0016;1,24;5; ;5;REGIÓN SIERRA; ; ; ;TOTAL NACIONAL;41,1012844891539
01017101136610002; AZUAY;01;13661;0002;7,51;3; ;3;REGIÓN SIERRA; ; ; ;TOTAL NACIONAL;33,1090423933788
01095001137570003; AZUAY;01;13757;0003;,37;2; ;2;REGIÓN SIERRA; ; ; ;TOTAL NACIONAL;58,1583760627157
01095001137570012; AZUAY;01;13757;0012;4,61;3; ;3;REGIÓN SIERRA; ; ; ;TOTAL NACIONAL;5,45455528092336
01095301137800005; AZUAY;01;13780;0005;1,1;7;7; ;REGIÓN SIERRA; ; ; ;TOTAL NACIONAL;5,65340855005135
01095301137800007; AZUAY;01;13780;0007;2,05;2; ;2;REGIÓN SIERRA; ; ; ;TOTAL NACIONAL;69,1422795130461
01017101140840001; AZUAY;01;14084;0001;7,43;4;1;3;REGIÓN SIERRA; ; ; ;TOTAL NACIONAL;4,33726102586114
01017101140840003; AZUAY;01;14084;0003;25,4;8;2;6;REGIÓN SIERRA; ; ; ;TOTAL NACIONAL;19,8033669763555
01016801140890004; AZUAY;01;14089;0004;5,63;13;1;12;REGIÓN SIERRA; ; ; ;TOTAL NACIONAL;41,7616527090258
01095001141930003; AZUAY;01;14193;0003;5,17;4;2;2;REGIÓN SIERRA; ; ; ;TOTAL NACIONAL;21,9188187859952
01095501141970001; AZUAY;01;14197;0001;15,36;9;5;4;REGIÓN SIERRA; ; ; ;TOTAL NACIONAL;36,0122557423133
01095001143340001; AZUAY;01;14334;0001;,26;4;1;3;REGIÓN SIERRA; ; ; ;TOTAL NACIONAL;170,07688179877
01095001143340005; AZUAY;01;14334;0005;,3;5;2;3;REGIÓN SIERRA; ; ; ;TOTAL NACIONAL;85,5799379459578
01095001143340014; AZUAY;01;14334;0014;,37;2; ;2;REGIÓN SIERRA; ; ; ;TOTAL NACIONAL;32,3173074075696
01095001143410003; AZUAY;01;14341;0003;7;2; ;2;REGIÓN SIERRA; ; ; ;TOTAL NACIONAL;38,7411701754556
01095001143410004; AZUAY;01;14341;0004;4,25;2; ;2;REGIÓN SIERRA; ; ; ;TOTAL NACIONAL;32,2449326105188
01016101143830001; AZUAY;01;14383;0001;,54;4;1;3;REGIÓN SIERRA; ; ; ;TOTAL NACIONAL;29,1168046726664
01016101143830002; AZUAY;01;14383;0002;7,19;8;3;5;REGIÓN SIERRA; ; ; ;TOTAL NACIONAL;2,52372501243389
01016101143830008; AZUAY;01;14383;0008;10,2;10;4;6;REGIÓN SIERRA; ; ; ;TOTAL NACIONAL;4,71878332226452
01016101143830009; AZUAY;01;14383;0009;6,21;3; ;3;REGIÓN SIERRA; ; ; ;TOTAL NACIONAL;10,1639221259037
01016101143830010; AZUAY;01;14383;0010;2,51;3; ;3;REGIÓN SIERRA; ; ; ;TOTAL NACIONAL;13,1021434334681
01016101143830011; AZUAY;01;14383;0011;,87;3;1;2;REGIÓN SIERRA; ; ; ;TOTAL NACIONAL;102,438802296941
01016101143830012; AZUAY;01;14383;0012;1,08;7;3;4;REGIÓN SIERRA; ; ; ;TOTAL NACIONAL;70,8685081226654
01016101143830013; AZUAY;01;14383;0013;5,01;4;1;3;REGIÓN SIERRA; ; ; ;TOTAL NACIONAL;4,18621730733871
01016101143830015; AZUAY;01;14383;0015;,33;4; ;4;REGIÓN SIERRA; ; ; ;TOTAL NACIONAL;38,3940919514242
01016101143830016; AZUAY;01;14383;0016;,34;7;3;4;REGIÓN SIERRA; ; ; ;TOTAL NACIONAL;58,3275974914219
01016101143990002; AZUAY;01;14399;0002;3,06;6;4;2;REGIÓN SIERRA; ; ; ;TOTAL NACIONAL;28,3135675164741
01016101147510003; AZUAY;01;14751;0003;9,11;15;5;10;REGIÓN SIERRA; ; ; ;TOTAL NACIONAL;3,62740595346363
01016101147510004; AZUAY;01;14751;0004;5;15;7;8;REGIÓN SIERRA; ; ; ;TOTAL NACIONAL;30,3138752965157
01016101147510005; AZUAY;01;14751;0005;1,5;6;3;3;REGIÓN SIERRA; ; ; ;TOTAL NACIONAL;49,8085408493347
01016101147510006; AZUAY;01;14751;0006;1,91;8;6;2;REGIÓN SIERRA; ; ; ;TOTAL NACIONAL;50,9694498765428
01016101147510007; AZUAY;01;14751;0007;,96;5; ;5;REGIÓN SIERRA; ; ; ;TOTAL NACIONAL;59,8851798931967
01095001148070007; AZUAY;01;14807;0007;,43;2;2; ;REGIÓN SIERRA; ; ; ;TOTAL NACIONAL;39,0040045551818
01095001148070012; AZUAY;01;14807;0012;,83;1; ;1;REGIÓN SIERRA; ; ; ;TOTAL NACIONAL;71,2239035221497
01095001148070013; AZUAY;01;14807;0013;1,4;7;3;4;REGIÓN SIERRA; ; ; ;TOTAL NACIONAL;43,9654444697963
01095001148070026; AZUAY;01;14807;0026;,78;2; ;2;REGIÓN SIERRA; ; ; ;TOTAL NACIONAL;3,7099178990013
01095001148070031; AZUAY;01;14807;0031;,32;5; ;5;REGIÓN SIERRA; ; ; ;TOTAL NACIONAL;22,9806439580912
01016101148540001; AZUAY;01;14854;0001;15,01;6;3;3;REGIÓN SIERRA; ; ; ;TOTAL NACIONAL;33,2756907874394
01016101148540002; AZUAY;01;14854;0002;1,53;6;3;3;REGIÓN SIERRA; ; ; ;TOTAL NACIONAL;35,9482969218662
01015201148580005; AZUAY;01;14858;0005;3,33;2; ;2;REGIÓN SIERRA; ; ; ;TOTAL NACIONAL;45,5980462027263
01015201148580006; AZUAY;01;14858;0006;8,41;6;2;4;REGIÓN SIERRA; ; ; ;TOTAL NACIONAL;10,2080514291619
01015201148580007; AZUAY;01;14858;0007;6,01;2;1;1;REGIÓN SIERRA; ; ; ;TOTAL NACIONAL;28,7887171125611
01095001150110005; AZUAY;01;15011;0005;,42;2; ;2;REGIÓN SIERRA; ; ; ;TOTAL NACIONAL;75,712919170689
01095001150110006; AZUAY;01;15011;0006;,24;2; ;2;REGIÓN SIERRA; ; ; ;TOTAL NACIONAL;77,1406582742916
01095001150110009; AZUAY;01;15011;0009;1,73;1;1; ;REGIÓN SIERRA; ; ; ;TOTAL NACIONAL;41,5153776993156
01095001151920012; AZUAY;01;15192;0012;,65;6;2;4;REGIÓN SIERRA; ; ; ;TOTAL NACIONAL;25,3840070557355
01017101153080004; AZUAY;01;15308;0004;10,83;1; ;1;REGIÓN SIERRA; ; ; ;TOTAL NACIONAL;27,0376919517459
01095001153960003; AZUAY;01;15396;0003;3,65;7;2;5;REGIÓN SIERRA; ; ; ;TOTAL NACIONAL;34,9779470592229
01095401154140001; AZUAY;01;15414;0001;16,24;3; ;3;REGIÓN SIERRA; ; ; ;TOTAL NACIONAL;35,9367068906267
01095401155280002; AZUAY;01;15528;0002;1,76;5;1;4;REGIÓN SIERRA; ; ; ;TOTAL NACIONAL;20,2428777103763
01015201156290001; AZUAY;01;15629;0001;3,86;2; ;2;REGIÓN SIERRA; ; ; ;TOTAL NACIONAL;53,6669242415923
01095101157500002; AZUAY;01;15750;0002;,46;6;2;4;REGIÓN SIERRA; ; ; ;TOTAL NACIONAL;45,8242192502888
01017101158000002; AZUAY;01;15800;0002;8,51;2;2; ;REGIÓN SIERRA; ; ; ;TOTAL NACIONAL;8,98998868708012
01017101158000007; AZUAY;01;15800;0007;3,52;2;2; ;REGIÓN SIERRA; ; ; ;TOTAL NACIONAL;32,3101669565023
01095401159330001; AZUAY;01;15933;0001;3,41;7;1;6;REGIÓN SIERRA; ; ; ;TOTAL NACIONAL;66,1929741889514
01015201160130005; AZUAY;01;16013;0005;,59;2; ;2;REGIÓN SIERRA; ; ; ;TOTAL NACIONAL;79,699355447819
01016101170850003; AZUAY;01;17085;0003;14,96;2; ;2;REGIÓN SIERRA; ; ; ;TOTAL NACIONAL;8,62012610486132
01016101170850004; AZUAY;01;17085;0004;6,68;4;1;3;REGIÓN SIERRA; ; ; ;TOTAL NACIONAL;6,81883134025291
01015201172420002; AZUAY;01;17242;0002;4,56;3;1;2;REGIÓN SIERRA; ; ; ;TOTAL NACIONAL;70,0189903661975
01025001174150004; AZUAY;01;17415;0004;6,31;3;3; ;REGIÓN SIERRA; ; ; ;TOTAL NACIONAL;4,61961076116354
01095601174830007; AZUAY;01;17483;0007;,33;11;4;7;REGIÓN SIERRA; ; ; ;TOTAL NACIONAL;74,6761885186109
01025201175470003; AZUAY;01;17547;0003;7,46;9;2;7;REGIÓN SIERRA; ; ; ;TOTAL NACIONAL;23,7891402055884
01095601177080001; AZUAY;01;17708;0001;9,01;4;1;3;REGIÓN SIERRA; ; ; ;TOTAL NACIONAL;18,7095886525299
01025001179590001; AZUAY;01;17959;0001;2,85;5;5; ;REGIÓN SIERRA; ; ; ;TOTAL NACIONAL;27,1092711448365
01025001179590007; AZUAY;01;17959;0007;13,73;5;2;3;REGIÓN SIERRA; ; ; ;TOTAL NACIONAL;2,81722424978385
01025001180700003; AZUAY;01;18070;0003;23,29;7;3;4;REGIÓN SIERRA; ; ; ;TOTAL NACIONAL;7,12358984744922
01095601183230001; AZUAY;01;18323;0001;4,21;2;2; ;REGIÓN SIERRA; ; ; ;TOTAL NACIONAL;65,8971448381084
01095201187530001; AZUAY;01;18753;0001;14;8;3;5;REGIÓN SIERRA; ; ; ;TOTAL NACIONAL;53,3331087217175
01095201190140001; AZUAY;01;19014;0001;1,93;2;2; ;REGIÓN SIERRA; ; ; ;TOTAL NACIONAL;85,2988779538769
01095201201900009; AZUAY;01;20190;0009;21,66;10; ;10;REGIÓN SIERRA; ; ; ;TOTAL NACIONAL;4,17494223398691
01095201201900011; AZUAY;01;20190;0011;1,03;2;1;1;REGIÓN SIERRA; ; ; ;TOTAL NACIONAL;29,0288601258142
01095201201900016; AZUAY;01;20190;0016;1,07;2;1;1;REGIÓN SIERRA; ; ; ;TOTAL NACIONAL;29,7797015129514
01085401202790001; AZUAY;01;20279;0001;12,42;13;2;11;REGIÓN SIERRA; ; ; ;TOTAL NACIONAL;47,4123988800568
01025001203910002; AZUAY;01;20391;0002;20,52;150;50;100;REGIÓN SIERRA; ; ; ;TOTAL NACIONAL;14,6088591305495
01025001204130001; AZUAY;01;20413;0001;12,25;10;3;7;REGIÓN SIERRA; ; ; ;TOTAL NACIONAL;39,1881524199805
01025001204130002; AZUAY;01;20413;0002;,89;3; ;3;REGIÓN SIERRA; ; ; ;TOTAL NACIONAL;54,0207795667586
01025001206970001; AZUAY;01;20697;0001;9,35;2; ;2;REGIÓN SIERRA; ; ; ;TOTAL NACIONAL;51,2803005716843
01095201207510003; AZUAY;01;20751;0003;31;4; ;4;REGIÓN SIERRA; ; ; ;TOTAL NACIONAL;3,92589792252957
01065001209140012; AZUAY;01;20914;0012;,33;2; ;2;REGIÓN SIERRA; ; ; ;TOTAL NACIONAL;48,0546349648204
01025001210820001; AZUAY;01;21082;0001;12,07;40;15;25;REGIÓN SIERRA; ; ; ;TOTAL NACIONAL;14,3495765610437
01025001210820002; AZUAY;01;21082;0002;19,18;18;8;10;REGIÓN SIERRA; ; ; ;TOTAL NACIONAL;22,001788929403
01085401212770001; AZUAY;01;21277;0001;19,66;15;3;12;REGIÓN SIERRA; ; ; ;TOTAL NACIONAL;29,7632385047049
01085301219180001; AZUAY;01;21918;0001;48,24;3; ;3;REGIÓN SIERRA; ; ; ;TOTAL NACIONAL;19,844147267661
01065201224700003; AZUAY;01;22470;0003;92,05;5; ;5;REGIÓN SIERRA; ; ; ;TOTAL NACIONAL;6,13939769092526
01065201227450002; AZUAY;01;22745;0002;19,07;1; ;1;REGIÓN SIERRA; ; ; ;TOTAL NACIONAL;7,73230041874783
01065201227480001; AZUAY;01;22748;0001;19,07;1; ;1;REGIÓN SIERRA; ; ; ;TOTAL NACIONAL;31,2290000757182
01025101228920013; AZUAY;01;22892;0013;,09;1; ;1;REGIÓN SIERRA; ; ; ;TOTAL NACIONAL;67,126581445472
01085001233310002; AZUAY;01;23331;0002;4,93;2;1;1;REGIÓN SIERRA; ; ; ;TOTAL NACIONAL;73,8960168904397
01045001234090005; AZUAY;01;23409;0005;2,59;5;1;4;REGIÓN SIERRA; ; ; ;TOTAL NACIONAL;55,9717944439038
01045001239220001; AZUAY;01;23922;0001;10,08;12;3;9;REGIÓN SIERRA; ; ; ;TOTAL NACIONAL;5,46565401653693
01045001239220003; AZUAY;01;23922;0003;1,49;6;2;4;REGIÓN SIERRA; ; ; ;TOTAL NACIONAL;50,5962222165614
01045001239220004; AZUAY;01;23922;0004;8,33;4; ;4;REGIÓN SIERRA; ; ; ;TOTAL NACIONAL;15,652209774005
01045001239220005; AZUAY;01;23922;0005;14,34;7;4;3;REGIÓN SIERRA; ; ; ;TOTAL NACIONAL;15,9954251185286
01045001241710002; AZUAY;01;24171;0002;2,94;4;1;3;REGIÓN SIERRA; ; ; ;TOTAL NACIONAL;38,0144386284516
01045001241710003; AZUAY;01;24171;0003;5,54;3;1;2;REGIÓN SIERRA; ; ; ;TOTAL NACIONAL;16,5426953178874
01045001241710004; AZUAY;01;24171;0004;,52;4;1;3;REGIÓN SIERRA; ; ; ;TOTAL NACIONAL;100,698355601705
01045001241710005; AZUAY;01;24171;0005;,97;6;2;4;REGIÓN SIERRA; ; ; ;TOTAL NACIONAL;81,690217085238
01045001244380001; AZUAY;01;24438;0001;,88;2; ;2;REGIÓN SIERRA; ; ; ;TOTAL NACIONAL;5,75986573340989
01045001244380002; AZUAY;01;24438;0002;13,54;6;3;3;REGIÓN SIERRA; ; ; ;TOTAL NACIONAL;19,5721833023951
01045001244380003; AZUAY;01;24438;0003;,65;4; ;4;REGIÓN SIERRA; ; ; ;TOTAL NACIONAL;69,9883263449082
01045001244380005; AZUAY;01;24438;0005;,57;8;4;4;REGIÓN SIERRA; ; ; ;TOTAL NACIONAL;5,00343977684875
01045001244380006; AZUAY;01;24438;0006;5,53;3; ;3;REGIÓN SIERRA; ; ; ;TOTAL NACIONAL;28,0884795581981
01045001244380007; AZUAY;01;24438;0007;1,12;6;1;5;REGIÓN SIERRA; ; ; ;TOTAL NACIONAL;58,2184713080223
01045001247200004; AZUAY;01;24720;0004;1;5; ;5;REGIÓN SIERRA; ; ; ;TOTAL NACIONAL;36,1557148867747
01045001247200012; AZUAY;01;24720;0012;,09;3;1;2;REGIÓN SIERRA; ; ; ;TOTAL NACIONAL;90,7274934323247
01045001247200014; AZUAY;01;24720;0014;,32;7; ;7;REGIÓN SIERRA; ; ; ;TOTAL NACIONAL;55,7902399595753
01045001247360001; AZUAY;01;24736;0001;12,5;5;1;4;REGIÓN SIERRA; ; ; ;TOTAL NACIONAL;21,5076213782543
01045001247360002; AZUAY;01;24736;0002;8,3;5; ;5;REGIÓN SIERRA; ; ; ;TOTAL NACIONAL;3,40739661632052
01045001250650002; AZUAY;01;25065;0002;,39;2; ;2;REGIÓN SIERRA; ; ; ;TOTAL NACIONAL;99,7651779171056
01045001250650003; AZUAY;01;25065;0003;3,66;10;2;8;REGIÓN SIERRA; ; ; ;TOTAL NACIONAL;57,9048574471363
01045001250650004; AZUAY;01;25065;0004;2;3;1;2;REGIÓN SIERRA; ; ; ;TOTAL NACIONAL;25,2871640629227
01045001250650006; AZUAY;01;25065;0006;3,42;12;8;4;REGIÓN SIERRA; ; ; ;TOTAL NACIONAL;18,2704879399779
01045001250680005; AZUAY;01;25068;0005;,46;6;2;4;REGIÓN SIERRA; ; ; ;TOTAL NACIONAL;163,197285549072
01045001250680006; AZUAY;01;25068;0006;,76;3;1;2;REGIÓN SIERRA; ; ; ;TOTAL NACIONAL;60,1022240944088
01045001250780002; AZUAY;01;25078;0002;1,43;5; ;5;REGIÓN SIERRA; ; ; ;TOTAL NACIONAL;74,9950945502101
01045001253920007; AZUAY;01;25392;0007;3,69;4; ;4;REGIÓN SIERRA; ; ; ;TOTAL NACIONAL;49,2210190878453
01045001253920008; AZUAY;01;25392;0008;,17;5; ;5;REGIÓN SIERRA; ; ; ;TOTAL NACIONAL;116,694118971827
01045301254010001; AZUAY;01;25401;0001;10,52;2;1;1;REGIÓN SIERRA; ; ; ;TOTAL NACIONAL;40,1043996491704
01045001259880003; AZUAY;01;25988;0003;,48;6;3;3;REGIÓN SIERRA; ; ; ;TOTAL NACIONAL;87,6073572876454
01045001259880007; AZUAY;01;25988;0007;1,76;10;10; ;REGIÓN SIERRA; ; ; ;TOTAL NACIONAL;13,9372208053201
01045001262490004; AZUAY;01;26249;0004;5,07;14;2;12;REGIÓN SIERRA; ; ; ;TOTAL NACIONAL;47,6716756750418
01045001269710001; AZUAY;01;26971;0001;1;3; ;3;REGIÓN SIERRA; ; ; ;TOTAL NACIONAL;64,4172555678535
01045001269830002; AZUAY;01;26983;0002;3,63;4; ;4;REGIÓN SIERRA; ; ; ;TOTAL NACIONAL;3,13901061569169
01045101273510003; AZUAY;01;27351;0003;7,81;7;3;4;REGIÓN SIERRA; ; ; ;TOTAL NACIONAL;4,77514114272028
01045301275750001; AZUAY;01;27575;0001;3,76;3; ;3;REGIÓN SIERRA; ; ; ;TOTAL NACIONAL;56,6076954888475
01045301275750002; AZUAY;01;27575;0002;,48;10; ;10;REGIÓN SIERRA; ; ; ;TOTAL NACIONAL;144,996724461283
01045301275750003; AZUAY;01;27575;0003;4,32;6;1;5;REGIÓN SIERRA; ; ; ;TOTAL NACIONAL;68,4944172712936
01045301276490002; AZUAY;01;27649;0002;3,76;3; ;3;REGIÓN SIERRA; ; ; ;TOTAL NACIONAL;1,18438659031258
01045301276490003; AZUAY;01;27649;0003;4,32;6;1;5;REGIÓN SIERRA; ; ; ;TOTAL NACIONAL;,677025123195021
01045101277250001; AZUAY;01;27725;0001;3,18;6; ;6;REGIÓN SIERRA; ; ; ;TOTAL NACIONAL;4,55288268623115
01045101277250002; AZUAY;01;27725;0002;,25;3; ;3;REGIÓN SIERRA; ; ; ;TOTAL NACIONAL;60,0301327695498
01045101277250006; AZUAY;01;27725;0006;2,94;5;2;3;REGIÓN SIERRA; ; ; ;TOTAL NACIONAL;69,1687227903831
01045101277270002; AZUAY;01;27727;0002;,49;6;3;3;REGIÓN SIERRA; ; ; ;TOTAL NACIONAL;29,0881352773302
01045101277270008; AZUAY;01;27727;0008;4;10;4;6;REGIÓN SIERRA; ; ; ;TOTAL NACIONAL;7,42601592819965
01045101277270009; AZUAY;01;27727;0009;2;2; ;2;REGIÓN SIERRA; ; ; ;TOTAL NACIONAL;82,0815456282937
01105101279050001; AZUAY;01;27905;0001;12,42;2; ;2;REGIÓN SIERRA; ; ; ;TOTAL NACIONAL;43,4734574089847
01045101281230006; AZUAY;01;28123;0006;4,35;2; ;2;REGIÓN SIERRA; ; ; ;TOTAL NACIONAL;10,6375235271712
01045101283870001; AZUAY;01;28387;0001;11,49;14;3;11;REGIÓN SIERRA; ; ; ;TOTAL NACIONAL;33,8323595350592
01045101289860001; AZUAY;01;28986;0001;4,96;10; ;10;REGIÓN SIERRA; ; ; ;TOTAL NACIONAL;30,9001539478152
01105001298880001; AZUAY;01;29888;0001;,31;6;5;1;REGIÓN SIERRA; ; ; ;TOTAL NACIONAL;40,8337756685401
01017103006540001; AZUAY;03;00654;0001;60,7;5;1;4;REGIÓN SIERRA; ; ; ;TOTAL NACIONAL;34,9088638238954
01017103006540004; AZUAY;03;00654;0004;4,81;2; ;2;REGIÓN SIERRA; ; ; ;TOTAL NACIONAL;64,8450990693738
01017103006540015; AZUAY;03;00654;0015;,29;3; ;3;REGIÓN SIERRA; ; ; ;TOTAL NACIONAL;63,0909671353421
01065003007920003; AZUAY;03;00792;0003;11,57;2; ;2;REGIÓN SIERRA; ; ; ;TOTAL NACIONAL;151,05366938757
01065003007920007; AZUAY;03;00792;0007;7,04;1; ;1;REGIÓN SIERRA; ; ; ;TOTAL NACIONAL;27,5945790530224
01065003007920008; AZUAY;03;00792;0008;5,79;1; ;1;REGIÓN SIERRA; ; ; ;TOTAL NACIONAL;140,61529852789
01065003007920010; AZUAY;03;00792;0010;3,38;2; ;2;REGIÓN SIERRA; ; ; ;TOTAL NACIONAL;158,323246460841
01065003007920013; AZUAY;03;00792;0013;6,83;1; ;1;REGIÓN SIERRA; ; ; ;TOTAL NACIONAL;138,593218732685
01065003007920014; AZUAY;03;00792;0014;1,64;1; ;1;REGIÓN SIERRA; ; ; ;TOTAL NACIONAL;54,6115457104313
01065003007920016; AZUAY;03;00792;0016;2,62;3; ;3;REGIÓN SIERRA; ; ; ;TOTAL NACIONAL;132,602838750836
01065003007920017; AZUAY;03;00792;0017;6,55;2; ;2;REGIÓN SIERRA; ; ; ;TOTAL NACIONAL;91,6266335872498
01045003008660007; AZUAY;03;00866;0007;4,66;3;1;2;REGIÓN SIERRA; ; ; ;TOTAL NACIONAL;41,4823118855281
01045003008660011; AZUAY;03;00866;0011;24,66;3; ;3;REGIÓN SIERRA; ; ; ;TOTAL NACIONAL;31,5103567657663
01045003008660012; AZUAY;03;00866;0012;8,34;2;1;1;REGIÓN SIERRA; ; ; ;TOTAL NACIONAL;14,4425865015057
01015704000460002; AZUAY;04;00046;0002;253,3;10;1;9;REGIÓN SIERRA; ; ; ;TOTAL NACIONAL;31,0066878473212
01085304001500009; AZUAY;04;00150;0009;53,52;4;1;3;REGIÓN SIERRA; ; ; ;TOTAL NACIONAL;35,7983039274462
01045104001820001; AZUAY;04;00182;0001;90;70;30;40;REGIÓN SIERRA; ; ; ;TOTAL NACIONAL;25,6874363894655
01045104001820004; AZUAY;04;00182;0004;142,13;5;1;4;REGIÓN SIERRA; ; ; ;TOTAL NACIONAL;12,8159069261901
01085062000990345; AZUAY;62;00099;0345;40,2;117;30;87;REGIÓN SIERRA; ; ; ;TOTAL NACIONAL;1
01085062000991221; AZUAY;62;00099;1221;7;6; ;6;REGIÓN SIERRA; ; ; ;TOTAL NACIONAL;1
02015901006690001;BOLÍVAR;01;00669;0001;7;3;3; ;REGIÓN SIERRA; ; ; ;TOTAL NACIONAL;38,9061304219761
02015901006690004;BOLÍVAR;01;00669;0004;9,87;2; ;2;REGIÓN SIERRA; ; ; ;TOTAL NACIONAL;11,1352811299704
02015901008570001;BOLÍVAR;01;00857;0001;3,0341;6;4;2;REGIÓN SIERRA; ; ; ;TOTAL NACIONAL;4,62305190122274
02015901008570008;BOLÍVAR;01;00857;0008;2,1168;3; ;3;REGIÓN SIERRA; ; ; ;TOTAL NACIONAL;29,7291391629981
02015901012440003;BOLÍVAR;01;01244;0003;38;10; ;10;REGIÓN SIERRA; ; ; ;TOTAL NACIONAL;,536939924148549
02015901012860001;BOLÍVAR;01;01286;0001;5;4;1;3;REGIÓN SIERRA; ; ; ;TOTAL NACIONAL;59,6243460137255
02015901012860002;BOLÍVAR;01;01286;0002;1,5;6;3;3;REGIÓN SIERRA; ; ; ;TOTAL NACIONAL;56,454345813895
02015901012860003;BOLÍVAR;01;01286;0003;3;4;2;2;REGIÓN SIERRA; ; ; ;TOTAL NACIONAL;31,8557038873913
02015901012860004;BOLÍVAR;01;01286;0004;4;5;2;3;REGIÓN SIERRA; ; ; ;TOTAL NACIONAL;32,72447529751
02015901014610002;BOLÍVAR;01;01461;0002;5;3; ;3;REGIÓN SIERRA; ; ; ;TOTAL NACIONAL;18,5366483780807
02015901018260001;BOLÍVAR;01;01826;0001;30,01;8; ;8;REGIÓN SIERRA; ; ; ;TOTAL NACIONAL;20,3021746631684
02015901019370001;BOLÍVAR;01;01937;0001;60;4;1;3;REGIÓN SIERRA; ; ; ;TOTAL NACIONAL;5,80835742765072
02015901025760002;BOLÍVAR;01;02576;0002;,55;2; ;2;REGIÓN SIERRA; ; ; ;TOTAL NACIONAL;44,1873345311848
02015901025760003;BOLÍVAR;01;02576;0003;,5;2; ;2;REGIÓN SIERRA; ; ; ;TOTAL NACIONAL;69,0774815754638
02015901025760004;BOLÍVAR;01;02576;0004;,32;5; ;5;REGIÓN SIERRA; ; ; ;TOTAL NACIONAL;82,9493352047585
02015901025760005;BOLÍVAR;01;02576;0005;,3;2; ;2;REGIÓN SIERRA; ; ; ;TOTAL NACIONAL;62,4387140726867
02015901025760006;BOLÍVAR;01;02576;0006;1,25;5; ;5;REGIÓN SIERRA; ; ; ;TOTAL NACIONAL;54,65542485767
02015901025760007;BOLÍVAR;01;02576;0007;,45;1; ;1;REGIÓN SIERRA; ; ; ;TOTAL NACIONAL;72,61575059122
02015901025760008;BOLÍVAR;01;02576;0008;,75;1; ;1;REGIÓN SIERRA; ; ; ;TOTAL NACIONAL;63,5353969436417
02015901025760009;BOLÍVAR;01;02576;0009;,8;2; ;2;REGIÓN SIERRA; ; ; ;TOTAL NACIONAL;79,3910393155872
02015901025760011;BOLÍVAR;01;02576;0011;1,05;2; ;2;REGIÓN SIERRA; ; ; ;TOTAL NACIONAL;49,1476397724292
02015901025760012;BOLÍVAR;01;02576;0012;,25;2;1;1;REGIÓN SIERRA; ; ; ;TOTAL NACIONAL;64,4199641975808
02015901025760013;BOLÍVAR;01;02576;0013;,35;2; ;2;REGIÓN SIERRA; ; ; ;TOTAL NACIONAL;66,303860346276
02015901025760015;BOLÍVAR;01;02576;0015;,6;4; ;4;REGIÓN SIERRA; ; ; ;TOTAL NACIONAL;48,7865919136786
02015901025760016;BOLÍVAR;01;02576;0016;,45;4; ;4;REGIÓN SIERRA; ; ; ;TOTAL NACIONAL;17,7665633826871
02015901025760017;BOLÍVAR;01;02576;0017;,36;8;2;6;REGIÓN SIERRA; ; ; ;TOTAL NACIONAL;52,7656401903261
02015901025770001;BOLÍVAR;01;02577;0001;,25;3;2;1;REGIÓN SIERRA; ; ; ;TOTAL NACIONAL;56,5400946803483
02015901025770002;BOLÍVAR;01;02577;0002;,2;6;2;4;REGIÓN SIERRA; ; ; ;TOTAL NACIONAL;25,4877222786771
02015901025770003;BOLÍVAR;01;02577;0003;,58;3; ;3;REGIÓN SIERRA; ; ; ;TOTAL NACIONAL;43,1039787402824
02015901025770004;BOLÍVAR;01;02577;0004;1;6;2;4;REGIÓN SIERRA; ; ; ;TOTAL NACIONAL;37,6189303326982
02015901025770005;BOLÍVAR;01;02577;0005;5,15;4; ;4;REGIÓN SIERRA; ; ; ;TOTAL NACIONAL;38,3398649132751
02015901025770006;BOLÍVAR;01;02577;0006;,27;3;2;1;REGIÓN SIERRA; ; ; ;TOTAL NACIONAL;58,4947676711954
02015901025770007;BOLÍVAR;01;02577;0007;,5;6;1;5;REGIÓN SIERRA; ; ; ;TOTAL NACIONAL;53,3718997198115
02015901025770008;BOLÍVAR;01;02577;0008;3,6;8; ;8;REGIÓN SIERRA; ; ; ;TOTAL NACIONAL;7,26608815735638
02015901025770009;BOLÍVAR;01;02577;0009;,6;4; ;4;REGIÓN SIERRA; ; ; ;TOTAL NACIONAL;43,1339363751141
02015901025770010;BOLÍVAR;01;02577;0010;,4;3;1;2;REGIÓN SIERRA; ; ; ;TOTAL NACIONAL;69,3719612352573
02015901025770011;BOLÍVAR;01;02577;0011;,25;6;3;3;REGIÓN SIERRA; ; ; ;TOTAL NACIONAL;63,4992921577666
02015901025770013;BOLÍVAR;01;02577;0013;,05;3; ;3;REGIÓN SIERRA; ; ; ;TOTAL NACIONAL;91,9318110343786
02015901025770014;BOLÍVAR;01;02577;0014;1,05;3; ;3;REGIÓN SIERRA; ; ; ;TOTAL NACIONAL;15,0801953860307
02015901025770015;BOLÍVAR;01;02577;0015;,35;5;1;4;REGIÓN SIERRA; ; ; ;TOTAL NACIONAL;75,4138714965374
02015901025770016;BOLÍVAR;01;02577;0016;,03;4; ;4;REGIÓN SIERRA; ; ; ;TOTAL NACIONAL;77,8509445431041
02015901025770018;BOLÍVAR;01;02577;0018;1,05;2; ;2;REGIÓN SIERRA; ; ; ;TOTAL NACIONAL;22,5912803046821
02015901025770019;BOLÍVAR;01;02577;0019;,45;4; ;4;REGIÓN SIERRA; ; ; ;TOTAL NACIONAL;17,3453408808114
02015901025770020;BOLÍVAR;01;02577;0020;,6;4; ;4;REGIÓN SIERRA; ; ; ;TOTAL NACIONAL;24,212772027464
02015901027770002;BOLÍVAR;01;02777;0002;10;6; ;6;REGIÓN SIERRA; ; ; ;TOTAL NACIONAL;23,483229697876
02015901027770003;BOLÍVAR;01;02777;0003;14;5;2;3;REGIÓN SIERRA; ; ; ;TOTAL NACIONAL;14,7452590242076
02015901029830001;BOLÍVAR;01;02983;0001;10,04;8;2;6;REGIÓN SIERRA; ; ; ;TOTAL NACIONAL;35,5460427370809
02015901029830002;BOLÍVAR;01;02983;0002;14,27;5;2;3;REGIÓN SIERRA; ; ; ;TOTAL NACIONAL;13,7228864007701
02015901029830003;BOLÍVAR;01;02983;0003;5,02;2; ;2;REGIÓN SIERRA; ; ; ;TOTAL NACIONAL;3,3039115560472
02015901030270006;BOLÍVAR;01;03027;0006;7;3;3; ;REGIÓN SIERRA; ; ; ;TOTAL NACIONAL;20,3679346959294
02015901032840001;BOLÍVAR;01;03284;0001;1,5;10; ;10;REGIÓN SIERRA; ; ; ;TOTAL NACIONAL;51,8239070254182
02015901032840004;BOLÍVAR;01;03284;0004;2;4; ;4;REGIÓN SIERRA; ; ; ;TOTAL NACIONAL;8,18450364805329
02015901032840009;BOLÍVAR;01;03284;0009;2,5;5; ;5;REGIÓN SIERRA; ; ; ;TOTAL NACIONAL;38,370361188723
02015901032840010;BOLÍVAR;01;03284;0010;2;8;2;6;REGIÓN SIERRA; ; ; ;TOTAL NACIONAL;15,7191211503555
02015901032840011;BOLÍVAR;01;03284;0011;2;3; ;3;REGIÓN SIERRA; ; ; ;TOTAL NACIONAL;31,0896054621048
02015901033000001;BOLÍVAR;01;03300;0001;23;4;2;2;REGIÓN SIERRA; ; ; ;TOTAL NACIONAL;21,9995878976551
02015901033000002;BOLÍVAR;01;03300;0002;80;7;3;4;REGIÓN SIERRA; ; ; ;TOTAL NACIONAL;1,29097174994521
02015901035360004;BOLÍVAR;01;03536;0004;2;1; ;1;REGIÓN SIERRA; ; ; ;TOTAL NACIONAL;76,3320049185946
02015501042300001;BOLÍVAR;01;04230;0001;300;15; ;15;REGIÓN SIERRA; ; ; ;TOTAL NACIONAL;1,21950683940376
02015001060090003;BOLÍVAR;01;06009;0003;3;3; ;3;REGIÓN SIERRA; ; ; ;TOTAL NACIONAL;40,9022092982117
02015001064620004;BOLÍVAR;01;06462;0004;2;4;2;2;REGIÓN SIERRA; ; ; ;TOTAL NACIONAL;5,20247398968483
02015001064620009;BOLÍVAR;01;06462;0009;2,45;7; ;7;REGIÓN SIERRA; ; ; ;TOTAL NACIONAL;7,92463208339388
02015001064810003;BOLÍVAR;01;06481;0003;2,45;7; ;7;REGIÓN SIERRA; ; ; ;TOTAL NACIONAL;2,96206610648474
02015001067530004;BOLÍVAR;01;06753;0004;1;3; ;3;REGIÓN SIERRA; ; ; ;TOTAL NACIONAL;29,576589279028
02015001067910004;BOLÍVAR;01;06791;0004;,11;2; ;2;REGIÓN SIERRA; ; ; ;TOTAL NACIONAL;80,9895992242885
02015001067910005;BOLÍVAR;01;06791;0005;,13;2; ;2;REGIÓN SIERRA; ; ; ;TOTAL NACIONAL;63,2180914216243
02015001067910011;BOLÍVAR;01;06791;0011;,21;4; ;4;REGIÓN SIERRA; ; ; ;TOTAL NACIONAL;37,4264789294178
02015001067910014;BOLÍVAR;01;06791;0014;2,45;2; ;2;REGIÓN SIERRA; ; ; ;TOTAL NACIONAL;42,9720635149727
02015001071170005;BOLÍVAR;01;07117;0005;1,37;2; ;2;REGIÓN SIERRA; ; ; ;TOTAL NACIONAL;42,2880598793961
02015001071170010;BOLÍVAR;01;07117;0010;1,15;6;2;4;REGIÓN SIERRA; ; ; ;TOTAL NACIONAL;61,1681788088767
02015001071170012;BOLÍVAR;01;07117;0012;,9;6;4;2;REGIÓN SIERRA; ; ; ;TOTAL NACIONAL;55,6314575691592
02015001072790001;BOLÍVAR;01;07279;0001;,31;4; ;4;REGIÓN SIERRA; ; ; ;TOTAL NACIONAL;34,406915259564
02015001072790005;BOLÍVAR;01;07279;0005;,39;1; ;1;REGIÓN SIERRA; ; ; ;TOTAL NACIONAL;44,7306372700987
02015001072790006;BOLÍVAR;01;07279;0006;,11;1; ;1;REGIÓN SIERRA; ; ; ;TOTAL NACIONAL;41,4582885736033
02015001072790009;BOLÍVAR;01;07279;0009;,84;6; ;6;REGIÓN SIERRA; ; ; ;TOTAL NACIONAL;72,5319359097244
02015001072790012;BOLÍVAR;01;07279;0012;,44;2; ;2;REGIÓN SIERRA; ; ; ;TOTAL NACIONAL;69,6642853554185
02015001073260004;BOLÍVAR;01;07326;0004;2,85;5; ;5;REGIÓN SIERRA; ; ; ;TOTAL NACIONAL;53,860264455069
02015001074690004;BOLÍVAR;01;07469;0004;1,4;3; ;3;REGIÓN SIERRA; ; ; ;TOTAL NACIONAL;9,01978638399316
02015001074690007;BOLÍVAR;01;07469;0007;,5;5; ;5;REGIÓN SIERRA; ; ; ;TOTAL NACIONAL;116,630994243793
02015001076000006;BOLÍVAR;01;07600;0006;8;11;5;6;REGIÓN SIERRA; ; ; ;TOTAL NACIONAL;62,9291609198763
02015001079620004;BOLÍVAR;01;07962;0004;,2;2;2; ;REGIÓN SIERRA; ; ; ;TOTAL NACIONAL;29,6510553998953
02015001079620008;BOLÍVAR;01;07962;0008;,05;1;1; ;REGIÓN SIERRA; ; ; ;TOTAL NACIONAL;27,2139823533286
02015001079620030;BOLÍVAR;01;07962;0030;,2;1; ;1;REGIÓN SIERRA; ; ; ;TOTAL NACIONAL;59,4375037468221
02015001079620036;BOLÍVAR;01;07962;0036;10,25;4; ;4;REGIÓN SIERRA; ; ; ;TOTAL NACIONAL;1,27863778269734
02015001079620040;BOLÍVAR;01;07962;0040;,48;4; ;4;REGIÓN SIERRA; ; ; ;TOTAL NACIONAL;51,5762507598065
02015001079620041;BOLÍVAR;01;07962;0041;,82;3; ;3;REGIÓN SIERRA; ; ; ;TOTAL NACIONAL;48,5928589163002
02035101094170002;BOLÍVAR;01;09417;0002;1,02;4;2;2;REGIÓN SIERRA; ; ; ;TOTAL NACIONAL;,716786190166687
02035101094180002;BOLÍVAR;01;09418;0002;1;6; ;6;REGIÓN SIERRA; ; ; ;TOTAL NACIONAL;21,9675056558585
02035301103020001;BOLÍVAR;01;10302;0001;,6;7;3;4;REGIÓN SIERRA; ; ; ;TOTAL NACIONAL;38,9706032538959
02035301103020004;BOLÍVAR;01;10302;0004;3,15;5;2;3;REGIÓN SIERRA; ; ; ;TOTAL NACIONAL;32,5093509483378
02035301103060002;BOLÍVAR;01;10306;0002;4,1;4; ;4;REGIÓN SIERRA; ; ; ;TOTAL NACIONAL;5,36288160924713
02035301103060005;BOLÍVAR;01;10306;0005;1;9;3;6;REGIÓN SIERRA; ; ; ;TOTAL NACIONAL;14,2839559118217
02035301105440006;BOLÍVAR;01;10544;0006;4,2;3;1;2;REGIÓN SIERRA; ; ; ;TOTAL NACIONAL;,901007826078575
02015601105970001;BOLÍVAR;01;10597;0001;9,5;5;2;3;REGIÓN SIERRA; ; ; ;TOTAL NACIONAL;29,3617420499228
02035301107330004;BOLÍVAR;01;10733;0004;5,54;3;1;2;REGIÓN SIERRA; ; ; ;TOTAL NACIONAL;11,3079993847416
02035301107330007;BOLÍVAR;01;10733;0007;5;1; ;1;REGIÓN SIERRA; ; ; ;TOTAL NACIONAL;22,9937841943572
02055001113940008;BOLÍVAR;01;11394;0008;1,71;3; ;3;REGIÓN SIERRA; ; ; ;TOTAL NACIONAL;59,4145423698401
02055001120500001;BOLÍVAR;01;12050;0001;2,5754;3; ;3;REGIÓN SIERRA; ; ; ;TOTAL NACIONAL;60,6036208717331
02055001120500003;BOLÍVAR;01;12050;0003;2,4132;6;2;4;REGIÓN SIERRA; ; ; ;TOTAL NACIONAL;47,2751393897813
02055001120500005;BOLÍVAR;01;12050;0005;2,1168;1; ;1;REGIÓN SIERRA; ; ; ;TOTAL NACIONAL;3,16607656748797
02055601122340004;BOLÍVAR;01;12234;0004;3;7; ;7;REGIÓN SIERRA; ; ; ;TOTAL NACIONAL;10,1680103220646
02055601123530001;BOLÍVAR;01;12353;0001;20,05;2; ;2;REGIÓN SIERRA; ; ; ;TOTAL NACIONAL;10,6973933685749
02055001129470003;BOLÍVAR;01;12947;0003;3,05;2; ;2;REGIÓN SIERRA; ; ; ;TOTAL NACIONAL;33,3266409783238
02055001129470007;BOLÍVAR;01;12947;0007;12,5;6;1;5;REGIÓN SIERRA; ; ; ;TOTAL NACIONAL;3,47580773619229
02055001129470008;BOLÍVAR;01;12947;0008;6;3;1;2;REGIÓN SIERRA; ; ; ;TOTAL NACIONAL;4,64849118141433
02055401130630002;BOLÍVAR;01;13063;0002;,6;3; ;3;REGIÓN SIERRA; ; ; ;TOTAL NACIONAL;23,6147865114082
02055401130630003;BOLÍVAR;01;13063;0003;3,3;5; ;5;REGIÓN SIERRA; ; ; ;TOTAL NACIONAL;51,0800663800604
02055401130630007;BOLÍVAR;01;13063;0007;3;2; ;2;REGIÓN SIERRA; ; ; ;TOTAL NACIONAL;7,40599420262225
02055401131190005;BOLÍVAR;01;13119;0005;1,0584;10;5;5;REGIÓN SIERRA; ; ; ;TOTAL NACIONAL;30,9955697899933
02055401131190007;BOLÍVAR;01;13119;0007;4;3; ;3;REGIÓN SIERRA; ; ; ;TOTAL NACIONAL;26,7976490412067
02055001140930004;BOLÍVAR;01;14093;0004;1;4;1;3;REGIÓN SIERRA; ; ; ;TOTAL NACIONAL;20,1071144323506
02055001140930005;BOLÍVAR;01;14093;0005;7,05;10;6;4;REGIÓN SIERRA; ; ; ;TOTAL NACIONAL;22,2746994628151
02055001143780002;BOLÍVAR;01;14378;0002;12,1;3; ;3;REGIÓN SIERRA; ; ; ;TOTAL NACIONAL;2,66247360131414
02055201143930002;BOLÍVAR;01;14393;0002;14;3;3; ;REGIÓN SIERRA; ; ; ;TOTAL NACIONAL;3,78557192065451
02055401147060001;BOLÍVAR;01;14706;0001;32;6; ;6;REGIÓN SIERRA; ; ; ;TOTAL NACIONAL;3,87323308548225
02025001150380001;BOLÍVAR;01;15038;0001;16;7;1;6;REGIÓN SIERRA; ; ; ;TOTAL NACIONAL;6,73485401796906
02025001154750002;BOLÍVAR;01;15475;0002;20,5;5; ;5;REGIÓN SIERRA; ; ; ;TOTAL NACIONAL;5,97752826729096
02025001156650002;BOLÍVAR;01;15665;0002;5,56;5;1;4;REGIÓN SIERRA; ; ; ;TOTAL NACIONAL;49,261291664575
02025001156650004;BOLÍVAR;01;15665;0004;14;7;3;4;REGIÓN SIERRA; ; ; ;TOTAL NACIONAL;8,42304215814505
02025001157180001;BOLÍVAR;01;15718;0001;2,7;7;2;5;REGIÓN SIERRA; ; ; ;TOTAL NACIONAL;49,1422246479863
02025001157180003;BOLÍVAR;01;15718;0003;8,53;6;4;2;REGIÓN SIERRA; ; ; ;TOTAL NACIONAL;15,1530129184681
02025001157660002;BOLÍVAR;01;15766;0002;1,5;2; ;2;REGIÓN SIERRA; ; ; ;TOTAL NACIONAL;32,6321570691298
02025001157660003;BOLÍVAR;01;15766;0003;,9;2;1;1;REGIÓN SIERRA; ; ; ;TOTAL NACIONAL;45,0274570332449
02025001157660008;BOLÍVAR;01;15766;0008;7;2; ;2;REGIÓN SIERRA; ; ; ;TOTAL NACIONAL;14,1462367926445
02025001163430005;BOLÍVAR;01;16343;0005;1;17;12;5;REGIÓN SIERRA; ; ; ;TOTAL NACIONAL;1,99113754868863
02025001163490004;BOLÍVAR;01;16349;0004;,78;3;2;1;REGIÓN SIERRA; ; ; ;TOTAL NACIONAL;64,0694585418975
02025001163490005;BOLÍVAR;01;16349;0005;1,36;7;2;5;REGIÓN SIERRA; ; ; ;TOTAL NACIONAL;67,9676688167766
02025001166120007;BOLÍVAR;01;16612;0007;1;8; ;8;REGIÓN SIERRA; ; ; ;TOTAL NACIONAL;37,8788607567478
02025001166130007;BOLÍVAR;01;16613;0007;1;8; ;8;REGIÓN SIERRA; ; ; ;TOTAL NACIONAL;6,40538824984919
02025001170040001;BOLÍVAR;01;17004;0001;70;2; ;2;REGIÓN SIERRA; ; ; ;TOTAL NACIONAL;6,67238388531257
02025001171340002;BOLÍVAR;01;17134;0002;45;4; ;4;REGIÓN SIERRA; ; ; ;TOTAL NACIONAL;5,24355386550703
02025003004510018;BOLÍVAR;03;00451;0018;1,3;2;1;1;REGIÓN SIERRA; ; ; ;TOTAL NACIONAL;4,14560015785527
02025003004710004;BOLÍVAR;03;00471;0004;6;2; ;2;REGIÓN SIERRA; ; ; ;TOTAL NACIONAL;12,9206130265505
02025003004710009;BOLÍVAR;03;00471;0009;5;2;2; ;REGIÓN SIERRA; ; ; ;TOTAL NACIONAL;17,0693653688576
02055104000270004;BOLÍVAR;04;00027;0004;39;6;3;3;REGIÓN SIERRA; ; ; ;TOTAL NACIONAL;5,45670552307582
02025004000420003;BOLÍVAR;04;00042;0003;40;6;3;3;REGIÓN SIERRA; ; ; ;TOTAL NACIONAL;3,94669439169657
02025004000420004;BOLÍVAR;04;00042;0004;45;4;2;2;REGIÓN SIERRA; ; ; ;TOTAL NACIONAL;7,95762833048024
02025004000420008;BOLÍVAR;04;00042;0008;50;4; ;4;REGIÓN SIERRA; ; ; ;TOTAL NACIONAL;6,68761444736546
02025004000420010;BOLÍVAR;04;00042;0010;45;4; ;4;REGIÓN SIERRA; ; ; ;TOTAL NACIONAL;3,74451226412279
02025064000991738;BOLÍVAR;64;00099;1738;30;3;2;1;REGIÓN SIERRA; ; ; ;TOTAL NACIONAL;1
03035301004000001;CAÑAR;01;00400;0001;1;6; ;6;REGIÓN SIERRA; ; ; ;TOTAL NACIONAL;51,803059541524
03035301004000003;CAÑAR;01;00400;0003;5,04;3; ;3;REGIÓN SIERRA; ; ; ;TOTAL NACIONAL;52,1940059489014
03035301007880001;CAÑAR;01;00788;0001;2,09;13; ;13;REGIÓN SIERRA; ; ; ;TOTAL NACIONAL;72,3896562726574
03035301007880002;CAÑAR;01;00788;0002;1,08;2; ;2;REGIÓN SIERRA; ; ; ;TOTAL NACIONAL;46,8337519646439
03035301010400003;CAÑAR;01;01040;0003;5,02;1;1; ;REGIÓN SIERRA; ; ; ;TOTAL NACIONAL;,456978526194471
03035301010890005;CAÑAR;01;01089;0005;6,15;3; ;3;REGIÓN SIERRA; ; ; ;TOTAL NACIONAL;45,7545248975482
03035301011590002;CAÑAR;01;01159;0002;3,91;6;2;4;REGIÓN SIERRA; ; ; ;TOTAL NACIONAL;33,7029859339411
03035101014140001;CAÑAR;01;01414;0001;31,5;5; ;5;REGIÓN SIERRA; ; ; ;TOTAL NACIONAL;18,7804519156467
03035101020240001;CAÑAR;01;02024;0001;3,23;5;2;3;REGIÓN SIERRA; ; ; ;TOTAL NACIONAL;24,4289285483699
03075001020700002;CAÑAR;01;02070;0002;,46;4; ;4;REGIÓN SIERRA; ; ; ;TOTAL NACIONAL;521,338090647299
03075001024010003;CAÑAR;01;02401;0003;1,1;2;1;1;REGIÓN SIERRA; ; ; ;TOTAL NACIONAL;36,2638387208641
03075001024010004;CAÑAR;01;02401;0004;,13;2;1;1;REGIÓN SIERRA; ; ; ;TOTAL NACIONAL;37,3343953305227
03075001024010007;CAÑAR;01;02401;0007;,44;2; ;2;REGIÓN SIERRA; ; ; ;TOTAL NACIONAL;17,5794738754794
03075001024010008;CAÑAR;01;02401;0008;,49;2; ;2;REGIÓN SIERRA; ; ; ;TOTAL NACIONAL;71,3064585808165
03075001024010009;CAÑAR;01;02401;0009;,65;5; ;5;REGIÓN SIERRA; ; ; ;TOTAL NACIONAL;61,1838299595729
03075001024010010;CAÑAR;01;02401;0010;,56;2; ;2;REGIÓN SIERRA; ; ; ;TOTAL NACIONAL;46,2954020278067
03075001024010011;CAÑAR;01;02401;0011;,15;2; ;2;REGIÓN SIERRA; ; ; ;TOTAL NACIONAL;49,2591126450478
03075001024010013;CAÑAR;01;02401;0013;2,34;2; ;2;REGIÓN SIERRA; ; ; ;TOTAL NACIONAL;10,1711633492128
03075001024010015;CAÑAR;01;02401;0015;,43;4; ;4;REGIÓN SIERRA; ; ; ;TOTAL NACIONAL;36,0889075770072
03075001024010017;CAÑAR;01;02401;0017;1,5;2; ;2;REGIÓN SIERRA; ; ; ;TOTAL NACIONAL;8,47814792801476
03075001024010018;CAÑAR;01;02401;0018;1;3; ;3;REGIÓN SIERRA; ; ; ;TOTAL NACIONAL;,531225724603457
03036101029930001;CAÑAR;01;02993;0001;5,08;10;5;5;REGIÓN SIERRA; ; ; ;TOTAL NACIONAL;3,92966168577493
03036101029930003;CAÑAR;01;02993;0003;,94;5; ;5;REGIÓN SIERRA; ; ; ;TOTAL NACIONAL;74,3955635911679
03036101030530004;CAÑAR;01;03053;0004;13,52;8;4;4;REGIÓN SIERRA; ; ; ;TOTAL NACIONAL;13,7248709432357
03036101031820002;CAÑAR;01;03182;0002;,99;11;4;7;REGIÓN SIERRA; ; ; ;TOTAL NACIONAL;44,3057418904936
03036101031820004;CAÑAR;01;03182;0004;13,52;8;4;4;REGIÓN SIERRA; ; ; ;TOTAL NACIONAL;2,31762167149857
03036101031820008;CAÑAR;01;03182;0008;8,27;3; ;3;REGIÓN SIERRA; ; ; ;TOTAL NACIONAL;,208242737686191
03036101031820009;CAÑAR;01;03182;0009;,82;8;3;5;REGIÓN SIERRA; ; ; ;TOTAL NACIONAL;49,8117132577317
03055001032710003;CAÑAR;01;03271;0003;,17;3; ;3;REGIÓN SIERRA; ; ; ;TOTAL NACIONAL;53,7065688164214
03055001032710005;CAÑAR;01;03271;0005;,52;3;1;2;REGIÓN SIERRA; ; ; ;TOTAL NACIONAL;41,6510695609991
03055001032710006;CAÑAR;01;03271;0006;1,65;4; ;4;REGIÓN SIERRA; ; ; ;TOTAL NACIONAL;27,4957198137138
03055001032710009;CAÑAR;01;03271;0009;4,36;5; ;5;REGIÓN SIERRA; ; ; ;TOTAL NACIONAL;3,88509830397191
03055001032710010;CAÑAR;01;03271;0010;6,23;4; ;4;REGIÓN SIERRA; ; ; ;TOTAL NACIONAL;1,24921657686099
03035701033250001;CAÑAR;01;03325;0001;4,5;7;3;4;REGIÓN SIERRA; ; ; ;TOTAL NACIONAL;22,875604211338
03035701033250003;CAÑAR;01;03325;0003;,55;2; ;2;REGIÓN SIERRA; ; ; ;TOTAL NACIONAL;50,9870740372627
03035701033250006;CAÑAR;01;03325;0006;4,75;6; ;6;REGIÓN SIERRA; ; ; ;TOTAL NACIONAL;54,1140929269718
03035401035220001;CAÑAR;01;03522;0001;15,8;11;3;8;REGIÓN SIERRA; ; ; ;TOTAL NACIONAL;16,9100734275539
03055001038070002;CAÑAR;01;03807;0002;2,6;3; ;3;REGIÓN SIERRA; ; ; ;TOTAL NACIONAL;60,7309252196856
03055001038070003;CAÑAR;01;03807;0003;5,37;3; ;3;REGIÓN SIERRA; ; ; ;TOTAL NACIONAL;30,0357830888545
03055001038070005;CAÑAR;01;03807;0005;3,01;3; ;3;REGIÓN SIERRA; ; ; ;TOTAL NACIONAL;4,83924202849687
03055001038070006;CAÑAR;01;03807;0006;4,75;2; ;2;REGIÓN SIERRA; ; ; ;TOTAL NACIONAL;,745880474502473
03035001040520001;CAÑAR;01;04052;0001;55,47;15;3;12;REGIÓN SIERRA; ; ; ;TOTAL NACIONAL;10,4543669239938
03035601044830001;CAÑAR;01;04483;0001;1,59;4;2;2;REGIÓN SIERRA; ; ; ;TOTAL NACIONAL;75,3277725243975
03035601044830009;CAÑAR;01;04483;0009;3,26;5;4;1;REGIÓN SIERRA; ; ; ;TOTAL NACIONAL;13,5067310719259
03035601044830010;CAÑAR;01;04483;0010;,11;4;1;3;REGIÓN SIERRA; ; ; ;TOTAL NACIONAL;80,2224076714954
03035601044830012;CAÑAR;01;04483;0012;,11;5;1;4;REGIÓN SIERRA; ; ; ;TOTAL NACIONAL;61,5486628690058
03035601044830014;CAÑAR;01;04483;0014;1,09;3;1;2;REGIÓN SIERRA; ; ; ;TOTAL NACIONAL;1,37945865274905
03035601044830015;CAÑAR;01;04483;0015;,5;7;2;5;REGIÓN SIERRA; ; ; ;TOTAL NACIONAL;43,136350493751
03035601044840005;CAÑAR;01;04484;0005;8;1; ;1;REGIÓN SIERRA; ; ; ;TOTAL NACIONAL;8,45164352888279
03035601044840008;CAÑAR;01;04484;0008;,5;4; ;4;REGIÓN SIERRA; ; ; ;TOTAL NACIONAL;47,3103059320035
03035001047070001;CAÑAR;01;04707;0001;6,1;15;2;13;REGIÓN SIERRA; ; ; ;TOTAL NACIONAL;,64438501408932
03035001047070003;CAÑAR;01;04707;0003;2,27;10; ;10;REGIÓN SIERRA; ; ; ;TOTAL NACIONAL;41,2661132543869
03035001047070005;CAÑAR;01;04707;0005;12,77;10;4;6;REGIÓN SIERRA; ; ; ;TOTAL NACIONAL;4,1430971115242
03035001047070006;CAÑAR;01;04707;0006;5,45;10;5;5;REGIÓN SIERRA; ; ; ;TOTAL NACIONAL;7,28474777058295
03035501048460007;CAÑAR;01;04846;0007;2,52;2;2; ;REGIÓN SIERRA; ; ; ;TOTAL NACIONAL;50,9385760962028
03035501048460010;CAÑAR;01;04846;0010;1,03;3; ;3;REGIÓN SIERRA; ; ; ;TOTAL NACIONAL;60,7945149464046
03035501048460013;CAÑAR;01;04846;0013;,07;1; ;1;REGIÓN SIERRA; ; ; ;TOTAL NACIONAL;206,76658077938
03035501048460014;CAÑAR;01;04846;0014;1,24;5; ;5;REGIÓN SIERRA; ; ; ;TOTAL NACIONAL;5,11807094634731
03035501048520001;CAÑAR;01;04852;0001;11,5;15;3;12;REGIÓN SIERRA; ; ; ;TOTAL NACIONAL;,619591604938813
03015701050230001;CAÑAR;01;05023;0001;3,77;3;1;2;REGIÓN SIERRA; ; ; ;TOTAL NACIONAL;39,0013196592534
03035601052240001;CAÑAR;01;05224;0001;7;2;2; ;REGIÓN SIERRA; ; ; ;TOTAL NACIONAL;81,4660678106747
03015701053480003;CAÑAR;01;05348;0003;3,14;4; ;4;REGIÓN SIERRA; ; ; ;TOTAL NACIONAL;39,4647969436582
03035501054450004;CAÑAR;01;05445;0004;,18;5;2;3;REGIÓN SIERRA; ; ; ;TOTAL NACIONAL;16,3827951352573
03035501054450007;CAÑAR;01;05445;0007;1,52;1; ;1;REGIÓN SIERRA; ; ; ;TOTAL NACIONAL;52,8172692636942
03035501054450013;CAÑAR;01;05445;0013;4,63;4;1;3;REGIÓN SIERRA; ; ; ;TOTAL NACIONAL;22,8877909401509
03035501054450014;CAÑAR;01;05445;0014;3,03;1; ;1;REGIÓN SIERRA; ; ; ;TOTAL NACIONAL;8,6726083818326
03035501054890002;CAÑAR;01;05489;0002;3,03;1; ;1;REGIÓN SIERRA; ; ; ;TOTAL NACIONAL;8,84638824528683
03035501056160002;CAÑAR;01;05616;0002;6;8; ;8;REGIÓN SIERRA; ; ; ;TOTAL NACIONAL;8,34102709653069
03035501056230004;CAÑAR;01;05623;0004;4,02;1; ;1;REGIÓN SIERRA; ; ; ;TOTAL NACIONAL;4,50241593667471
03035501056230005;CAÑAR;01;05623;0005;13,14;4; ;4;REGIÓN SIERRA; ; ; ;TOTAL NACIONAL;,940576914005947
03035501056250001;CAÑAR;01;05625;0001;4,29;3; ;3;REGIÓN SIERRA; ; ; ;TOTAL NACIONAL;51,604771934357
03035501056250002;CAÑAR;01;05625;0002;3,81;3;2;1;REGIÓN SIERRA; ; ; ;TOTAL NACIONAL;44,9339215346991
03035501056250004;CAÑAR;01;05625;0004;9,5;6;1;5;REGIÓN SIERRA; ; ; ;TOTAL NACIONAL;11,1325249922109
03035201056780002;CAÑAR;01;05678;0002;,11;2; ;2;REGIÓN SIERRA; ; ; ;TOTAL NACIONAL;56,475962866269
03035201056780008;CAÑAR;01;05678;0008;3,82;6; ;6;REGIÓN SIERRA; ; ; ;TOTAL NACIONAL;28,8680289566608
03035801060030002;CAÑAR;01;06003;0002;88,7;5;1;4;REGIÓN SIERRA; ; ; ;TOTAL NACIONAL;6,17950905748965
03035501061570004;CAÑAR;01;06157;0004;1;4;1;3;REGIÓN SIERRA; ; ; ;TOTAL NACIONAL;68,2507245334821
03035601062480002;CAÑAR;01;06248;0002;25,02;2; ;2;REGIÓN SIERRA; ; ; ;TOTAL NACIONAL;8,07563105364332
03025001064330005;CAÑAR;01;06433;0005;5,52;5; ;5;REGIÓN SIERRA; ; ; ;TOTAL NACIONAL;9,05802368710243
03015601064840001;CAÑAR;01;06484;0001;6,04;1; ;1;REGIÓN SIERRA; ; ; ;TOTAL NACIONAL;40,431870431159
03015601064840002;CAÑAR;01;06484;0002;9,53;5;3;2;REGIÓN SIERRA; ; ; ;TOTAL NACIONAL;36,2608157761816
03035501066570001;CAÑAR;01;06657;0001;10,32;3;2;1;REGIÓN SIERRA; ; ; ;TOTAL NACIONAL;19,7768276933174
03035501066570003;CAÑAR;01;06657;0003;3,52;3; ;3;REGIÓN SIERRA; ; ; ;TOTAL NACIONAL;26,2799581622814
03035501066670003;CAÑAR;01;06667;0003;14,02;6;1;5;REGIÓN SIERRA; ; ; ;TOTAL NACIONAL;11,574877119279
03016001068690004;CAÑAR;01;06869;0004;5,78;4;1;3;REGIÓN SIERRA; ; ; ;TOTAL NACIONAL;36,025142935834
03016001068690005;CAÑAR;01;06869;0005;1,35;2; ;2;REGIÓN SIERRA; ; ; ;TOTAL NACIONAL;84,6990508492805
03025401069870002;CAÑAR;01;06987;0002;7,02;7;4;3;REGIÓN SIERRA; ; ; ;TOTAL NACIONAL;73,9074096435174
03025001072200001;CAÑAR;01;07220;0001;16,69;2; ;2;REGIÓN SIERRA; ; ; ;TOTAL NACIONAL;21,8400985748125
03025001072200004;CAÑAR;01;07220;0004;5,02;4;1;3;REGIÓN SIERRA; ; ; ;TOTAL NACIONAL;9,7528529940915
03025401073130006;CAÑAR;01;07313;0006;1;2;1;1;REGIÓN SIERRA; ; ; ;TOTAL NACIONAL;67,8664631007557
03025401073130008;CAÑAR;01;07313;0008;,58;11;1;10;REGIÓN SIERRA; ; ; ;TOTAL NACIONAL;88,9996092944111
03025401073150003;CAÑAR;01;07315;0003;1,68;1; ;1;REGIÓN SIERRA; ; ; ;TOTAL NACIONAL;58,0057979406905
03025401073150006;CAÑAR;01;07315;0006;5,96;2; ;2;REGIÓN SIERRA; ; ; ;TOTAL NACIONAL;9,06834344964503
03025401073150008;CAÑAR;01;07315;0008;,43;3; ;3;REGIÓN SIERRA; ; ; ;TOTAL NACIONAL;66,1899379634599
03025401073150010;CAÑAR;01;07315;0010;2,56;4;1;3;REGIÓN SIERRA; ; ; ;TOTAL NACIONAL;14,4881767149848
03025001073470001;CAÑAR;01;07347;0001;1,98;2; ;2;REGIÓN SIERRA; ; ; ;TOTAL NACIONAL;19,4575659445385
03025001073470003;CAÑAR;01;07347;0003;14,82;4;2;2;REGIÓN SIERRA; ; ; ;TOTAL NACIONAL;7,82904971558426
03025001073470005;CAÑAR;01;07347;0005;3,68;3; ;3;REGIÓN SIERRA; ; ; ;TOTAL NACIONAL;28,0579232878197
03025101076380001;CAÑAR;01;07638;0001;18,2;3; ;3;REGIÓN SIERRA; ; ; ;TOTAL NACIONAL;4,382667744755
03025101076380002;CAÑAR;01;07638;0002;40;1; ;1;REGIÓN SIERRA; ; ; ;TOTAL NACIONAL;8,03707163745455
03025101077310002;CAÑAR;01;07731;0002;40,05;1; ;1;REGIÓN SIERRA; ; ; ;TOTAL NACIONAL;13,9654226975216
03015501079040003;CAÑAR;01;07904;0003;1,51;8;1;7;REGIÓN SIERRA; ; ; ;TOTAL NACIONAL;25,5267817180354
03015501079040005;CAÑAR;01;07904;0005;,61;3; ;3;REGIÓN SIERRA; ; ; ;TOTAL NACIONAL;17,0918210230783
03015101079610002;CAÑAR;01;07961;0002;4,55;3; ;3;REGIÓN SIERRA; ; ; ;TOTAL NACIONAL;54,336338695102
03065001080620001;CAÑAR;01;08062;0001;4,26;7;2;5;REGIÓN SIERRA; ; ; ;TOTAL NACIONAL;43,6397666847057
03065001081980001;CAÑAR;01;08198;0001;,94;6;1;5;REGIÓN SIERRA; ; ; ;TOTAL NACIONAL;41,0336732621808
03065001081980003;CAÑAR;01;08198;0003;6,88;2;1;1;REGIÓN SIERRA; ; ; ;TOTAL NACIONAL;24,1893875148253
03065001081980004;CAÑAR;01;08198;0004;,84;3;1;2;REGIÓN SIERRA; ; ; ;TOTAL NACIONAL;66,7247841865982
03065001082640002;CAÑAR;01;08264;0002;5,37;10;4;6;REGIÓN SIERRA; ; ; ;TOTAL NACIONAL;24,5821247824673
03065001082640003;CAÑAR;01;08264;0003;3,32;2;2; ;REGIÓN SIERRA; ; ; ;TOTAL NACIONAL;41,3399110015458
03015101082920002;CAÑAR;01;08292;0002;5,54;7;2;5;REGIÓN SIERRA; ; ; ;TOTAL NACIONAL;27,9761362992037
03015101082920004;CAÑAR;01;08292;0004;3,29;7; ;7;REGIÓN SIERRA; ; ; ;TOTAL NACIONAL;36,0481247851535
03065001084280001;CAÑAR;01;08428;0001;2,87;4; ;4;REGIÓN SIERRA; ; ; ;TOTAL NACIONAL;22,6619152219413
03065001084280002;CAÑAR;01;08428;0002;3,67;2; ;2;REGIÓN SIERRA; ; ; ;TOTAL NACIONAL;10,6224793743483
03015801085720002;CAÑAR;01;08572;0002;,52;5;1;4;REGIÓN SIERRA; ; ; ;TOTAL NACIONAL;62,2420193638739
03015801085720005;CAÑAR;01;08572;0005;1,63;2;2; ;REGIÓN SIERRA; ; ; ;TOTAL NACIONAL;49,8358597537792
03065101086170001;CAÑAR;01;08617;0001;1,09;6;2;4;REGIÓN SIERRA; ; ; ;TOTAL NACIONAL;67,8097417726854
03065101086170002;CAÑAR;01;08617;0002;1,41;3;1;2;REGIÓN SIERRA; ; ; ;TOTAL NACIONAL;45,2025717689399
03065001086220001;CAÑAR;01;08622;0001;5,2;3; ;3;REGIÓN SIERRA; ; ; ;TOTAL NACIONAL;41,6022179234704
03065001086220002;CAÑAR;01;08622;0002;1,6;10;2;8;REGIÓN SIERRA; ; ; ;TOTAL NACIONAL;18,0538402390536
03065001086220005;CAÑAR;01;08622;0005;,81;3;1;2;REGIÓN SIERRA; ; ; ;TOTAL NACIONAL;48,7438719456422
03065001086220007;CAÑAR;01;08622;0007;1,98;6;2;4;REGIÓN SIERRA; ; ; ;TOTAL NACIONAL;65,2167632606558
03065001086220008;CAÑAR;01;08622;0008;,55;8; ;8;REGIÓN SIERRA; ; ; ;TOTAL NACIONAL;36,0302345374678
03065001086220010;CAÑAR;01;08622;0010;,38;4; ;4;REGIÓN SIERRA; ; ; ;TOTAL NACIONAL;17,9348494112291
03065001086220011;CAÑAR;01;08622;0011;,96;5;1;4;REGIÓN SIERRA; ; ; ;TOTAL NACIONAL;40,2334143863362
03015801090330001;CAÑAR;01;09033;0001;1,82;4; ;4;REGIÓN SIERRA; ; ; ;TOTAL NACIONAL;68,9625659836448
03015801090330002;CAÑAR;01;09033;0002;1,68;9;2;7;REGIÓN SIERRA; ; ; ;TOTAL NACIONAL;49,2498027089903
03015801090330004;CAÑAR;01;09033;0004;1,45;12;4;8;REGIÓN SIERRA; ; ; ;TOTAL NACIONAL;64,6950930651611
03015801090330005;CAÑAR;01;09033;0005;3,04;5;2;3;REGIÓN SIERRA; ; ; ;TOTAL NACIONAL;32,5090701887916
03015801090330007;CAÑAR;01;09033;0007;1,24;4;1;3;REGIÓN SIERRA; ; ; ;TOTAL NACIONAL;40,2911064874845
03035703001230004;CAÑAR;03;00123;0004;41,86;4; ;4;REGIÓN SIERRA; ; ; ;TOTAL NACIONAL;20,7528334996639
03035703001230008;CAÑAR;03;00123;0008;32,12;4;1;3;REGIÓN SIERRA; ; ; ;TOTAL NACIONAL;38,0229488931655
03035703001230012;CAÑAR;03;00123;0012;8,27;3;3; ;REGIÓN SIERRA; ; ; ;TOTAL NACIONAL;41,3747539360152
03035703001230015;CAÑAR;03;00123;0015;17,29;2; ;2;REGIÓN SIERRA; ; ; ;TOTAL NACIONAL;34,0563694962134
03035403002270003;CAÑAR;03;00227;0003;14;2; ;2;REGIÓN SIERRA; ; ; ;TOTAL NACIONAL;93,381301543105
03035403002270004;CAÑAR;03;00227;0004;12;5; ;5;REGIÓN SIERRA; ; ; ;TOTAL NACIONAL;96,7372363436603
03035803002580003;CAÑAR;03;00258;0003;9,02;5;3;2;REGIÓN SIERRA; ; ; ;TOTAL NACIONAL;4,06253372426179
03035403003110002;CAÑAR;03;00311;0002;47,54;2;1;1;REGIÓN SIERRA; ; ; ;TOTAL NACIONAL;1,09642664248357
03035403003110004;CAÑAR;03;00311;0004;11;2; ;2;REGIÓN SIERRA; ; ; ;TOTAL NACIONAL;58,8327005292103
03035403003110005;CAÑAR;03;00311;0005;16,58;3; ;3;REGIÓN SIERRA; ; ; ;TOTAL NACIONAL;49,4333705079637
03035403003110008;CAÑAR;03;00311;0008;9,03;2; ;2;REGIÓN SIERRA; ; ; ;TOTAL NACIONAL;61,5592193711721
03035403003110015;CAÑAR;03;00311;0015;16,26;2; ;2;REGIÓN SIERRA; ; ; ;TOTAL NACIONAL;15,7490750572184
03035803003430001;CAÑAR;03;00343;0001;88,7;5;1;4;REGIÓN SIERRA; ; ; ;TOTAL NACIONAL;28,1223958462761
03065003004620001;CAÑAR;03;00462;0001;5,04;3;1;2;REGIÓN SIERRA; ; ; ;TOTAL NACIONAL;37,9844697163897
03065003004620004;CAÑAR;03;00462;0004;13,01;2; ;2;REGIÓN SIERRA; ; ; ;TOTAL NACIONAL;4,90817144787203
03065003004620005;CAÑAR;03;00462;0005;1,01;2; ;2;REGIÓN SIERRA; ; ; ;TOTAL NACIONAL;35,5443588121305
03065003004620007;CAÑAR;03;00462;0007;3,57;6;3;3;REGIÓN SIERRA; ; ; ;TOTAL NACIONAL;28,9943704899689
03045061000993037;CAÑAR;61;00099;3037;260;4; ;4;REGIÓN SIERRA; ; ; ;TOTAL NACIONAL;1
04015001011170006;CARCHI;01;01117;0006;50;24;6;18;REGIÓN SIERRA; ; ; ;TOTAL NACIONAL;2,91013665460506
04015001017700001;CARCHI;01;01770;0001;35,1;80;5;75;REGIÓN SIERRA; ; ; ;TOTAL NACIONAL;8,02886433716709
04055201046710003;CARCHI;01;04671;0003;40;1; ;1;REGIÓN SIERRA; ; ; ;TOTAL NACIONAL;3,32806390794437
04035301049160001;CARCHI;01;04916;0001;212;2; ;2;REGIÓN SIERRA; ; ; ;TOTAL NACIONAL;0
04035301057840009;CARCHI;01;05784;0009;13,25;10;2;8;REGIÓN SIERRA; ; ; ;TOTAL NACIONAL;1,46193909595807
04035301057840010;CARCHI;01;05784;0010;2;2;1;1;REGIÓN SIERRA; ; ; ;TOTAL NACIONAL;34,8882882456837
04055401059940001;CARCHI;01;05994;0001;288;2; ;2;REGIÓN SIERRA; ; ; ;TOTAL NACIONAL;1,95748454703839
04025101078330001;CARCHI;01;07833;0001;13;30;10;20;REGIÓN SIERRA; ; ; ;TOTAL NACIONAL;45,5209768638049
04025201082530004;CARCHI;01;08253;0004;5,28;4; ;4;REGIÓN SIERRA; ; ; ;TOTAL NACIONAL;19,3185393163861
04025201092670008;CARCHI;01;09267;0008;,33;3; ;3;REGIÓN SIERRA; ; ; ;TOTAL NACIONAL;60,5122453723866
04025501100230001;CARCHI;01;10023;0001;69;3; ;3;REGIÓN SIERRA; ; ; ;TOTAL NACIONAL;8,44900850753333
04045103001990032;CARCHI;03;00199;0032;31,02;9;4;5;REGIÓN SIERRA; ; ; ;TOTAL NACIONAL;1,84693866977864
04035361000992512;CARCHI;61;00099;2512;212;2; ;2;REGIÓN SIERRA; ; ; ;TOTAL NACIONAL;1
05075001029470004;COTOPAXI;01;02947;0004;4,5;3;2;1;REGIÓN SIERRA; ; ; ;TOTAL NACIONAL;4,58344355896167
05075001032190001;COTOPAXI;01;03219;0001;37,01;2;2; ;REGIÓN SIERRA; ; ; ;TOTAL NACIONAL;16,0501022761803
05075001033890001;COTOPAXI;01;03389;0001;,28;10;4;6;REGIÓN SIERRA; ; ; ;TOTAL NACIONAL;28,1536770579159
05075001033890003;COTOPAXI;01;03389;0003;1,1;8;2;6;REGIÓN SIERRA; ; ; ;TOTAL NACIONAL;44,9544447300552
05075001033890006;COTOPAXI;01;03389;0006;,5;7;2;5;REGIÓN SIERRA; ; ; ;TOTAL NACIONAL;47,4297806221772
05015901037230006;COTOPAXI;01;03723;0006;,18;3; ;3;REGIÓN SIERRA; ; ; ;TOTAL NACIONAL;33,6319199133702
05015901037230007;COTOPAXI;01;03723;0007;,1;2; ;2;REGIÓN SIERRA; ; ; ;TOTAL NACIONAL;42,6394254206032
05015901037230017;COTOPAXI;01;03723;0017;,1;2; ;2;REGIÓN SIERRA; ; ; ;TOTAL NACIONAL;53,4966865230716
05015901037230018;COTOPAXI;01;03723;0018;1,55;3; ;3;REGIÓN SIERRA; ; ; ;TOTAL NACIONAL;20,7593379437226
05015901037230020;COTOPAXI;01;03723;0020;,53;2; ;2;REGIÓN SIERRA; ; ; ;TOTAL NACIONAL;81,0601003293496
05015901041060003;COTOPAXI;01;04106;0003;,5;7;3;4;REGIÓN SIERRA; ; ; ;TOTAL NACIONAL;57,7737893816198
05015901041060009;COTOPAXI;01;04106;0009;,27;4; ;4;REGIÓN SIERRA; ; ; ;TOTAL NACIONAL;64,8998570502208
05015901043690013;COTOPAXI;01;04369;0013;2,37;4; ;4;REGIÓN SIERRA; ; ; ;TOTAL NACIONAL;4,81434362656444
05016201044140001;COTOPAXI;01;04414;0001;10,5;8;3;5;REGIÓN SIERRA; ; ; ;TOTAL NACIONAL;,949422832337065
05016201045640003;COTOPAXI;01;04564;0003;10,53;4; ;4;REGIÓN SIERRA; ; ; ;TOTAL NACIONAL;7,85744632089774
05015901049130001;COTOPAXI;01;04913;0001;1,1;3;1;2;REGIÓN SIERRA; ; ; ;TOTAL NACIONAL;67,5064416205818
05015901049130010;COTOPAXI;01;04913;0010;1,25;4;1;3;REGIÓN SIERRA; ; ; ;TOTAL NACIONAL;26,0942755320901
05016201053390001;COTOPAXI;01;05339;0001;5,44;17; ;17;REGIÓN SIERRA; ; ; ;TOTAL NACIONAL;9,36583920637399
05016201053390003;COTOPAXI;01;05339;0003;1,82;6; ;6;REGIÓN SIERRA; ; ; ;TOTAL NACIONAL;10,8753384602814
05016201053650003;COTOPAXI;01;05365;0003;7;4;3;1;REGIÓN SIERRA; ; ; ;TOTAL NACIONAL;4,24984220296621
05016201053650004;COTOPAXI;01;05365;0004;4,78;2; ;2;REGIÓN SIERRA; ; ; ;TOTAL NACIONAL;8,25410644990498
05016201053650005;COTOPAXI;01;05365;0005;7,27;16;6;10;REGIÓN SIERRA; ; ; ;TOTAL NACIONAL;22,1064353438113
05016201053650008;COTOPAXI;01;05365;0008;5,6;15;7;8;REGIÓN SIERRA; ; ; ;TOTAL NACIONAL;3,03509799000822
05016201055260002;COTOPAXI;01;05526;0002;,52;2; ;2;REGIÓN SIERRA; ; ; ;TOTAL NACIONAL;29,4588622920122
05016201055260003;COTOPAXI;01;05526;0003;3;4;1;3;REGIÓN SIERRA; ; ; ;TOTAL NACIONAL;46,0479473909539
05016201055260005;COTOPAXI;01;05526;0005;4,57;4; ;4;REGIÓN SIERRA; ; ; ;TOTAL NACIONAL;27,3198955186308
05016201056800006;COTOPAXI;01;05680;0006;3;4; ;4;REGIÓN SIERRA; ; ; ;TOTAL NACIONAL;11,962727687447
05016201056800007;COTOPAXI;01;05680;0007;2,5;4; ;4;REGIÓN SIERRA; ; ; ;TOTAL NACIONAL;14,6711208206446
05075001058290002;COTOPAXI;01;05829;0002;,79;5; ;5;REGIÓN SIERRA; ; ; ;TOTAL NACIONAL;43,6206186372283
05075001058290004;COTOPAXI;01;05829;0004;1,07;2;2; ;REGIÓN SIERRA; ; ; ;TOTAL NACIONAL;50,9009063410541
05075001058290005;COTOPAXI;01;05829;0005;1,15;2;1;1;REGIÓN SIERRA; ; ; ;TOTAL NACIONAL;60,6290058718078
05075001058290009;COTOPAXI;01;05829;0009;,71;2;1;1;REGIÓN SIERRA; ; ; ;TOTAL NACIONAL;1,33456730580918
05075201061150002;COTOPAXI;01;06115;0002;3,61;16; ;16;REGIÓN SIERRA; ; ; ;TOTAL NACIONAL;17,5969107165668
05016201061280001;COTOPAXI;01;06128;0001;3,66;2; ;2;REGIÓN SIERRA; ; ; ;TOTAL NACIONAL;60,168895068109
05016201062750004;COTOPAXI;01;06275;0004;9,23;12; ;12;REGIÓN SIERRA; ; ; ;TOTAL NACIONAL;21,3045990207273
05015601064480003;COTOPAXI;01;06448;0003;1,42;4;1;3;REGIÓN SIERRA; ; ; ;TOTAL NACIONAL;5,98701721911617
05015601064480010;COTOPAXI;01;06448;0010;20;8;3;5;REGIÓN SIERRA; ; ; ;TOTAL NACIONAL;,0654725745270065
05015601068990003;COTOPAXI;01;06899;0003;,15;4; ;4;REGIÓN SIERRA; ; ; ;TOTAL NACIONAL;57,4228476086107
05016201070940002;COTOPAXI;01;07094;0002;3;16;4;12;REGIÓN SIERRA; ; ; ;TOTAL NACIONAL;26,7658903501863
05016201070940003;COTOPAXI;01;07094;0003;2;19; ;19;REGIÓN SIERRA; ; ; ;TOTAL NACIONAL;7,7974875190455
05016201070940004;COTOPAXI;01;07094;0004;2;4;4; ;REGIÓN SIERRA; ; ; ;TOTAL NACIONAL;25,8731822150944
05016201070940005;COTOPAXI;01;07094;0005;2;35;15;20;REGIÓN SIERRA; ; ; ;TOTAL NACIONAL;16,9866785066801
05016201070940006;COTOPAXI;01;07094;0006;2;30;10;20;REGIÓN SIERRA; ; ; ;TOTAL NACIONAL;25,0605326719703
05016201070940007;COTOPAXI;01;07094;0007;2;19;4;15;REGIÓN SIERRA; ; ; ;TOTAL NACIONAL;12,7391863602296
05016201070940008;COTOPAXI;01;07094;0008;2;18;8;10;REGIÓN SIERRA; ; ; ;TOTAL NACIONAL;35,7763203721944
05016201070940009;COTOPAXI;01;07094;0009;2,6;13;3;10;REGIÓN SIERRA; ; ; ;TOTAL NACIONAL;19,9480027994536
05016201071930006;COTOPAXI;01;07193;0006;7,53;1;1; ;REGIÓN SIERRA; ; ; ;TOTAL NACIONAL;14,9368718277993
05075201073290001;COTOPAXI;01;07329;0001;,75;2; ;2;REGIÓN SIERRA; ; ; ;TOTAL NACIONAL;65,4155464888925
05075201073290003;COTOPAXI;01;07329;0003;2,2;2; ;2;REGIÓN SIERRA; ; ; ;TOTAL NACIONAL;30,9656264996847
05016201073630003;COTOPAXI;01;07363;0003;6,5;3; ;3;REGIÓN SIERRA; ; ; ;TOTAL NACIONAL;21,4978831489062
05016201074270012;COTOPAXI;01;07427;0012;,74;6; ;6;REGIÓN SIERRA; ; ; ;TOTAL NACIONAL;23,5551880920875
05075201077050005;COTOPAXI;01;07705;0005;,68;2;2; ;REGIÓN SIERRA; ; ; ;TOTAL NACIONAL;8,87353692599246
05075101077850001;COTOPAXI;01;07785;0001;13,92;8;4;4;REGIÓN SIERRA; ; ; ;TOTAL NACIONAL;,745467640133781
05075201077870005;COTOPAXI;01;07787;0005;1,6;1; ;1;REGIÓN SIERRA; ; ; ;TOTAL NACIONAL;23,3554491670144
05075201077870012;COTOPAXI;01;07787;0012;13,92;8;4;4;REGIÓN SIERRA; ; ; ;TOTAL NACIONAL;5,81247311546289
05065101081320007;COTOPAXI;01;08132;0007;,27;2;1;1;REGIÓN SIERRA; ; ; ;TOTAL NACIONAL;95,4610364497616
05065101081320014;COTOPAXI;01;08132;0014;,13;2;2; ;REGIÓN SIERRA; ; ; ;TOTAL NACIONAL;72,9891399056385
05065101081320024;COTOPAXI;01;08132;0024;,04;3;2;1;REGIÓN SIERRA; ; ; ;TOTAL NACIONAL;73,0397565075148
05075101081800001;COTOPAXI;01;08180;0001;1,7;6; ;6;REGIÓN SIERRA; ; ; ;TOTAL NACIONAL;51,406518610297
05065101083620020;COTOPAXI;01;08362;0020;1,71;10;10; ;REGIÓN SIERRA; ; ; ;TOTAL NACIONAL;28,8834314496289
05075101084440007;COTOPAXI;01;08444;0007;,66;5; ;5;REGIÓN SIERRA; ; ; ;TOTAL NACIONAL;65,9311916167343
05015601087620011;COTOPAXI;01;08762;0011;1,26;1; ;1;REGIÓN SIERRA; ; ; ;TOTAL NACIONAL;41,0319867638741
05065001087890002;COTOPAXI;01;08789;0002;,49;5;2;3;REGIÓN SIERRA; ; ; ;TOTAL NACIONAL;74,7720838819346
05065001087890009;COTOPAXI;01;08789;0009;,38;2;1;1;REGIÓN SIERRA; ; ; ;TOTAL NACIONAL;63,2214677593496
05065001087890023;COTOPAXI;01;08789;0023;1,17;2;2; ;REGIÓN SIERRA; ; ; ;TOTAL NACIONAL;7,18193339956082
05075101088080001;COTOPAXI;01;08808;0001;2,54;20;8;12;REGIÓN SIERRA; ; ; ;TOTAL NACIONAL;9,68630380866843
05075101088080002;COTOPAXI;01;08808;0002;1,52;3; ;3;REGIÓN SIERRA; ; ; ;TOTAL NACIONAL;14,3940961585755
05075101088080004;COTOPAXI;01;08808;0004;1,05;13;3;10;REGIÓN SIERRA; ; ; ;TOTAL NACIONAL;18,7565844038603
05075101088080005;COTOPAXI;01;08808;0005;3,22;6;2;4;REGIÓN SIERRA; ; ; ;TOTAL NACIONAL;,713191064325518
05075101088080010;COTOPAXI;01;08808;0010;3,25;32;12;20;REGIÓN SIERRA; ; ; ;TOTAL NACIONAL;42,3256024889701
05075101088860001;COTOPAXI;01;08886;0001;6;8;4;4;REGIÓN SIERRA; ; ; ;TOTAL NACIONAL;4,10711543724689
05075101090950001;COTOPAXI;01;09095;0001;2,8;8;2;6;REGIÓN SIERRA; ; ; ;TOTAL NACIONAL;32,7738881677542
05075101090950002;COTOPAXI;01;09095;0002;1,14;10;2;8;REGIÓN SIERRA; ; ; ;TOTAL NACIONAL;36,387120675152
05075101090950003;COTOPAXI;01;09095;0003;1,65;11;1;10;REGIÓN SIERRA; ; ; ;TOTAL NACIONAL;27,2737589273761
05075101090950004;COTOPAXI;01;09095;0004;1,12;16;5;11;REGIÓN SIERRA; ; ; ;TOTAL NACIONAL;39,0638144319873
05075101090950006;COTOPAXI;01;09095;0006;,83;5;1;4;REGIÓN SIERRA; ; ; ;TOTAL NACIONAL;1,7203546252177
05075101090950007;COTOPAXI;01;09095;0007;1,22;7;2;5;REGIÓN SIERRA; ; ; ;TOTAL NACIONAL;2,33541681935858
05075101091010001;COTOPAXI;01;09101;0001;,54;19; ;19;REGIÓN SIERRA; ; ; ;TOTAL NACIONAL;52,9824593417875
05075101091010003;COTOPAXI;01;09101;0003;,77;2; ;2;REGIÓN SIERRA; ; ; ;TOTAL NACIONAL;57,213194081878
05015601091440003;COTOPAXI;01;09144;0003;,3;2; ;2;REGIÓN SIERRA; ; ; ;TOTAL NACIONAL;66,9860109231082
05015601091440005;COTOPAXI;01;09144;0005;,4;3; ;3;REGIÓN SIERRA; ; ; ;TOTAL NACIONAL;51,4568374674564
05015601091440021;COTOPAXI;01;09144;0021;,18;1; ;1;REGIÓN SIERRA; ; ; ;TOTAL NACIONAL;64,119986443534
05015601091440033;COTOPAXI;01;09144;0033;,34;2; ;2;REGIÓN SIERRA; ; ; ;TOTAL NACIONAL;65,762875626003
05065001093220001;COTOPAXI;01;09322;0001;1,85;4;1;3;REGIÓN SIERRA; ; ; ;TOTAL NACIONAL;29,9948510653943
05065001093220004;COTOPAXI;01;09322;0004;1,67;2; ;2;REGIÓN SIERRA; ; ; ;TOTAL NACIONAL;71,5700564925554
05065001093220007;COTOPAXI;01;09322;0007;,5;5; ;5;REGIÓN SIERRA; ; ; ;TOTAL NACIONAL;72,7633898612701
05065001093220022;COTOPAXI;01;09322;0022;1;12;6;6;REGIÓN SIERRA; ; ; ;TOTAL NACIONAL;66,6635831691561
05025101096700001;COTOPAXI;01;09670;0001;60;8; ;8;REGIÓN SIERRA; ; ; ;TOTAL NACIONAL;6,78293678713706
05015101097890001;COTOPAXI;01;09789;0001;14,08;2; ;2;REGIÓN SIERRA; ; ; ;TOTAL NACIONAL;2,27034153046623
05015101097890003;COTOPAXI;01;09789;0003;6,02;2;2; ;REGIÓN SIERRA; ; ; ;TOTAL NACIONAL;1,18267960463816
05065001098460001;COTOPAXI;01;09846;0001;12,15;15;5;10;REGIÓN SIERRA; ; ; ;TOTAL NACIONAL;,714881389462941
05065001098460002;COTOPAXI;01;09846;0002;1,1;3; ;3;REGIÓN SIERRA; ; ; ;TOTAL NACIONAL;66,8544077582297
05065001098460010;COTOPAXI;01;09846;0010;,2;2; ;2;REGIÓN SIERRA; ; ; ;TOTAL NACIONAL;103,538789968085
05065001098460014;COTOPAXI;01;09846;0014;1,12;3;2;1;REGIÓN SIERRA; ; ; ;TOTAL NACIONAL;79,2850316979498
05065001098460016;COTOPAXI;01;09846;0016;,25;4;2;2;REGIÓN SIERRA; ; ; ;TOTAL NACIONAL;48,2983615103746
05015101100570001;COTOPAXI;01;10057;0001;,42;3; ;3;REGIÓN SIERRA; ; ; ;TOTAL NACIONAL;4,95078572637809
05015101100570005;COTOPAXI;01;10057;0005;1,08;2; ;2;REGIÓN SIERRA; ; ; ;TOTAL NACIONAL;63,7117729228464
05065301101230001;COTOPAXI;01;10123;0001;,84;15;5;10;REGIÓN SIERRA; ; ; ;TOTAL NACIONAL;6,00047763671775
05065301101230002;COTOPAXI;01;10123;0002;1,32;25;6;19;REGIÓN SIERRA; ; ; ;TOTAL NACIONAL;20,4882199867517
05065301101230003;COTOPAXI;01;10123;0003;,42;15;5;10;REGIÓN SIERRA; ; ; ;TOTAL NACIONAL;53,7379589920154
05065301101230005;COTOPAXI;01;10123;0005;2,8;20;10;10;REGIÓN SIERRA; ; ; ;TOTAL NACIONAL;48,0610058022904
05065301101230006;COTOPAXI;01;10123;0006;2,27;23;3;20;REGIÓN SIERRA; ; ; ;TOTAL NACIONAL;57,7111764221182
05065301101230007;COTOPAXI;01;10123;0007;1,5;15;5;10;REGIÓN SIERRA; ; ; ;TOTAL NACIONAL;19,9334927069157
05065301101230008;COTOPAXI;01;10123;0008;4,75;70;20;50;REGIÓN SIERRA; ; ; ;TOTAL NACIONAL;25,0392337387071
05075101101350001;COTOPAXI;01;10135;0001;1,62;12;2;10;REGIÓN SIERRA; ; ; ;TOTAL NACIONAL;19,8501440358261
05075101101350002;COTOPAXI;01;10135;0002;5,93;15;5;10;REGIÓN SIERRA; ; ; ;TOTAL NACIONAL;35,9733811314757
05075101104340001;COTOPAXI;01;10434;0001;10,42;16;4;12;REGIÓN SIERRA; ; ; ;TOTAL NACIONAL;10,6444479231785
05065301104680001;COTOPAXI;01;10468;0001;4,31;5; ;5;REGIÓN SIERRA; ; ; ;TOTAL NACIONAL;60,4931809974135
05065301104680002;COTOPAXI;01;10468;0002;1,05;10;3;7;REGIÓN SIERRA; ; ; ;TOTAL NACIONAL;27,5363955464625
05065301104680003;COTOPAXI;01;10468;0003;4,65;40;15;25;REGIÓN SIERRA; ; ; ;TOTAL NACIONAL;60,2204761781226
05065301104680004;COTOPAXI;01;10468;0004;1,55;12;5;7;REGIÓN SIERRA; ; ; ;TOTAL NACIONAL;7,25515512184497
05015101105490006;COTOPAXI;01;10549;0006;7,66;8; ;8;REGIÓN SIERRA; ; ; ;TOTAL NACIONAL;5,11723272311135
05065201105810001;COTOPAXI;01;10581;0001;,93;2; ;2;REGIÓN SIERRA; ; ; ;TOTAL NACIONAL;13,6131445820458
05065201105810002;COTOPAXI;01;10581;0002;,4;2; ;2;REGIÓN SIERRA; ; ; ;TOTAL NACIONAL;57,8066901728394
05065201105810003;COTOPAXI;01;10581;0003;3,04;1; ;1;REGIÓN SIERRA; ; ; ;TOTAL NACIONAL;29,3639561634941
05045301106110001;COTOPAXI;01;10611;0001;11,93;170;70;100;REGIÓN SIERRA; ; ; ;TOTAL NACIONAL;46,9761523450498
05015801107710001;COTOPAXI;01;10771;0001;,19;4; ;4;REGIÓN SIERRA; ; ; ;TOTAL NACIONAL;43,5675740571141
05015801107710002;COTOPAXI;01;10771;0002;,42;4; ;4;REGIÓN SIERRA; ; ; ;TOTAL NACIONAL;67,7442958255028
05015801107710003;COTOPAXI;01;10771;0003;,06;2;2; ;REGIÓN SIERRA; ; ; ;TOTAL NACIONAL;31,3654209626865
05015801107710015;COTOPAXI;01;10771;0015;,35;8;2;6;REGIÓN SIERRA; ; ; ;TOTAL NACIONAL;56,1381500467025
05015801108700007;COTOPAXI;01;10870;0007;2,05;7;6;1;REGIÓN SIERRA; ; ; ;TOTAL NACIONAL;11,2376263472999
05015801108700011;COTOPAXI;01;10870;0011;,99;2;2; ;REGIÓN SIERRA; ; ; ;TOTAL NACIONAL;19,8069409766488
05015101110970006;COTOPAXI;01;11097;0006;1,25;2; ;2;REGIÓN SIERRA; ; ; ;TOTAL NACIONAL;61,3639237195027
05015101111270017;COTOPAXI;01;11127;0017;,07;2;1;1;REGIÓN SIERRA; ; ; ;TOTAL NACIONAL;12,5963029240759
05015101111270020;COTOPAXI;01;11127;0020;,22;2;1;1;REGIÓN SIERRA; ; ; ;TOTAL NACIONAL;73,7575919523061
05015101111270021;COTOPAXI;01;11127;0021;,12;2;1;1;REGIÓN SIERRA; ; ; ;TOTAL NACIONAL;5,92214241952823
05015101111270022;COTOPAXI;01;11127;0022;,51;2;1;1;REGIÓN SIERRA; ; ; ;TOTAL NACIONAL;49,6479390639316
05015101111270023;COTOPAXI;01;11127;0023;,3;3;1;2;REGIÓN SIERRA; ; ; ;TOTAL NACIONAL;47,0261975832167
05015101111270025;COTOPAXI;01;11127;0025;,15;3;1;2;REGIÓN SIERRA; ; ; ;TOTAL NACIONAL;19,8720778966392
05015101111270026;COTOPAXI;01;11127;0026;,2;2;1;1;REGIÓN SIERRA; ; ; ;TOTAL NACIONAL;15,8910821590674
05015101111270029;COTOPAXI;01;11127;0029;,2;1;1; ;REGIÓN SIERRA; ; ; ;TOTAL NACIONAL;13,1932172790601
05015101111270038;COTOPAXI;01;11127;0038;,3;2;1;1;REGIÓN SIERRA; ; ; ;TOTAL NACIONAL;58,8485485614601
05075101113090002;COTOPAXI;01;11309;0002;6,03;12;2;10;REGIÓN SIERRA; ; ; ;TOTAL NACIONAL;52,9238962971622
05015001117140001;COTOPAXI;01;11714;0001;,55;4;2;2;REGIÓN SIERRA; ; ; ;TOTAL NACIONAL;14,3208171235864
05015001117140015;COTOPAXI;01;11714;0015;,9;6;2;4;REGIÓN SIERRA; ; ; ;TOTAL NACIONAL;67,7756299123786
05015001117140019;COTOPAXI;01;11714;0019;,47;6;2;4;REGIÓN SIERRA; ; ; ;TOTAL NACIONAL;37,3388979500751
05015801117700001;COTOPAXI;01;11770;0001;2,77;3; ;3;REGIÓN SIERRA; ; ; ;TOTAL NACIONAL;55,914716514583
05015801117700002;COTOPAXI;01;11770;0002;2,98;15;5;10;REGIÓN SIERRA; ; ; ;TOTAL NACIONAL;7,98230605764151
05015801117700004;COTOPAXI;01;11770;0004;4,4;25;5;20;REGIÓN SIERRA; ; ; ;TOTAL NACIONAL;15,6951729022598
05015801117700005;COTOPAXI;01;11770;0005;6,09;15;5;10;REGIÓN SIERRA; ; ; ;TOTAL NACIONAL;54,9556664371546
05015801120410008;COTOPAXI;01;12041;0008;,21;14;4;10;REGIÓN SIERRA; ; ; ;TOTAL NACIONAL;68,5589820842739
05015801120770003;COTOPAXI;01;12077;0003;4,36;35;10;25;REGIÓN SIERRA; ; ; ;TOTAL NACIONAL;12,2487532815727
05015801120770006;COTOPAXI;01;12077;0006;4,65;2; ;2;REGIÓN SIERRA; ; ; ;TOTAL NACIONAL;35,0899320375248
05015801120780001;COTOPAXI;01;12078;0001;5,68;35;5;30;REGIÓN SIERRA; ; ; ;TOTAL NACIONAL;16,5199043236449
05015801120780002;COTOPAXI;01;12078;0002;2,53;25;7;18;REGIÓN SIERRA; ; ; ;TOTAL NACIONAL;66,0096506840696
05015801120780005;COTOPAXI;01;12078;0005;3,06;35;10;25;REGIÓN SIERRA; ; ; ;TOTAL NACIONAL;49,9511424339946
05015001123150004;COTOPAXI;01;12315;0004;,3;7;2;5;REGIÓN SIERRA; ; ; ;TOTAL NACIONAL;19,4334006803778
05015001123150010;COTOPAXI;01;12315;0010;,16;1;1; ;REGIÓN SIERRA; ; ; ;TOTAL NACIONAL;43,9636822671922
05015001123150011;COTOPAXI;01;12315;0011;,31;2;1;1;REGIÓN SIERRA; ; ; ;TOTAL NACIONAL;58,6483136385537
05015001123150012;COTOPAXI;01;12315;0012;1,36;4;2;2;REGIÓN SIERRA; ; ; ;TOTAL NACIONAL;37,0182284737013
05015001123150016;COTOPAXI;01;12315;0016;,11;2;1;1;REGIÓN SIERRA; ; ; ;TOTAL NACIONAL;69,2711204223605
05015001123150020;COTOPAXI;01;12315;0020;,31;10;5;5;REGIÓN SIERRA; ; ; ;TOTAL NACIONAL;80,0019884559207
05015001123150021;COTOPAXI;01;12315;0021;,05;1; ;1;REGIÓN SIERRA; ; ; ;TOTAL NACIONAL;66,7228045933513
05015001123150022;COTOPAXI;01;12315;0022;,31;20;10;10;REGIÓN SIERRA; ; ; ;TOTAL NACIONAL;96,2613472134785
05015001123150026;COTOPAXI;01;12315;0026;,08;2;1;1;REGIÓN SIERRA; ; ; ;TOTAL NACIONAL;66,5418502416435
05015001123150030;COTOPAXI;01;12315;0030;,44;6;2;4;REGIÓN SIERRA; ; ; ;TOTAL NACIONAL;204,927064582816
05015801123610015;COTOPAXI;01;12361;0015;,63;3; ;3;REGIÓN SIERRA; ; ; ;TOTAL NACIONAL;34,1437099990084
05045801125170005;COTOPAXI;01;12517;0005;1,34;6;6; ;REGIÓN SIERRA; ; ; ;TOTAL NACIONAL;55,3715405660035
05045801125170007;COTOPAXI;01;12517;0007;,39;10;4;6;REGIÓN SIERRA; ; ; ;TOTAL NACIONAL;56,4206388914598
05045001128280001;COTOPAXI;01;12828;0001;2,56;25;5;20;REGIÓN SIERRA; ; ; ;TOTAL NACIONAL;5,33095632730102
05045001128280002;COTOPAXI;01;12828;0002;1,04;5; ;5;REGIÓN SIERRA; ; ; ;TOTAL NACIONAL;59,6137028598236
05045001128280004;COTOPAXI;01;12828;0004;1;10;3;7;REGIÓN SIERRA; ; ; ;TOTAL NACIONAL;40,8167215870373
05045001128280005;COTOPAXI;01;12828;0005;,45;37;7;30;REGIÓN SIERRA; ; ; ;TOTAL NACIONAL;66,0355436212086
05045001128280009;COTOPAXI;01;12828;0009;,65;28;5;23;REGIÓN SIERRA; ; ; ;TOTAL NACIONAL;60,7905388534479
05045001128280010;COTOPAXI;01;12828;0010;,58;15;5;10;REGIÓN SIERRA; ; ; ;TOTAL NACIONAL;26,6269506870359
05045001128280011;COTOPAXI;01;12828;0011;,3;23;5;18;REGIÓN SIERRA; ; ; ;TOTAL NACIONAL;25,2897415174668
05045001128280012;COTOPAXI;01;12828;0012;,6;21;6;15;REGIÓN SIERRA; ; ; ;TOTAL NACIONAL;59,1446556824365
05015001128940005;COTOPAXI;01;12894;0005;6,03;15;2;13;REGIÓN SIERRA; ; ; ;TOTAL NACIONAL;8,6698768238717
05015001128940007;COTOPAXI;01;12894;0007;3,35;2;1;1;REGIÓN SIERRA; ; ; ;TOTAL NACIONAL;6,43087704196863
05015001132590004;COTOPAXI;01;13259;0004;,18;4;2;2;REGIÓN SIERRA; ; ; ;TOTAL NACIONAL;64,3027686169762
05015001132590005;COTOPAXI;01;13259;0005;,2;8;4;4;REGIÓN SIERRA; ; ; ;TOTAL NACIONAL;59,8465392284547
05015001132590013;COTOPAXI;01;13259;0013;,43;8;2;6;REGIÓN SIERRA; ; ; ;TOTAL NACIONAL;35,4869464363978
05015001132590014;COTOPAXI;01;13259;0014;,2;4;2;2;REGIÓN SIERRA; ; ; ;TOTAL NACIONAL;70,1444868801899
05015001132590016;COTOPAXI;01;13259;0016;25,5;35;20;15;REGIÓN SIERRA; ; ; ;TOTAL NACIONAL;14,0082537423316
05045801133180003;COTOPAXI;01;13318;0003;2,76;40;10;30;REGIÓN SIERRA; ; ; ;TOTAL NACIONAL;13,5298543602346
05045801134400001;COTOPAXI;01;13440;0001;4,27;5; ;5;REGIÓN SIERRA; ; ; ;TOTAL NACIONAL;53,6598806116035
05045801134400002;COTOPAXI;01;13440;0002;,29;15;3;12;REGIÓN SIERRA; ; ; ;TOTAL NACIONAL;53,7757759934172
05045801134400003;COTOPAXI;01;13440;0003;1,82;10; ;10;REGIÓN SIERRA; ; ; ;TOTAL NACIONAL;34,1915145674471
05045801134400005;COTOPAXI;01;13440;0005;,51;18;2;16;REGIÓN SIERRA; ; ; ;TOTAL NACIONAL;,0645113553325515
05015001138180004;COTOPAXI;01;13818;0004;1,38;4;1;3;REGIÓN SIERRA; ; ; ;TOTAL NACIONAL;45,1313027381922
05015001138180008;COTOPAXI;01;13818;0008;2,63;2; ;2;REGIÓN SIERRA; ; ; ;TOTAL NACIONAL;11,9218456396502
05015001138180009;COTOPAXI;01;13818;0009;4,03;5; ;5;REGIÓN SIERRA; ; ; ;TOTAL NACIONAL;1,10376847962533
05045501138640001;COTOPAXI;01;13864;0001;1,7;3;3; ;REGIÓN SIERRA; ; ; ;TOTAL NACIONAL;35,6992938139273
05045001143550001;COTOPAXI;01;14355;0001;1,94;15; ;15;REGIÓN SIERRA; ; ; ;TOTAL NACIONAL;32,191897883014
05045001143550002;COTOPAXI;01;14355;0002;,67;2; ;2;REGIÓN SIERRA; ; ; ;TOTAL NACIONAL;50,2743732098922
05045001143550004;COTOPAXI;01;14355;0004;1,49;6; ;6;REGIÓN SIERRA; ; ; ;TOTAL NACIONAL;59,5393915735119
05045001143550005;COTOPAXI;01;14355;0005;,75;9; ;9;REGIÓN SIERRA; ; ; ;TOTAL NACIONAL;4,14111292150714
05045001143550008;COTOPAXI;01;14355;0008;,97;10; ;10;REGIÓN SIERRA; ; ; ;TOTAL NACIONAL;33,9793944781408
05045001143550009;COTOPAXI;01;14355;0009;,8;5; ;5;REGIÓN SIERRA; ; ; ;TOTAL NACIONAL;38,5021509247384
05045001143550010;COTOPAXI;01;14355;0010;,74;6; ;6;REGIÓN SIERRA; ; ; ;TOTAL NACIONAL;10,3415189698368
05045001143550013;COTOPAXI;01;14355;0013;,86;2; ;2;REGIÓN SIERRA; ; ; ;TOTAL NACIONAL;42,3119477777663
05045001143550014;COTOPAXI;01;14355;0014;,22;2; ;2;REGIÓN SIERRA; ; ; ;TOTAL NACIONAL;68,732743838767
05045001143550016;COTOPAXI;01;14355;0016;1,6;5; ;5;REGIÓN SIERRA; ; ; ;TOTAL NACIONAL;30,7745775870345
05045001143550018;COTOPAXI;01;14355;0018;,72;5; ;5;REGIÓN SIERRA; ; ; ;TOTAL NACIONAL;54,8437911413409
05015701144400008;COTOPAXI;01;14440;0008;,68;2;2; ;REGIÓN SIERRA; ; ; ;TOTAL NACIONAL;2,09984461607455
05015001144670007;COTOPAXI;01;14467;0007;,82;4; ;4;REGIÓN SIERRA; ; ; ;TOTAL NACIONAL;27,3477796283905
05015001144670013;COTOPAXI;01;14467;0013;,58;2; ;2;REGIÓN SIERRA; ; ; ;TOTAL NACIONAL;30,2120024199304
05045001145930001;COTOPAXI;01;14593;0001;,33;2; ;2;REGIÓN SIERRA; ; ; ;TOTAL NACIONAL;67,4964716838486
05045001145930005;COTOPAXI;01;14593;0005;1,42;11; ;11;REGIÓN SIERRA; ; ; ;TOTAL NACIONAL;14,2168489382728
05045001145930006;COTOPAXI;01;14593;0006;,57;1; ;1;REGIÓN SIERRA; ; ; ;TOTAL NACIONAL;51,6369260088689
05045001145930007;COTOPAXI;01;14593;0007;,47;9; ;9;REGIÓN SIERRA; ; ; ;TOTAL NACIONAL;9,92623871263715
05045001148020002;COTOPAXI;01;14802;0002;7,68;6;2;4;REGIÓN SIERRA; ; ; ;TOTAL NACIONAL;10,7604436699732
05045001148020013;COTOPAXI;01;14802;0013;2,74;2;2; ;REGIÓN SIERRA; ; ; ;TOTAL NACIONAL;5,28574025360163
05045001148020016;COTOPAXI;01;14802;0016;2,59;2;1;1;REGIÓN SIERRA; ; ; ;TOTAL NACIONAL;2,83785203029302
05015001148290016;COTOPAXI;01;14829;0016;,37;1; ;1;REGIÓN SIERRA; ; ; ;TOTAL NACIONAL;52,7479712201823
05015001148290034;COTOPAXI;01;14829;0034;,29;4; ;4;REGIÓN SIERRA; ; ; ;TOTAL NACIONAL;53,8892269976227
05015001148590004;COTOPAXI;01;14859;0004;,22;2; ;2;REGIÓN SIERRA; ; ; ;TOTAL NACIONAL;41,8139146590932
05015001148590015;COTOPAXI;01;14859;0015;2,06;3;3; ;REGIÓN SIERRA; ; ; ;TOTAL NACIONAL;6,16490553920684
05045801151340002;COTOPAXI;01;15134;0002;,4;2; ;2;REGIÓN SIERRA; ; ; ;TOTAL NACIONAL;53,3321825669736
05045801151340008;COTOPAXI;01;15134;0008;,36;6;3;3;REGIÓN SIERRA; ; ; ;TOTAL NACIONAL;89,5632649866923
05045801151340010;COTOPAXI;01;15134;0010;,3;10;5;5;REGIÓN SIERRA; ; ; ;TOTAL NACIONAL;,372875633822148
05045001154440001;COTOPAXI;01;15444;0001;10;9; ;9;REGIÓN SIERRA; ; ; ;TOTAL NACIONAL;17,4650560110131
05045001154440002;COTOPAXI;01;15444;0002;2,1;4; ;4;REGIÓN SIERRA; ; ; ;TOTAL NACIONAL;22,4728071073314
05045001154440004;COTOPAXI;01;15444;0004;2,21;5; ;5;REGIÓN SIERRA; ; ; ;TOTAL NACIONAL;48,1006590183401
05015201154660005;COTOPAXI;01;15466;0005;,25;1;1; ;REGIÓN SIERRA; ; ; ;TOTAL NACIONAL;61,9324493917774
05015201154660006;COTOPAXI;01;15466;0006;,41;2; ;2;REGIÓN SIERRA; ; ; ;TOTAL NACIONAL;43,5734869079109
05045001158380003;COTOPAXI;01;15838;0003;,32;4; ;4;REGIÓN SIERRA; ; ; ;TOTAL NACIONAL;67,5083109837193
05045001158380011;COTOPAXI;01;15838;0011;,78;3; ;3;REGIÓN SIERRA; ; ; ;TOTAL NACIONAL;66,9826364829831
05045001158380026;COTOPAXI;01;15838;0026;,16;2;2; ;REGIÓN SIERRA; ; ; ;TOTAL NACIONAL;90,2715459087809
05045001158380027;COTOPAXI;01;15838;0027;,23;2;2; ;REGIÓN SIERRA; ; ; ;TOTAL NACIONAL;63,6272692803419
05045001158380029;COTOPAXI;01;15838;0029;2,12;2; ;2;REGIÓN SIERRA; ; ; ;TOTAL NACIONAL;15,1343639610166
05015001161120006;COTOPAXI;01;16112;0006;,6;3; ;3;REGIÓN SIERRA; ; ; ;TOTAL NACIONAL;44,2954319119898
05015001161120021;COTOPAXI;01;16112;0021;,57;1;1; ;REGIÓN SIERRA; ; ; ;TOTAL NACIONAL;2,87449018023885
05015001161130003;COTOPAXI;01;16113;0003;,6;3; ;3;REGIÓN SIERRA; ; ; ;TOTAL NACIONAL;19,4372755114616
05015001161130023;COTOPAXI;01;16113;0023;,08;2;1;1;REGIÓN SIERRA; ; ; ;TOTAL NACIONAL;84,2931704487025
05015001161130027;COTOPAXI;01;16113;0027;,12;3; ;3;REGIÓN SIERRA; ; ; ;TOTAL NACIONAL;12,8096658098458
05015001161130042;COTOPAXI;01;16113;0042;,11;2;2; ;REGIÓN SIERRA; ; ; ;TOTAL NACIONAL;66,2862232341901
05015001161130047;COTOPAXI;01;16113;0047;,57;1;1; ;REGIÓN SIERRA; ; ; ;TOTAL NACIONAL;6,24947540196595
05045001161360020;COTOPAXI;01;16136;0020;,55;3;2;1;REGIÓN SIERRA; ; ; ;TOTAL NACIONAL;15,5889930760511
05045001164460001;COTOPAXI;01;16446;0001;,46;2; ;2;REGIÓN SIERRA; ; ; ;TOTAL NACIONAL;65,8588012065409
05045001164460002;COTOPAXI;01;16446;0002;1,4;10;2;8;REGIÓN SIERRA; ; ; ;TOTAL NACIONAL;39,664253871745
05045001164460009;COTOPAXI;01;16446;0009;,45;5; ;5;REGIÓN SIERRA; ; ; ;TOTAL NACIONAL;31,2338177978081
05015201164910001;COTOPAXI;01;16491;0001;3;2;2; ;REGIÓN SIERRA; ; ; ;TOTAL NACIONAL;19,0605250465557
05015201164910004;COTOPAXI;01;16491;0004;3;3; ;3;REGIÓN SIERRA; ; ; ;TOTAL NACIONAL;65,154533545217
05015201164910005;COTOPAXI;01;16491;0005;1;2; ;2;REGIÓN SIERRA; ; ; ;TOTAL NACIONAL;23,846493475967
05015201164910008;COTOPAXI;01;16491;0008;,7;2;2; ;REGIÓN SIERRA; ; ; ;TOTAL NACIONAL;6,23234987959875
05055401165200001;COTOPAXI;01;16520;0001;515;283; ;283;REGIÓN SIERRA; ; ; ;TOTAL NACIONAL;1,14993056689868
05045001167810005;COTOPAXI;01;16781;0005;1,83;2;2; ;REGIÓN SIERRA; ; ; ;TOTAL NACIONAL;51,8430172463618
05045001167810008;COTOPAXI;01;16781;0008;,71;4;4; ;REGIÓN SIERRA; ; ; ;TOTAL NACIONAL;25,5792066946759
05045001168770002;COTOPAXI;01;16877;0002;5,5;1; ;1;REGIÓN SIERRA; ; ; ;TOTAL NACIONAL;38,9676971204957
05055001171160001;COTOPAXI;01;17116;0001;78;600;300;300;REGIÓN SIERRA; ; ; ;TOTAL NACIONAL;7,59249028144644
05055001173760004;COTOPAXI;01;17376;0004;4,23;2;1;1;REGIÓN SIERRA; ; ; ;TOTAL NACIONAL;52,3052578708214
05055401174230015;COTOPAXI;01;17423;0015;,66;2; ;2;REGIÓN SIERRA; ; ; ;TOTAL NACIONAL;70,1085951079503
05055401174230026;COTOPAXI;01;17423;0026;,15;1;1; ;REGIÓN SIERRA; ; ; ;TOTAL NACIONAL;64,8364925634275
05055401174230028;COTOPAXI;01;17423;0028;1;1; ;1;REGIÓN SIERRA; ; ; ;TOTAL NACIONAL;16,996548744046
05055001174260021;COTOPAXI;01;17426;0021;1;3; ;3;REGIÓN SIERRA; ; ; ;TOTAL NACIONAL;51,4568374674564
05055001174260022;COTOPAXI;01;17426;0022;1,5;3; ;3;REGIÓN SIERRA; ; ; ;TOTAL NACIONAL;2,6978648800073
05055001174260028;COTOPAXI;01;17426;0028;96;11; ;11;REGIÓN SIERRA; ; ; ;TOTAL NACIONAL;1,80282627220407
05055401176100008;COTOPAXI;01;17610;0008;4,83;6;4;2;REGIÓN SIERRA; ; ; ;TOTAL NACIONAL;1,39096098696534
05055001176950001;COTOPAXI;01;17695;0001;96;11; ;11;REGIÓN SIERRA; ; ; ;TOTAL NACIONAL;6,16882981036019
05055001179270002;COTOPAXI;01;17927;0002;11;4; ;4;REGIÓN SIERRA; ; ; ;TOTAL NACIONAL;10,39904281021
05055001179270003;COTOPAXI;01;17927;0003;97;4;2;2;REGIÓN SIERRA; ; ; ;TOTAL NACIONAL;2,45256743454322
05055401179530008;COTOPAXI;01;17953;0008;3,45;2; ;2;REGIÓN SIERRA; ; ; ;TOTAL NACIONAL;21,6172503004615
05055001181410001;COTOPAXI;01;18141;0001;97;4;2;2;REGIÓN SIERRA; ; ; ;TOTAL NACIONAL;6,10530146343116
05045001185460019;COTOPAXI;01;18546;0019;,81;3; ;3;REGIÓN SIERRA; ; ; ;TOTAL NACIONAL;10,097699626164
05045001185460029;COTOPAXI;01;18546;0029;,57;2;2; ;REGIÓN SIERRA; ; ; ;TOTAL NACIONAL;46,1880932174122
05055401188520003;COTOPAXI;01;18852;0003;1,02;3;3; ;REGIÓN SIERRA; ; ; ;TOTAL NACIONAL;59,6730036826101
05055401188520006;COTOPAXI;01;18852;0006;1,24;7; ;7;REGIÓN SIERRA; ; ; ;TOTAL NACIONAL;56,775091170728
05045001188660003;COTOPAXI;01;18866;0003;2,57;7;5;2;REGIÓN SIERRA; ; ; ;TOTAL NACIONAL;11,3885384704114
05045001188660025;COTOPAXI;01;18866;0025;,64;1;1; ;REGIÓN SIERRA; ; ; ;TOTAL NACIONAL;8,65702068965758
05045001192020003;COTOPAXI;01;19202;0003;2,54;3;1;2;REGIÓN SIERRA; ; ; ;TOTAL NACIONAL;30,1055192726761
05045001192020005;COTOPAXI;01;19202;0005;,61;2;2; ;REGIÓN SIERRA; ; ; ;TOTAL NACIONAL;78,9079632037322
05055001192780007;COTOPAXI;01;19278;0007;,26;2; ;2;REGIÓN SIERRA; ; ; ;TOTAL NACIONAL;44,6691511558432
05055001192780029;COTOPAXI;01;19278;0029;,79;3; ;3;REGIÓN SIERRA; ; ; ;TOTAL NACIONAL;3,63991031973816
05045001194370013;COTOPAXI;01;19437;0013;,73;2; ;2;REGIÓN SIERRA; ; ; ;TOTAL NACIONAL;64,9092048143421
05055001195140007;COTOPAXI;01;19514;0007;24;1;1; ;REGIÓN SIERRA; ; ; ;TOTAL NACIONAL;6,38631774898477
05055501198730017;COTOPAXI;01;19873;0017;,53;2;1;1;REGIÓN SIERRA; ; ; ;TOTAL NACIONAL;1,87472432987162
05055501198730022;COTOPAXI;01;19873;0022;,99;1;1; ;REGIÓN SIERRA; ; ; ;TOTAL NACIONAL;65,3230254760083
05055301201170013;COTOPAXI;01;20117;0013;,65;8; ;8;REGIÓN SIERRA; ; ; ;TOTAL NACIONAL;12,5023006634485
05055301202570021;COTOPAXI;01;20257;0021;1,36;1; ;1;REGIÓN SIERRA; ; ; ;TOTAL NACIONAL;14,6214986861228
05055001202900004;COTOPAXI;01;20290;0004;,13;4;1;3;REGIÓN SIERRA; ; ; ;TOTAL NACIONAL;28,5477634582386
05055501204920002;COTOPAXI;01;20492;0002;2,21;2; ;2;REGIÓN SIERRA; ; ; ;TOTAL NACIONAL;45,024956092562
05045101207390001;COTOPAXI;01;20739;0001;13,11;10; ;10;REGIÓN SIERRA; ; ; ;TOTAL NACIONAL;44,1041254806649
05055201208650007;COTOPAXI;01;20865;0007;4,6;1; ;1;REGIÓN SIERRA; ; ; ;TOTAL NACIONAL;57,6808088846948
05055201208650008;COTOPAXI;01;20865;0008;2,05;5; ;5;REGIÓN SIERRA; ; ; ;TOTAL NACIONAL;,0577769992149095
05055201209100002;COTOPAXI;01;20910;0002;,22;3;2;1;REGIÓN SIERRA; ; ; ;TOTAL NACIONAL;1,85440823237753
05055201209100003;COTOPAXI;01;20910;0003;,34;5; ;5;REGIÓN SIERRA; ; ; ;TOTAL NACIONAL;82,9293472799949
05055201209100012;COTOPAXI;01;20910;0012;,71;2;1;1;REGIÓN SIERRA; ; ; ;TOTAL NACIONAL;67,8590403689916
05055201209100013;COTOPAXI;01;20910;0013;,58;3; ;3;REGIÓN SIERRA; ; ; ;TOTAL NACIONAL;57,7011807389283
05055201209100014;COTOPAXI;01;20910;0014;,3;1; ;1;REGIÓN SIERRA; ; ; ;TOTAL NACIONAL;65,0338973107451
05055201209100021;COTOPAXI;01;20910;0021;,45;3; ;3;REGIÓN SIERRA; ; ; ;TOTAL NACIONAL;52,9483400027449
05045101210520001;COTOPAXI;01;21052;0001;40,01;200;40;160;REGIÓN SIERRA; ; ; ;TOTAL NACIONAL;14,7355415730759
05055201210750010;COTOPAXI;01;21075;0010;,33;3; ;3;REGIÓN SIERRA; ; ; ;TOTAL NACIONAL;55,6721267182586
05055201210750011;COTOPAXI;01;21075;0011;,41;3; ;3;REGIÓN SIERRA; ; ; ;TOTAL NACIONAL;43,8944702368826
05055201210750012;COTOPAXI;01;21075;0012;,96;5;2;3;REGIÓN SIERRA; ; ; ;TOTAL NACIONAL;63,9988932536285
05055201210750013;COTOPAXI;01;21075;0013;,83;11;5;6;REGIÓN SIERRA; ; ; ;TOTAL NACIONAL;46,7111956303351
05055201211430001;COTOPAXI;01;21143;0001;,55;2; ;2;REGIÓN SIERRA; ; ; ;TOTAL NACIONAL;32,8768633714415
05055201211430002;COTOPAXI;01;21143;0002;,4;7;6;1;REGIÓN SIERRA; ; ; ;TOTAL NACIONAL;59,0898210304039
05055201211430003;COTOPAXI;01;21143;0003;1,64;7;4;3;REGIÓN SIERRA; ; ; ;TOTAL NACIONAL;81,5939622246111
05055201211430004;COTOPAXI;01;21143;0004;1,33;4; ;4;REGIÓN SIERRA; ; ; ;TOTAL NACIONAL;32,1586681093847
05055301213570013;COTOPAXI;01;21357;0013;42,3;20; ;20;REGIÓN SIERRA; ; ; ;TOTAL NACIONAL;4,73818061351222
05045101221400001;COTOPAXI;01;22140;0001;12;35;7;28;REGIÓN SIERRA; ; ; ;TOTAL NACIONAL;7,71304215491519
05045101221400003;COTOPAXI;01;22140;0003;17,05;40;10;30;REGIÓN SIERRA; ; ; ;TOTAL NACIONAL;14,512625841899
05035201224200001;COTOPAXI;01;22420;0001;1,16;2;1;1;REGIÓN SIERRA; ; ; ;TOTAL NACIONAL;60,6282166474307
05035001232250003;COTOPAXI;01;23225;0003;3,5;13;5;8;REGIÓN SIERRA; ; ; ;TOTAL NACIONAL;34,9876414055302
05035001232380003;COTOPAXI;01;23238;0003;3,04;3; ;3;REGIÓN SIERRA; ; ; ;TOTAL NACIONAL;21,3422237779782
05035001232380004;COTOPAXI;01;23238;0004;2,11;3; ;3;REGIÓN SIERRA; ; ; ;TOTAL NACIONAL;19,6188509537926
05035001232380005;COTOPAXI;01;23238;0005;5,47;10;6;4;REGIÓN SIERRA; ; ; ;TOTAL NACIONAL;56,5135747972814
05015803003840006;COTOPAXI;03;00384;0006;,4;3; ;3;REGIÓN SIERRA; ; ; ;TOTAL NACIONAL;110,387654674033
05015803003840012;COTOPAXI;03;00384;0012;,97;8;2;6;REGIÓN SIERRA; ; ; ;TOTAL NACIONAL;180,353863040062
05015803003840022;COTOPAXI;03;00384;0022;,54;10;2;8;REGIÓN SIERRA; ; ; ;TOTAL NACIONAL;65,6792091259194
05015803003840026;COTOPAXI;03;00384;0026;,25;2; ;2;REGIÓN SIERRA; ; ; ;TOTAL NACIONAL;77,4988237420607
05015803003840034;COTOPAXI;03;00384;0034;,2;2; ;2;REGIÓN SIERRA; ; ; ;TOTAL NACIONAL;93,5730503055038
05015803003840035;COTOPAXI;03;00384;0035;,28;5; ;5;REGIÓN SIERRA; ; ; ;TOTAL NACIONAL;99,9701184320682
05015803003840036;COTOPAXI;03;00384;0036;,2;3; ;3;REGIÓN SIERRA; ; ; ;TOTAL NACIONAL;61,3710758915029
05015803003840043;COTOPAXI;03;00384;0043;,43;15;10;5;REGIÓN SIERRA; ; ; ;TOTAL NACIONAL;179,980886436817
05015803003840047;COTOPAXI;03;00384;0047;,42;15;5;10;REGIÓN SIERRA; ; ; ;TOTAL NACIONAL;125,944933567488
05015803003840053;COTOPAXI;03;00384;0053;,3;3; ;3;REGIÓN SIERRA; ; ; ;TOTAL NACIONAL;321,306126978479
05015803003840055;COTOPAXI;03;00384;0055;,22;7;2;5;REGIÓN SIERRA; ; ; ;TOTAL NACIONAL;271,985449973706
05015803003840064;COTOPAXI;03;00384;0064;,09;3;1;2;REGIÓN SIERRA; ; ; ;TOTAL NACIONAL;97,3294517529973
05015803003840065;COTOPAXI;03;00384;0065;,1;3;2;1;REGIÓN SIERRA; ; ; ;TOTAL NACIONAL;199,455996647385
05015803003840076;COTOPAXI;03;00384;0076;,7;5;3;2;REGIÓN SIERRA; ; ; ;TOTAL NACIONAL;118,970175357781
05015803003840078;COTOPAXI;03;00384;0078;1,58;4;2;2;REGIÓN SIERRA; ; ; ;TOTAL NACIONAL;151,033910642615
05015803003840079;COTOPAXI;03;00384;0079;,38;15;5;10;REGIÓN SIERRA; ; ; ;TOTAL NACIONAL;187,887886871018
05015803003840090;COTOPAXI;03;00384;0090;,18;5;3;2;REGIÓN SIERRA; ; ; ;TOTAL NACIONAL;193,86599554874
05015803003840091;COTOPAXI;03;00384;0091;,28;2;1;1;REGIÓN SIERRA; ; ; ;TOTAL NACIONAL;332,724001562945
05015803003840092;COTOPAXI;03;00384;0092;,46;4;2;2;REGIÓN SIERRA; ; ; ;TOTAL NACIONAL;170,802716270336
05015803003840094;COTOPAXI;03;00384;0094;,51;2;1;1;REGIÓN SIERRA; ; ; ;TOTAL NACIONAL;169,93883189747
05015803003840096;COTOPAXI;03;00384;0096;,83;6;1;5;REGIÓN SIERRA; ; ; ;TOTAL NACIONAL;156,050017852449
05015803003840107;COTOPAXI;03;00384;0107;,42;12;2;10;REGIÓN SIERRA; ; ; ;TOTAL NACIONAL;184,818349393639
05015803003840116;COTOPAXI;03;00384;0116;,11;6; ;6;REGIÓN SIERRA; ; ; ;TOTAL NACIONAL;174,025275981984
05045303004180001;COTOPAXI;03;00418;0001;,47;2;2; ;REGIÓN SIERRA; ; ; ;TOTAL NACIONAL;23,7144851949631
05045303004180002;COTOPAXI;03;00418;0002;,54;1;1; ;REGIÓN SIERRA; ; ; ;TOTAL NACIONAL;41,4789975138791
05045303004180004;COTOPAXI;03;00418;0004;11,08;4; ;4;REGIÓN SIERRA; ; ; ;TOTAL NACIONAL;28,3341597376309
05045303004180006;COTOPAXI;03;00418;0006;6,04;40;10;30;REGIÓN SIERRA; ; ; ;TOTAL NACIONAL;20,9056451366416
05045303004180008;COTOPAXI;03;00418;0008;8,71;25;15;10;REGIÓN SIERRA; ; ; ;TOTAL NACIONAL;15,939634761824
05045303004180009;COTOPAXI;03;00418;0009;12,67;10; ;10;REGIÓN SIERRA; ; ; ;TOTAL NACIONAL;49,0111928597937
05045303004180017;COTOPAXI;03;00418;0017;2,49;50;20;30;REGIÓN SIERRA; ; ; ;TOTAL NACIONAL;39,5068777979063
05045303004180022;COTOPAXI;03;00418;0022;2,88;10; ;10;REGIÓN SIERRA; ; ; ;TOTAL NACIONAL;74,8275911691909
05045303004180024;COTOPAXI;03;00418;0024;,71;8; ;8;REGIÓN SIERRA; ; ; ;TOTAL NACIONAL;32,0813630627564
05045303004180027;COTOPAXI;03;00418;0027;5,34;10;10; ;REGIÓN SIERRA; ; ; ;TOTAL NACIONAL;51,4373980486538
05045303004180031;COTOPAXI;03;00418;0031;5,01;20;10;10;REGIÓN SIERRA; ; ; ;TOTAL NACIONAL;44,2903784970489
05045303004180033;COTOPAXI;03;00418;0033;3;10;5;5;REGIÓN SIERRA; ; ; ;TOTAL NACIONAL;36,5535523969084
05045003004430002;COTOPAXI;03;00443;0002;2,2;4; ;4;REGIÓN SIERRA; ; ; ;TOTAL NACIONAL;17,4025275981983
05045003004430006;COTOPAXI;03;00443;0006;20,2;3; ;3;REGIÓN SIERRA; ; ; ;TOTAL NACIONAL;,0200925624069147
05045003004430009;COTOPAXI;03;00443;0009;11;8;3;5;REGIÓN SIERRA; ; ; ;TOTAL NACIONAL;42,0669207435479
05045103006550001;COTOPAXI;03;00655;0001;36,83;9; ;9;REGIÓN SIERRA; ; ; ;TOTAL NACIONAL;44,4074572958852
05045103006550005;COTOPAXI;03;00655;0005;2,76;25;5;20;REGIÓN SIERRA; ; ; ;TOTAL NACIONAL;49,8064151683331
05045103006550008;COTOPAXI;03;00655;0008;2,95;10; ;10;REGIÓN SIERRA; ; ; ;TOTAL NACIONAL;55,1250544966819
05045103006550009;COTOPAXI;03;00655;0009;2,32;10; ;10;REGIÓN SIERRA; ; ; ;TOTAL NACIONAL;63,2083649034088
05015804000700001;COTOPAXI;04;00070;0001;4,49;25;5;20;REGIÓN SIERRA; ; ; ;TOTAL NACIONAL;24,0064570556144
05015804000700002;COTOPAXI;04;00070;0002;5,57;32;17;15;REGIÓN SIERRA; ; ; ;TOTAL NACIONAL;23,1900729502629
05015804000700003;COTOPAXI;04;00070;0003;5,42;20;10;10;REGIÓN SIERRA; ; ; ;TOTAL NACIONAL;24,6493012694952
05015804000700004;COTOPAXI;04;00070;0004;3,68;15;5;10;REGIÓN SIERRA; ; ; ;TOTAL NACIONAL;11,1739643709283
05015804000700005;COTOPAXI;04;00070;0005;18,24;20;7;13;REGIÓN SIERRA; ; ; ;TOTAL NACIONAL;18,2601759746798
05015804000700006;COTOPAXI;04;00070;0006;3,03;10;5;5;REGIÓN SIERRA; ; ; ;TOTAL NACIONAL;24,1407785729281
05015804000700007;COTOPAXI;04;00070;0007;4,58;6; ;6;REGIÓN SIERRA; ; ; ;TOTAL NACIONAL;27,0939266815207
05015804000700008;COTOPAXI;04;00070;0008;2,64;50;10;40;REGIÓN SIERRA; ; ; ;TOTAL NACIONAL;20,9395944780623
05015804000700009;COTOPAXI;04;00070;0009;5,36;4;3;1;REGIÓN SIERRA; ; ; ;TOTAL NACIONAL;24,217298811245
05015804000700010;COTOPAXI;04;00070;0010;2,31;47;7;40;REGIÓN SIERRA; ; ; ;TOTAL NACIONAL;7,53784361262248
05015804000700011;COTOPAXI;04;00070;0011;3,52;45;5;40;REGIÓN SIERRA; ; ; ;TOTAL NACIONAL;16,8699511540903
05015804000700012;COTOPAXI;04;00070;0012;2,6;34;3;31;REGIÓN SIERRA; ; ; ;TOTAL NACIONAL;25,9418546358041
05015804000700013;COTOPAXI;04;00070;0013;13,11;29;4;25;REGIÓN SIERRA; ; ; ;TOTAL NACIONAL;16,4029573980375
05015804000700014;COTOPAXI;04;00070;0014;3,11;19;2;17;REGIÓN SIERRA; ; ; ;TOTAL NACIONAL;18,1308540289872
05015804000700015;COTOPAXI;04;00070;0015;4,39;13;1;12;REGIÓN SIERRA; ; ; ;TOTAL NACIONAL;26,197258710291
05015804000700016;COTOPAXI;04;00070;0016;3,14;32;5;27;REGIÓN SIERRA; ; ; ;TOTAL NACIONAL;18,9398185343852
06075401009270009;CHIMBORAZO;01;00927;0009;13,59;24;11;13;REGIÓN SIERRA; ; ; ;TOTAL NACIONAL;13,3893441493492
06075601011040001;CHIMBORAZO;01;01104;0001;,46;1; ;1;REGIÓN SIERRA; ; ; ;TOTAL NACIONAL;71,6009975688762
06075601011040008;CHIMBORAZO;01;01104;0008;45;6; ;6;REGIÓN SIERRA; ; ; ;TOTAL NACIONAL;6,49256912982407
06075401011830001;CHIMBORAZO;01;01183;0001;,47;3; ;3;REGIÓN SIERRA; ; ; ;TOTAL NACIONAL;69,9662936891816
06075401011830002;CHIMBORAZO;01;01183;0002;3,01;15;10;5;REGIÓN SIERRA; ; ; ;TOTAL NACIONAL;3,466451538089
06075401011830004;CHIMBORAZO;01;01183;0004;3,51;5; ;5;REGIÓN SIERRA; ; ; ;TOTAL NACIONAL;14,5019373475424
06075401011830006;CHIMBORAZO;01;01183;0006;2,4;4; ;4;REGIÓN SIERRA; ; ; ;TOTAL NACIONAL;30,6559239988141
06075401011830008;CHIMBORAZO;01;01183;0008;1,21;4;4; ;REGIÓN SIERRA; ; ; ;TOTAL NACIONAL;16,2737761855566
06075401011830009;CHIMBORAZO;01;01183;0009;,75;1; ;1;REGIÓN SIERRA; ; ; ;TOTAL NACIONAL;43,8455440452205
06075401011830010;CHIMBORAZO;01;01183;0010;2,31;4;4; ;REGIÓN SIERRA; ; ; ;TOTAL NACIONAL;26,3740043477711
06075401011830011;CHIMBORAZO;01;01183;0011;1,01;3;1;2;REGIÓN SIERRA; ; ; ;TOTAL NACIONAL;,213604947565933
06075401011830012;CHIMBORAZO;01;01183;0012;1,01;5;5; ;REGIÓN SIERRA; ; ; ;TOTAL NACIONAL;10,997418361046
06075401011830013;CHIMBORAZO;01;01183;0013;1,24;5;2;3;REGIÓN SIERRA; ; ; ;TOTAL NACIONAL;11,071752047589
06075401014570002;CHIMBORAZO;01;01457;0002;4,43;2; ;2;REGIÓN SIERRA; ; ; ;TOTAL NACIONAL;33,5129783283228
06075401014570003;CHIMBORAZO;01;01457;0003;110;15;5;10;REGIÓN SIERRA; ; ; ;TOTAL NACIONAL;1,9677599644766
06075401016110002;CHIMBORAZO;01;01611;0002;,59;1; ;1;REGIÓN SIERRA; ; ; ;TOTAL NACIONAL;57,3203994707835
06075401016110004;CHIMBORAZO;01;01611;0004;1,41;3;1;2;REGIÓN SIERRA; ; ; ;TOTAL NACIONAL;22,390141300534
06075401016110005;CHIMBORAZO;01;01611;0005;1,79;5; ;5;REGIÓN SIERRA; ; ; ;TOTAL NACIONAL;15,4747689938247
06075401016110007;CHIMBORAZO;01;01611;0007;,76;7;2;5;REGIÓN SIERRA; ; ; ;TOTAL NACIONAL;23,2343075362576
06075401016110010;CHIMBORAZO;01;01611;0010;,54;2; ;2;REGIÓN SIERRA; ; ; ;TOTAL NACIONAL;34,3950714138699
06075401016110016;CHIMBORAZO;01;01611;0016;6,51;10;3;7;REGIÓN SIERRA; ; ; ;TOTAL NACIONAL;1,25630492621622
06075401016110020;CHIMBORAZO;01;01611;0020;,52;3; ;3;REGIÓN SIERRA; ; ; ;TOTAL NACIONAL;101,370609507363
06075401017700002;CHIMBORAZO;01;01770;0002;1,24;2; ;2;REGIÓN SIERRA; ; ; ;TOTAL NACIONAL;7,28099503700974
06075401017700006;CHIMBORAZO;01;01770;0006;1,95;4; ;4;REGIÓN SIERRA; ; ; ;TOTAL NACIONAL;15,3013505904868
06075401017700007;CHIMBORAZO;01;01770;0007;1,23;5; ;5;REGIÓN SIERRA; ; ; ;TOTAL NACIONAL;9,72668205435115
06075401017700017;CHIMBORAZO;01;01770;0017;,6;3; ;3;REGIÓN SIERRA; ; ; ;TOTAL NACIONAL;94,5555743599462
06075401019240004;CHIMBORAZO;01;01924;0004;,31;3;3; ;REGIÓN SIERRA; ; ; ;TOTAL NACIONAL;28,1749728296742
06075401019240006;CHIMBORAZO;01;01924;0006;2,27;6; ;6;REGIÓN SIERRA; ; ; ;TOTAL NACIONAL;6,1286455974437
06075401019240007;CHIMBORAZO;01;01924;0007;1,87;5; ;5;REGIÓN SIERRA; ; ; ;TOTAL NACIONAL;11,5579279892968
06075401019240008;CHIMBORAZO;01;01924;0008;1,11;8; ;8;REGIÓN SIERRA; ; ; ;TOTAL NACIONAL;6,77908511042512
06075401019240016;CHIMBORAZO;01;01924;0016;,1;15;3;12;REGIÓN SIERRA; ; ; ;TOTAL NACIONAL;36,2837131388132
06075401019240019;CHIMBORAZO;01;01924;0019;,25;3;2;1;REGIÓN SIERRA; ; ; ;TOTAL NACIONAL;515,189500935321
06075401019240020;CHIMBORAZO;01;01924;0020;,27;1; ;1;REGIÓN SIERRA; ; ; ;TOTAL NACIONAL;109,880207022979
06075401019240023;CHIMBORAZO;01;01924;0023;,26;10;10; ;REGIÓN SIERRA; ; ; ;TOTAL NACIONAL;60,1459749328074
06095201020320006;CHIMBORAZO;01;02032;0006;,88;19;6;13;REGIÓN SIERRA; ; ; ;TOTAL NACIONAL;6,56732236173441
06016001021030007;CHIMBORAZO;01;02103;0007;,86;5;2;3;REGIÓN SIERRA; ; ; ;TOTAL NACIONAL;43,8095618728222
06016001021030008;CHIMBORAZO;01;02103;0008;1,61;7;4;3;REGIÓN SIERRA; ; ; ;TOTAL NACIONAL;29,2892868748542
06016001021030009;CHIMBORAZO;01;02103;0009;2,71;6; ;6;REGIÓN SIERRA; ; ; ;TOTAL NACIONAL;12,5203597746378
06016001021030010;CHIMBORAZO;01;02103;0010;2,71;16;3;13;REGIÓN SIERRA; ; ; ;TOTAL NACIONAL;2,51613395856402
06075401021180001;CHIMBORAZO;01;02118;0001;,19;4; ;4;REGIÓN SIERRA; ; ; ;TOTAL NACIONAL;29,9009452040101
06075401021180002;CHIMBORAZO;01;02118;0002;,61;5;2;3;REGIÓN SIERRA; ; ; ;TOTAL NACIONAL;19,6556874602225
06075401021180005;CHIMBORAZO;01;02118;0005;,16;4; ;4;REGIÓN SIERRA; ; ; ;TOTAL NACIONAL;67,5416416874529
06075401021180007;CHIMBORAZO;01;02118;0007;,18;18; ;18;REGIÓN SIERRA; ; ; ;TOTAL NACIONAL;32,1432293572069
06075401021180009;CHIMBORAZO;01;02118;0009;1,27;5;1;4;REGIÓN SIERRA; ; ; ;TOTAL NACIONAL;13,3789274948961
06075401021180010;CHIMBORAZO;01;02118;0010;,2;5;2;3;REGIÓN SIERRA; ; ; ;TOTAL NACIONAL;50,2088138569523
06075401021180012;CHIMBORAZO;01;02118;0012;,14;4; ;4;REGIÓN SIERRA; ; ; ;TOTAL NACIONAL;63,8350525878476
06075401021180025;CHIMBORAZO;01;02118;0025;,17;2;2; ;REGIÓN SIERRA; ; ; ;TOTAL NACIONAL;62,4918217812098
06075401021180027;CHIMBORAZO;01;02118;0027;,19;5;2;3;REGIÓN SIERRA; ; ; ;TOTAL NACIONAL;76,0082715254986
06075401021180029;CHIMBORAZO;01;02118;0029;,23;5;5; ;REGIÓN SIERRA; ; ; ;TOTAL NACIONAL;37,7759927626187
06075401021180036;CHIMBORAZO;01;02118;0036;,21;2;2; ;REGIÓN SIERRA; ; ; ;TOTAL NACIONAL;28,1428371321211
06075401021180041;CHIMBORAZO;01;02118;0041;,2;5; ;5;REGIÓN SIERRA; ; ; ;TOTAL NACIONAL;91,1996032948548
06075401021180043;CHIMBORAZO;01;02118;0043;2,51;6;6; ;REGIÓN SIERRA; ; ; ;TOTAL NACIONAL;5,5712905067242
06095201021830002;CHIMBORAZO;01;02183;0002;5,02;5; ;5;REGIÓN SIERRA; ; ; ;TOTAL NACIONAL;1,18249924733651
06095201021830003;CHIMBORAZO;01;02183;0003;5,52;9; ;9;REGIÓN SIERRA; ; ; ;TOTAL NACIONAL;29,6845210246512
06016001024330001;CHIMBORAZO;01;02433;0001;1,01;2;2; ;REGIÓN SIERRA; ; ; ;TOTAL NACIONAL;3,65717561741672
06016001024330002;CHIMBORAZO;01;02433;0002;1,01;1; ;1;REGIÓN SIERRA; ; ; ;TOTAL NACIONAL;18,3247153502774
06016001024330003;CHIMBORAZO;01;02433;0003;1,01;2;2; ;REGIÓN SIERRA; ; ; ;TOTAL NACIONAL;13,8454843285918
06016001024330005;CHIMBORAZO;01;02433;0005;1,01;2; ;2;REGIÓN SIERRA; ; ; ;TOTAL NACIONAL;12,4279242220179
06016001024330008;CHIMBORAZO;01;02433;0008;2,01;4; ;4;REGIÓN SIERRA; ; ; ;TOTAL NACIONAL;26,8464675046178
06016001024330018;CHIMBORAZO;01;02433;0018;1,01;4; ;4;REGIÓN SIERRA; ; ; ;TOTAL NACIONAL;49,634022361684
06016001024330019;CHIMBORAZO;01;02433;0019;1,02;1;1; ;REGIÓN SIERRA; ; ; ;TOTAL NACIONAL;5,34545429390041
06015201024500004;CHIMBORAZO;01;02450;0004;2,21;3;2;1;REGIÓN SIERRA; ; ; ;TOTAL NACIONAL;15,9298679428078
06015201024500005;CHIMBORAZO;01;02450;0005;,98;11; ;11;REGIÓN SIERRA; ; ; ;TOTAL NACIONAL;61,8937838760634
06015201024500007;CHIMBORAZO;01;02450;0007;,8;11;5;6;REGIÓN SIERRA; ; ; ;TOTAL NACIONAL;13,5573603822728
06015201024500008;CHIMBORAZO;01;02450;0008;,84;7; ;7;REGIÓN SIERRA; ; ; ;TOTAL NACIONAL;14,7251791631563
06015201024500012;CHIMBORAZO;01;02450;0012;,48;6;1;5;REGIÓN SIERRA; ; ; ;TOTAL NACIONAL;74,2971678574422
06015201024500015;CHIMBORAZO;01;02450;0015;1,6;12; ;12;REGIÓN SIERRA; ; ; ;TOTAL NACIONAL;9,86769901241372
06015201024500019;CHIMBORAZO;01;02450;0019;,71;13;10;3;REGIÓN SIERRA; ; ; ;TOTAL NACIONAL;21,2518233534782
06015201024500020;CHIMBORAZO;01;02450;0020;,59;9;2;7;REGIÓN SIERRA; ; ; ;TOTAL NACIONAL;41,330966562154
06095001028470001;CHIMBORAZO;01;02847;0001;2,09;2;2; ;REGIÓN SIERRA; ; ; ;TOTAL NACIONAL;22,024537627517
06095001028540001;CHIMBORAZO;01;02854;0001;12,03;10; ;10;REGIÓN SIERRA; ; ; ;TOTAL NACIONAL;18,4770243568204
06015201030950006;CHIMBORAZO;01;03095;0006;,62;2; ;2;REGIÓN SIERRA; ; ; ;TOTAL NACIONAL;27,5106677068188
06015201030950008;CHIMBORAZO;01;03095;0008;1,31;3; ;3;REGIÓN SIERRA; ; ; ;TOTAL NACIONAL;21,0301309630643
06015201030950009;CHIMBORAZO;01;03095;0009;,51;4; ;4;REGIÓN SIERRA; ; ; ;TOTAL NACIONAL;39,6614762238078
06015201030950012;CHIMBORAZO;01;03095;0012;1,31;2; ;2;REGIÓN SIERRA; ; ; ;TOTAL NACIONAL;12,1369906269986
06015201030950017;CHIMBORAZO;01;03095;0017;,63;15;5;10;REGIÓN SIERRA; ; ; ;TOTAL NACIONAL;33,580464955584
06015201030950018;CHIMBORAZO;01;03095;0018;,46;8;3;5;REGIÓN SIERRA; ; ; ;TOTAL NACIONAL;13,5584262962898
06015201030950019;CHIMBORAZO;01;03095;0019;2,48;4; ;4;REGIÓN SIERRA; ; ; ;TOTAL NACIONAL;18,937968264257
06015201030950022;CHIMBORAZO;01;03095;0022;,61;11; ;11;REGIÓN SIERRA; ; ; ;TOTAL NACIONAL;35,3030722431696
06015201030950023;CHIMBORAZO;01;03095;0023;,28;18;8;10;REGIÓN SIERRA; ; ; ;TOTAL NACIONAL;8,94251102455949
06015201030950024;CHIMBORAZO;01;03095;0024;,48;7;2;5;REGIÓN SIERRA; ; ; ;TOTAL NACIONAL;,422220385624328
06015501030990003;CHIMBORAZO;01;03099;0003;,72;9;4;5;REGIÓN SIERRA; ; ; ;TOTAL NACIONAL;8,60784786176048
06015501031010002;CHIMBORAZO;01;03101;0002;,62;7;2;5;REGIÓN SIERRA; ; ; ;TOTAL NACIONAL;19,6549960159104
06016001033020002;CHIMBORAZO;01;03302;0002;6,31;4; ;4;REGIÓN SIERRA; ; ; ;TOTAL NACIONAL;1,11273990694266
06016001033020006;CHIMBORAZO;01;03302;0006;5,22;6; ;6;REGIÓN SIERRA; ; ; ;TOTAL NACIONAL;,308094074493391
06075501034350001;CHIMBORAZO;01;03435;0001;1,21;3;1;2;REGIÓN SIERRA; ; ; ;TOTAL NACIONAL;12,4484662455254
06015901036090008;CHIMBORAZO;01;03609;0008;3;10;2;8;REGIÓN SIERRA; ; ; ;TOTAL NACIONAL;35,7410918432237
06015901040770007;CHIMBORAZO;01;04077;0007;6;6;1;5;REGIÓN SIERRA; ; ; ;TOTAL NACIONAL;15,0419417381777
06015301041580016;CHIMBORAZO;01;04158;0016;,18;5;2;3;REGIÓN SIERRA; ; ; ;TOTAL NACIONAL;68,644862695052
06015901044480005;CHIMBORAZO;01;04448;0005;3,59;2; ;2;REGIÓN SIERRA; ; ; ;TOTAL NACIONAL;3,19596057911702
06035001045140002;CHIMBORAZO;01;04514;0002;,56;2;2; ;REGIÓN SIERRA; ; ; ;TOTAL NACIONAL;51,0867209444808
06035001045140005;CHIMBORAZO;01;04514;0005;,18;3;2;1;REGIÓN SIERRA; ; ; ;TOTAL NACIONAL;54,7706100233536
06035001045140007;CHIMBORAZO;01;04514;0007;,12;4; ;4;REGIÓN SIERRA; ; ; ;TOTAL NACIONAL;19,1224974650502
06035001045140008;CHIMBORAZO;01;04514;0008;,02;1; ;1;REGIÓN SIERRA; ; ; ;TOTAL NACIONAL;39,225635825744
06035001045140019;CHIMBORAZO;01;04514;0019;,4;3; ;3;REGIÓN SIERRA; ; ; ;TOTAL NACIONAL;37,0845698702555
06035001045140022;CHIMBORAZO;01;04514;0022;,26;6; ;6;REGIÓN SIERRA; ; ; ;TOTAL NACIONAL;10,8121944904294
06035001045140025;CHIMBORAZO;01;04514;0025;1,2;5; ;5;REGIÓN SIERRA; ; ; ;TOTAL NACIONAL;5,86205335395841
06015001047450011;CHIMBORAZO;01;04745;0011;,45;1; ;1;REGIÓN SIERRA; ; ; ;TOTAL NACIONAL;61,3518000341173
06035001047640003;CHIMBORAZO;01;04764;0003;,17;13;5;8;REGIÓN SIERRA; ; ; ;TOTAL NACIONAL;37,2643540344568
06035001047640012;CHIMBORAZO;01;04764;0012;,14;6; ;6;REGIÓN SIERRA; ; ; ;TOTAL NACIONAL;75,0890742949956
06035001047640025;CHIMBORAZO;01;04764;0025;,04;4;4; ;REGIÓN SIERRA; ; ; ;TOTAL NACIONAL;107,2167379237
06045001050040007;CHIMBORAZO;01;05004;0007;1,79;2; ;2;REGIÓN SIERRA; ; ; ;TOTAL NACIONAL;59,6310015015756
06045001051010001;CHIMBORAZO;01;05101;0001;4,72;2; ;2;REGIÓN SIERRA; ; ; ;TOTAL NACIONAL;24,7736483890981
06035001051270001;CHIMBORAZO;01;05127;0001;,99;4; ;4;REGIÓN SIERRA; ; ; ;TOTAL NACIONAL;47,5396216009311
06035001051270002;CHIMBORAZO;01;05127;0002;1;2; ;2;REGIÓN SIERRA; ; ; ;TOTAL NACIONAL;31,0601659680183
06035001051270009;CHIMBORAZO;01;05127;0009;,8;5; ;5;REGIÓN SIERRA; ; ; ;TOTAL NACIONAL;70,8594767177137
06035001051270010;CHIMBORAZO;01;05127;0010;,68;2; ;2;REGIÓN SIERRA; ; ; ;TOTAL NACIONAL;9,08534947434511
06035001051270020;CHIMBORAZO;01;05127;0020;,32;2;2; ;REGIÓN SIERRA; ; ; ;TOTAL NACIONAL;9,64296880716206
06035001051270022;CHIMBORAZO;01;05127;0022;,12;4; ;4;REGIÓN SIERRA; ; ; ;TOTAL NACIONAL;25,8235435852815
06035001051270023;CHIMBORAZO;01;05127;0023;2,01;2; ;2;REGIÓN SIERRA; ; ; ;TOTAL NACIONAL;3,92581612285846
06016101053440022;CHIMBORAZO;01;05344;0022;,38;6;2;4;REGIÓN SIERRA; ; ; ;TOTAL NACIONAL;59,7846861817809
06045001054500008;CHIMBORAZO;01;05450;0008;,35;2;1;1;REGIÓN SIERRA; ; ; ;TOTAL NACIONAL;63,9751441443682
06045001054500013;CHIMBORAZO;01;05450;0013;,21;2; ;2;REGIÓN SIERRA; ; ; ;TOTAL NACIONAL;79,9144501307022
06045001054500026;CHIMBORAZO;01;05450;0026;,2;6;2;4;REGIÓN SIERRA; ; ; ;TOTAL NACIONAL;50,3395659763714
06045001054500028;CHIMBORAZO;01;05450;0028;,06;4;1;3;REGIÓN SIERRA; ; ; ;TOTAL NACIONAL;65,3760597095733
06045001054500029;CHIMBORAZO;01;05450;0029;,16;6;2;4;REGIÓN SIERRA; ; ; ;TOTAL NACIONAL;21,982700077344
06035401059720001;CHIMBORAZO;01;05972;0001;1,01;1; ;1;REGIÓN SIERRA; ; ; ;TOTAL NACIONAL;16,2987047870006
06035001059840002;CHIMBORAZO;01;05984;0002;1,03;5; ;5;REGIÓN SIERRA; ; ; ;TOTAL NACIONAL;53,6464521034285
06035001059840010;CHIMBORAZO;01;05984;0010;1,41;1;1; ;REGIÓN SIERRA; ; ; ;TOTAL NACIONAL;48,2067299858463
06035301059980001;CHIMBORAZO;01;05998;0001;17,3;5;1;4;REGIÓN SIERRA; ; ; ;TOTAL NACIONAL;19,6494738538652
06035301059980002;CHIMBORAZO;01;05998;0002;13,4;4; ;4;REGIÓN SIERRA; ; ; ;TOTAL NACIONAL;17,8418097282022
06015601060730006;CHIMBORAZO;01;06073;0006;,2;3; ;3;REGIÓN SIERRA; ; ; ;TOTAL NACIONAL;69,0371190533094
06015601060730007;CHIMBORAZO;01;06073;0007;,7;5;2;3;REGIÓN SIERRA; ; ; ;TOTAL NACIONAL;28,8775395174287
06015601060730008;CHIMBORAZO;01;06073;0008;,17;6;3;3;REGIÓN SIERRA; ; ; ;TOTAL NACIONAL;48,6859362307763
06015601060730009;CHIMBORAZO;01;06073;0009;,15;3; ;3;REGIÓN SIERRA; ; ; ;TOTAL NACIONAL;28,4167939537612
06015601060730019;CHIMBORAZO;01;06073;0019;,44;2; ;2;REGIÓN SIERRA; ; ; ;TOTAL NACIONAL;72,998313943894
06015601060730022;CHIMBORAZO;01;06073;0022;,32;2;2; ;REGIÓN SIERRA; ; ; ;TOTAL NACIONAL;60,7588754925847
06015601060730024;CHIMBORAZO;01;06073;0024;,5;1;1; ;REGIÓN SIERRA; ; ; ;TOTAL NACIONAL;34,7408381296672
06015601060730025;CHIMBORAZO;01;06073;0025;,26;3;2;1;REGIÓN SIERRA; ; ; ;TOTAL NACIONAL;37,1889201194073
06015601060730026;CHIMBORAZO;01;06073;0026;,6;2;1;1;REGIÓN SIERRA; ; ; ;TOTAL NACIONAL;30,3780757450484
06015601060730028;CHIMBORAZO;01;06073;0028;,4;1;1; ;REGIÓN SIERRA; ; ; ;TOTAL NACIONAL;68,8736789040355
06015601060730029;CHIMBORAZO;01;06073;0029;,25;3;1;2;REGIÓN SIERRA; ; ; ;TOTAL NACIONAL;58,1585427176364
06015601060730030;CHIMBORAZO;01;06073;0030;,25;2;1;1;REGIÓN SIERRA; ; ; ;TOTAL NACIONAL;122,51473589574
06015601060730031;CHIMBORAZO;01;06073;0031;,3;4;2;2;REGIÓN SIERRA; ; ; ;TOTAL NACIONAL;39,4217640048727
06015601061190001;CHIMBORAZO;01;06119;0001;1,72;2;1;1;REGIÓN SIERRA; ; ; ;TOTAL NACIONAL;46,8427069686501
06015601061190002;CHIMBORAZO;01;06119;0002;1;2;2; ;REGIÓN SIERRA; ; ; ;TOTAL NACIONAL;53,8829484126303
06015601061190005;CHIMBORAZO;01;06119;0005;,32;2; ;2;REGIÓN SIERRA; ; ; ;TOTAL NACIONAL;48,0718339051956
06015601061190006;CHIMBORAZO;01;06119;0006;,65;2; ;2;REGIÓN SIERRA; ; ; ;TOTAL NACIONAL;69,097466185349
06015601061190007;CHIMBORAZO;01;06119;0007;1;3; ;3;REGIÓN SIERRA; ; ; ;TOTAL NACIONAL;71,4887212924184
06015601061190008;CHIMBORAZO;01;06119;0008;,3;4;1;3;REGIÓN SIERRA; ; ; ;TOTAL NACIONAL;76,0977335019433
06015601061190009;CHIMBORAZO;01;06119;0009;,29;1;1; ;REGIÓN SIERRA; ; ; ;TOTAL NACIONAL;55,7499985040603
06015601061190010;CHIMBORAZO;01;06119;0010;,5;2;1;1;REGIÓN SIERRA; ; ; ;TOTAL NACIONAL;98,9532039764102
06015601061190011;CHIMBORAZO;01;06119;0011;,86;5;2;3;REGIÓN SIERRA; ; ; ;TOTAL NACIONAL;64,2433814657679
06015601061190012;CHIMBORAZO;01;06119;0012;,31;3;1;2;REGIÓN SIERRA; ; ; ;TOTAL NACIONAL;67,4006086554182
06015601061190013;CHIMBORAZO;01;06119;0013;,54;1;1; ;REGIÓN SIERRA; ; ; ;TOTAL NACIONAL;58,1483731083482
06015601061190014;CHIMBORAZO;01;06119;0014;,39;2;2; ;REGIÓN SIERRA; ; ; ;TOTAL NACIONAL;66,8009225493973
06015601061190015;CHIMBORAZO;01;06119;0015;,4;3;2;1;REGIÓN SIERRA; ; ; ;TOTAL NACIONAL;45,1585132443878
06015601063020001;CHIMBORAZO;01;06302;0001;,29;1;1; ;REGIÓN SIERRA; ; ; ;TOTAL NACIONAL;52,8869779581583
06015701064330008;CHIMBORAZO;01;06433;0008;,27;2; ;2;REGIÓN SIERRA; ; ; ;TOTAL NACIONAL;56,1749846393371
06015701064330009;CHIMBORAZO;01;06433;0009;,25;2; ;2;REGIÓN SIERRA; ; ; ;TOTAL NACIONAL;47,8814261312915
06015701064330011;CHIMBORAZO;01;06433;0011;,15;4; ;4;REGIÓN SIERRA; ; ; ;TOTAL NACIONAL;13,3803002205593
06015701064330015;CHIMBORAZO;01;06433;0015;,4;12;4;8;REGIÓN SIERRA; ; ; ;TOTAL NACIONAL;82,5045873534815
06015701064330019;CHIMBORAZO;01;06433;0019;,45;2; ;2;REGIÓN SIERRA; ; ; ;TOTAL NACIONAL;57,6762126771124
06015701064330029;CHIMBORAZO;01;06433;0029;,23;2; ;2;REGIÓN SIERRA; ; ; ;TOTAL NACIONAL;65,4613328309336
06035301066510001;CHIMBORAZO;01;06651;0001;4,79;3; ;3;REGIÓN SIERRA; ; ; ;TOTAL NACIONAL;26,4520545559758
06035401067390001;CHIMBORAZO;01;06739;0001;1,21;3; ;3;REGIÓN SIERRA; ; ; ;TOTAL NACIONAL;13,815420221271
06015601068280007;CHIMBORAZO;01;06828;0007;7,78;2; ;2;REGIÓN SIERRA; ; ; ;TOTAL NACIONAL;11,076116234343
06015601068290001;CHIMBORAZO;01;06829;0001;7,78;2; ;2;REGIÓN SIERRA; ; ; ;TOTAL NACIONAL;47,3312588586301
06035301068890002;CHIMBORAZO;01;06889;0002;1,73;5; ;5;REGIÓN SIERRA; ; ; ;TOTAL NACIONAL;43,7906231164471
06035301068890004;CHIMBORAZO;01;06889;0004;1,38;5;3;2;REGIÓN SIERRA; ; ; ;TOTAL NACIONAL;66,4609233091017
06035001069250001;CHIMBORAZO;01;06925;0001;,55;1; ;1;REGIÓN SIERRA; ; ; ;TOTAL NACIONAL;71,5214093222732
06035001069250008;CHIMBORAZO;01;06925;0008;1,45;6;1;5;REGIÓN SIERRA; ; ; ;TOTAL NACIONAL;23,0394251804082
06035001069250011;CHIMBORAZO;01;06925;0011;,96;3; ;3;REGIÓN SIERRA; ; ; ;TOTAL NACIONAL;67,4190615754975
06035401069380001;CHIMBORAZO;01;06938;0001;,68;6; ;6;REGIÓN SIERRA; ; ; ;TOTAL NACIONAL;65,4049020888569
06035401069380003;CHIMBORAZO;01;06938;0003;,13;7;1;6;REGIÓN SIERRA; ; ; ;TOTAL NACIONAL;88,2073913312243
06035401069380009;CHIMBORAZO;01;06938;0009;1,83;5; ;5;REGIÓN SIERRA; ; ; ;TOTAL NACIONAL;50,0359066826384
06035401069380010;CHIMBORAZO;01;06938;0010;,22;8; ;8;REGIÓN SIERRA; ; ; ;TOTAL NACIONAL;54,4701442943854
06035401069380011;CHIMBORAZO;01;06938;0011;,17;4; ;4;REGIÓN SIERRA; ; ; ;TOTAL NACIONAL;54,1852165475228
06035401069380016;CHIMBORAZO;01;06938;0016;,71;2; ;2;REGIÓN SIERRA; ; ; ;TOTAL NACIONAL;22,3936024244623
06035401069380020;CHIMBORAZO;01;06938;0020;,71;6; ;6;REGIÓN SIERRA; ; ; ;TOTAL NACIONAL;30,1650664237411
06035401069380024;CHIMBORAZO;01;06938;0024;,16;2; ;2;REGIÓN SIERRA; ; ; ;TOTAL NACIONAL;41,0234774677572
06015701070720002;CHIMBORAZO;01;07072;0002;,84;2;2; ;REGIÓN SIERRA; ; ; ;TOTAL NACIONAL;65,8274658361394
06015701070720004;CHIMBORAZO;01;07072;0004;2,3;4;1;3;REGIÓN SIERRA; ; ; ;TOTAL NACIONAL;11,5800898807305
06015701070720006;CHIMBORAZO;01;07072;0006;,25;2; ;2;REGIÓN SIERRA; ; ; ;TOTAL NACIONAL;45,9724451877719
06015701070720008;CHIMBORAZO;01;07072;0008;,1;2; ;2;REGIÓN SIERRA; ; ; ;TOTAL NACIONAL;82,5699634131911
06015701070720016;CHIMBORAZO;01;07072;0016;,21;2;2; ;REGIÓN SIERRA; ; ; ;TOTAL NACIONAL;26,4928699108795
06015701070720028;CHIMBORAZO;01;07072;0028;,1;2; ;2;REGIÓN SIERRA; ; ; ;TOTAL NACIONAL;58,2500692012298
06015701070720029;CHIMBORAZO;01;07072;0029;,69;2; ;2;REGIÓN SIERRA; ; ; ;TOTAL NACIONAL;10,1664510244018
06015701070720049;CHIMBORAZO;01;07072;0049;,52;3; ;3;REGIÓN SIERRA; ; ; ;TOTAL NACIONAL;8,4108815280201
06015701070720050;CHIMBORAZO;01;07072;0050;,1;2; ;2;REGIÓN SIERRA; ; ; ;TOTAL NACIONAL;32,2957734965292
06015601070740001;CHIMBORAZO;01;07074;0001;,52;3; ;3;REGIÓN SIERRA; ; ; ;TOTAL NACIONAL;31,5439488098691
06015601070740007;CHIMBORAZO;01;07074;0007;,4;10;4;6;REGIÓN SIERRA; ; ; ;TOTAL NACIONAL;57,9395329176093
06015601070740018;CHIMBORAZO;01;07074;0018;3,89;4; ;4;REGIÓN SIERRA; ; ; ;TOTAL NACIONAL;12,4601055703542
06015601070740019;CHIMBORAZO;01;07074;0019;,88;13;4;9;REGIÓN SIERRA; ; ; ;TOTAL NACIONAL;30,0135546848496
06035301072050009;CHIMBORAZO;01;07205;0009;1,28;3; ;3;REGIÓN SIERRA; ; ; ;TOTAL NACIONAL;43,9500776406936
06035301072050010;CHIMBORAZO;01;07205;0010;1,25;8;4;4;REGIÓN SIERRA; ; ; ;TOTAL NACIONAL;28,9171387307385
06035301072050011;CHIMBORAZO;01;07205;0011;1,24;4;1;3;REGIÓN SIERRA; ; ; ;TOTAL NACIONAL;11,4935330779734
06035301072050012;CHIMBORAZO;01;07205;0012;1,5;13;6;7;REGIÓN SIERRA; ; ; ;TOTAL NACIONAL;13,8858750823134
06035301072050018;CHIMBORAZO;01;07205;0018;1,05;3;1;2;REGIÓN SIERRA; ; ; ;TOTAL NACIONAL;,865454504726732
06035001072500002;CHIMBORAZO;01;07250;0002;,65;2;2; ;REGIÓN SIERRA; ; ; ;TOTAL NACIONAL;58,3959081036589
06035001072500003;CHIMBORAZO;01;07250;0003;1,54;1; ;1;REGIÓN SIERRA; ; ; ;TOTAL NACIONAL;56,512084860639
06035101073940001;CHIMBORAZO;01;07394;0001;14,78;6; ;6;REGIÓN SIERRA; ; ; ;TOTAL NACIONAL;35,9829301848043
06035201074070001;CHIMBORAZO;01;07407;0001;,49;2; ;2;REGIÓN SIERRA; ; ; ;TOTAL NACIONAL;40,3196841719042
06035201074070002;CHIMBORAZO;01;07407;0002;2,58;2; ;2;REGIÓN SIERRA; ; ; ;TOTAL NACIONAL;37,0743073492545
06035201074100001;CHIMBORAZO;01;07410;0001;3,56;2;1;1;REGIÓN SIERRA; ; ; ;TOTAL NACIONAL;46,8173389392096
06035201074100002;CHIMBORAZO;01;07410;0002;4,72;2; ;2;REGIÓN SIERRA; ; ; ;TOTAL NACIONAL;23,727908450947
06035201074100004;CHIMBORAZO;01;07410;0004;,9;2; ;2;REGIÓN SIERRA; ; ; ;TOTAL NACIONAL;52,4388638937122
06035201075230001;CHIMBORAZO;01;07523;0001;,35;2; ;2;REGIÓN SIERRA; ; ; ;TOTAL NACIONAL;69,1678711727286
06035201075230005;CHIMBORAZO;01;07523;0005;3,12;8; ;8;REGIÓN SIERRA; ; ; ;TOTAL NACIONAL;39,1103895666406
06015701076700017;CHIMBORAZO;01;07670;0017;16,3;7; ;7;REGIÓN SIERRA; ; ; ;TOTAL NACIONAL;,627690389236087
06015701077560005;CHIMBORAZO;01;07756;0005;16,3;7; ;7;REGIÓN SIERRA; ; ; ;TOTAL NACIONAL;2,31784201878297
06015701077600001;CHIMBORAZO;01;07760;0001;,34;5; ;5;REGIÓN SIERRA; ; ; ;TOTAL NACIONAL;44,6864596367789
06015701077600002;CHIMBORAZO;01;07760;0002;16,3;7; ;7;REGIÓN SIERRA; ; ; ;TOTAL NACIONAL;5,20722320987356
06035201078000004;CHIMBORAZO;01;07800;0004;,57;1; ;1;REGIÓN SIERRA; ; ; ;TOTAL NACIONAL;27,2400248789889
06035201078000020;CHIMBORAZO;01;07800;0020;,21;7;3;4;REGIÓN SIERRA; ; ; ;TOTAL NACIONAL;44,2378004034779
06035201078000026;CHIMBORAZO;01;07800;0026;,7;2; ;2;REGIÓN SIERRA; ; ; ;TOTAL NACIONAL;,364238046953337
06035201078000027;CHIMBORAZO;01;07800;0027;,36;1; ;1;REGIÓN SIERRA; ; ; ;TOTAL NACIONAL;15,8536944795715
06035201078000030;CHIMBORAZO;01;07800;0030;,26;6;2;4;REGIÓN SIERRA; ; ; ;TOTAL NACIONAL;25,898977500331
06035201078000031;CHIMBORAZO;01;07800;0031;,26;7;2;5;REGIÓN SIERRA; ; ; ;TOTAL NACIONAL;18,2550074419809
06035201078000039;CHIMBORAZO;01;07800;0039;,14;2; ;2;REGIÓN SIERRA; ; ; ;TOTAL NACIONAL;81,3931943384188
06035201078000040;CHIMBORAZO;01;07800;0040;,15;11;1;10;REGIÓN SIERRA; ; ; ;TOTAL NACIONAL;102,073821226547
06035201079420015;CHIMBORAZO;01;07942;0015;1,58;9;1;8;REGIÓN SIERRA; ; ; ;TOTAL NACIONAL;9,86433711060903
06035201080750003;CHIMBORAZO;01;08075;0003;,79;1; ;1;REGIÓN SIERRA; ; ; ;TOTAL NACIONAL;68,9014016635326
06035201080750004;CHIMBORAZO;01;08075;0004;,76;1; ;1;REGIÓN SIERRA; ; ; ;TOTAL NACIONAL;20,9891560120209
06035201080750007;CHIMBORAZO;01;08075;0007;1,25;3;1;2;REGIÓN SIERRA; ; ; ;TOTAL NACIONAL;41,8772888075643
06035201080750012;CHIMBORAZO;01;08075;0012;1,45;1; ;1;REGIÓN SIERRA; ; ; ;TOTAL NACIONAL;29,9196918781192
06035201080750018;CHIMBORAZO;01;08075;0018;1,28;2; ;2;REGIÓN SIERRA; ; ; ;TOTAL NACIONAL;3,74380091930603
06035201080840001;CHIMBORAZO;01;08084;0001;1,48;3; ;3;REGIÓN SIERRA; ; ; ;TOTAL NACIONAL;60,6583818872879
06035201080840002;CHIMBORAZO;01;08084;0002;,94;1; ;1;REGIÓN SIERRA; ; ; ;TOTAL NACIONAL;63,2409054190585
06035201080840003;CHIMBORAZO;01;08084;0003;,67;2; ;2;REGIÓN SIERRA; ; ; ;TOTAL NACIONAL;56,0185013123373
06035201080840004;CHIMBORAZO;01;08084;0004;1,01;3; ;3;REGIÓN SIERRA; ; ; ;TOTAL NACIONAL;60,2171765819961
06035201080840008;CHIMBORAZO;01;08084;0008;,47;2; ;2;REGIÓN SIERRA; ; ; ;TOTAL NACIONAL;66,3497457052478
06035201080840011;CHIMBORAZO;01;08084;0011;1,58;9;1;8;REGIÓN SIERRA; ; ; ;TOTAL NACIONAL;56,3475431091753
06015701084990003;CHIMBORAZO;01;08499;0003;1,06;4; ;4;REGIÓN SIERRA; ; ; ;TOTAL NACIONAL;12,7976720657891
06015701084990004;CHIMBORAZO;01;08499;0004;4,21;3; ;3;REGIÓN SIERRA; ; ; ;TOTAL NACIONAL;3,69118512897045
06015701084990005;CHIMBORAZO;01;08499;0005;6,65;4;3;1;REGIÓN SIERRA; ; ; ;TOTAL NACIONAL;6,66540879444973
06065101094050002;CHIMBORAZO;01;09405;0002;,5;5;2;3;REGIÓN SIERRA; ; ; ;TOTAL NACIONAL;75,3655216331961
06065101094050004;CHIMBORAZO;01;09405;0004;2,38;2;1;1;REGIÓN SIERRA; ; ; ;TOTAL NACIONAL;9,60313885481799
06065101094050009;CHIMBORAZO;01;09405;0009;2,94;2; ;2;REGIÓN SIERRA; ; ; ;TOTAL NACIONAL;9,75971177092916
06065101094050010;CHIMBORAZO;01;09405;0010;3,42;4;2;2;REGIÓN SIERRA; ; ; ;TOTAL NACIONAL;2,47167383638825
06065101094050018;CHIMBORAZO;01;09405;0018;1,15;1; ;1;REGIÓN SIERRA; ; ; ;TOTAL NACIONAL;6,67404296513383
06065101094050021;CHIMBORAZO;01;09405;0021;48,03; ; ; ;REGIÓN SIERRA; ; ; ;TOTAL NACIONAL;,576719477388012
06065101094050024;CHIMBORAZO;01;09405;0024;1,31;2; ;2;REGIÓN SIERRA; ; ; ;TOTAL NACIONAL;54,5615618934935
06065101094050027;CHIMBORAZO;01;09405;0027;1,02;1; ;1;REGIÓN SIERRA; ; ; ;TOTAL NACIONAL;,762720696611689
06065001101760001;CHIMBORAZO;01;10176;0001;5,79;8; ;8;REGIÓN SIERRA; ; ; ;TOTAL NACIONAL;13,9096317713685
06065001101760006;CHIMBORAZO;01;10176;0006;1,72;18;8;10;REGIÓN SIERRA; ; ; ;TOTAL NACIONAL;55,8281142450124
06065001102650004;CHIMBORAZO;01;10265;0004;4,3;2; ;2;REGIÓN SIERRA; ; ; ;TOTAL NACIONAL;51,6166797009305
06065001102650005;CHIMBORAZO;01;10265;0005;1,5;8; ;8;REGIÓN SIERRA; ; ; ;TOTAL NACIONAL;62,2467256514751
06065001102650008;CHIMBORAZO;01;10265;0008;2,2;6;2;4;REGIÓN SIERRA; ; ; ;TOTAL NACIONAL;46,966755623173
06065001102860001;CHIMBORAZO;01;10286;0001;1,22;10;4;6;REGIÓN SIERRA; ; ; ;TOTAL NACIONAL;56,9200414946793
06065001102860002;CHIMBORAZO;01;10286;0002;2,65;12;4;8;REGIÓN SIERRA; ; ; ;TOTAL NACIONAL;56,5046517580403
06065001102860003;CHIMBORAZO;01;10286;0003;2,22;8;3;5;REGIÓN SIERRA; ; ; ;TOTAL NACIONAL;38,4540805264688
06065001102860005;CHIMBORAZO;01;10286;0005;1,34;15;5;10;REGIÓN SIERRA; ; ; ;TOTAL NACIONAL;61,1656463118597
06065001102860006;CHIMBORAZO;01;10286;0006;1,28;4;2;2;REGIÓN SIERRA; ; ; ;TOTAL NACIONAL;54,5226122968512
06085001103470012;CHIMBORAZO;01;10347;0012;,33;2; ;2;REGIÓN SIERRA; ; ; ;TOTAL NACIONAL;76,7673428407868
06085001104340001;CHIMBORAZO;01;10434;0001;7,87;8; ;8;REGIÓN SIERRA; ; ; ;TOTAL NACIONAL;9,50320359691891
06085001113250001;CHIMBORAZO;01;11325;0001;2,1;2; ;2;REGIÓN SIERRA; ; ; ;TOTAL NACIONAL;39,6957208265128
06085001114030007;CHIMBORAZO;01;11403;0007;1,4;2;2; ;REGIÓN SIERRA; ; ; ;TOTAL NACIONAL;61,037891175988
06065201114250002;CHIMBORAZO;01;11425;0002;,89;6;2;4;REGIÓN SIERRA; ; ; ;TOTAL NACIONAL;42,7074619271302
06065201114250003;CHIMBORAZO;01;11425;0003;,36;7;2;5;REGIÓN SIERRA; ; ; ;TOTAL NACIONAL;19,2677775977381
06065201114250007;CHIMBORAZO;01;11425;0007;,53;7;3;4;REGIÓN SIERRA; ; ; ;TOTAL NACIONAL;22,7459347366893
06065201114250008;CHIMBORAZO;01;11425;0008;1,98;3; ;3;REGIÓN SIERRA; ; ; ;TOTAL NACIONAL;10,1167801489966
06065201114250009;CHIMBORAZO;01;11425;0009;1,14;4;1;3;REGIÓN SIERRA; ; ; ;TOTAL NACIONAL;17,9440079676539
06065201114250010;CHIMBORAZO;01;11425;0010;,52;4;1;3;REGIÓN SIERRA; ; ; ;TOTAL NACIONAL;46,5552979047211
06065201114250011;CHIMBORAZO;01;11425;0011;1,31;8;2;6;REGIÓN SIERRA; ; ; ;TOTAL NACIONAL;17,8511576779499
06065201114250014;CHIMBORAZO;01;11425;0014;1,36;10;2;8;REGIÓN SIERRA; ; ; ;TOTAL NACIONAL;14,3250483775389
06026001116020001;CHIMBORAZO;01;11602;0001;,2;1; ;1;REGIÓN SIERRA; ; ; ;TOTAL NACIONAL;41,3176697364503
06026001116020003;CHIMBORAZO;01;11602;0003;1,41;3; ;3;REGIÓN SIERRA; ; ; ;TOTAL NACIONAL;46,5097343933851
06026001116020004;CHIMBORAZO;01;11602;0004;2,69;3; ;3;REGIÓN SIERRA; ; ; ;TOTAL NACIONAL;14,6646522039987
06026001116020005;CHIMBORAZO;01;11602;0005;2,96;12; ;12;REGIÓN SIERRA; ; ; ;TOTAL NACIONAL;29,2138223573826
06026001116020006;CHIMBORAZO;01;11602;0006;3,34;2; ;2;REGIÓN SIERRA; ; ; ;TOTAL NACIONAL;5,43169358365467
06026001116020007;CHIMBORAZO;01;11602;0007;3,01;6; ;6;REGIÓN SIERRA; ; ; ;TOTAL NACIONAL;8,08404299797448
06026001116020008;CHIMBORAZO;01;11602;0008;1,02;2; ;2;REGIÓN SIERRA; ; ; ;TOTAL NACIONAL;6,95421811616539
06026001116020010;CHIMBORAZO;01;11602;0010;1,08;3; ;3;REGIÓN SIERRA; ; ; ;TOTAL NACIONAL;,768774035473686
06026001116020011;CHIMBORAZO;01;11602;0011;,26;1; ;1;REGIÓN SIERRA; ; ; ;TOTAL NACIONAL;9,02692516759108
06026001116020012;CHIMBORAZO;01;11602;0012;,96;2; ;2;REGIÓN SIERRA; ; ; ;TOTAL NACIONAL;12,7279016247076
06026001116020015;CHIMBORAZO;01;11602;0015;1,49;1; ;1;REGIÓN SIERRA; ; ; ;TOTAL NACIONAL;2,7071831436783
06026001116020016;CHIMBORAZO;01;11602;0016;,25;3; ;3;REGIÓN SIERRA; ; ; ;TOTAL NACIONAL;41,526873127521
06026001116020017;CHIMBORAZO;01;11602;0017;1,18;5;3;2;REGIÓN SIERRA; ; ; ;TOTAL NACIONAL;,559574748361602
06026001116020018;CHIMBORAZO;01;11602;0018;,71;1; ;1;REGIÓN SIERRA; ; ; ;TOTAL NACIONAL;28,6365557319399
06026001119670004;CHIMBORAZO;01;11967;0004;2,36;15; ;15;REGIÓN SIERRA; ; ; ;TOTAL NACIONAL;33,5052306011563
06026001119670006;CHIMBORAZO;01;11967;0006;,94;4; ;4;REGIÓN SIERRA; ; ; ;TOTAL NACIONAL;33,9816412490399
06026001119670010;CHIMBORAZO;01;11967;0010;3,51;3; ;3;REGIÓN SIERRA; ; ; ;TOTAL NACIONAL;2,05627264727547
06025901121170008;CHIMBORAZO;01;12117;0008;,48;6;2;4;REGIÓN SIERRA; ; ; ;TOTAL NACIONAL;132,849601334829
06026001123630003;CHIMBORAZO;01;12363;0003;1,51;4; ;4;REGIÓN SIERRA; ; ; ;TOTAL NACIONAL;5,39460731113433
06026001124130002;CHIMBORAZO;01;12413;0002;,61;1; ;1;REGIÓN SIERRA; ; ; ;TOTAL NACIONAL;14,0504941441394
06026001124130004;CHIMBORAZO;01;12413;0004;,7;6;4;2;REGIÓN SIERRA; ; ; ;TOTAL NACIONAL;2,67107901099114
06026001124130005;CHIMBORAZO;01;12413;0005;,64;4; ;4;REGIÓN SIERRA; ; ; ;TOTAL NACIONAL;,337095307877487
06026001124130009;CHIMBORAZO;01;12413;0009;,69; ; ; ;REGIÓN SIERRA; ; ; ;TOTAL NACIONAL;8,07252215544296
06026001124130010;CHIMBORAZO;01;12413;0010;1,13;3;1;2;REGIÓN SIERRA; ; ; ;TOTAL NACIONAL;3,70850037821562
06026001124130012;CHIMBORAZO;01;12413;0012;1,61;3; ;3;REGIÓN SIERRA; ; ; ;TOTAL NACIONAL;17,8829917367056
06026001124130014;CHIMBORAZO;01;12413;0014;3;3; ;3;REGIÓN SIERRA; ; ; ;TOTAL NACIONAL;18,9285484879118
06026001124130016;CHIMBORAZO;01;12413;0016;1,17;1; ;1;REGIÓN SIERRA; ; ; ;TOTAL NACIONAL;13,8183756975876
06026001124130017;CHIMBORAZO;01;12413;0017;1,25;2; ;2;REGIÓN SIERRA; ; ; ;TOTAL NACIONAL;9,1003475115726
06026001124280003;CHIMBORAZO;01;12428;0003;3,33;4;2;2;REGIÓN SIERRA; ; ; ;TOTAL NACIONAL;58,4222457909154
06026001124740002;CHIMBORAZO;01;12474;0002;7,58;17;5;12;REGIÓN SIERRA; ; ; ;TOTAL NACIONAL;37,3514646153363
06025001133320008;CHIMBORAZO;01;13332;0008;4,18;2; ;2;REGIÓN SIERRA; ; ; ;TOTAL NACIONAL;45,3331361407173
06025001133320013;CHIMBORAZO;01;13332;0013;,99;1;1; ;REGIÓN SIERRA; ; ; ;TOTAL NACIONAL;40,0378838403175
06025001133320016;CHIMBORAZO;01;13332;0016;,82;4; ;4;REGIÓN SIERRA; ; ; ;TOTAL NACIONAL;24,8907388308888
06025001133320017;CHIMBORAZO;01;13332;0017;,17;5; ;5;REGIÓN SIERRA; ; ; ;TOTAL NACIONAL;24,9582722067724
06025001133320020;CHIMBORAZO;01;13332;0020;,91;3;2;1;REGIÓN SIERRA; ; ; ;TOTAL NACIONAL;17,2420377256018
06025301134500001;CHIMBORAZO;01;13450;0001;1,88;2; ;2;REGIÓN SIERRA; ; ; ;TOTAL NACIONAL;11,6285927483411
06025301134500002;CHIMBORAZO;01;13450;0002;,5;2;1;1;REGIÓN SIERRA; ; ; ;TOTAL NACIONAL;17,5207840021656
06025301134500004;CHIMBORAZO;01;13450;0004;,92;3; ;3;REGIÓN SIERRA; ; ; ;TOTAL NACIONAL;12,3930269710322
06025301134500010;CHIMBORAZO;01;13450;0010;8,32;2; ;2;REGIÓN SIERRA; ; ; ;TOTAL NACIONAL;6,58553793781171
06025301134500011;CHIMBORAZO;01;13450;0011;6,02;2; ;2;REGIÓN SIERRA; ; ; ;TOTAL NACIONAL;6,59624894810545
06025301134500012;CHIMBORAZO;01;13450;0012;2,3;15;10;5;REGIÓN SIERRA; ; ; ;TOTAL NACIONAL;,602596724279545
06025301135720001;CHIMBORAZO;01;13572;0001;8,32;2; ;2;REGIÓN SIERRA; ; ; ;TOTAL NACIONAL;43,9041100987103
06025301135720004;CHIMBORAZO;01;13572;0004;2,3;15;10;5;REGIÓN SIERRA; ; ; ;TOTAL NACIONAL;12,6516887724918
06025301135720006;CHIMBORAZO;01;13572;0006;6,02;2; ;2;REGIÓN SIERRA; ; ; ;TOTAL NACIONAL;10,6871395947161
06025301135990001;CHIMBORAZO;01;13599;0001;8,36;5; ;5;REGIÓN SIERRA; ; ; ;TOTAL NACIONAL;16,0108785465766
06025301135990002;CHIMBORAZO;01;13599;0002;6,13;2; ;2;REGIÓN SIERRA; ; ; ;TOTAL NACIONAL;26,1706872628584
06025301135990005;CHIMBORAZO;01;13599;0005;,76;6;2;4;REGIÓN SIERRA; ; ; ;TOTAL NACIONAL;21,875173663348
06025001136040002;CHIMBORAZO;01;13604;0002;,67;1; ;1;REGIÓN SIERRA; ; ; ;TOTAL NACIONAL;80,8028582768622
06025001136040003;CHIMBORAZO;01;13604;0003;1,26;5; ;5;REGIÓN SIERRA; ; ; ;TOTAL NACIONAL;28,5371689208455
06025001136040006;CHIMBORAZO;01;13604;0006;,56;2; ;2;REGIÓN SIERRA; ; ; ;TOTAL NACIONAL;7,26141234631332
06025001136040007;CHIMBORAZO;01;13604;0007;,63;4; ;4;REGIÓN SIERRA; ; ; ;TOTAL NACIONAL;58,7865679769417
06025001136040009;CHIMBORAZO;01;13604;0009;1,69;10;2;8;REGIÓN SIERRA; ; ; ;TOTAL NACIONAL;6,54921118865725
06025001136040010;CHIMBORAZO;01;13604;0010;,58;2; ;2;REGIÓN SIERRA; ; ; ;TOTAL NACIONAL;68,3067106620714
06025001136040011;CHIMBORAZO;01;13604;0011;,82;2; ;2;REGIÓN SIERRA; ; ; ;TOTAL NACIONAL;27,099174018639
06025001136040012;CHIMBORAZO;01;13604;0012;,23;8;3;5;REGIÓN SIERRA; ; ; ;TOTAL NACIONAL;48,3782841850842
06025001136040016;CHIMBORAZO;01;13604;0016;,24;1; ;1;REGIÓN SIERRA; ; ; ;TOTAL NACIONAL;88,6662809811088
06025001136040020;CHIMBORAZO;01;13604;0020;2,09;3; ;3;REGIÓN SIERRA; ; ; ;TOTAL NACIONAL;3,15932154577364
06025001136040023;CHIMBORAZO;01;13604;0023;,84;4; ;4;REGIÓN SIERRA; ; ; ;TOTAL NACIONAL;69,2285775138874
06025301137590007;CHIMBORAZO;01;13759;0007;6,13;2; ;2;REGIÓN SIERRA; ; ; ;TOTAL NACIONAL;,875591272782377
06025301137640002;CHIMBORAZO;01;13764;0002;2,52;2; ;2;REGIÓN SIERRA; ; ; ;TOTAL NACIONAL;26,5836699938094
06025901139770001;CHIMBORAZO;01;13977;0001;,25;6;2;4;REGIÓN SIERRA; ; ; ;TOTAL NACIONAL;38,3103709898099
06025901139770006;CHIMBORAZO;01;13977;0006;,4;1;1; ;REGIÓN SIERRA; ; ; ;TOTAL NACIONAL;61,4698401419263
06025901139770013;CHIMBORAZO;01;13977;0013;,33;4;2;2;REGIÓN SIERRA; ; ; ;TOTAL NACIONAL;69,2193795834088
06025901139770016;CHIMBORAZO;01;13977;0016;,2;5;1;4;REGIÓN SIERRA; ; ; ;TOTAL NACIONAL;43,3770156173019
06025301140830004;CHIMBORAZO;01;14083;0004;10,46;4; ;4;REGIÓN SIERRA; ; ; ;TOTAL NACIONAL;1,46564875735133
06025101140900008;CHIMBORAZO;01;14090;0008;5,22;9;3;6;REGIÓN SIERRA; ; ; ;TOTAL NACIONAL;7,82383611122039
06025101140900010;CHIMBORAZO;01;14090;0010;6,45;7;3;4;REGIÓN SIERRA; ; ; ;TOTAL NACIONAL;5,06183011146681
06025101143980002;CHIMBORAZO;01;14398;0002;2,52;8; ;8;REGIÓN SIERRA; ; ; ;TOTAL NACIONAL;2,23887061624451
06025101143980003;CHIMBORAZO;01;14398;0003;6,25;3; ;3;REGIÓN SIERRA; ; ; ;TOTAL NACIONAL;,608781868015547
06025101143980005;CHIMBORAZO;01;14398;0005;8,86;4; ;4;REGIÓN SIERRA; ; ; ;TOTAL NACIONAL;4,1033438831257
06025101143980009;CHIMBORAZO;01;14398;0009;1,84;4; ;4;REGIÓN SIERRA; ; ; ;TOTAL NACIONAL;20,7959824717463
06025101143980011;CHIMBORAZO;01;14398;0011;1,92;3; ;3;REGIÓN SIERRA; ; ; ;TOTAL NACIONAL;5,46843499445702
06025101143980012;CHIMBORAZO;01;14398;0012;2;2; ;2;REGIÓN SIERRA; ; ; ;TOTAL NACIONAL;36,5256045597386
06025101143980013;CHIMBORAZO;01;14398;0013;3,87;15;5;10;REGIÓN SIERRA; ; ; ;TOTAL NACIONAL;5,90411702028317
06025101144010001;CHIMBORAZO;01;14401;0001;3,87;15;5;10;REGIÓN SIERRA; ; ; ;TOTAL NACIONAL;22,650186268371
06025101144010004;CHIMBORAZO;01;14401;0004;1,52;1;1; ;REGIÓN SIERRA; ; ; ;TOTAL NACIONAL;27,8493412249663
06025101144010008;CHIMBORAZO;01;14401;0008;8,56;4; ;4;REGIÓN SIERRA; ; ; ;TOTAL NACIONAL;1,96891918144019
06025101144010010;CHIMBORAZO;01;14401;0010;1,55;5;3;2;REGIÓN SIERRA; ; ; ;TOTAL NACIONAL;19,8743221517103
06025901146620009;CHIMBORAZO;01;14662;0009;,4;2;1;1;REGIÓN SIERRA; ; ; ;TOTAL NACIONAL;63,3330578436491
06025901146620010;CHIMBORAZO;01;14662;0010;,27;3; ;3;REGIÓN SIERRA; ; ; ;TOTAL NACIONAL;46,513855815589
06025901146620019;CHIMBORAZO;01;14662;0019;,4;2;2; ;REGIÓN SIERRA; ; ; ;TOTAL NACIONAL;12,8627397478585
06025901147840014;CHIMBORAZO;01;14784;0014;5,7;2;1;1;REGIÓN SIERRA; ; ; ;TOTAL NACIONAL;6,50319751847861
06025901147840016;CHIMBORAZO;01;14784;0016;1,8;2; ;2;REGIÓN SIERRA; ; ; ;TOTAL NACIONAL;4,8995724749008
06025701148620007;CHIMBORAZO;01;14862;0007;,86;1; ;1;REGIÓN SIERRA; ; ; ;TOTAL NACIONAL;34,0943753252833
06025101148890008;CHIMBORAZO;01;14889;0008;1,72;13;5;8;REGIÓN SIERRA; ; ; ;TOTAL NACIONAL;15,3215637610052
06025301150910001;CHIMBORAZO;01;15091;0001;3,03;9;4;5;REGIÓN SIERRA; ; ; ;TOTAL NACIONAL;7,52429415707276
06025301150910005;CHIMBORAZO;01;15091;0005;2,52;3;3; ;REGIÓN SIERRA; ; ; ;TOTAL NACIONAL;33,3898363498487
06055301152290001;CHIMBORAZO;01;15229;0001;1,03;3; ;3;REGIÓN SIERRA; ; ; ;TOTAL NACIONAL;28,1839316536146
06055301152290002;CHIMBORAZO;01;15229;0002;1,23;3;1;2;REGIÓN SIERRA; ; ; ;TOTAL NACIONAL;22,0751032317762
06055301152290003;CHIMBORAZO;01;15229;0003;1,37;3; ;3;REGIÓN SIERRA; ; ; ;TOTAL NACIONAL;37,2788450782952
06055301152290004;CHIMBORAZO;01;15229;0004;1,27;2; ;2;REGIÓN SIERRA; ; ; ;TOTAL NACIONAL;16,1246779243513
06055301152290005;CHIMBORAZO;01;15229;0005;2,27;2; ;2;REGIÓN SIERRA; ; ; ;TOTAL NACIONAL;28,8497702024202
06055301152290006;CHIMBORAZO;01;15229;0006;1,52;5;5; ;REGIÓN SIERRA; ; ; ;TOTAL NACIONAL;9,96937559489601
06055301152290007;CHIMBORAZO;01;15229;0007;1,68;3; ;3;REGIÓN SIERRA; ; ; ;TOTAL NACIONAL;26,5049607213981
06025301152850001;CHIMBORAZO;01;15285;0001;1,42;3; ;3;REGIÓN SIERRA; ; ; ;TOTAL NACIONAL;6,6048207939434
06025301152850002;CHIMBORAZO;01;15285;0002;1,92;7;2;5;REGIÓN SIERRA; ; ; ;TOTAL NACIONAL;7,71590365263036
06025301152850005;CHIMBORAZO;01;15285;0005;5,02;7;5;2;REGIÓN SIERRA; ; ; ;TOTAL NACIONAL;52,0876748341929
06055301153010001;CHIMBORAZO;01;15301;0001;1,6;8; ;8;REGIÓN SIERRA; ; ; ;TOTAL NACIONAL;66,9440355269656
06055301153010013;CHIMBORAZO;01;15301;0013;1,03;3; ;3;REGIÓN SIERRA; ; ; ;TOTAL NACIONAL;32,3539386046097
06055301153010014;CHIMBORAZO;01;15301;0014;2,27;2; ;2;REGIÓN SIERRA; ; ; ;TOTAL NACIONAL;3,70958430548635
06055301153010015;CHIMBORAZO;01;15301;0015;1,27;2; ;2;REGIÓN SIERRA; ; ; ;TOTAL NACIONAL;4,62391305214528
06055301154020012;CHIMBORAZO;01;15402;0012;2,02;1; ;1;REGIÓN SIERRA; ; ; ;TOTAL NACIONAL;50,0275218290794
06025701154180001;CHIMBORAZO;01;15418;0001;2;6;2;4;REGIÓN SIERRA; ; ; ;TOTAL NACIONAL;62,5039114716904
06025701154180002;CHIMBORAZO;01;15418;0002;3;3; ;3;REGIÓN SIERRA; ; ; ;TOTAL NACIONAL;70,8703544010432
06025701154190002;CHIMBORAZO;01;15419;0002;2;6;2;4;REGIÓN SIERRA; ; ; ;TOTAL NACIONAL;2,99484330774158
06025101154500001;CHIMBORAZO;01;15450;0001;2;3;3; ;REGIÓN SIERRA; ; ; ;TOTAL NACIONAL;50,5147618207859
06025101154500002;CHIMBORAZO;01;15450;0002;1,16;10;3;7;REGIÓN SIERRA; ; ; ;TOTAL NACIONAL;11,2147897682117
06025101154500004;CHIMBORAZO;01;15450;0004;,97;3; ;3;REGIÓN SIERRA; ; ; ;TOTAL NACIONAL;29,4569244049204
06025101154500005;CHIMBORAZO;01;15450;0005;1;4;1;3;REGIÓN SIERRA; ; ; ;TOTAL NACIONAL;32,2295977296673
06025101154500007;CHIMBORAZO;01;15450;0007;,95;2; ;2;REGIÓN SIERRA; ; ; ;TOTAL NACIONAL;23,580038826431
06025101154500011;CHIMBORAZO;01;15450;0011;1,54;11;3;8;REGIÓN SIERRA; ; ; ;TOTAL NACIONAL;50,1179068867569
06025101154500013;CHIMBORAZO;01;15450;0013;1;8;2;6;REGIÓN SIERRA; ; ; ;TOTAL NACIONAL;44,0981715346671
06025101154500014;CHIMBORAZO;01;15450;0014;,7;10; ;10;REGIÓN SIERRA; ; ; ;TOTAL NACIONAL;5,73549969708942
06025101154500015;CHIMBORAZO;01;15450;0015;,3;6;3;3;REGIÓN SIERRA; ; ; ;TOTAL NACIONAL;38,0628616261389
06025101154500016;CHIMBORAZO;01;15450;0016;1;15;5;10;REGIÓN SIERRA; ; ; ;TOTAL NACIONAL;10,1348886692887
06025101154500019;CHIMBORAZO;01;15450;0019;1,87;5;2;3;REGIÓN SIERRA; ; ; ;TOTAL NACIONAL;5,98435402278958
06025101156240001;CHIMBORAZO;01;15624;0001;1,6;8;2;6;REGIÓN SIERRA; ; ; ;TOTAL NACIONAL;73,5105309188038
06025101156240002;CHIMBORAZO;01;15624;0002;4,47;3; ;3;REGIÓN SIERRA; ; ; ;TOTAL NACIONAL;23,2067859413451
06025101156240003;CHIMBORAZO;01;15624;0003;1,4;3;2;1;REGIÓN SIERRA; ; ; ;TOTAL NACIONAL;43,9287135890713
06025101156240005;CHIMBORAZO;01;15624;0005;2;6;2;4;REGIÓN SIERRA; ; ; ;TOTAL NACIONAL;57,3158912911413
06025101156240006;CHIMBORAZO;01;15624;0006;1,5;2;1;1;REGIÓN SIERRA; ; ; ;TOTAL NACIONAL;55,0738323186427
06055001158610004;CHIMBORAZO;01;15861;0004;27,2;12; ;12;REGIÓN SIERRA; ; ; ;TOTAL NACIONAL;8,26754453746141
06055001159470010;CHIMBORAZO;01;15947;0010;,04;3; ;3;REGIÓN SIERRA; ; ; ;TOTAL NACIONAL;78,7001805026758
06025101162550003;CHIMBORAZO;01;16255;0003;1,8;9;2;7;REGIÓN SIERRA; ; ; ;TOTAL NACIONAL;10,3014498978658
06025101162550007;CHIMBORAZO;01;16255;0007;2,42;11;6;5;REGIÓN SIERRA; ; ; ;TOTAL NACIONAL;4,1071736655059
06025101162550008;CHIMBORAZO;01;16255;0008;3,12;8;3;5;REGIÓN SIERRA; ; ; ;TOTAL NACIONAL;3,21076013783014
06025101162550009;CHIMBORAZO;01;16255;0009;1;4;2;2;REGIÓN SIERRA; ; ; ;TOTAL NACIONAL;70,4488820748177
06025101162550010;CHIMBORAZO;01;16255;0010;2;9;2;7;REGIÓN SIERRA; ; ; ;TOTAL NACIONAL;59,2874693120158
06025101162550012;CHIMBORAZO;01;16255;0012;,5;3; ;3;REGIÓN SIERRA; ; ; ;TOTAL NACIONAL;6,19173262753972
06025101163620002;CHIMBORAZO;01;16362;0002;2,45;3; ;3;REGIÓN SIERRA; ; ; ;TOTAL NACIONAL;5,18216762983775
06025101163620003;CHIMBORAZO;01;16362;0003;,25;1; ;1;REGIÓN SIERRA; ; ; ;TOTAL NACIONAL;34,7779845268968
06025101163620004;CHIMBORAZO;01;16362;0004;1,83;4; ;4;REGIÓN SIERRA; ; ; ;TOTAL NACIONAL;36,2706960476643
06025101163620007;CHIMBORAZO;01;16362;0007;1,65;7; ;7;REGIÓN SIERRA; ; ; ;TOTAL NACIONAL;5,21409063371766
06025101163620008;CHIMBORAZO;01;16362;0008;1,6;4;2;2;REGIÓN SIERRA; ; ; ;TOTAL NACIONAL;28,5227051697586
06025101163620009;CHIMBORAZO;01;16362;0009;3,12;8;3;5;REGIÓN SIERRA; ; ; ;TOTAL NACIONAL;2,06808883308513
06025101163620010;CHIMBORAZO;01;16362;0010;2,4;8;1;7;REGIÓN SIERRA; ; ; ;TOTAL NACIONAL;12,7663750359931
06025101163620011;CHIMBORAZO;01;16362;0011;2,9;8;4;4;REGIÓN SIERRA; ; ; ;TOTAL NACIONAL;35,9502559383395
06025101163620012;CHIMBORAZO;01;16362;0012;2,4;4; ;4;REGIÓN SIERRA; ; ; ;TOTAL NACIONAL;6,29221249912698
06025101163620013;CHIMBORAZO;01;16362;0013;,5;4;1;3;REGIÓN SIERRA; ; ; ;TOTAL NACIONAL;48,0478451897082
06025101163620018;CHIMBORAZO;01;16362;0018;,2;20;7;13;REGIÓN SIERRA; ; ; ;TOTAL NACIONAL;48,8169235581815
06025401166520001;CHIMBORAZO;01;16652;0001;20;6; ;6;REGIÓN SIERRA; ; ; ;TOTAL NACIONAL;8,80073322838619
06055001169300001;CHIMBORAZO;01;16930;0001;1,95;2;2; ;REGIÓN SIERRA; ; ; ;TOTAL NACIONAL;55,8409052676416
06055001172950001;CHIMBORAZO;01;17295;0001;,6;3; ;3;REGIÓN SIERRA; ; ; ;TOTAL NACIONAL;112,917650286448
06075103000390010;CHIMBORAZO;03;00039;0010;10,74;8;2;6;REGIÓN SIERRA; ; ; ;TOTAL NACIONAL;13,0344670858812
06015803001660004;CHIMBORAZO;03;00166;0004;,81;1; ;1;REGIÓN SIERRA; ; ; ;TOTAL NACIONAL;89,8965619416559
06045003001710001;CHIMBORAZO;03;00171;0001;8;10; ;10;REGIÓN SIERRA; ; ; ;TOTAL NACIONAL;29,8923336206742
06015703002870002;CHIMBORAZO;03;00287;0002;2,71;4; ;4;REGIÓN SIERRA; ; ; ;TOTAL NACIONAL;11,9428443197945
06015703002870003;CHIMBORAZO;03;00287;0003;5,41;4;2;2;REGIÓN SIERRA; ; ; ;TOTAL NACIONAL;178,092329026936
06015703002870006;CHIMBORAZO;03;00287;0006;2,44;1;1; ;REGIÓN SIERRA; ; ; ;TOTAL NACIONAL;209,400826967607
06015703002870007;CHIMBORAZO;03;00287;0007;,88;2; ;2;REGIÓN SIERRA; ; ; ;TOTAL NACIONAL;186,819587874659
06015703002870009;CHIMBORAZO;03;00287;0009;2,3;2; ;2;REGIÓN SIERRA; ; ; ;TOTAL NACIONAL;200,704242534318
06015703002870011;CHIMBORAZO;03;00287;0011;1,06;5;2;3;REGIÓN SIERRA; ; ; ;TOTAL NACIONAL;78,3145669948683
06015703002870012;CHIMBORAZO;03;00287;0012;3;3; ;3;REGIÓN SIERRA; ; ; ;TOTAL NACIONAL;39,0788095925613
06015703002870013;CHIMBORAZO;03;00287;0013;1,32;2;1;1;REGIÓN SIERRA; ; ; ;TOTAL NACIONAL;268,765579782182
06015703002870014;CHIMBORAZO;03;00287;0014;2,12;1; ;1;REGIÓN SIERRA; ; ; ;TOTAL NACIONAL;108,160543251687
06015703002870016;CHIMBORAZO;03;00287;0016;,49;3; ;3;REGIÓN SIERRA; ; ; ;TOTAL NACIONAL;42,439968961811
06026003005480001;CHIMBORAZO;03;00548;0001;,4;1; ;1;REGIÓN SIERRA; ; ; ;TOTAL NACIONAL;63,4951484871034
06026003005480006;CHIMBORAZO;03;00548;0006;21,1;60;10;50;REGIÓN SIERRA; ; ; ;TOTAL NACIONAL;41,7820304962293
06026003005480008;CHIMBORAZO;03;00548;0008;5;1; ;1;REGIÓN SIERRA; ; ; ;TOTAL NACIONAL;52,7637822440462
06026003005480010;CHIMBORAZO;03;00548;0010;2,5;4; ;4;REGIÓN SIERRA; ; ; ;TOTAL NACIONAL;47,6271672392541
06026003005480012;CHIMBORAZO;03;00548;0012;11,7;8; ;8;REGIÓN SIERRA; ; ; ;TOTAL NACIONAL;52,5582714494885
06026003005480014;CHIMBORAZO;03;00548;0014;11,4;6; ;6;REGIÓN SIERRA; ; ; ;TOTAL NACIONAL;35,8038151901291
06026003005510001;CHIMBORAZO;03;00551;0001;10,65;16;10;6;REGIÓN SIERRA; ; ; ;TOTAL NACIONAL;45,4681949113859
06026003005510002;CHIMBORAZO;03;00551;0002;8;6;2;4;REGIÓN SIERRA; ; ; ;TOTAL NACIONAL;35,0496650392495
06026003005510003;CHIMBORAZO;03;00551;0003;1,05;2; ;2;REGIÓN SIERRA; ; ; ;TOTAL NACIONAL;39,1079646304607
06026003005510004;CHIMBORAZO;03;00551;0004;1,7;3;2;1;REGIÓN SIERRA; ; ; ;TOTAL NACIONAL;49,9584584766506
06026003005510005;CHIMBORAZO;03;00551;0005;2,1;8; ;8;REGIÓN SIERRA; ; ; ;TOTAL NACIONAL;57,0508797652203
06026003005510006;CHIMBORAZO;03;00551;0006;2,2;1; ;1;REGIÓN SIERRA; ; ; ;TOTAL NACIONAL;51,7298568608375
06026003005510008;CHIMBORAZO;03;00551;0008;2,43;5;1;4;REGIÓN SIERRA; ; ; ;TOTAL NACIONAL;54,2554900149953
06026003005510009;CHIMBORAZO;03;00551;0009;4,7;1; ;1;REGIÓN SIERRA; ; ; ;TOTAL NACIONAL;51,8800316550327
06026003005510010;CHIMBORAZO;03;00551;0010;2,85;5; ;5;REGIÓN SIERRA; ; ; ;TOTAL NACIONAL;52,5862169515189
06026003005510011;CHIMBORAZO;03;00551;0011;2,88;8;3;5;REGIÓN SIERRA; ; ; ;TOTAL NACIONAL;53,0262487971579
06026003005510012;CHIMBORAZO;03;00551;0012;6,57;12;1;11;REGIÓN SIERRA; ; ; ;TOTAL NACIONAL;43,8545526184854
06026003005510014;CHIMBORAZO;03;00551;0014;2,41;2; ;2;REGIÓN SIERRA; ; ; ;TOTAL NACIONAL;51,1775412729115
06026003005510015;CHIMBORAZO;03;00551;0015;1,37;6; ;6;REGIÓN SIERRA; ; ; ;TOTAL NACIONAL;58,332274134811
06026003005510018;CHIMBORAZO;03;00551;0018;1,95;4; ;4;REGIÓN SIERRA; ; ; ;TOTAL NACIONAL;48,1467997224288
06026003005510021;CHIMBORAZO;03;00551;0021;2,2;5;2;3;REGIÓN SIERRA; ; ; ;TOTAL NACIONAL;52,1521022373103
06026003005510025;CHIMBORAZO;03;00551;0025;6,04;2; ;2;REGIÓN SIERRA; ; ; ;TOTAL NACIONAL;40,803653992183
06026003005510027;CHIMBORAZO;03;00551;0027;2;4;1;3;REGIÓN SIERRA; ; ; ;TOTAL NACIONAL;51,9282642053505
06026003005510031;CHIMBORAZO;03;00551;0031;8;7;3;4;REGIÓN SIERRA; ; ; ;TOTAL NACIONAL;57,8799447384154
06095504000170002;CHIMBORAZO;04;00017;0002;286;9; ;9;REGIÓN SIERRA; ; ; ;TOTAL NACIONAL;21,12768247996
06065004000940001;CHIMBORAZO;04;00094;0001;2,93;3; ;3;REGIÓN SIERRA; ; ; ;TOTAL NACIONAL;24,3289748457363
06065004000940002;CHIMBORAZO;04;00094;0002;1,74;7;3;4;REGIÓN SIERRA; ; ; ;TOTAL NACIONAL;35,4111705892885
06065004000940003;CHIMBORAZO;04;00094;0003;3,4;7;2;5;REGIÓN SIERRA; ; ; ;TOTAL NACIONAL;34,4785506482356
06065004000940004;CHIMBORAZO;04;00094;0004;2,02;6;2;4;REGIÓN SIERRA; ; ; ;TOTAL NACIONAL;27,3568137948112
06065004000940005;CHIMBORAZO;04;00094;0005;1,42;14;3;11;REGIÓN SIERRA; ; ; ;TOTAL NACIONAL;20,9859770427067
06065004000940006;CHIMBORAZO;04;00094;0006;3,17;5;2;3;REGIÓN SIERRA; ; ; ;TOTAL NACIONAL;29,6115539167273
06065004000940007;CHIMBORAZO;04;00094;0007;2,59;20;5;15;REGIÓN SIERRA; ; ; ;TOTAL NACIONAL;34,5800011198046
06065004000940008;CHIMBORAZO;04;00094;0008;2,81;7; ;7;REGIÓN SIERRA; ; ; ;TOTAL NACIONAL;27,7371737871267
06065004000940010;CHIMBORAZO;04;00094;0010;,8;8;4;4;REGIÓN SIERRA; ; ; ;TOTAL NACIONAL;11,5682637765908
06065004000940012;CHIMBORAZO;04;00094;0012;,44;12;4;8;REGIÓN SIERRA; ; ; ;TOTAL NACIONAL;55,4251582108267
06065004000940013;CHIMBORAZO;04;00094;0013;,14;9; ;9;REGIÓN SIERRA; ; ; ;TOTAL NACIONAL;62,1415298877694
06065004000940014;CHIMBORAZO;04;00094;0014;1,45;9; ;9;REGIÓN SIERRA; ; ; ;TOTAL NACIONAL;16,1237507591216
06065004000940016;CHIMBORAZO;04;00094;0016;,9;14;7;7;REGIÓN SIERRA; ; ; ;TOTAL NACIONAL;10,552802298686
06065004000940018;CHIMBORAZO;04;00094;0018;,18;5;2;3;REGIÓN SIERRA; ; ; ;TOTAL NACIONAL;43,3341313212539
06065004000940019;CHIMBORAZO;04;00094;0019;,21;6;2;4;REGIÓN SIERRA; ; ; ;TOTAL NACIONAL;36,9436143444006
06065004000940022;CHIMBORAZO;04;00094;0022;333,4;30;10;20;REGIÓN SIERRA; ; ; ;TOTAL NACIONAL;21,4906935343019
06065004001060004;CHIMBORAZO;04;00106;0004;18,97;8;3;5;REGIÓN SIERRA; ; ; ;TOTAL NACIONAL;27,0177815398157
06065004001060005;CHIMBORAZO;04;00106;0005;23,33;20; ;20;REGIÓN SIERRA; ; ; ;TOTAL NACIONAL;29,9675515799871
06065004001060006;CHIMBORAZO;04;00106;0006;8,23;9;3;6;REGIÓN SIERRA; ; ; ;TOTAL NACIONAL;32,4945405635062
06065004001060009;CHIMBORAZO;04;00106;0009;26,48;15;5;10;REGIÓN SIERRA; ; ; ;TOTAL NACIONAL;9,10871127661048
06065004001060010;CHIMBORAZO;04;00106;0010;25,71;12;2;10;REGIÓN SIERRA; ; ; ;TOTAL NACIONAL;8,03124804039276
06065004001060014;CHIMBORAZO;04;00106;0014;4,76;6;2;4;REGIÓN SIERRA; ; ; ;TOTAL NACIONAL;26,7834693775863
06065004001060016;CHIMBORAZO;04;00106;0016;3,83;8;2;6;REGIÓN SIERRA; ; ; ;TOTAL NACIONAL;29,058027545476
06065004001060017;CHIMBORAZO;04;00106;0017;3,76;12;5;7;REGIÓN SIERRA; ; ; ;TOTAL NACIONAL;35,0568432616946
06065004001060018;CHIMBORAZO;04;00106;0018;2,55;10; ;10;REGIÓN SIERRA; ; ; ;TOTAL NACIONAL;29,9137516598796
06065004001060023;CHIMBORAZO;04;00106;0023;2,55;4;1;3;REGIÓN SIERRA; ; ; ;TOTAL NACIONAL;21,7790834639609
06065004001060030;CHIMBORAZO;04;00106;0030;2,67;7;2;5;REGIÓN SIERRA; ; ; ;TOTAL NACIONAL;20,7643063576072
06065004001060031;CHIMBORAZO;04;00106;0031;4,98;7;2;5;REGIÓN SIERRA; ; ; ;TOTAL NACIONAL;27,5176340636736
06065004001060033;CHIMBORAZO;04;00106;0033;4,74;15; ;15;REGIÓN SIERRA; ; ; ;TOTAL NACIONAL;28,9843228372138
06065004001060034;CHIMBORAZO;04;00106;0034;16,42;16;3;13;REGIÓN SIERRA; ; ; ;TOTAL NACIONAL;22,893382730099
06065204001080004;CHIMBORAZO;04;00108;0004;6,33;4;1;3;REGIÓN SIERRA; ; ; ;TOTAL NACIONAL;32,3057054045524
06065204001080013;CHIMBORAZO;04;00108;0013;4,13;7;2;5;REGIÓN SIERRA; ; ; ;TOTAL NACIONAL;28,3530555510108
06065204001080016;CHIMBORAZO;04;00108;0016;3,65;6; ;6;REGIÓN SIERRA; ; ; ;TOTAL NACIONAL;5,12606807248998
06065204001080017;CHIMBORAZO;04;00108;0017;1,26;6;1;5;REGIÓN SIERRA; ; ; ;TOTAL NACIONAL;19,5880650724402
06065204001080018;CHIMBORAZO;04;00108;0018;,96;4; ;4;REGIÓN SIERRA; ; ; ;TOTAL NACIONAL;29,1549486462848
06065204001080020;CHIMBORAZO;04;00108;0020;16,61;20;5;15;REGIÓN SIERRA; ; ; ;TOTAL NACIONAL;31,0654452268408
06065204001080021;CHIMBORAZO;04;00108;0021;1,26;6;2;4;REGIÓN SIERRA; ; ; ;TOTAL NACIONAL;7,03551887656541
06065204001080033;CHIMBORAZO;04;00108;0033;15,27;12; ;12;REGIÓN SIERRA; ; ; ;TOTAL NACIONAL;33,9830369675067
06065204001080045;CHIMBORAZO;04;00108;0045;2,66;22;3;19;REGIÓN SIERRA; ; ; ;TOTAL NACIONAL;26,1806383833847
06065204001080050;CHIMBORAZO;04;00108;0050;11,65;3; ;3;REGIÓN SIERRA; ; ; ;TOTAL NACIONAL;33,1212617660014
06065204001110001;CHIMBORAZO;04;00111;0001;,83;2;1;1;REGIÓN SIERRA; ; ; ;TOTAL NACIONAL;122,080596079753
06065204001110002;CHIMBORAZO;04;00111;0002;,96;7; ;7;REGIÓN SIERRA; ; ; ;TOTAL NACIONAL;144,54706779823
06065204001110003;CHIMBORAZO;04;00111;0003;2,62;5; ;5;REGIÓN SIERRA; ; ; ;TOTAL NACIONAL;114,118515880742
06065204001110004;CHIMBORAZO;04;00111;0004;1,75;10; ;10;REGIÓN SIERRA; ; ; ;TOTAL NACIONAL;86,9098884464144
06065204001110005;CHIMBORAZO;04;00111;0005;4,73;3;1;2;REGIÓN SIERRA; ; ; ;TOTAL NACIONAL;47,8962027920553
06065204001110008;CHIMBORAZO;04;00111;0008;3,68;12;6;6;REGIÓN SIERRA; ; ; ;TOTAL NACIONAL;122,554034548306
06065204001110010;CHIMBORAZO;04;00111;0010;,45;5;2;3;REGIÓN SIERRA; ; ; ;TOTAL NACIONAL;33,69432802157
06065204001110011;CHIMBORAZO;04;00111;0011;1,46;3; ;3;REGIÓN SIERRA; ; ; ;TOTAL NACIONAL;89,5973270243678
06065204001110013;CHIMBORAZO;04;00111;0013;2,36;3;3; ;REGIÓN SIERRA; ; ; ;TOTAL NACIONAL;186,826500597502
06065204001110014;CHIMBORAZO;04;00111;0014;2,04;2; ;2;REGIÓN SIERRA; ; ; ;TOTAL NACIONAL;171,290215806788
06065204001110015;CHIMBORAZO;04;00111;0015;,33;12;6;6;REGIÓN SIERRA; ; ; ;TOTAL NACIONAL;145,183198487648
06065204001110016;CHIMBORAZO;04;00111;0016;2,02;2; ;2;REGIÓN SIERRA; ; ; ;TOTAL NACIONAL;54,5087521186458
06065204001110019;CHIMBORAZO;04;00111;0019;,33;5;2;3;REGIÓN SIERRA; ; ; ;TOTAL NACIONAL;149,690638801235
06065204001110020;CHIMBORAZO;04;00111;0020;,67;10;5;5;REGIÓN SIERRA; ; ; ;TOTAL NACIONAL;2,93623820138847
06065204001110023;CHIMBORAZO;04;00111;0023;3;10;5;5;REGIÓN SIERRA; ; ; ;TOTAL NACIONAL;94,0295669804477
06065204001110024;CHIMBORAZO;04;00111;0024;3,72;3;1;2;REGIÓN SIERRA; ; ; ;TOTAL NACIONAL;49,0530048486745
06065204001110025;CHIMBORAZO;04;00111;0025;,94;4; ;4;REGIÓN SIERRA; ; ; ;TOTAL NACIONAL;108,917561901465
06065204001110027;CHIMBORAZO;04;00111;0027;1,59;3; ;3;REGIÓN SIERRA; ; ; ;TOTAL NACIONAL;55,5570138712476
06065204001110029;CHIMBORAZO;04;00111;0029;,78;4;1;3;REGIÓN SIERRA; ; ; ;TOTAL NACIONAL;133,151240876378
06065204001110032;CHIMBORAZO;04;00111;0032;,93;2;2; ;REGIÓN SIERRA; ; ; ;TOTAL NACIONAL;176,773976190135
06065204001110039;CHIMBORAZO;04;00111;0039;,8;2; ;2;REGIÓN SIERRA; ; ; ;TOTAL NACIONAL;15,5643004537929
06065204001110040;CHIMBORAZO;04;00111;0040;1,46;6; ;6;REGIÓN SIERRA; ; ; ;TOTAL NACIONAL;135,221715558647
06065204001110043;CHIMBORAZO;04;00111;0043;2,32;20;8;12;REGIÓN SIERRA; ; ; ;TOTAL NACIONAL;104,697867214421
06065204001110044;CHIMBORAZO;04;00111;0044;2,03;10; ;10;REGIÓN SIERRA; ; ; ;TOTAL NACIONAL;96,3134990921799
06065204001110046;CHIMBORAZO;04;00111;0046;,5;2; ;2;REGIÓN SIERRA; ; ; ;TOTAL NACIONAL;148,121758769506
06065204001110048;CHIMBORAZO;04;00111;0048;1,53;2; ;2;REGIÓN SIERRA; ; ; ;TOTAL NACIONAL;65,3799798426731
06065204001110052;CHIMBORAZO;04;00111;0052;1;17;5;12;REGIÓN SIERRA; ; ; ;TOTAL NACIONAL;6,08177289408322
06065204001110053;CHIMBORAZO;04;00111;0053;,62;2;1;1;REGIÓN SIERRA; ; ; ;TOTAL NACIONAL;96,0809448114057
06065204001110054;CHIMBORAZO;04;00111;0054;1,43;16;4;12;REGIÓN SIERRA; ; ; ;TOTAL NACIONAL;32,2958657704313
06065204001110056;CHIMBORAZO;04;00111;0056;1,32;4;2;2;REGIÓN SIERRA; ; ; ;TOTAL NACIONAL;94,2745681716863
06065204001110059;CHIMBORAZO;04;00111;0059;,45;3;1;2;REGIÓN SIERRA; ; ; ;TOTAL NACIONAL;74,7459618453182
06065204001110061;CHIMBORAZO;04;00111;0061;1,58;6; ;6;REGIÓN SIERRA; ; ; ;TOTAL NACIONAL;67,2665066806199
06065204001110062;CHIMBORAZO;04;00111;0062;2,5;5;2;3;REGIÓN SIERRA; ; ; ;TOTAL NACIONAL;32,2537888710275
06065204001110063;CHIMBORAZO;04;00111;0063;1,37;2; ;2;REGIÓN SIERRA; ; ; ;TOTAL NACIONAL;55,5562979786033
06065204001110064;CHIMBORAZO;04;00111;0064;1,86;4;1;3;REGIÓN SIERRA; ; ; ;TOTAL NACIONAL;116,118768380277
06095464000991725;CHIMBORAZO;64;00099;1725;2,3;57;12;45;REGIÓN SIERRA; ; ; ;TOTAL NACIONAL;1
07135301027580001;EL ORO;01;02758;0001;18,97;3;1;2; ;REGIÓN COSTA; ; ;TOTAL NACIONAL;32,2977006624738
07135301029290002;EL ORO;01;02929;0002;53,66;2; ;2; ;REGIÓN COSTA; ; ;TOTAL NACIONAL;7,57682703634686
07135301029290003;EL ORO;01;02929;0003;2,04;2; ;2; ;REGIÓN COSTA; ; ;TOTAL NACIONAL;46,2552276465248
07055001030510001;EL ORO;01;03051;0001;63,14;10; ;10; ;REGIÓN COSTA; ; ;TOTAL NACIONAL;9,70363290413569
07135301030760001;EL ORO;01;03076;0001;53,66;2; ;2; ;REGIÓN COSTA; ; ;TOTAL NACIONAL;10,996884689945
07135301032380001;EL ORO;01;03238;0001;5,62;2; ;2; ;REGIÓN COSTA; ; ;TOTAL NACIONAL;22,3670867944583
07135301032380003;EL ORO;01;03238;0003;8,37;2; ;2; ;REGIÓN COSTA; ; ;TOTAL NACIONAL;23,5705300913518
07135301034380003;EL ORO;01;03438;0003;6,19;6;2;4; ;REGIÓN COSTA; ; ;TOTAL NACIONAL;31,3404277733233
07135301034380004;EL ORO;01;03438;0004;7,82;10;5;5; ;REGIÓN COSTA; ; ;TOTAL NACIONAL;16,1389760825135
07055001034750001;EL ORO;01;03475;0001;23,07;6; ;6; ;REGIÓN COSTA; ; ;TOTAL NACIONAL;26,5577538607337
07135301036110001;EL ORO;01;03611;0001;12,72;4;2;2; ;REGIÓN COSTA; ; ;TOTAL NACIONAL;,885206961139088
07135301036110002;EL ORO;01;03611;0002;5,21;2;1;1; ;REGIÓN COSTA; ; ;TOTAL NACIONAL;38,2377554578384
07135301036110003;EL ORO;01;03611;0003;67,61;14;2;12; ;REGIÓN COSTA; ; ;TOTAL NACIONAL;5,1360861552955
07135301036110004;EL ORO;01;03611;0004;2,01;2;1;1; ;REGIÓN COSTA; ; ;TOTAL NACIONAL;10,5569185646475
07135301038060002;EL ORO;01;03806;0002;4,96;3; ;3; ;REGIÓN COSTA; ; ;TOTAL NACIONAL;20,1909589386963
07135301038060003;EL ORO;01;03806;0003;5,32;6;5;1; ;REGIÓN COSTA; ; ;TOTAL NACIONAL;10,4405103304223
07135301038060004;EL ORO;01;03806;0004;8,63;2; ;2; ;REGIÓN COSTA; ; ;TOTAL NACIONAL;25,8571902670128
07135301038310001;EL ORO;01;03831;0001;11,52;4;2;2; ;REGIÓN COSTA; ; ;TOTAL NACIONAL;28,230422060402
07135301038310002;EL ORO;01;03831;0002;5,01;5;3;2; ;REGIÓN COSTA; ; ;TOTAL NACIONAL;57,3798242377837
07135301040040001;EL ORO;01;04004;0001;13,06;5;2;3; ;REGIÓN COSTA; ; ;TOTAL NACIONAL;46,2361608238776
07055001041670002;EL ORO;01;04167;0002;63,14;10; ;10; ;REGIÓN COSTA; ; ;TOTAL NACIONAL;1,1742473995438
07135301043590004;EL ORO;01;04359;0004;2,16;11;5;6; ;REGIÓN COSTA; ; ;TOTAL NACIONAL;19,1464806739727
07135301043590005;EL ORO;01;04359;0005;,48;9;3;6; ;REGIÓN COSTA; ; ;TOTAL NACIONAL;55,1276817627644
07135301043590007;EL ORO;01;04359;0007;4,21;10;5;5; ;REGIÓN COSTA; ; ;TOTAL NACIONAL;15,2452273249271
07135301043590008;EL ORO;01;04359;0008;1,14;6;2;4; ;REGIÓN COSTA; ; ;TOTAL NACIONAL;77,5831818842117
07135301043590009;EL ORO;01;04359;0009;3,99;1; ;1; ;REGIÓN COSTA; ; ;TOTAL NACIONAL;33,9614099974761
07135301043590010;EL ORO;01;04359;0010;13,24;5;2;3; ;REGIÓN COSTA; ; ;TOTAL NACIONAL;5,19673662764263
07135301043590011;EL ORO;01;04359;0011;5,22;5;2;3; ;REGIÓN COSTA; ; ;TOTAL NACIONAL;12,8940828896428
07135301046610001;EL ORO;01;04661;0001;8,04;13;2;11; ;REGIÓN COSTA; ; ;TOTAL NACIONAL;29,4862152787364
07135301046610002;EL ORO;01;04661;0002;11,92;2; ;2; ;REGIÓN COSTA; ; ;TOTAL NACIONAL;29,3922036655035
07135301048160001;EL ORO;01;04816;0001;21,27;6;2;4; ;REGIÓN COSTA; ; ;TOTAL NACIONAL;21,6189701523872
07135301048160002;EL ORO;01;04816;0002;10,16;11;3;8; ;REGIÓN COSTA; ; ;TOTAL NACIONAL;15,0444770104185
07135901063430001;EL ORO;01;06343;0001;10,21;6;3;3; ;REGIÓN COSTA; ; ;TOTAL NACIONAL;58,892399242897
07135901066510002;EL ORO;01;06651;0002;47,53;9;3;6; ;REGIÓN COSTA; ; ;TOTAL NACIONAL;6,13732947615574
07105501096050001;EL ORO;01;09605;0001;7,35;20;1;19; ;REGIÓN COSTA; ; ;TOTAL NACIONAL;64,6864500811008
07135904000400001;EL ORO;04;00040;0001;120,31;7; ;7; ;REGIÓN COSTA; ; ;TOTAL NACIONAL;4,37952702327087
07135904000400003;EL ORO;04;00040;0003;94,74;10; ;10; ;REGIÓN COSTA; ; ;TOTAL NACIONAL;11,9144748158587
07085162000990491;EL ORO;62;00099;0491;,25; ; ; ; ;REGIÓN COSTA; ; ;TOTAL NACIONAL;1
07136262000990784;EL ORO;62;00099;0784;55,5;6;2;4; ;REGIÓN COSTA; ; ;TOTAL NACIONAL;1
07045064000990724;EL ORO;64;00099;0724;7; ; ; ; ;REGIÓN COSTA; ; ;TOTAL NACIONAL;1
08045002136510005;ESMERALDAS;02;13651;0005;41;2; ;2; ;REGIÓN COSTA; ; ;TOTAL NACIONAL;37,7963659542321
08025103005320005;ESMERALDAS;03;00532;0005;103,05;2; ;2; ;REGIÓN COSTA; ; ;TOTAL NACIONAL;7,42276363952317
08075304001120001;ESMERALDAS;04;00112;0001;110,22;3;3; ; ;REGIÓN COSTA; ; ;TOTAL NACIONAL;28,3703048545621
08025104001130003;ESMERALDAS;04;00113;0003;103,05;2; ;2; ;REGIÓN COSTA; ; ;TOTAL NACIONAL;25,0952040597749
09145102047100001;GUAYAS;02;04710;0001;40;10; ;10; ;REGIÓN COSTA; ; ;TOTAL NACIONAL;37,9755393565188
09195102047690001;GUAYAS;02;04769;0001;180;30;4;26; ;REGIÓN COSTA; ; ;TOTAL NACIONAL;13,5816705866747
09145002048310005;GUAYAS;02;04831;0005;52;10;4;6; ;REGIÓN COSTA; ; ;TOTAL NACIONAL;2,82120028542244
09145002048310008;GUAYAS;02;04831;0008;10;5; ;5; ;REGIÓN COSTA; ; ;TOTAL NACIONAL;5,29277702762713
09145002048310011;GUAYAS;02;04831;0011;3,5;3; ;3; ;REGIÓN COSTA; ; ;TOTAL NACIONAL;74,392630519183
09185002048630001;GUAYAS;02;04863;0001;7;5; ;5; ;REGIÓN COSTA; ; ;TOTAL NACIONAL;62,5273271988015
09065402053520009;GUAYAS;02;05352;0009;1,75;20;4;16; ;REGIÓN COSTA; ; ;TOTAL NACIONAL;100,645029643898
09145202063250002;GUAYAS;02;06325;0002;30;30; ;30; ;REGIÓN COSTA; ; ;TOTAL NACIONAL;24,1871909286585
09065602078790006;GUAYAS;02;07879;0006;80;46;9;37; ;REGIÓN COSTA; ; ;TOTAL NACIONAL;13,5325985952329
09255002081400002;GUAYAS;02;08140;0002;720;3;1;2; ;REGIÓN COSTA; ; ;TOTAL NACIONAL;3,18094043198744
09125002087470015;GUAYAS;02;08747;0015;7,1266;8;3;5; ;REGIÓN COSTA; ; ;TOTAL NACIONAL;48,163720156037
09075002119400002;GUAYAS;02;11940;0002;23;4;2;2; ;REGIÓN COSTA; ; ;TOTAL NACIONAL;38,3930082307899
09185003005140022;GUAYAS;03;00514;0022;20;6;3;3; ;REGIÓN COSTA; ; ;TOTAL NACIONAL;62,686407805596
09165003009210004;GUAYAS;03;00921;0004;5;15;3;12; ;REGIÓN COSTA; ; ;TOTAL NACIONAL;86,411434179664
09145204001280001;GUAYAS;04;00128;0001;50;25;10;15; ;REGIÓN COSTA; ; ;TOTAL NACIONAL;11,4878483524368
09075004001760003;GUAYAS;04;00176;0003;100;20;6;14; ;REGIÓN COSTA; ; ;TOTAL NACIONAL;27,1158668746521
09075004001760007;GUAYAS;04;00176;0007;127;22;6;16; ;REGIÓN COSTA; ; ;TOTAL NACIONAL;23,2612077033676
09075004001760008;GUAYAS;04;00176;0008;9,5;22;7;15; ;REGIÓN COSTA; ; ;TOTAL NACIONAL;71,9709763564379
09195251000993386;GUAYAS;51;00099;3386;95;20; ;20; ;REGIÓN COSTA; ; ;TOTAL NACIONAL;1
09195251000993405;GUAYAS;51;00099;3405;217;19; ;19; ;REGIÓN COSTA; ; ;TOTAL NACIONAL;1
10015301021010001;IMBABURA;01;02101;0001;391,5;24;8;16;REGIÓN SIERRA; ; ; ;TOTAL NACIONAL;1,50591220052014
10065101031550002;IMBABURA;01;03155;0002;8,64;2;2; ;REGIÓN SIERRA; ; ; ;TOTAL NACIONAL;43,2855376693917
10065401057290001;IMBABURA;01;05729;0001;500;120;20;100;REGIÓN SIERRA; ; ; ;TOTAL NACIONAL;1,17912925300727
10065401057950003;IMBABURA;01;05795;0003;500;120;20;100;REGIÓN SIERRA; ; ; ;TOTAL NACIONAL;,19273522712211
10035101071330002;IMBABURA;01;07133;0002;11;11;2;9;REGIÓN SIERRA; ; ; ;TOTAL NACIONAL;16,7335115556824
10055001074860002;IMBABURA;01;07486;0002;,65;3; ;3;REGIÓN SIERRA; ; ; ;TOTAL NACIONAL;10,6121632770654
10035301078410001;IMBABURA;01;07841;0001;18;8; ;8;REGIÓN SIERRA; ; ; ;TOTAL NACIONAL;3,2911893099538
10015001086650002;IMBABURA;01;08665;0002;7;1; ;1;REGIÓN SIERRA; ; ; ;TOTAL NACIONAL;47,5897970239035
10015001087210004;IMBABURA;01;08721;0004;15;9; ;9;REGIÓN SIERRA; ; ; ;TOTAL NACIONAL;9,79004815899646
10015001094450004;IMBABURA;01;09445;0004;4,5;2; ;2;REGIÓN SIERRA; ; ; ;TOTAL NACIONAL;25,3367217883846
10055001096400002;IMBABURA;01;09640;0002;6,27;2; ;2;REGIÓN SIERRA; ; ; ;TOTAL NACIONAL;35,3550717010154
10035001098020005;IMBABURA;01;09802;0005;,32;8;3;5;REGIÓN SIERRA; ; ; ;TOTAL NACIONAL;5,42481340359247
10035001101150007;IMBABURA;01;10115;0007;1,09;4;3;1;REGIÓN SIERRA; ; ; ;TOTAL NACIONAL;49,941713009635
10035601105960004;IMBABURA;01;10596;0004;3;1; ;1;REGIÓN SIERRA; ; ; ;TOTAL NACIONAL;7,80634582296185
10035601108030006;IMBABURA;01;10803;0006;3,32;6; ;6;REGIÓN SIERRA; ; ; ;TOTAL NACIONAL;9,90913469126179
10035601111450003;IMBABURA;01;11145;0003;,04;2; ;2;REGIÓN SIERRA; ; ; ;TOTAL NACIONAL;89,4703885453798
10045001114500011;IMBABURA;01;11450;0011;8;30;10;20;REGIÓN SIERRA; ; ; ;TOTAL NACIONAL;9,79031359329143
10015401116990002;IMBABURA;01;11699;0002;,33;2; ;2;REGIÓN SIERRA; ; ; ;TOTAL NACIONAL;66,0390813041213
10015401116990016;IMBABURA;01;11699;0016;,18;3;1;2;REGIÓN SIERRA; ; ; ;TOTAL NACIONAL;67,5200296362335
10045001117130001;IMBABURA;01;11713;0001;7,87;50;10;40;REGIÓN SIERRA; ; ; ;TOTAL NACIONAL;12,983367487929
10035601121350007;IMBABURA;01;12135;0007;1,37;17;5;12;REGIÓN SIERRA; ; ; ;TOTAL NACIONAL;18,4301182648822
10015201137320002;IMBABURA;01;13732;0002;2;4; ;4;REGIÓN SIERRA; ; ; ;TOTAL NACIONAL;51,1320005194198
10015201137320003;IMBABURA;01;13732;0003;1,5;8; ;8;REGIÓN SIERRA; ; ; ;TOTAL NACIONAL;27,0109143812913
10045701138090002;IMBABURA;01;13809;0002;,7;35;2;33;REGIÓN SIERRA; ; ; ;TOTAL NACIONAL;63,0211130994829
10045701138090010;IMBABURA;01;13809;0010;,06;3; ;3;REGIÓN SIERRA; ; ; ;TOTAL NACIONAL;25,6873621614473
10045701138090011;IMBABURA;01;13809;0011;1,2;27;5;22;REGIÓN SIERRA; ; ; ;TOTAL NACIONAL;4,88712949597026
10045701138090012;IMBABURA;01;13809;0012;2;11;3;8;REGIÓN SIERRA; ; ; ;TOTAL NACIONAL;3,05636071819254
10045301143610013;IMBABURA;01;14361;0013;,32;2; ;2;REGIÓN SIERRA; ; ; ;TOTAL NACIONAL;197,2471043091
10015103004370002;IMBABURA;03;00437;0002;13,05;10;2;8;REGIÓN SIERRA; ; ; ;TOTAL NACIONAL;57,6622972157983
10015103004370006;IMBABURA;03;00437;0006;12,5;6; ;6;REGIÓN SIERRA; ; ; ;TOTAL NACIONAL;56,0867118006626
10015103004380008;IMBABURA;03;00438;0008;2,2;6; ;6;REGIÓN SIERRA; ; ; ;TOTAL NACIONAL;78,1285965088433
10015103004380028;IMBABURA;03;00438;0028;13,05;10;2;8;REGIÓN SIERRA; ; ; ;TOTAL NACIONAL;15,9564485185835
10015261000993220;IMBABURA;61;00099;3220;404;2; ;2;REGIÓN SIERRA; ; ; ;TOTAL NACIONAL;1
11115701004260001;LOJA;01;00426;0001;35,32;4; ;4;REGIÓN SIERRA; ; ; ;TOTAL NACIONAL;16,4308738377596
11115701004360001;LOJA;01;00436;0001;18,72;15;5;10;REGIÓN SIERRA; ; ; ;TOTAL NACIONAL;31,9009474964703
11115701004870001;LOJA;01;00487;0001;35,32;4; ;4;REGIÓN SIERRA; ; ; ;TOTAL NACIONAL;16,8176881805175
11115401010690002;LOJA;01;01069;0002;16,02;10;4;6;REGIÓN SIERRA; ; ; ;TOTAL NACIONAL;16,8142287411234
11115101013530001;LOJA;01;01353;0001;14,02;4;1;3;REGIÓN SIERRA; ; ; ;TOTAL NACIONAL;42,5952736900089
11115101013770002;LOJA;01;01377;0002;12,57;2;1;1;REGIÓN SIERRA; ; ; ;TOTAL NACIONAL;25,0830678612151
11115101013770003;LOJA;01;01377;0003;5,04;2; ;2;REGIÓN SIERRA; ; ; ;TOTAL NACIONAL;2,34213718333609
11115901015820004;LOJA;01;01582;0004;6,55;2; ;2;REGIÓN SIERRA; ; ; ;TOTAL NACIONAL;3,49978119287857
11115901015820006;LOJA;01;01582;0006;1,12;3; ;3;REGIÓN SIERRA; ; ; ;TOTAL NACIONAL;48,1640129558503
11115901015820008;LOJA;01;01582;0008;1,69;3;1;2;REGIÓN SIERRA; ; ; ;TOTAL NACIONAL;53,6432920749328
11115901015820011;LOJA;01;01582;0011;,28;3;1;2;REGIÓN SIERRA; ; ; ;TOTAL NACIONAL;67,1307483680587
11115001017520001;LOJA;01;01752;0001;,09;2; ;2;REGIÓN SIERRA; ; ; ;TOTAL NACIONAL;59,5711204449643
11115001017520002;LOJA;01;01752;0002;,15;3; ;3;REGIÓN SIERRA; ; ; ;TOTAL NACIONAL;22,0295183031626
11115001017520003;LOJA;01;01752;0003;1,68;1; ;1;REGIÓN SIERRA; ; ; ;TOTAL NACIONAL;2,8279430409252
11115001017520004;LOJA;01;01752;0004;,77;6; ;6;REGIÓN SIERRA; ; ; ;TOTAL NACIONAL;56,9437712984268
11115001017520005;LOJA;01;01752;0005;1,4;4; ;4;REGIÓN SIERRA; ; ; ;TOTAL NACIONAL;8,04778874328099
11115001017520006;LOJA;01;01752;0006;,05;4; ;4;REGIÓN SIERRA; ; ; ;TOTAL NACIONAL;61,3110690124163
11115001017520009;LOJA;01;01752;0009;1,59;5; ;5;REGIÓN SIERRA; ; ; ;TOTAL NACIONAL;4,65729757261677
11115001017520010;LOJA;01;01752;0010;,14;2; ;2;REGIÓN SIERRA; ; ; ;TOTAL NACIONAL;59,8607607936624
11115001017520011;LOJA;01;01752;0011;,02;5; ;5;REGIÓN SIERRA; ; ; ;TOTAL NACIONAL;59,3868038594292
11115001017520013;LOJA;01;01752;0013;,15;4; ;4;REGIÓN SIERRA; ; ; ;TOTAL NACIONAL;79,4478210290762
11115001017520014;LOJA;01;01752;0014;,26;1; ;1;REGIÓN SIERRA; ; ; ;TOTAL NACIONAL;61,1477361612343
11115001017520018;LOJA;01;01752;0018;,09;4; ;4;REGIÓN SIERRA; ; ; ;TOTAL NACIONAL;56,1059686369033
11115001017520022;LOJA;01;01752;0022;,24;5; ;5;REGIÓN SIERRA; ; ; ;TOTAL NACIONAL;25,9886385604578
11115001017520025;LOJA;01;01752;0025;,26;3; ;3;REGIÓN SIERRA; ; ; ;TOTAL NACIONAL;37,4389519818576
11115001017520028;LOJA;01;01752;0028;,85;6; ;6;REGIÓN SIERRA; ; ; ;TOTAL NACIONAL;68,1572375283176
11115001017520032;LOJA;01;01752;0032;1,34;9;4;5;REGIÓN SIERRA; ; ; ;TOTAL NACIONAL;29,9632744228638
11115001017520033;LOJA;01;01752;0033;,71;5;2;3;REGIÓN SIERRA; ; ; ;TOTAL NACIONAL;55,3822015376469
11115901019330001;LOJA;01;01933;0001;5,12;3;1;2;REGIÓN SIERRA; ; ; ;TOTAL NACIONAL;39,3199115986182
11115901019330003;LOJA;01;01933;0003;3,82;2; ;2;REGIÓN SIERRA; ; ; ;TOTAL NACIONAL;20,9622963226649
11115901019330004;LOJA;01;01933;0004;3,39;4;1;3;REGIÓN SIERRA; ; ; ;TOTAL NACIONAL;41,2490731706337
11115901019330005;LOJA;01;01933;0005;2,02;2; ;2;REGIÓN SIERRA; ; ; ;TOTAL NACIONAL;33,5120401003317
11115001020420003;LOJA;01;02042;0003;5,39;5; ;5;REGIÓN SIERRA; ; ; ;TOTAL NACIONAL;11,425439757452
11115001020420004;LOJA;01;02042;0004;8,54;2; ;2;REGIÓN SIERRA; ; ; ;TOTAL NACIONAL;34,7053022645863
11015401023280001;LOJA;01;02328;0001;17,48;5;2;3;REGIÓN SIERRA; ; ; ;TOTAL NACIONAL;34,1639437719637
11015401024390001;LOJA;01;02439;0001;20,98;3; ;3;REGIÓN SIERRA; ; ; ;TOTAL NACIONAL;28,4645251255446
11015901025980003;LOJA;01;02598;0003;1,24;1; ;1;REGIÓN SIERRA; ; ; ;TOTAL NACIONAL;39,068575867516
11015401027750001;LOJA;01;02775;0001;14,63;5;2;3;REGIÓN SIERRA; ; ; ;TOTAL NACIONAL;17,0769631461734
11015401027770001;LOJA;01;02777;0001;36,64;2; ;2;REGIÓN SIERRA; ; ; ;TOTAL NACIONAL;16,2987373671923
11015901029350001;LOJA;01;02935;0001;25,86;4;2;2;REGIÓN SIERRA; ; ; ;TOTAL NACIONAL;7,98582611361139
11015201037320006;LOJA;01;03732;0006;1,82;2; ;2;REGIÓN SIERRA; ; ; ;TOTAL NACIONAL;23,4134725511237
11015201037320010;LOJA;01;03732;0010;2,47;2; ;2;REGIÓN SIERRA; ; ; ;TOTAL NACIONAL;14,5548912451264
11015201037320012;LOJA;01;03732;0012;25,2;1; ;1;REGIÓN SIERRA; ; ; ;TOTAL NACIONAL;3,63788277964828
11016001039000004;LOJA;01;03900;0004;10,14;6;2;4;REGIÓN SIERRA; ; ; ;TOTAL NACIONAL;19,2596653685357
11016001048440001;LOJA;01;04844;0001;14,21;1; ;1;REGIÓN SIERRA; ; ; ;TOTAL NACIONAL;13,470821852008
11015101051110004;LOJA;01;05111;0004;,81;1; ;1;REGIÓN SIERRA; ; ; ;TOTAL NACIONAL;51,7971545654706
11015101051110010;LOJA;01;05111;0010;1,44;2; ;2;REGIÓN SIERRA; ; ; ;TOTAL NACIONAL;49,0422148462392
11015001066390002;LOJA;01;06639;0002;4,18;7;3;4;REGIÓN SIERRA; ; ; ;TOTAL NACIONAL;22,7428648380323
11016001067760007;LOJA;01;06776;0007;11,97;1; ;1;REGIÓN SIERRA; ; ; ;TOTAL NACIONAL;4,35660784887448
11015001070940002;LOJA;01;07094;0002;8,85;22;4;18;REGIÓN SIERRA; ; ; ;TOTAL NACIONAL;37,431195515614
11145301131820002;LOJA;01;13182;0002;18,75;12;12; ;REGIÓN SIERRA; ; ; ;TOTAL NACIONAL;1,44527292298905
11015001134400001;LOJA;01;13440;0001;7,82;20;8;12;REGIÓN SIERRA; ; ; ;TOTAL NACIONAL;7,5680993522981
11025101164820001;LOJA;01;16482;0001;9,77;6;5;1;REGIÓN SIERRA; ; ; ;TOTAL NACIONAL;60,9414284426839
11025001173860004;LOJA;01;17386;0004;5,46;28;6;22;REGIÓN SIERRA; ; ; ;TOTAL NACIONAL;83,347204374389
11025001191390001;LOJA;01;19139;0001;700;15; ;15;REGIÓN SIERRA; ; ; ;TOTAL NACIONAL;,850568222692887
11115403001000004;LOJA;03;00100;0004;16,28;4; ;4;REGIÓN SIERRA; ; ; ;TOTAL NACIONAL;82,4644985300024
11115403001130001;LOJA;03;00113;0001;1,12;4; ;4;REGIÓN SIERRA; ; ; ;TOTAL NACIONAL;121,421753399341
11115403001130008;LOJA;03;00113;0008;3,34;6;3;3;REGIÓN SIERRA; ; ; ;TOTAL NACIONAL;87,661713898827
11115403001130012;LOJA;03;00113;0012;26,42;4; ;4;REGIÓN SIERRA; ; ; ;TOTAL NACIONAL;68,1006973707554
11115403001130013;LOJA;03;00113;0013;14,11;2; ;2;REGIÓN SIERRA; ; ; ;TOTAL NACIONAL;66,2446735925644
11115403001130014;LOJA;03;00113;0014;6,58;4; ;4;REGIÓN SIERRA; ; ; ;TOTAL NACIONAL;49,8467931991646
11115203001280001;LOJA;03;00128;0001;29,23;8;3;5;REGIÓN SIERRA; ; ; ;TOTAL NACIONAL;51,8774761471837
11115203001280004;LOJA;03;00128;0004;5,27;6;3;3;REGIÓN SIERRA; ; ; ;TOTAL NACIONAL;40,1399387178337
11115203001280007;LOJA;03;00128;0007;33,1;7;2;5;REGIÓN SIERRA; ; ; ;TOTAL NACIONAL;78,812984552188
11016003005910004;LOJA;03;00591;0004;5,02;6;3;3;REGIÓN SIERRA; ; ; ;TOTAL NACIONAL;50,8442980156452
11016003005910008;LOJA;03;00591;0008;25,59;1; ;1;REGIÓN SIERRA; ; ; ;TOTAL NACIONAL;43,683735685634
11115404000260001;LOJA;04;00026;0001;22,01;9;3;6;REGIÓN SIERRA; ; ; ;TOTAL NACIONAL;24,2465601730817
11115404000260003;LOJA;04;00026;0003;84,01;20;6;14;REGIÓN SIERRA; ; ; ;TOTAL NACIONAL;21,3118567913638
11115404000260004;LOJA;04;00026;0004;54,15;3;1;2;REGIÓN SIERRA; ; ; ;TOTAL NACIONAL;29,9293011719888
11115404000260005;LOJA;04;00026;0005;36,24;1;1; ;REGIÓN SIERRA; ; ; ;TOTAL NACIONAL;25,8922138763282
11135104001450010;LOJA;04;00145;0010;19,5;20;4;16;REGIÓN SIERRA; ; ; ;TOTAL NACIONAL;57,9495420093487
11065104002620011;LOJA;04;00262;0011;436,01;12; ;12;REGIÓN SIERRA; ; ; ;TOTAL NACIONAL;16,829780063509
12115002011960001;LOS RÍOS;02;01196;0001;430;11; ;11; ;REGIÓN COSTA; ; ;TOTAL NACIONAL;0
12085102114260021;LOS RÍOS;02;11426;0021;2,5;2;2; ; ;REGIÓN COSTA; ; ;TOTAL NACIONAL;80,2480305620487
12115061000992436;LOS RÍOS;61;00099;2436;430;11; ;11; ;REGIÓN COSTA; ; ;TOTAL NACIONAL;1
13145702073910001;MANABÍ;02;07391;0001;28;1; ;1; ;REGIÓN COSTA; ; ;TOTAL NACIONAL;30,7826304194818
13055002085420001;MANABÍ;02;08542;0001;1000;6; ;6; ;REGIÓN COSTA; ; ;TOTAL NACIONAL;0
13035102126060004;MANABÍ;02;12606;0004;130;30; ;30; ;REGIÓN COSTA; ; ;TOTAL NACIONAL;2,43773847079067
13115002200020001;MANABÍ;02;20002;0001;20,6;1; ;1; ;REGIÓN COSTA; ; ;TOTAL NACIONAL;29,8979788658435
13105102250140001;MANABÍ;02;25014;0001;300;23; ;23; ;REGIÓN COSTA; ; ;TOTAL NACIONAL;7,57024442832413
13105202257230001;MANABÍ;02;25723;0001;22;15; ;15; ;REGIÓN COSTA; ; ;TOTAL NACIONAL;21,2278987576115
13055061000992383;MANABÍ;61;00099;2383;1000;6; ;6; ;REGIÓN COSTA; ; ;TOTAL NACIONAL;1
13135162000990497;MANABÍ;62;00099;0497;20;3; ;3; ;REGIÓN COSTA; ; ;TOTAL NACIONAL;1
13135064000992071;MANABÍ;64;00099;2071;40;3; ;3; ;REGIÓN COSTA; ; ;TOTAL NACIONAL;1
14045501005190001;MORONA SANTIAGO;01;00519;0001;100;3; ;3; ; ;REGIÓN AMAZÓNICA; ;TOTAL NACIONAL;5,84295575762737
14015301035250001;MORONA SANTIAGO;01;03525;0001;22,07;2; ;2; ; ;REGIÓN AMAZÓNICA; ;TOTAL NACIONAL;4,44509411737941
14015301035250002;MORONA SANTIAGO;01;03525;0002;30,09;4;1;3; ; ;REGIÓN AMAZÓNICA; ;TOTAL NACIONAL;16,1579378063202
14015001040020001;MORONA SANTIAGO;01;04002;0001;18,05;4;2;2; ; ;REGIÓN AMAZÓNICA; ;TOTAL NACIONAL;16,3656712790276
14115002000820004;MORONA SANTIAGO;02;00082;0004;26,53;3; ;3; ; ;REGIÓN AMAZÓNICA; ;TOTAL NACIONAL;16,8135449658141
14115003002230001;MORONA SANTIAGO;03;00223;0001;212,72;27; ;27; ; ;REGIÓN AMAZÓNICA; ;TOTAL NACIONAL;48,5200465613016
15015403010740008;NAPO;03;01074;0008;70;100;30;70; ; ;REGIÓN AMAZÓNICA; ;TOTAL NACIONAL;54,6760491727521
16015401027080001;PASTAZA;01;02708;0001;9,98;6;2;4; ; ;REGIÓN AMAZÓNICA; ;TOTAL NACIONAL;58,9529430153464
16016201039390002;PASTAZA;01;03939;0002;20;5;1;4; ; ;REGIÓN AMAZÓNICA; ;TOTAL NACIONAL;,166699271866395
16025203011200008;PASTAZA;03;01120;0008;11,29;16;5;11; ; ;REGIÓN AMAZÓNICA; ;TOTAL NACIONAL;18,390314168502
16016604002320011;PASTAZA;04;00232;0011;4;4;1;3; ; ;REGIÓN AMAZÓNICA; ;TOTAL NACIONAL;37,5860127885668
17016801006970005;PICHINCHA;01;00697;0005;31,85;15;7;8;REGIÓN SIERRA; ; ; ;TOTAL NACIONAL;1,50364793052616
17018101010970003;PICHINCHA;01;01097;0003;8; ; ; ;REGIÓN SIERRA; ; ; ;TOTAL NACIONAL;47,2784697274614
17016801021090001;PICHINCHA;01;02109;0001;240;6;3;3;REGIÓN SIERRA; ; ; ;TOTAL NACIONAL;1,72059208244858
17085001022730001;PICHINCHA;01;02273;0001;120;53;15;38;REGIÓN SIERRA; ; ; ;TOTAL NACIONAL;4,88220605415844
17016101027510001;PICHINCHA;01;02751;0001;17;4; ;4;REGIÓN SIERRA; ; ; ;TOTAL NACIONAL;24,8115626262942
17025301034110003;PICHINCHA;01;03411;0003;5;3; ;3;REGIÓN SIERRA; ; ; ;TOTAL NACIONAL;24,112890221085
17025601041790001;PICHINCHA;01;04179;0001;,56;3;1;2;REGIÓN SIERRA; ; ; ;TOTAL NACIONAL;59,1906876084755
17025601041870001;PICHINCHA;01;04187;0001;4,21;4; ;4;REGIÓN SIERRA; ; ; ;TOTAL NACIONAL;22,0717303109254
17025301042030002;PICHINCHA;01;04203;0002;1,22;2; ;2;REGIÓN SIERRA; ; ; ;TOTAL NACIONAL;,650960807221126
17025301042450003;PICHINCHA;01;04245;0003;4,5;6;1;5;REGIÓN SIERRA; ; ; ;TOTAL NACIONAL;3,70758344201721
17025301042450007;PICHINCHA;01;04245;0007;1,75;2; ;2;REGIÓN SIERRA; ; ; ;TOTAL NACIONAL;27,0874091324814
17045401045660003;PICHINCHA;01;04566;0003;5;2; ;2;REGIÓN SIERRA; ; ; ;TOTAL NACIONAL;1,33495237436599
17045401045660008;PICHINCHA;01;04566;0008;1,5;4; ;4;REGIÓN SIERRA; ; ; ;TOTAL NACIONAL;63,0475855220943
17025301046240003;PICHINCHA;01;04624;0003;3,77;4;1;3;REGIÓN SIERRA; ; ; ;TOTAL NACIONAL;61,85854355092
17025301046240005;PICHINCHA;01;04624;0005;3,42;3;1;2;REGIÓN SIERRA; ; ; ;TOTAL NACIONAL;,445394236519718
17025301046390001;PICHINCHA;01;04639;0001;5,13;3; ;3;REGIÓN SIERRA; ; ; ;TOTAL NACIONAL;26,4736750897746
17025301046390003;PICHINCHA;01;04639;0003;3,22;4;4; ;REGIÓN SIERRA; ; ; ;TOTAL NACIONAL;57,3694589668358
17025301049990005;PICHINCHA;01;04999;0005;3,82;1; ;1;REGIÓN SIERRA; ; ; ;TOTAL NACIONAL;15,1145742661487
17025301049990006;PICHINCHA;01;04999;0006;5;3; ;3;REGIÓN SIERRA; ; ; ;TOTAL NACIONAL;27,3814872232111
17045401050420001;PICHINCHA;01;05042;0001;2;2; ;2;REGIÓN SIERRA; ; ; ;TOTAL NACIONAL;13,6828892404546
17025601056620001;PICHINCHA;01;05662;0001;10,29;5;1;4;REGIÓN SIERRA; ; ; ;TOTAL NACIONAL;45,040604540453
17045401057200001;PICHINCHA;01;05720;0001;3;1;1; ;REGIÓN SIERRA; ; ; ;TOTAL NACIONAL;90,1326473170455
17045401057200002;PICHINCHA;01;05720;0002;2;2; ;2;REGIÓN SIERRA; ; ; ;TOTAL NACIONAL;9,91454082611065
17045401057200004;PICHINCHA;01;05720;0004;,67;8;3;5;REGIÓN SIERRA; ; ; ;TOTAL NACIONAL;166,295037700418
17045401057200005;PICHINCHA;01;05720;0005;,74;7;3;4;REGIÓN SIERRA; ; ; ;TOTAL NACIONAL;147,521276341046
17045401060490006;PICHINCHA;01;06049;0006;,6;6;2;4;REGIÓN SIERRA; ; ; ;TOTAL NACIONAL;91,6236633985654
17045401062940001;PICHINCHA;01;06294;0001;20;4;2;2;REGIÓN SIERRA; ; ; ;TOTAL NACIONAL;22,2480662781006
17045301084560001;PICHINCHA;01;08456;0001;27,74;24;9;15;REGIÓN SIERRA; ; ; ;TOTAL NACIONAL;21,0630642157728
17045301085290001;PICHINCHA;01;08529;0001;70,5;5; ;5;REGIÓN SIERRA; ; ; ;TOTAL NACIONAL;10,3876724556563
17045101086930003;PICHINCHA;01;08693;0003;,43;2; ;2;REGIÓN SIERRA; ; ; ;TOTAL NACIONAL;87,5201666685381
17045101086930004;PICHINCHA;01;08693;0004;,5;3;3; ;REGIÓN SIERRA; ; ; ;TOTAL NACIONAL;53,460156293035
17045001098380006;PICHINCHA;01;09838;0006;2;2; ;2;REGIÓN SIERRA; ; ; ;TOTAL NACIONAL;26,7577439808244
17015401100140004;PICHINCHA;01;10014;0004;,51;3; ;3;REGIÓN SIERRA; ; ; ;TOTAL NACIONAL;24,7365106744028
17025001113080004;PICHINCHA;01;11308;0004;4;6; ;6;REGIÓN SIERRA; ; ; ;TOTAL NACIONAL;13,0240983504767
17025001113230001;PICHINCHA;01;11323;0001;3,5;2; ;2;REGIÓN SIERRA; ; ; ;TOTAL NACIONAL;39,7495267769426
17025201125310008;PICHINCHA;01;12531;0008;,75;3;1;2;REGIÓN SIERRA; ; ; ;TOTAL NACIONAL;51,6862880933574
17015401139440001;PICHINCHA;01;13944;0001;10;20;10;10;REGIÓN SIERRA; ; ; ;TOTAL NACIONAL;24,2001189692526
17025201148610001;PICHINCHA;01;14861;0001;7;4; ;4;REGIÓN SIERRA; ; ; ;TOTAL NACIONAL;38,6938078392315
17025201155230006;PICHINCHA;01;15523;0006;1,17;5; ;5;REGIÓN SIERRA; ; ; ;TOTAL NACIONAL;69,7362628864068
17015001155770014;PICHINCHA;01;15577;0014;,6;3;3; ;REGIÓN SIERRA; ; ; ;TOTAL NACIONAL;12,0210762400168
17025201165490008;PICHINCHA;01;16549;0008;1;3; ;3;REGIÓN SIERRA; ; ; ;TOTAL NACIONAL;181,214378378606
17025201165490012;PICHINCHA;01;16549;0012;,2;2; ;2;REGIÓN SIERRA; ; ; ;TOTAL NACIONAL;191,981831217962
17018301165910002;PICHINCHA;01;16591;0002;11;1190;350;840;REGIÓN SIERRA; ; ; ;TOTAL NACIONAL;0
17016001166710002;PICHINCHA;01;16671;0002;11;1190;350;840;REGIÓN SIERRA; ; ; ;TOTAL NACIONAL;0
17016001166710004;PICHINCHA;01;16671;0004;2;5;1;4;REGIÓN SIERRA; ; ; ;TOTAL NACIONAL;49,4892953689861
17025201167420008;PICHINCHA;01;16742;0008;1,4;1; ;1;REGIÓN SIERRA; ; ; ;TOTAL NACIONAL;,156928051740807
17025201167420009;PICHINCHA;01;16742;0009;3;6; ;6;REGIÓN SIERRA; ; ; ;TOTAL NACIONAL;10,8656208071993
17016001168860003;PICHINCHA;01;16886;0003;2;3; ;3;REGIÓN SIERRA; ; ; ;TOTAL NACIONAL;51,1573824374903
17016001168860006;PICHINCHA;01;16886;0006;4;8;5;3;REGIÓN SIERRA; ; ; ;TOTAL NACIONAL;70,9710020072833
17016001169120001;PICHINCHA;01;16912;0001;9;1; ;1;REGIÓN SIERRA; ; ; ;TOTAL NACIONAL;46,3140532093186
17016001169120002;PICHINCHA;01;16912;0002;13;9;5;4;REGIÓN SIERRA; ; ; ;TOTAL NACIONAL;24,2695714799923
17016001169900001;PICHINCHA;01;16990;0001;13;9;5;4;REGIÓN SIERRA; ; ; ;TOTAL NACIONAL;3,65552652142205
17016001169900002;PICHINCHA;01;16990;0002;9;1; ;1;REGIÓN SIERRA; ; ; ;TOTAL NACIONAL;40,3215652665948
17015901179310001;PICHINCHA;01;17931;0001;5;2; ;2;REGIÓN SIERRA; ; ; ;TOTAL NACIONAL;16,1776779810594
17018501182540007;PICHINCHA;01;18254;0007;,18;1;1; ;REGIÓN SIERRA; ; ; ;TOTAL NACIONAL;67,048963143776
17018501182540013;PICHINCHA;01;18254;0013;,28;1; ;1;REGIÓN SIERRA; ; ; ;TOTAL NACIONAL;59,7024054622804
17018501182540020;PICHINCHA;01;18254;0020;,2;1;1; ;REGIÓN SIERRA; ; ; ;TOTAL NACIONAL;78,636065512312
17018501183230001;PICHINCHA;01;18323;0001;10,28;40;15;25;REGIÓN SIERRA; ; ; ;TOTAL NACIONAL;,0797870250095933
17018501183230003;PICHINCHA;01;18323;0003;1,11;1;1; ;REGIÓN SIERRA; ; ; ;TOTAL NACIONAL;31,2167961877302
17018501183230004;PICHINCHA;01;18323;0004;1,6;2;1;1;REGIÓN SIERRA; ; ; ;TOTAL NACIONAL;52,5569481730157
17016601195810002;PICHINCHA;01;19581;0002;8,05;3;2;1;REGIÓN SIERRA; ; ; ;TOTAL NACIONAL;13,332162520068
17016401214830011;PICHINCHA;01;21483;0011;,2;2;2; ;REGIÓN SIERRA; ; ; ;TOTAL NACIONAL;39,4956002595123
17017601219990001;PICHINCHA;01;21999;0001;95;12;5;7;REGIÓN SIERRA; ; ; ;TOTAL NACIONAL;4,24967771611021
17017601220850002;PICHINCHA;01;22085;0002;95;12;5;7;REGIÓN SIERRA; ; ; ;TOTAL NACIONAL;3,41480335030156
17015201226420019;PICHINCHA;01;22642;0019;70;300;100;200;REGIÓN SIERRA; ; ; ;TOTAL NACIONAL;6,62998669725587
17017601232010001;PICHINCHA;01;23201;0001;560;60;20;40;REGIÓN SIERRA; ; ; ;TOTAL NACIONAL;,986565976244004
17017601234820001;PICHINCHA;01;23482;0001;560;60;20;40;REGIÓN SIERRA; ; ; ;TOTAL NACIONAL;1,04617538730525
17017601238760001;PICHINCHA;01;23876;0001;400;150; ;150;REGIÓN SIERRA; ; ; ;TOTAL NACIONAL;0
17017601238880001;PICHINCHA;01;23888;0001;400;150; ;150;REGIÓN SIERRA; ; ; ;TOTAL NACIONAL;0
17017601243370002;PICHINCHA;01;24337;0002;350;2; ;2;REGIÓN SIERRA; ; ; ;TOTAL NACIONAL;,561639685030285
17035001245570005;PICHINCHA;01;24557;0005;37,43;2;1;1;REGIÓN SIERRA; ; ; ;TOTAL NACIONAL;11,466847798512
17035201246730009;PICHINCHA;01;24673;0009;1,48;2; ;2;REGIÓN SIERRA; ; ; ;TOTAL NACIONAL;1,32793084318202
17035001248380001;PICHINCHA;01;24838;0001;7,3;2; ;2;REGIÓN SIERRA; ; ; ;TOTAL NACIONAL;34,01582322227
17035201251570001;PICHINCHA;01;25157;0001;4,54;2; ;2;REGIÓN SIERRA; ; ; ;TOTAL NACIONAL;12,444670792626
17035201251570004;PICHINCHA;01;25157;0004;86;8;2;6;REGIÓN SIERRA; ; ; ;TOTAL NACIONAL;2,34313732634204
17035401258480005;PICHINCHA;01;25848;0005;1;2; ;2;REGIÓN SIERRA; ; ; ;TOTAL NACIONAL;49,3991392939983
17017203000780006;PICHINCHA;03;00078;0006;45;9; ;9;REGIÓN SIERRA; ; ; ;TOTAL NACIONAL;12,9454050873856
17025403005790001;PICHINCHA;03;00579;0001;222;140;60;80;REGIÓN SIERRA; ; ; ;TOTAL NACIONAL;13,2628875974173
17017603008210003;PICHINCHA;03;00821;0003;20;6; ;6;REGIÓN SIERRA; ; ; ;TOTAL NACIONAL;41,9277735701452
17017603008210005;PICHINCHA;03;00821;0005;1000;250;25;225;REGIÓN SIERRA; ; ; ;TOTAL NACIONAL;0
17075104001120001;PICHINCHA;04;00112;0001;76,5;10;3;7;REGIÓN SIERRA; ; ; ;TOTAL NACIONAL;12,3287159545984
17017661000992865;PICHINCHA;61;00099;2865;400;150; ;150;REGIÓN SIERRA; ; ; ;TOTAL NACIONAL;1
17017661000992930;PICHINCHA;61;00099;2930;1000;250;25;225;REGIÓN SIERRA; ; ; ;TOTAL NACIONAL;1
17018564000991295;PICHINCHA;64;00099;1295;11;1190;350;840;REGIÓN SIERRA; ; ; ;TOTAL NACIONAL;1
18085501000500002;TUNGURAHUA;01;00050;0002;,44;1;1; ;REGIÓN SIERRA; ; ; ;TOTAL NACIONAL;68,4181176402543
18015301007350001;TUNGURAHUA;01;00735;0001;1,09;4;4; ;REGIÓN SIERRA; ; ; ;TOTAL NACIONAL;41,0943354318027
18015301007350002;TUNGURAHUA;01;00735;0002;1,84;12;4;8;REGIÓN SIERRA; ; ; ;TOTAL NACIONAL;64,7393418601965
18015301007350003;TUNGURAHUA;01;00735;0003;,74;18;6;12;REGIÓN SIERRA; ; ; ;TOTAL NACIONAL;33,9701297334002
18015301007350004;TUNGURAHUA;01;00735;0004;3,26;10;4;6;REGIÓN SIERRA; ; ; ;TOTAL NACIONAL;28,6102192683641
18015301007350005;TUNGURAHUA;01;00735;0005;,43;16;3;13;REGIÓN SIERRA; ; ; ;TOTAL NACIONAL;16,3268661010583
18015301007350007;TUNGURAHUA;01;00735;0007;,39;8; ;8;REGIÓN SIERRA; ; ; ;TOTAL NACIONAL;63,1140063016179
18015301007350009;TUNGURAHUA;01;00735;0009;,69;8;4;4;REGIÓN SIERRA; ; ; ;TOTAL NACIONAL;24,3700038200894
18015301007350010;TUNGURAHUA;01;00735;0010;,52;1;1; ;REGIÓN SIERRA; ; ; ;TOTAL NACIONAL;14,0672765241644
18015301007350014;TUNGURAHUA;01;00735;0014;,26;4;1;3;REGIÓN SIERRA; ; ; ;TOTAL NACIONAL;33,0669076077854
18015301007350017;TUNGURAHUA;01;00735;0017;,88;8;4;4;REGIÓN SIERRA; ; ; ;TOTAL NACIONAL;37,1682427823985
18015301007350018;TUNGURAHUA;01;00735;0018;,39;8; ;8;REGIÓN SIERRA; ; ; ;TOTAL NACIONAL;66,804883863116
18016701007520032;TUNGURAHUA;01;00752;0032;,45;1; ;1;REGIÓN SIERRA; ; ; ;TOTAL NACIONAL;40,3195558180152
18085001008810012;TUNGURAHUA;01;00881;0012;68;1; ;1;REGIÓN SIERRA; ; ; ;TOTAL NACIONAL;5,22971691957172
18015401012350001;TUNGURAHUA;01;01235;0001;,3;2; ;2;REGIÓN SIERRA; ; ; ;TOTAL NACIONAL;9,20370650108122
18015401012350002;TUNGURAHUA;01;01235;0002;,27;3;2;1;REGIÓN SIERRA; ; ; ;TOTAL NACIONAL;18,7321356643912
18015401012350003;TUNGURAHUA;01;01235;0003;,73;1; ;1;REGIÓN SIERRA; ; ; ;TOTAL NACIONAL;52,1192819292871
18015401012350006;TUNGURAHUA;01;01235;0006;,55;5;3;2;REGIÓN SIERRA; ; ; ;TOTAL NACIONAL;56,7092661232066
18015401012350008;TUNGURAHUA;01;01235;0008;,43;7;2;5;REGIÓN SIERRA; ; ; ;TOTAL NACIONAL;83,7493672136301
18015401012350009;TUNGURAHUA;01;01235;0009;3,03;3; ;3;REGIÓN SIERRA; ; ; ;TOTAL NACIONAL;53,8117324402759
18015401012350010;TUNGURAHUA;01;01235;0010;1,41;2; ;2;REGIÓN SIERRA; ; ; ;TOTAL NACIONAL;57,6890587987505
18015401014030001;TUNGURAHUA;01;01403;0001;,64;2; ;2;REGIÓN SIERRA; ; ; ;TOTAL NACIONAL;57,2633231329768
18015401014030002;TUNGURAHUA;01;01403;0002;,08;2; ;2;REGIÓN SIERRA; ; ; ;TOTAL NACIONAL;38,6441171957424
18015401014030006;TUNGURAHUA;01;01403;0006;,35;1; ;1;REGIÓN SIERRA; ; ; ;TOTAL NACIONAL;78,6318696076634
18015401014030008;TUNGURAHUA;01;01403;0008;,78;2; ;2;REGIÓN SIERRA; ; ; ;TOTAL NACIONAL;88,9165957997275
18015401014030017;TUNGURAHUA;01;01403;0017;,26;3;1;2;REGIÓN SIERRA; ; ; ;TOTAL NACIONAL;91,78960844703
18015401020550003;TUNGURAHUA;01;02055;0003;,53;8;3;5;REGIÓN SIERRA; ; ; ;TOTAL NACIONAL;60,6763177852288
18015401020550007;TUNGURAHUA;01;02055;0007;,6;6;2;4;REGIÓN SIERRA; ; ; ;TOTAL NACIONAL;46,0321635873094
18015401020550009;TUNGURAHUA;01;02055;0009;,24;2; ;2;REGIÓN SIERRA; ; ; ;TOTAL NACIONAL;79,5032852007646
18015401020550013;TUNGURAHUA;01;02055;0013;,8;5; ;5;REGIÓN SIERRA; ; ; ;TOTAL NACIONAL;71,1849174693001
18016201026810002;TUNGURAHUA;01;02681;0002;,2;3;1;2;REGIÓN SIERRA; ; ; ;TOTAL NACIONAL;38,2433633877866
18016201026810007;TUNGURAHUA;01;02681;0007;8,4;4;1;3;REGIÓN SIERRA; ; ; ;TOTAL NACIONAL;8,05869562120737
18016201026810014;TUNGURAHUA;01;02681;0014;,75;1; ;1;REGIÓN SIERRA; ; ; ;TOTAL NACIONAL;14,8480648955832
18016201026810015;TUNGURAHUA;01;02681;0015;,1;2;1;1;REGIÓN SIERRA; ; ; ;TOTAL NACIONAL;21,9187797004423
18016201026810025;TUNGURAHUA;01;02681;0025;,28;3; ;3;REGIÓN SIERRA; ; ; ;TOTAL NACIONAL;22,8534824595229
18016501030290004;TUNGURAHUA;01;03029;0004;,25;7;1;6;REGIÓN SIERRA; ; ; ;TOTAL NACIONAL;39,1266574951178
18016501030290006;TUNGURAHUA;01;03029;0006;,25;2; ;2;REGIÓN SIERRA; ; ; ;TOTAL NACIONAL;60,2995443938137
18016501030290008;TUNGURAHUA;01;03029;0008;,35;7;2;5;REGIÓN SIERRA; ; ; ;TOTAL NACIONAL;50,9226063147161
18016501030290010;TUNGURAHUA;01;03029;0010;,13;6;2;4;REGIÓN SIERRA; ; ; ;TOTAL NACIONAL;53,3499574798365
18016501030290014;TUNGURAHUA;01;03029;0014;,3;10;3;7;REGIÓN SIERRA; ; ; ;TOTAL NACIONAL;34,5248042445772
18016501030290018;TUNGURAHUA;01;03029;0018;1,11;6;2;4;REGIÓN SIERRA; ; ; ;TOTAL NACIONAL;42,4169796219934
18016501030290020;TUNGURAHUA;01;03029;0020;,6;4;1;3;REGIÓN SIERRA; ; ; ;TOTAL NACIONAL;16,0301523182339
18016501030290021;TUNGURAHUA;01;03029;0021;,11;3;1;2;REGIÓN SIERRA; ; ; ;TOTAL NACIONAL;64,001647103598
18016501030290022;TUNGURAHUA;01;03029;0022;,93;4;1;3;REGIÓN SIERRA; ; ; ;TOTAL NACIONAL;35,2332687336911
18016501030290024;TUNGURAHUA;01;03029;0024;1,02;2;1;1;REGIÓN SIERRA; ; ; ;TOTAL NACIONAL;52,1829888390687
18016501030290025;TUNGURAHUA;01;03029;0025;,55;4;2;2;REGIÓN SIERRA; ; ; ;TOTAL NACIONAL;42,6003528397741
18016501030290028;TUNGURAHUA;01;03029;0028;,35;1; ;1;REGIÓN SIERRA; ; ; ;TOTAL NACIONAL;84,9270926900717
18016501031590002;TUNGURAHUA;01;03159;0002;,27;4;2;2;REGIÓN SIERRA; ; ; ;TOTAL NACIONAL;67,1012725157817
18016501031590005;TUNGURAHUA;01;03159;0005;,6;2;1;1;REGIÓN SIERRA; ; ; ;TOTAL NACIONAL;49,7916159762285
18016501031590008;TUNGURAHUA;01;03159;0008;,86;5;2;3;REGIÓN SIERRA; ; ; ;TOTAL NACIONAL;40,9312859383476
18016501031590009;TUNGURAHUA;01;03159;0009;1,51;7;3;4;REGIÓN SIERRA; ; ; ;TOTAL NACIONAL;64,1379415095278
18016501031590010;TUNGURAHUA;01;03159;0010;,73;5;2;3;REGIÓN SIERRA; ; ; ;TOTAL NACIONAL;98,6815638936288
18016501031590011;TUNGURAHUA;01;03159;0011;,7;3;2;1;REGIÓN SIERRA; ; ; ;TOTAL NACIONAL;78,5617669007322
18016501031610003;TUNGURAHUA;01;03161;0003;,6;5; ;5;REGIÓN SIERRA; ; ; ;TOTAL NACIONAL;65,6254807150555
18016501032440001;TUNGURAHUA;01;03244;0001;,34;4;2;2;REGIÓN SIERRA; ; ; ;TOTAL NACIONAL;36,2554705492829
18015901032730005;TUNGURAHUA;01;03273;0005;,14;1; ;1;REGIÓN SIERRA; ; ; ;TOTAL NACIONAL;98,6111410830131
18015901032730006;TUNGURAHUA;01;03273;0006;,09;1; ;1;REGIÓN SIERRA; ; ; ;TOTAL NACIONAL;57,9411854767909
18015901032730008;TUNGURAHUA;01;03273;0008;,14;2;1;1;REGIÓN SIERRA; ; ; ;TOTAL NACIONAL;75,4305126578119
18015901032730009;TUNGURAHUA;01;03273;0009;,22;2;1;1;REGIÓN SIERRA; ; ; ;TOTAL NACIONAL;72,8643287192449
18015901032730013;TUNGURAHUA;01;03273;0013;,36;2;1;1;REGIÓN SIERRA; ; ; ;TOTAL NACIONAL;82,6407058854983
18015901032730026;TUNGURAHUA;01;03273;0026;,49;7;2;5;REGIÓN SIERRA; ; ; ;TOTAL NACIONAL;33,288771119831
18015901032730029;TUNGURAHUA;01;03273;0029;,81;4;2;2;REGIÓN SIERRA; ; ; ;TOTAL NACIONAL;17,5770276868112
18016101033750005;TUNGURAHUA;01;03375;0005;1,17;6; ;6;REGIÓN SIERRA; ; ; ;TOTAL NACIONAL;15,9826182890328
18016101033750007;TUNGURAHUA;01;03375;0007;1,32;8;3;5;REGIÓN SIERRA; ; ; ;TOTAL NACIONAL;38,7122726052587
18016101033750008;TUNGURAHUA;01;03375;0008;,91;10;3;7;REGIÓN SIERRA; ; ; ;TOTAL NACIONAL;70,577248331816
18016101033750011;TUNGURAHUA;01;03375;0011;,33;4;1;3;REGIÓN SIERRA; ; ; ;TOTAL NACIONAL;67,9472257199598
18016101033750018;TUNGURAHUA;01;03375;0018;,72;4;1;3;REGIÓN SIERRA; ; ; ;TOTAL NACIONAL;6,81554095163005
18016101036780006;TUNGURAHUA;01;03678;0006;,65;5; ;5;REGIÓN SIERRA; ; ; ;TOTAL NACIONAL;61,6342999337809
18016101036780008;TUNGURAHUA;01;03678;0008;1,39;3; ;3;REGIÓN SIERRA; ; ; ;TOTAL NACIONAL;72,0850837179368
18016101036780009;TUNGURAHUA;01;03678;0009;,31;12;3;9;REGIÓN SIERRA; ; ; ;TOTAL NACIONAL;56,353530861994
18016101038830001;TUNGURAHUA;01;03883;0001;3,54;6;2;4;REGIÓN SIERRA; ; ; ;TOTAL NACIONAL;4,61516088304278
18016101038830005;TUNGURAHUA;01;03883;0005;,4;3; ;3;REGIÓN SIERRA; ; ; ;TOTAL NACIONAL;60,6365047384623
18016101038830006;TUNGURAHUA;01;03883;0006;1,58;13;3;10;REGIÓN SIERRA; ; ; ;TOTAL NACIONAL;64,687938352656
18016101038830007;TUNGURAHUA;01;03883;0007;1,62;10;4;6;REGIÓN SIERRA; ; ; ;TOTAL NACIONAL;48,4983797020288
18016101038830014;TUNGURAHUA;01;03883;0014;,48;9;3;6;REGIÓN SIERRA; ; ; ;TOTAL NACIONAL;57,386854812725
18055001040040006;TUNGURAHUA;01;04004;0006;1,29;2; ;2;REGIÓN SIERRA; ; ; ;TOTAL NACIONAL;73,1133193062305
18016101041390005;TUNGURAHUA;01;04139;0005;,25;3; ;3;REGIÓN SIERRA; ; ; ;TOTAL NACIONAL;42,7906923107142
18016101041390013;TUNGURAHUA;01;04139;0013;,2;5;1;4;REGIÓN SIERRA; ; ; ;TOTAL NACIONAL;2,20823526832814
18016101041390023;TUNGURAHUA;01;04139;0023;2,93;8; ;8;REGIÓN SIERRA; ; ; ;TOTAL NACIONAL;12,6224748873465
18016101041390036;TUNGURAHUA;01;04139;0036;,91;3;1;2;REGIÓN SIERRA; ; ; ;TOTAL NACIONAL;2,83107085683095
18016101041390039;TUNGURAHUA;01;04139;0039;,31;6; ;6;REGIÓN SIERRA; ; ; ;TOTAL NACIONAL;15,6977298047221
18016501042710001;TUNGURAHUA;01;04271;0001;,58;2; ;2;REGIÓN SIERRA; ; ; ;TOTAL NACIONAL;43,7811549240434
18016501042710004;TUNGURAHUA;01;04271;0004;,27;4;2;2;REGIÓN SIERRA; ; ; ;TOTAL NACIONAL;63,5390164450631
18016501042710005;TUNGURAHUA;01;04271;0005;,3;5;2;3;REGIÓN SIERRA; ; ; ;TOTAL NACIONAL;67,9155024748031
18016501042710006;TUNGURAHUA;01;04271;0006;,13;6;4;2;REGIÓN SIERRA; ; ; ;TOTAL NACIONAL;3,01980891395301
18016501042710008;TUNGURAHUA;01;04271;0008;,25;6;4;2;REGIÓN SIERRA; ; ; ;TOTAL NACIONAL;78,3318300219984
18016501042710009;TUNGURAHUA;01;04271;0009;,25;3;2;1;REGIÓN SIERRA; ; ; ;TOTAL NACIONAL;133,370867287706
18016501042710010;TUNGURAHUA;01;04271;0010;,7;3;2;1;REGIÓN SIERRA; ; ; ;TOTAL NACIONAL;61,6342999337809
18016501042710011;TUNGURAHUA;01;04271;0011;,17;4;2;2;REGIÓN SIERRA; ; ; ;TOTAL NACIONAL;100,530030864891
18016501042710013;TUNGURAHUA;01;04271;0013;,24;5;3;2;REGIÓN SIERRA; ; ; ;TOTAL NACIONAL;64,6385903852594
18016501042710014;TUNGURAHUA;01;04271;0014;,1;6;3;3;REGIÓN SIERRA; ; ; ;TOTAL NACIONAL;,130858386271297
18016501042710021;TUNGURAHUA;01;04271;0021;,75;2; ;2;REGIÓN SIERRA; ; ; ;TOTAL NACIONAL;69,7998632371098
18016501043500023;TUNGURAHUA;01;04350;0023;,33;3;3; ;REGIÓN SIERRA; ; ; ;TOTAL NACIONAL;,773254100694028
18016101044660003;TUNGURAHUA;01;04466;0003;,75;2; ;2;REGIÓN SIERRA; ; ; ;TOTAL NACIONAL;49,2812682697705
18016101044660004;TUNGURAHUA;01;04466;0004;,5;10;3;7;REGIÓN SIERRA; ; ; ;TOTAL NACIONAL;51,6890625771623
18016101044660014;TUNGURAHUA;01;04466;0014;1,13;1; ;1;REGIÓN SIERRA; ; ; ;TOTAL NACIONAL;20,8678594744139
18016101046530006;TUNGURAHUA;01;04653;0006;1,78;2; ;2;REGIÓN SIERRA; ; ; ;TOTAL NACIONAL;1,60264765208667
18016101046530008;TUNGURAHUA;01;04653;0008;1,18;4; ;4;REGIÓN SIERRA; ; ; ;TOTAL NACIONAL;9,88646197973401
18016101046530013;TUNGURAHUA;01;04653;0013;2,34;15;5;10;REGIÓN SIERRA; ; ; ;TOTAL NACIONAL;37,1883875514583
18016101046530014;TUNGURAHUA;01;04653;0014;2,2;4;2;2;REGIÓN SIERRA; ; ; ;TOTAL NACIONAL;10,1088103394577
18016101046530016;TUNGURAHUA;01;04653;0016;,7;3; ;3;REGIÓN SIERRA; ; ; ;TOTAL NACIONAL;4,55200243672297
18016101046530020;TUNGURAHUA;01;04653;0020;,23;3;1;2;REGIÓN SIERRA; ; ; ;TOTAL NACIONAL;8,07908297848877
18016101046530021;TUNGURAHUA;01;04653;0021;,06;2; ;2;REGIÓN SIERRA; ; ; ;TOTAL NACIONAL;42,5289755381715
18016101046530022;TUNGURAHUA;01;04653;0022;1;3; ;3;REGIÓN SIERRA; ; ; ;TOTAL NACIONAL;57,0477134949719
18016101046530023;TUNGURAHUA;01;04653;0023;1,59;4;2;2;REGIÓN SIERRA; ; ; ;TOTAL NACIONAL;34,0231804305372
18016101046530024;TUNGURAHUA;01;04653;0024;2,06;4; ;4;REGIÓN SIERRA; ; ; ;TOTAL NACIONAL;7,47353841981461
18016101046530025;TUNGURAHUA;01;04653;0025;2,53;1; ;1;REGIÓN SIERRA; ; ; ;TOTAL NACIONAL;1,09910699931425
18016101046530026;TUNGURAHUA;01;04653;0026;2,91;3; ;3;REGIÓN SIERRA; ; ; ;TOTAL NACIONAL;2,35859874911668
18075801047840001;TUNGURAHUA;01;04784;0001;,18;3; ;3;REGIÓN SIERRA; ; ; ;TOTAL NACIONAL;4,10749934684905
18075801047840003;TUNGURAHUA;01;04784;0003;,76;3; ;3;REGIÓN SIERRA; ; ; ;TOTAL NACIONAL;61,7875419913881
18075801047840004;TUNGURAHUA;01;04784;0004;,27;4; ;4;REGIÓN SIERRA; ; ; ;TOTAL NACIONAL;60,7522174781744
18075801047840006;TUNGURAHUA;01;04784;0006;,19;8;8; ;REGIÓN SIERRA; ; ; ;TOTAL NACIONAL;60,1604212673568
18075801047840012;TUNGURAHUA;01;04784;0012;1,31;2; ;2;REGIÓN SIERRA; ; ; ;TOTAL NACIONAL;14,8639144100527
18075801047840019;TUNGURAHUA;01;04784;0019;,14;2; ;2;REGIÓN SIERRA; ; ; ;TOTAL NACIONAL;28,368228738099
18075801047840020;TUNGURAHUA;01;04784;0020;,35;5;2;3;REGIÓN SIERRA; ; ; ;TOTAL NACIONAL;10,2256481843428
18075801047840021;TUNGURAHUA;01;04784;0021;1,14;3; ;3;REGIÓN SIERRA; ; ; ;TOTAL NACIONAL;16,9254991716691
18075801047840026;TUNGURAHUA;01;04784;0026;,57;6;2;4;REGIÓN SIERRA; ; ; ;TOTAL NACIONAL;28,3411715529677
18075801047840027;TUNGURAHUA;01;04784;0027;,2;2; ;2;REGIÓN SIERRA; ; ; ;TOTAL NACIONAL;32,4201651987138
18075801047840047;TUNGURAHUA;01;04784;0047;,1;2; ;2;REGIÓN SIERRA; ; ; ;TOTAL NACIONAL;33,696034464859
18075801047840054;TUNGURAHUA;01;04784;0054;,46;8;6;2;REGIÓN SIERRA; ; ; ;TOTAL NACIONAL;47,7490872513852
18075801047840057;TUNGURAHUA;01;04784;0057;,51;4; ;4;REGIÓN SIERRA; ; ; ;TOTAL NACIONAL;14,1891544329465
18075801047840061;TUNGURAHUA;01;04784;0061;,31;3; ;3;REGIÓN SIERRA; ; ; ;TOTAL NACIONAL;70,811271925839
18075801047840064;TUNGURAHUA;01;04784;0064;,41;6;2;4;REGIÓN SIERRA; ; ; ;TOTAL NACIONAL;20,6341333474131
18015501047960027;TUNGURAHUA;01;04796;0027;1,63;3; ;3;REGIÓN SIERRA; ; ; ;TOTAL NACIONAL;10,8178942024891
18075801049780003;TUNGURAHUA;01;04978;0003;,63;6; ;6;REGIÓN SIERRA; ; ; ;TOTAL NACIONAL;61,3684289267535
18075801049780004;TUNGURAHUA;01;04978;0004;,84;10; ;10;REGIÓN SIERRA; ; ; ;TOTAL NACIONAL;145,813630416588
18075801049780005;TUNGURAHUA;01;04978;0005;,2;2; ;2;REGIÓN SIERRA; ; ; ;TOTAL NACIONAL;33,0417425335025
18075801049780010;TUNGURAHUA;01;04978;0010;,34;2; ;2;REGIÓN SIERRA; ; ; ;TOTAL NACIONAL;5,85013962154034
18075801049780012;TUNGURAHUA;01;04978;0012;,53;5;1;4;REGIÓN SIERRA; ; ; ;TOTAL NACIONAL;54,2815400410276
18075801049780022;TUNGURAHUA;01;04978;0022;,17;5; ;5;REGIÓN SIERRA; ; ; ;TOTAL NACIONAL;29,712551235718
18075801049780024;TUNGURAHUA;01;04978;0024;,05;2; ;2;REGIÓN SIERRA; ; ; ;TOTAL NACIONAL;46,3238687400391
18075801049780029;TUNGURAHUA;01;04978;0029;,64;1; ;1;REGIÓN SIERRA; ; ; ;TOTAL NACIONAL;12,012390927248
18075801049780030;TUNGURAHUA;01;04978;0030;,41;6; ;6;REGIÓN SIERRA; ; ; ;TOTAL NACIONAL;19,1819244265974
18075801049780033;TUNGURAHUA;01;04978;0033;,24;4; ;4;REGIÓN SIERRA; ; ; ;TOTAL NACIONAL;42,2563539001063
18075801049780034;TUNGURAHUA;01;04978;0034;,2;2; ;2;REGIÓN SIERRA; ; ; ;TOTAL NACIONAL;100,630099042627
18075801049780036;TUNGURAHUA;01;04978;0036;,32;2; ;2;REGIÓN SIERRA; ; ; ;TOTAL NACIONAL;82,3794434823524
18025401053010007;TUNGURAHUA;01;05301;0007;7,5;3;2;1;REGIÓN SIERRA; ; ; ;TOTAL NACIONAL;19,7142520863918
18016501056150022;TUNGURAHUA;01;05615;0022;,17;2; ;2;REGIÓN SIERRA; ; ; ;TOTAL NACIONAL;9,19857479965882
18016501056150023;TUNGURAHUA;01;05615;0023;,12;2;1;1;REGIÓN SIERRA; ; ; ;TOTAL NACIONAL;23,7726068392856
18016501056150025;TUNGURAHUA;01;05615;0025;,2;2;1;1;REGIÓN SIERRA; ; ; ;TOTAL NACIONAL;30,3591456149409
18016501056150026;TUNGURAHUA;01;05615;0026;,17;2;1;1;REGIÓN SIERRA; ; ; ;TOTAL NACIONAL;30,5207942097466
18016501056150028;TUNGURAHUA;01;05615;0028;,1;2;1;1;REGIÓN SIERRA; ; ; ;TOTAL NACIONAL;102,592974836697
18016501056150029;TUNGURAHUA;01;05615;0029;,1;5;2;3;REGIÓN SIERRA; ; ; ;TOTAL NACIONAL;130,989244657568
18016501056150046;TUNGURAHUA;01;05615;0046;,2;2;1;1;REGIÓN SIERRA; ; ; ;TOTAL NACIONAL;13,8382743481897
18016501056150047;TUNGURAHUA;01;05615;0047;,1;4;2;2;REGIÓN SIERRA; ; ; ;TOTAL NACIONAL;68,504365213024
18016501056150049;TUNGURAHUA;01;05615;0049;,35;5;2;3;REGIÓN SIERRA; ; ; ;TOTAL NACIONAL;18,9370778989748
18016501056150050;TUNGURAHUA;01;05615;0050;,25;2;1;1;REGIÓN SIERRA; ; ; ;TOTAL NACIONAL;59,4620507216774
18016501056150051;TUNGURAHUA;01;05615;0051;,25;2;1;1;REGIÓN SIERRA; ; ; ;TOTAL NACIONAL;66,6330902893444
18016501056150053;TUNGURAHUA;01;05615;0053;,25;3;1;2;REGIÓN SIERRA; ; ; ;TOTAL NACIONAL;32,583738181553
18016501056150056;TUNGURAHUA;01;05615;0056;,1;4;2;2;REGIÓN SIERRA; ; ; ;TOTAL NACIONAL;20,6101958377293
18016501056150060;TUNGURAHUA;01;05615;0060;,3;2;2; ;REGIÓN SIERRA; ; ; ;TOTAL NACIONAL;52,1688766601571
18035001056370001;TUNGURAHUA;01;05637;0001;1,6;3; ;3;REGIÓN SIERRA; ; ; ;TOTAL NACIONAL;56,6126093606199
18035001056450004;TUNGURAHUA;01;05645;0004;,14;1; ;1;REGIÓN SIERRA; ; ; ;TOTAL NACIONAL;65,0085768940622
18035001056450019;TUNGURAHUA;01;05645;0019;,53;1; ;1;REGIÓN SIERRA; ; ; ;TOTAL NACIONAL;69,4413606392496
18016501057900004;TUNGURAHUA;01;05790;0004;,65;6;2;4;REGIÓN SIERRA; ; ; ;TOTAL NACIONAL;55,604748135588
18016501057900005;TUNGURAHUA;01;05790;0005;,24;6;2;4;REGIÓN SIERRA; ; ; ;TOTAL NACIONAL;63,0301227206747
18016101065810002;TUNGURAHUA;01;06581;0002;5,7;35;10;25;REGIÓN SIERRA; ; ; ;TOTAL NACIONAL;29,3685246732556
18016101065810005;TUNGURAHUA;01;06581;0005;3,29;25;5;20;REGIÓN SIERRA; ; ; ;TOTAL NACIONAL;64,3453356809698
18016101065810008;TUNGURAHUA;01;06581;0008;3,5;30;10;20;REGIÓN SIERRA; ; ; ;TOTAL NACIONAL;3,63412432730573
18045001067340003;TUNGURAHUA;01;06734;0003;1,19;1; ;1;REGIÓN SIERRA; ; ; ;TOTAL NACIONAL;69,4429167481715
18045001067340020;TUNGURAHUA;01;06734;0020;71,96;10;2;8;REGIÓN SIERRA; ; ; ;TOTAL NACIONAL;,21567265997465
18095101067450017;TUNGURAHUA;01;06745;0017;,68;3;1;2;REGIÓN SIERRA; ; ; ;TOTAL NACIONAL;4,08932457097803
18095101069150007;TUNGURAHUA;01;06915;0007;,87;8; ;8;REGIÓN SIERRA; ; ; ;TOTAL NACIONAL;54,9003574586476
18065001069310007;TUNGURAHUA;01;06931;0007;1,93;3; ;3;REGIÓN SIERRA; ; ; ;TOTAL NACIONAL;19,2117739637161
18065001069310016;TUNGURAHUA;01;06931;0016;,15;1; ;1;REGIÓN SIERRA; ; ; ;TOTAL NACIONAL;8,85475080435776
18065001069310028;TUNGURAHUA;01;06931;0028;2,83;2; ;2;REGIÓN SIERRA; ; ; ;TOTAL NACIONAL;2,07385110398151
18065001074280002;TUNGURAHUA;01;07428;0002;,7;2; ;2;REGIÓN SIERRA; ; ; ;TOTAL NACIONAL;27,5269962549264
18045001074700007;TUNGURAHUA;01;07470;0007;4,58;11;2;9;REGIÓN SIERRA; ; ; ;TOTAL NACIONAL;9,07294335381012
18045001074700008;TUNGURAHUA;01;07470;0008;3,81;4; ;4;REGIÓN SIERRA; ; ; ;TOTAL NACIONAL;11,3427774451695
18025001076500003;TUNGURAHUA;01;07650;0003;4,5;80;40;40;REGIÓN SIERRA; ; ; ;TOTAL NACIONAL;1,46415994416885
18075201076920005;TUNGURAHUA;01;07692;0005;1,42;9;3;6;REGIÓN SIERRA; ; ; ;TOTAL NACIONAL;24,8861318398336
18065001088280026;TUNGURAHUA;01;08828;0026;,3;1;1; ;REGIÓN SIERRA; ; ; ;TOTAL NACIONAL;22,5730716317987
18065001089050008;TUNGURAHUA;01;08905;0008;1,43;2; ;2;REGIÓN SIERRA; ; ; ;TOTAL NACIONAL;62,2629692440493
18065001092610004;TUNGURAHUA;01;09261;0004;4,92;45;13;32;REGIÓN SIERRA; ; ; ;TOTAL NACIONAL;2,90441784163123
18065201092880001;TUNGURAHUA;01;09288;0001;17,09;4;4; ;REGIÓN SIERRA; ; ; ;TOTAL NACIONAL;14,4694612367975
18016403001120001;TUNGURAHUA;03;00112;0001;2,4;10;2;8;REGIÓN SIERRA; ; ; ;TOTAL NACIONAL;10,8744325594419
18016403001120003;TUNGURAHUA;03;00112;0003;,35;5;1;4;REGIÓN SIERRA; ; ; ;TOTAL NACIONAL;3,97096244159353
18016403001120006;TUNGURAHUA;03;00112;0006;,41;6; ;6;REGIÓN SIERRA; ; ; ;TOTAL NACIONAL;4,0120739307524
18016403001120016;TUNGURAHUA;03;00112;0016;,9;7;2;5;REGIÓN SIERRA; ; ; ;TOTAL NACIONAL;15,2566114882086
18016403001120017;TUNGURAHUA;03;00112;0017;,25;8;3;5;REGIÓN SIERRA; ; ; ;TOTAL NACIONAL;104,617776845562
18016403001120018;TUNGURAHUA;03;00112;0018;3,13;14;4;10;REGIÓN SIERRA; ; ; ;TOTAL NACIONAL;13,3211200117355
18016403001120019;TUNGURAHUA;03;00112;0019;,42;3; ;3;REGIÓN SIERRA; ; ; ;TOTAL NACIONAL;2,56885078280269
18016403001120021;TUNGURAHUA;03;00112;0021;3,65;4; ;4;REGIÓN SIERRA; ; ; ;TOTAL NACIONAL;14,7367336876833
18016403001120029;TUNGURAHUA;03;00112;0029;2,87;5;1;4;REGIÓN SIERRA; ; ; ;TOTAL NACIONAL;6,32413222871888
18016403001120035;TUNGURAHUA;03;00112;0035;3,5;10;1;9;REGIÓN SIERRA; ; ; ;TOTAL NACIONAL;2,61339440228775
18016403001120038;TUNGURAHUA;03;00112;0038;5,65;5;1;4;REGIÓN SIERRA; ; ; ;TOTAL NACIONAL;3,22231248940762
18016403001120040;TUNGURAHUA;03;00112;0040;5,55;10;2;8;REGIÓN SIERRA; ; ; ;TOTAL NACIONAL;25,3858957693631
18015703001580001;TUNGURAHUA;03;00158;0001;29;20;8;12;REGIÓN SIERRA; ; ; ;TOTAL NACIONAL;15,9001894615026
18015703001580013;TUNGURAHUA;03;00158;0013;,55;2;1;1;REGIÓN SIERRA; ; ; ;TOTAL NACIONAL;113,912170343548
18015703001580014;TUNGURAHUA;03;00158;0014;,5;3;2;1;REGIÓN SIERRA; ; ; ;TOTAL NACIONAL;106,188238537293
18015703001580015;TUNGURAHUA;03;00158;0015;,48;2;1;1;REGIÓN SIERRA; ; ; ;TOTAL NACIONAL;105,997473852855
18015703001580016;TUNGURAHUA;03;00158;0016;,62;3;1;2;REGIÓN SIERRA; ; ; ;TOTAL NACIONAL;102,735587747988
18015703001580017;TUNGURAHUA;03;00158;0017;,7;2;1;1;REGIÓN SIERRA; ; ; ;TOTAL NACIONAL;100,548938083055
18015703001580018;TUNGURAHUA;03;00158;0018;,39;2;1;1;REGIÓN SIERRA; ; ; ;TOTAL NACIONAL;115,310861362311
18015703001580020;TUNGURAHUA;03;00158;0020;,6;4;2;2;REGIÓN SIERRA; ; ; ;TOTAL NACIONAL;79,0135015541749
18015703001580022;TUNGURAHUA;03;00158;0022;,28;2;1;1;REGIÓN SIERRA; ; ; ;TOTAL NACIONAL;90,9868425774043
18016103001770004;TUNGURAHUA;03;00177;0004;2,19;6;3;3;REGIÓN SIERRA; ; ; ;TOTAL NACIONAL;93,830068509841
18016103001770007;TUNGURAHUA;03;00177;0007;5;20;6;14;REGIÓN SIERRA; ; ; ;TOTAL NACIONAL;46,7224029884433
18016103001770009;TUNGURAHUA;03;00177;0009;,61;10;3;7;REGIÓN SIERRA; ; ; ;TOTAL NACIONAL;114,882508005074
18016103001770010;TUNGURAHUA;03;00177;0010;2,67;7;4;3;REGIÓN SIERRA; ; ; ;TOTAL NACIONAL;26,1675452810139
18016103001770011;TUNGURAHUA;03;00177;0011;,67;4;1;3;REGIÓN SIERRA; ; ; ;TOTAL NACIONAL;92,5495411066377
18016103001770012;TUNGURAHUA;03;00177;0012;3,17;13;3;10;REGIÓN SIERRA; ; ; ;TOTAL NACIONAL;83,3253619090432
18016103001770014;TUNGURAHUA;03;00177;0014;2,7;20;5;15;REGIÓN SIERRA; ; ; ;TOTAL NACIONAL;41,7240361517596
18016103001770016;TUNGURAHUA;03;00177;0016;2;2; ;2;REGIÓN SIERRA; ; ; ;TOTAL NACIONAL;26,3571740498139
18016103001770021;TUNGURAHUA;03;00177;0021;3,58;10;4;6;REGIÓN SIERRA; ; ; ;TOTAL NACIONAL;16,9229191781081
18016103001770023;TUNGURAHUA;03;00177;0023;1,67;8;3;5;REGIÓN SIERRA; ; ; ;TOTAL NACIONAL;48,8358434411812
18016103001770024;TUNGURAHUA;03;00177;0024;3,02;10;3;7;REGIÓN SIERRA; ; ; ;TOTAL NACIONAL;1,63477655537864
18016103001770025;TUNGURAHUA;03;00177;0025;3,55;10;5;5;REGIÓN SIERRA; ; ; ;TOTAL NACIONAL;,85879395810965
18016103001770026;TUNGURAHUA;03;00177;0026;13,4;15;4;11;REGIÓN SIERRA; ; ; ;TOTAL NACIONAL;10,5334540660668
18016103001770027;TUNGURAHUA;03;00177;0027;6,1;25;10;15;REGIÓN SIERRA; ; ; ;TOTAL NACIONAL;20,2388979554928
18016103001770028;TUNGURAHUA;03;00177;0028;1,64;6;2;4;REGIÓN SIERRA; ; ; ;TOTAL NACIONAL;38,7940365913274
18016103001770029;TUNGURAHUA;03;00177;0029;,52;13;3;10;REGIÓN SIERRA; ; ; ;TOTAL NACIONAL;75,1630438682905
18016103001770030;TUNGURAHUA;03;00177;0030;60,09;10;2;8;REGIÓN SIERRA; ; ; ;TOTAL NACIONAL;4,48125906527807
18016104000310001;TUNGURAHUA;04;00031;0001;6,01;9;1;8;REGIÓN SIERRA; ; ; ;TOTAL NACIONAL;4,78406067080358
18016104000310002;TUNGURAHUA;04;00031;0002;3,47;7;2;5;REGIÓN SIERRA; ; ; ;TOTAL NACIONAL;1,85992380717591
18016104000310004;TUNGURAHUA;04;00031;0004;2,1;7;2;5;REGIÓN SIERRA; ; ; ;TOTAL NACIONAL;2,79663065516944
18016104000310010;TUNGURAHUA;04;00031;0010;1,4;18;8;10;REGIÓN SIERRA; ; ; ;TOTAL NACIONAL;2,56631989533196
18016104000310018;TUNGURAHUA;04;00031;0018;3,42;9;3;6;REGIÓN SIERRA; ; ; ;TOTAL NACIONAL;3,36527976296291
18016104000310019;TUNGURAHUA;04;00031;0019;4,05;12;6;6;REGIÓN SIERRA; ; ; ;TOTAL NACIONAL;4,7054737060399
18016104000310020;TUNGURAHUA;04;00031;0020;3,01;5;2;3;REGIÓN SIERRA; ; ; ;TOTAL NACIONAL;2,90931668082234
18016104000310028;TUNGURAHUA;04;00031;0028;,33;6;1;5;REGIÓN SIERRA; ; ; ;TOTAL NACIONAL;7,30903568409865
19015301016920001;ZAMORA CHINCHIPE;01;01692;0001;267,5;10;8;2; ; ;REGIÓN AMAZÓNICA; ;TOTAL NACIONAL;1,42151353720694
19045203000350007;ZAMORA CHINCHIPE;03;00035;0007;17,46;1; ;1; ; ;REGIÓN AMAZÓNICA; ;TOTAL NACIONAL;65,0230207472213
19045103003750001;ZAMORA CHINCHIPE;03;00375;0001;27,52;2; ;2; ; ;REGIÓN AMAZÓNICA; ;TOTAL NACIONAL;173,399321504302
19045103003750008;ZAMORA CHINCHIPE;03;00375;0008;32,01;2; ;2; ; ;REGIÓN AMAZÓNICA; ;TOTAL NACIONAL;29,3532399280029
21045502035290002;SUCUMBÍOS;02;03529;0002;88;13;5;8; ; ;REGIÓN AMAZÓNICA; ;TOTAL NACIONAL;,112545398128751
21075003021060003;SUCUMBÍOS;03;02106;0003;5;12; ;12; ; ;REGIÓN AMAZÓNICA; ;TOTAL NACIONAL;164,814399982621
22045501002040001;ORELLANA;01;00204;0001;53;4; ;4; ; ;REGIÓN AMAZÓNICA; ;TOTAL NACIONAL;,965129259754591
22045003008720005;ORELLANA;03;00872;0005;28,52;4; ;4; ; ;REGIÓN AMAZÓNICA; ;TOTAL NACIONAL;55,5877695919756
23015001041830004;SANTO DOMINGO DE LOS TSÁCHILAS;01;04183;0004;3,5;1; ;1;REGIÓN SIERRA; ; ; ;TOTAL NACIONAL;20,5738846612992
23015061000992805;SANTO DOMINGO DE LOS TSÁCHILAS;61;00099;2805;300;1; ;1;REGIÓN SIERRA; ; ; ;TOTAL NACIONAL;1
24015404000150002;SANTA ELENA;04;00015;0002;125,31;26;6;20; ;REGIÓN COSTA; ; ;TOTAL NACIONAL;9,36190433272971
24015067000994245;SANTA ELENA;67;00099;4245;220;10; ;10; ;REGIÓN COSTA; ; ;TOTAL NACIONAL;1
90065101000270001;ZONA NO DELIMITADA;01;00027;0001;41,01;3;1;2; ; ; ;ZONA NO DELIMITADA;TOTAL NACIONAL;1,42822347985976
90065101000560002;ZONA NO DELIMITADA;01;00056;0002;3,82;5;1;4; ; ; ;ZONA NO DELIMITADA;TOTAL NACIONAL;1,92402515391264
90065101000560005;ZONA NO DELIMITADA;01;00056;0005;12,08;11; ;11; ; ; ;ZONA NO DELIMITADA;TOTAL NACIONAL;,979400206687376
90065101000570002;ZONA NO DELIMITADA;01;00057;0002;3,82;5;1;4; ; ; ;ZONA NO DELIMITADA;TOTAL NACIONAL;5,10240045735337
90065103000290001;ZONA NO DELIMITADA;03;00029;0001;148,62;10;3;7; ; ; ;ZONA NO DELIMITADA;TOTAL NACIONAL;2,91574935233313
90065103000290002;ZONA NO DELIMITADA;03;00029;0002;176;2;2; ; ; ; ;ZONA NO DELIMITADA;TOTAL NACIONAL;3,15916519984924
90065103000380009;ZONA NO DELIMITADA;03;00038;0009;39,01;4; ;4; ; ; ;ZONA NO DELIMITADA;TOTAL NACIONAL;3,78910064774026
90065103000470001;ZONA NO DELIMITADA;03;00047;0001;42,51;12;4;8; ; ; ;ZONA NO DELIMITADA;TOTAL NACIONAL;3,07503155698728
90065104000060001;ZONA NO DELIMITADA;04;00006;0001;41,06;7;3;4; ; ; ;ZONA NO DELIMITADA;TOTAL NACIONAL;1,16316154200903
90065104000060002;ZONA NO DELIMITADA;04;00006;0002;20,52;2; ;2; ; ; ;ZONA NO DELIMITADA;TOTAL NACIONAL;2,61361417061772
