Identificador;ual_prov;ual_estr;ual_segm;al_ncues;oe_superficie_ha;oe_k1101;oe_k1102;oe_k1103;oe_k1104;oe_trs;oe_trc;oe_tro;oe_znd;oe_tn;fact_exp_fin
01055601002930001; AZUAY;01;00293;0001;7,98; ;1; ; ;REGIÓN SIERRA; ; ; ;TOTAL NACIONAL;49,6586342681885
01015701003450001; AZUAY;01;00345;0001;23; ;1; ; ;REGIÓN SIERRA; ; ; ;TOTAL NACIONAL;25,9709051166624
01015701004340001; AZUAY;01;00434;0001;16,27; ;1; ; ;REGIÓN SIERRA; ; ; ;TOTAL NACIONAL;34,8273686338346
01015701005980001; AZUAY;01;00598;0001;60,03; ; ;1; ;REGIÓN SIERRA; ; ; ;TOTAL NACIONAL;8,55038705024353
01015701007680001; AZUAY;01;00768;0001;11,02; ;4; ; ;REGIÓN SIERRA; ; ; ;TOTAL NACIONAL;39,7521912586855
01015701007680002; AZUAY;01;00768;0002;10,02; ; ;1; ;REGIÓN SIERRA; ; ; ;TOTAL NACIONAL;15,8943782447626
01015701007700001; AZUAY;01;00770;0001;11,01; ;2; ; ;REGIÓN SIERRA; ; ; ;TOTAL NACIONAL;44,6433804581543
01015701008530001; AZUAY;01;00853;0001;30,02; ;1; ; ;REGIÓN SIERRA; ; ; ;TOTAL NACIONAL;19,8977620813869
01055201011020002; AZUAY;01;01102;0002;20,11; ;1; ; ;REGIÓN SIERRA; ; ; ;TOTAL NACIONAL;6,1917915191752
01015701012810001; AZUAY;01;01281;0001;19,03; ;1; ; ;REGIÓN SIERRA; ; ; ;TOTAL NACIONAL;31,3889026633335
01055201016620001; AZUAY;01;01662;0001;19,27;1; ; ; ;REGIÓN SIERRA; ; ; ;TOTAL NACIONAL;15,8141293282164
01056201016780002; AZUAY;01;01678;0002;10,73; ;2; ; ;REGIÓN SIERRA; ; ; ;TOTAL NACIONAL;9,20892742432227
01135201022300001; AZUAY;01;02230;0001;6,05; ;2; ; ;REGIÓN SIERRA; ; ; ;TOTAL NACIONAL;40,0250043768097
01135201022300003; AZUAY;01;02230;0003;2,03; ;1; ; ;REGIÓN SIERRA; ; ; ;TOTAL NACIONAL;46,3814138607488
01056201022750006; AZUAY;01;02275;0006;11,46; ;1; ; ;REGIÓN SIERRA; ; ; ;TOTAL NACIONAL;,639955937114578
01015701023160001; AZUAY;01;02316;0001;18,52; ;1;1; ;REGIÓN SIERRA; ; ; ;TOTAL NACIONAL;40,3166048652292
01015701023250002; AZUAY;01;02325;0002;30,77; ;1; ; ;REGIÓN SIERRA; ; ; ;TOTAL NACIONAL;15,2996864051544
01056101024340001; AZUAY;01;02434;0001;2,34; ;1; ; ;REGIÓN SIERRA; ; ; ;TOTAL NACIONAL;46,6264069890537
01056101024340002; AZUAY;01;02434;0002;2,32; ;1; ; ;REGIÓN SIERRA; ; ; ;TOTAL NACIONAL;1,04990617859075
01056101024340005; AZUAY;01;02434;0005;1,15; ;2; ; ;REGIÓN SIERRA; ; ; ;TOTAL NACIONAL;8,76662330493561
01056101024340006; AZUAY;01;02434;0006;7,55; ;2; ; ;REGIÓN SIERRA; ; ; ;TOTAL NACIONAL;42,3652157418811
01056101024340007; AZUAY;01;02434;0007;3,08; ;2; ; ;REGIÓN SIERRA; ; ; ;TOTAL NACIONAL;13,3257351246505
01056201024900001; AZUAY;01;02490;0001;4,43; ;1; ; ;REGIÓN SIERRA; ; ; ;TOTAL NACIONAL;17,3506099814135
01056201024900002; AZUAY;01;02490;0002;36,35; ;3; ; ;REGIÓN SIERRA; ; ; ;TOTAL NACIONAL;8,9233537282027
01056201024910009; AZUAY;01;02491;0009;4,43; ;1; ; ;REGIÓN SIERRA; ; ; ;TOTAL NACIONAL;14,880084477627
01055001025040002; AZUAY;01;02504;0002;2,01; ;1; ; ;REGIÓN SIERRA; ; ; ;TOTAL NACIONAL;69,6159515158412
01055001025040003; AZUAY;01;02504;0003;2,33; ;1; ; ;REGIÓN SIERRA; ; ; ;TOTAL NACIONAL;52,8254650163835
01055001025040005; AZUAY;01;02504;0005;2,66; ;2; ; ;REGIÓN SIERRA; ; ; ;TOTAL NACIONAL;25,4526803307715
01055001025040006; AZUAY;01;02504;0006;2,02; ;3; ; ;REGIÓN SIERRA; ; ; ;TOTAL NACIONAL;38,60307908119
01015701027660001; AZUAY;01;02766;0001;27,02; ;1; ; ;REGIÓN SIERRA; ; ; ;TOTAL NACIONAL;22,1069880711782
01055001028170003; AZUAY;01;02817;0003;1,73; ;1; ; ;REGIÓN SIERRA; ; ; ;TOTAL NACIONAL;66,0977049316922
01056201028350004; AZUAY;01;02835;0004;5,41; ;1; ; ;REGIÓN SIERRA; ; ; ;TOTAL NACIONAL;16,2576052494111
01056101030190001; AZUAY;01;03019;0001;3,81;1;2; ; ;REGIÓN SIERRA; ; ; ;TOTAL NACIONAL;69,2247886591125
01125001030480001; AZUAY;01;03048;0001;6; ;1; ; ;REGIÓN SIERRA; ; ; ;TOTAL NACIONAL;52,0645708542698
01125001030480002; AZUAY;01;03048;0002;3,66; ;1; ; ;REGIÓN SIERRA; ; ; ;TOTAL NACIONAL;68,8544357845552
01015701031020001; AZUAY;01;03102;0001;1,01; ;1; ; ;REGIÓN SIERRA; ; ; ;TOTAL NACIONAL;19,4428224072637
01015701031020003; AZUAY;01;03102;0003;79,97; ;2; ; ;REGIÓN SIERRA; ; ; ;TOTAL NACIONAL;,163808886860668
01015701031020012; AZUAY;01;03102;0012;,84; ; ;1; ;REGIÓN SIERRA; ; ; ;TOTAL NACIONAL;47,1306657074141
01125001033490002; AZUAY;01;03349;0002;4,11; ;1; ; ;REGIÓN SIERRA; ; ; ;TOTAL NACIONAL;38,4070474049031
01135001033610003; AZUAY;01;03361;0003;37,12; ;10; ; ;REGIÓN SIERRA; ; ; ;TOTAL NACIONAL;1,19169357634661
01135001033610004; AZUAY;01;03361;0004;12,37; ;10; ; ;REGIÓN SIERRA; ; ; ;TOTAL NACIONAL;1,97514063827936
01135001033620001; AZUAY;01;03362;0001;37,12; ;10; ; ;REGIÓN SIERRA; ; ; ;TOTAL NACIONAL;19,7923495949976
01015701037690001; AZUAY;01;03769;0001;24,01; ;2; ; ;REGIÓN SIERRA; ; ; ;TOTAL NACIONAL;24,8786944894761
01145001038390001; AZUAY;01;03839;0001;13,75; ;8; ; ;REGIÓN SIERRA; ; ; ;TOTAL NACIONAL;19,3665511653227
01015701039370001; AZUAY;01;03937;0001;40,02; ;1; ; ;REGIÓN SIERRA; ; ; ;TOTAL NACIONAL;14,9259733806177
01015701040980001; AZUAY;01;04098;0001;19,27; ;1;2; ;REGIÓN SIERRA; ; ; ;TOTAL NACIONAL;30,3935063175098
01015701042340001; AZUAY;01;04234;0001;17,02; ;1; ; ;REGIÓN SIERRA; ; ; ;TOTAL NACIONAL;35,0958177252195
01015701045480001; AZUAY;01;04548;0001;15,02; ;1; ; ;REGIÓN SIERRA; ; ; ;TOTAL NACIONAL;39,769029140029
01015701046750001; AZUAY;01;04675;0001;253,3; ;1; ; ;REGIÓN SIERRA; ; ; ;TOTAL NACIONAL;2,3581950954727
01015701049500001; AZUAY;01;04950;0001;55,77; ; ;2; ;REGIÓN SIERRA; ; ; ;TOTAL NACIONAL;10,7106117569166
01135001053250001; AZUAY;01;05325;0001;2,94; ;1; ; ;REGIÓN SIERRA; ; ; ;TOTAL NACIONAL;32,3339731733824
01135001053250002; AZUAY;01;05325;0002;1,97; ;1; ; ;REGIÓN SIERRA; ; ; ;TOTAL NACIONAL;36,4395382067788
01135001053250003; AZUAY;01;05325;0003;3,73; ;1; ; ;REGIÓN SIERRA; ; ; ;TOTAL NACIONAL;43,5587084208687
01135001053250004; AZUAY;01;05325;0004;2,62; ;1; ; ;REGIÓN SIERRA; ; ; ;TOTAL NACIONAL;70,9779990698329
01055401059150004; AZUAY;01;05915;0004;14,5; ;1; ; ;REGIÓN SIERRA; ; ; ;TOTAL NACIONAL;21,0627888281877
01055401059150007; AZUAY;01;05915;0007;1,3; ;2; ; ;REGIÓN SIERRA; ; ; ;TOTAL NACIONAL;71,1086308390746
01035401064920004; AZUAY;01;06492;0004;7,96; ;1; ; ;REGIÓN SIERRA; ; ; ;TOTAL NACIONAL;24,4443712758507
01035401069410002; AZUAY;01;06941;0002;9,25; ;2; ; ;REGIÓN SIERRA; ; ; ;TOTAL NACIONAL;12,7236845525247
01035401069550005; AZUAY;01;06955;0005;3,25; ;1; ; ;REGIÓN SIERRA; ; ; ;TOTAL NACIONAL;7,71118347887829
01035401069550021; AZUAY;01;06955;0021;,67; ;1; ; ;REGIÓN SIERRA; ; ; ;TOTAL NACIONAL;44,933542106321
01125301069780001; AZUAY;01;06978;0001;5,1; ;1; ; ;REGIÓN SIERRA; ; ; ;TOTAL NACIONAL;36,1808091355759
01015701070970001; AZUAY;01;07097;0001;7,53; ;1; ; ;REGIÓN SIERRA; ; ; ;TOTAL NACIONAL;48,5576982101035
01015701070970002; AZUAY;01;07097;0002;6,79; ; ;1; ;REGIÓN SIERRA; ; ; ;TOTAL NACIONAL;21,3654999393228
01125301074240001; AZUAY;01;07424;0001;12,38; ;2; ; ;REGIÓN SIERRA; ; ; ;TOTAL NACIONAL;23,0896077784951
01125301074240002; AZUAY;01;07424;0002;5,53; ;2; ; ;REGIÓN SIERRA; ; ; ;TOTAL NACIONAL;5,28200307137617
01125301074240003; AZUAY;01;07424;0003;4,6;1; ; ; ;REGIÓN SIERRA; ; ; ;TOTAL NACIONAL;12,0923419879304
01035201074300001; AZUAY;01;07430;0001;12,85; ;1; ; ;REGIÓN SIERRA; ; ; ;TOTAL NACIONAL;46,2669260583043
01015301074950001; AZUAY;01;07495;0001;85,17; ;2;1; ;REGIÓN SIERRA; ; ; ;TOTAL NACIONAL;7,01347252192464
01035201075800010; AZUAY;01;07580;0010;2,46; ;2; ; ;REGIÓN SIERRA; ; ; ;TOTAL NACIONAL;31,1693257054565
01035201075800011; AZUAY;01;07580;0011;,15; ;1; ; ;REGIÓN SIERRA; ; ; ;TOTAL NACIONAL;79,4770755361544
01016301076910002; AZUAY;01;07691;0002;6; ;1; ; ;REGIÓN SIERRA; ; ; ;TOTAL NACIONAL;34,2082509941742
01015301076950001; AZUAY;01;07695;0001;85,17; ;2;1; ;REGIÓN SIERRA; ; ; ;TOTAL NACIONAL;7,01339459531802
01015801078360001; AZUAY;01;07836;0001;25; ;10; ; ;REGIÓN SIERRA; ; ; ;TOTAL NACIONAL;23,8932327073294
01035601081240003; AZUAY;01;08124;0003;5,55; ;1; ; ;REGIÓN SIERRA; ; ; ;TOTAL NACIONAL;40,2692666327879
01015301084280001; AZUAY;01;08428;0001;9,27; ; ;1; ;REGIÓN SIERRA; ; ; ;TOTAL NACIONAL;36,6431634292557
01015301084280002; AZUAY;01;08428;0002;7,02; ;1; ; ;REGIÓN SIERRA; ; ; ;TOTAL NACIONAL;35,2480018120709
01035601085230005; AZUAY;01;08523;0005;9,51; ;1; ; ;REGIÓN SIERRA; ; ; ;TOTAL NACIONAL;10,8947784855006
01015301086280001; AZUAY;01;08628;0001;23,21; ;1; ; ;REGIÓN SIERRA; ; ; ;TOTAL NACIONAL;23,3819456653372
01035001087250004; AZUAY;01;08725;0004;5,46; ;1; ; ;REGIÓN SIERRA; ; ; ;TOTAL NACIONAL;53,0077209510905
01035001087250008; AZUAY;01;08725;0008;2,38; ;1; ; ;REGIÓN SIERRA; ; ; ;TOTAL NACIONAL;11,2075976691949
01017001089340001; AZUAY;01;08934;0001;3,9; ;2; ; ;REGIÓN SIERRA; ; ; ;TOTAL NACIONAL;49,6414243641595
01015301090940001; AZUAY;01;09094;0001;33,01; ;2; ; ;REGIÓN SIERRA; ; ; ;TOTAL NACIONAL;17,6332121719471
01085201091280001; AZUAY;01;09128;0001;578,69; ;5; ; ;REGIÓN SIERRA; ; ; ;TOTAL NACIONAL;1,03221209573906
01015301094290001; AZUAY;01;09429;0001;9,12; ;4; ; ;REGIÓN SIERRA; ; ; ;TOTAL NACIONAL;63,4103632275748
01015301094290002; AZUAY;01;09429;0002;10,34; ;2; ; ;REGIÓN SIERRA; ; ; ;TOTAL NACIONAL;1,68877861737008
01035001094910001; AZUAY;01;09491;0001;11,08; ;3; ; ;REGIÓN SIERRA; ; ; ;TOTAL NACIONAL;29,2250032731121
01035001094910003; AZUAY;01;09491;0003;5; ;2; ; ;REGIÓN SIERRA; ; ; ;TOTAL NACIONAL;15,3819322562519
01115001097580002; AZUAY;01;09758;0002;7,43; ;1; ; ;REGIÓN SIERRA; ; ; ;TOTAL NACIONAL;26,1916209141471
01115001097580005; AZUAY;01;09758;0005;5,26; ;1; ; ;REGIÓN SIERRA; ; ; ;TOTAL NACIONAL;7,68681736655318
01115001097580008; AZUAY;01;09758;0008;7,58; ;1; ; ;REGIÓN SIERRA; ; ; ;TOTAL NACIONAL;4,34382613093892
01115201097620001; AZUAY;01;09762;0001;5,28; ;1; ; ;REGIÓN SIERRA; ; ; ;TOTAL NACIONAL;6,71620067104699
01085201098660001; AZUAY;01;09866;0001;18,02; ;1; ; ;REGIÓN SIERRA; ; ; ;TOTAL NACIONAL;19,0988960112
01085201098660002; AZUAY;01;09866;0002;10,31; ; ;1; ;REGIÓN SIERRA; ; ; ;TOTAL NACIONAL;24,5556461262281
01017001100940018; AZUAY;01;10094;0018;1,26; ; ; ;3;REGIÓN SIERRA; ; ; ;TOTAL NACIONAL;57,5418152766461
01085201104030002; AZUAY;01;10403;0002;14,01; ; ;1; ;REGIÓN SIERRA; ; ; ;TOTAL NACIONAL;9,10279297468743
01035701107590002; AZUAY;01;10759;0002;4,97; ;3; ; ;REGIÓN SIERRA; ; ; ;TOTAL NACIONAL;31,7988853804454
01016801108590005; AZUAY;01;10859;0005;1,29; ;3; ; ;REGIÓN SIERRA; ; ; ;TOTAL NACIONAL;67,1006763499119
01016801108590008; AZUAY;01;10859;0008;8,15; ;12; ; ;REGIÓN SIERRA; ; ; ;TOTAL NACIONAL;4,39589877826054
01085201108990001; AZUAY;01;10899;0001;9,27; ; ;1; ;REGIÓN SIERRA; ; ; ;TOTAL NACIONAL;5,27022911298849
01016401112300008; AZUAY;01;11230;0008;9,55; ; ;1; ;REGIÓN SIERRA; ; ; ;TOTAL NACIONAL;29,4488610453862
01036001114830001; AZUAY;01;11483;0001;1,04; ;1; ; ;REGIÓN SIERRA; ; ; ;TOTAL NACIONAL;9,7895884009197
01016801115990001; AZUAY;01;11599;0001;5; ;1; ; ;REGIÓN SIERRA; ; ; ;TOTAL NACIONAL;87,3345416530358
01115301117410003; AZUAY;01;11741;0003;1,01; ;1; ; ;REGIÓN SIERRA; ; ; ;TOTAL NACIONAL;75,6218580497828
01115301117410005; AZUAY;01;11741;0005;2,78; ;1; ; ;REGIÓN SIERRA; ; ; ;TOTAL NACIONAL;63,0211375255969
01115301117410009; AZUAY;01;11741;0009;3,42; ;2; ; ;REGIÓN SIERRA; ; ; ;TOTAL NACIONAL;7,67649653402348
01016401117600001; AZUAY;01;11760;0001;14,79; ;1; ; ;REGIÓN SIERRA; ; ; ;TOTAL NACIONAL;12,2620874413601
01016401117600002; AZUAY;01;11760;0002;5,74; ;1; ; ;REGIÓN SIERRA; ; ; ;TOTAL NACIONAL;19,0391971428033
01016401117600004; AZUAY;01;11760;0004;2,11; ; ;2; ;REGIÓN SIERRA; ; ; ;TOTAL NACIONAL;32,8170217003118
01016401117600005; AZUAY;01;11760;0005;6,77; ;2; ; ;REGIÓN SIERRA; ; ; ;TOTAL NACIONAL;12,8691312058556
01016801122510010; AZUAY;01;12251;0010;30; ;4; ; ;REGIÓN SIERRA; ; ; ;TOTAL NACIONAL;2,3855622989179
01016801123170005; AZUAY;01;12317;0005;18,55; ;4; ; ;REGIÓN SIERRA; ; ; ;TOTAL NACIONAL;27,9266021638991
01115301124020002; AZUAY;01;12402;0002;7,29; ;1; ; ;REGIÓN SIERRA; ; ; ;TOTAL NACIONAL;41,1603814471256
01115301124160002; AZUAY;01;12416;0002;7,76; ;1; ; ;REGIÓN SIERRA; ; ; ;TOTAL NACIONAL;42,0295442608418
01115301124160004; AZUAY;01;12416;0004;,78; ;1; ; ;REGIÓN SIERRA; ; ; ;TOTAL NACIONAL;50,2200354126276
01115401124270001; AZUAY;01;12427;0001;15,43; ;1; ; ;REGIÓN SIERRA; ; ; ;TOTAL NACIONAL;21,5963027970331
01095301128740023; AZUAY;01;12874;0023;11,02; ;1; ; ;REGIÓN SIERRA; ; ; ;TOTAL NACIONAL;11,7827028372295
01155001132420001; AZUAY;01;13242;0001;180,02; ;3; ; ;REGIÓN SIERRA; ; ; ;TOTAL NACIONAL;3,31813586092232
01016801132730001; AZUAY;01;13273;0001;46,45; ;10; ; ;REGIÓN SIERRA; ; ; ;TOTAL NACIONAL;12,6899042172189
01016801134220016; AZUAY;01;13422;0016;,27; ; ; ;2;REGIÓN SIERRA; ; ; ;TOTAL NACIONAL;11,9957793839267
01016101135390006; AZUAY;01;13539;0006;11,07; ;1; ; ;REGIÓN SIERRA; ; ; ;TOTAL NACIONAL;1,81783302139473
01016101135390013; AZUAY;01;13539;0013;10,86; ;2; ; ;REGIÓN SIERRA; ; ; ;TOTAL NACIONAL;4,15515881873166
01017101136610002; AZUAY;01;13661;0002;7,51; ;1; ; ;REGIÓN SIERRA; ; ; ;TOTAL NACIONAL;33,1090423933788
01017101136610003; AZUAY;01;13661;0003;17,41;1; ; ; ;REGIÓN SIERRA; ; ; ;TOTAL NACIONAL;15,6272781985378
01085301136860001; AZUAY;01;13686;0001;11,17; ;1; ; ;REGIÓN SIERRA; ; ; ;TOTAL NACIONAL;16,5515241792343
01095001137570007; AZUAY;01;13757;0007;2,79; ;1; ; ;REGIÓN SIERRA; ; ; ;TOTAL NACIONAL;57,3860857738908
01095001137570009; AZUAY;01;13757;0009;5,99;2; ; ; ;REGIÓN SIERRA; ; ; ;TOTAL NACIONAL;11,0128717674158
01095301137800002; AZUAY;01;13780;0002;2,5; ;1; ; ;REGIÓN SIERRA; ; ; ;TOTAL NACIONAL;13,4148520590386
01095301137800008; AZUAY;01;13780;0008;2,08; ;1; ; ;REGIÓN SIERRA; ; ; ;TOTAL NACIONAL;36,2812047158526
01017101140840001; AZUAY;01;14084;0001;7,43; ; ; ;12;REGIÓN SIERRA; ; ; ;TOTAL NACIONAL;4,33726102586114
01017101140840002; AZUAY;01;14084;0002;3,02; ; ; ;8;REGIÓN SIERRA; ; ; ;TOTAL NACIONAL;14,4361942421725
01017101140840003; AZUAY;01;14084;0003;25,4; ;2; ; ;REGIÓN SIERRA; ; ; ;TOTAL NACIONAL;19,8033669763555
01016801140890001; AZUAY;01;14089;0001;132; ;3; ; ;REGIÓN SIERRA; ; ; ;TOTAL NACIONAL;1,23606603983614
01016801140890004; AZUAY;01;14089;0004;5,63; ; ; ;6;REGIÓN SIERRA; ; ; ;TOTAL NACIONAL;41,7616527090258
01095001141930003; AZUAY;01;14193;0003;5,17; ; ; ;2;REGIÓN SIERRA; ; ; ;TOTAL NACIONAL;21,9188187859952
01085301142620001; AZUAY;01;14262;0001;18,49; ;1; ; ;REGIÓN SIERRA; ; ; ;TOTAL NACIONAL;30,7154606508951
01095001143410002; AZUAY;01;14341;0002;5,11; ;2; ; ;REGIÓN SIERRA; ; ; ;TOTAL NACIONAL;30,7185717960996
01095001143410004; AZUAY;01;14341;0004;4,25; ;2; ; ;REGIÓN SIERRA; ; ; ;TOTAL NACIONAL;32,2449326105188
01085301144420001; AZUAY;01;14442;0001;37,8; ;3; ; ;REGIÓN SIERRA; ; ; ;TOTAL NACIONAL;15,8022270019617
01016101147510003; AZUAY;01;14751;0003;9,11; ;1; ; ;REGIÓN SIERRA; ; ; ;TOTAL NACIONAL;3,62740595346363
01016101147510004; AZUAY;01;14751;0004;5; ;1; ; ;REGIÓN SIERRA; ; ; ;TOTAL NACIONAL;30,3138752965157
01095001148070001; AZUAY;01;14807;0001;,05; ;1; ; ;REGIÓN SIERRA; ; ; ;TOTAL NACIONAL;119,067942991525
01016101148540001; AZUAY;01;14854;0001;15,01; ; ; ;1;REGIÓN SIERRA; ; ; ;TOTAL NACIONAL;33,2756907874394
01015201148580002; AZUAY;01;14858;0002;1,51; ;1; ; ;REGIÓN SIERRA; ; ; ;TOTAL NACIONAL;20,746147604598
01015201148580005; AZUAY;01;14858;0005;3,33; ; ;1; ;REGIÓN SIERRA; ; ; ;TOTAL NACIONAL;45,5980462027263
01015201148580006; AZUAY;01;14858;0006;8,41; ;1; ; ;REGIÓN SIERRA; ; ; ;TOTAL NACIONAL;10,2080514291619
01017101149390002; AZUAY;01;14939;0002;11,81;1; ; ; ;REGIÓN SIERRA; ; ; ;TOTAL NACIONAL;18,0862712442371
01017101153080001; AZUAY;01;15308;0001;6,03; ;1; ; ;REGIÓN SIERRA; ; ; ;TOTAL NACIONAL;5,9391875662774
01017101153080002; AZUAY;01;15308;0002;10,06; ;1; ; ;REGIÓN SIERRA; ; ; ;TOTAL NACIONAL;5,55503146111426
01017101153080004; AZUAY;01;15308;0004;10,83;1; ; ; ;REGIÓN SIERRA; ; ; ;TOTAL NACIONAL;27,0376919517459
01095401155280002; AZUAY;01;15528;0002;1,76; ;1; ; ;REGIÓN SIERRA; ; ; ;TOTAL NACIONAL;20,2428777103763
01015201156290005; AZUAY;01;15629;0005;10,11; ;1; ; ;REGIÓN SIERRA; ; ; ;TOTAL NACIONAL;14,6677244307029
01095101157500003; AZUAY;01;15750;0003;4,37; ;1; ; ;REGIÓN SIERRA; ; ; ;TOTAL NACIONAL;6,14341001151459
01015201166390001; AZUAY;01;16639;0001;22,52; ;1; ; ;REGIÓN SIERRA; ; ; ;TOTAL NACIONAL;26,5241643283371
01075001167260001; AZUAY;01;16726;0001;12,01; ;2; ; ;REGIÓN SIERRA; ; ; ;TOTAL NACIONAL;43,4080288631701
01025201167470001; AZUAY;01;16747;0001;55,02; ;2; ; ;REGIÓN SIERRA; ; ; ;TOTAL NACIONAL;8,29589946962953
01025201167470002; AZUAY;01;16747;0002;10,55; ;2; ; ;REGIÓN SIERRA; ; ; ;TOTAL NACIONAL;13,3551721206924
01025001167550001; AZUAY;01;16755;0001;8,17; ;1; ; ;REGIÓN SIERRA; ; ; ;TOTAL NACIONAL;18,5298195947107
01025001167550005; AZUAY;01;16755;0005;1; ;4; ; ;REGIÓN SIERRA; ; ; ;TOTAL NACIONAL;43,5361452472846
01016101170850001; AZUAY;01;17085;0001;2,35; ;1; ; ;REGIÓN SIERRA; ; ; ;TOTAL NACIONAL;21,2751444425902
01016101170850003; AZUAY;01;17085;0003;14,96; ;1; ; ;REGIÓN SIERRA; ; ; ;TOTAL NACIONAL;8,62012610486132
01016101170850004; AZUAY;01;17085;0004;6,68; ;1; ; ;REGIÓN SIERRA; ; ; ;TOTAL NACIONAL;6,81883134025291
01016101170850006; AZUAY;01;17085;0006;8,67; ;1; ; ;REGIÓN SIERRA; ; ; ;TOTAL NACIONAL;20,5027698193132
01015201172420002; AZUAY;01;17242;0002;4,56; ;1; ; ;REGIÓN SIERRA; ; ; ;TOTAL NACIONAL;70,0189903661975
01015201172450001; AZUAY;01;17245;0001;6,56; ;1; ; ;REGIÓN SIERRA; ; ; ;TOTAL NACIONAL;38,7497251979255
01015201173200002; AZUAY;01;17320;0002;4; ;1; ; ;REGIÓN SIERRA; ; ; ;TOTAL NACIONAL;31,6037780122572
01095601174830009; AZUAY;01;17483;0009;1; ;1; ; ;REGIÓN SIERRA; ; ; ;TOTAL NACIONAL;78,2807967070191
01025201175470001; AZUAY;01;17547;0001;56; ;1; ; ;REGIÓN SIERRA; ; ; ;TOTAL NACIONAL;3,1752162572523
01025201175470002; AZUAY;01;17547;0002;20,06; ;2; ; ;REGIÓN SIERRA; ; ; ;TOTAL NACIONAL;11,2759674296346
01025201175470003; AZUAY;01;17547;0003;7,46; ;1; ; ;REGIÓN SIERRA; ; ; ;TOTAL NACIONAL;23,7891402055884
01095601177080003; AZUAY;01;17708;0003;11,61; ;1; ; ;REGIÓN SIERRA; ; ; ;TOTAL NACIONAL;19,2764811678426
01025001177540002; AZUAY;01;17754;0002;18,51; ;1; ; ;REGIÓN SIERRA; ; ; ;TOTAL NACIONAL;31,5238210566403
01025001179590003; AZUAY;01;17959;0003;11,88;1; ; ; ;REGIÓN SIERRA; ; ; ;TOTAL NACIONAL;12,6700950376338
01075001180090004; AZUAY;01;18009;0004;17,41; ;1; ; ;REGIÓN SIERRA; ; ; ;TOTAL NACIONAL;,609567922315077
01075001180320003; AZUAY;01;18032;0003;10,27; ;1; ; ;REGIÓN SIERRA; ; ; ;TOTAL NACIONAL;1,2737628926254
01075001180320004; AZUAY;01;18032;0004;2,56; ;1; ; ;REGIÓN SIERRA; ; ; ;TOTAL NACIONAL;51,1283031924093
01075001180320005; AZUAY;01;18032;0005;5,81; ;1; ; ;REGIÓN SIERRA; ; ; ;TOTAL NACIONAL;23,7184543269402
01075001180320006; AZUAY;01;18032;0006;5,02; ;1; ; ;REGIÓN SIERRA; ; ; ;TOTAL NACIONAL;19,6056190691118
01075001180320007; AZUAY;01;18032;0007;17,82; ;1; ; ;REGIÓN SIERRA; ; ; ;TOTAL NACIONAL;3,76059936784364
01025001180700003; AZUAY;01;18070;0003;23,29; ;2; ; ;REGIÓN SIERRA; ; ; ;TOTAL NACIONAL;7,12358984744922
01025201184030001; AZUAY;01;18403;0001;113,86; ;2; ; ;REGIÓN SIERRA; ; ; ;TOTAL NACIONAL;5,21558394443542
01075001184120007; AZUAY;01;18412;0007;5,81; ;1; ; ;REGIÓN SIERRA; ; ; ;TOTAL NACIONAL;10,2913622805666
01075001184120008; AZUAY;01;18412;0008;1,2; ;1; ; ;REGIÓN SIERRA; ; ; ;TOTAL NACIONAL;7,11819224405856
01095201187530001; AZUAY;01;18753;0001;14; ;1; ; ;REGIÓN SIERRA; ; ; ;TOTAL NACIONAL;53,3331087217175
01095201187770001; AZUAY;01;18777;0001;18,01; ;1; ; ;REGIÓN SIERRA; ; ; ;TOTAL NACIONAL;36,0493515410071
01085301188930001; AZUAY;01;18893;0001;11,28; ;1; ; ;REGIÓN SIERRA; ; ; ;TOTAL NACIONAL;14,3890121615874
01085301188930002; AZUAY;01;18893;0002;5,03; ;1; ; ;REGIÓN SIERRA; ; ; ;TOTAL NACIONAL;19,9819495698929
01085301188930003; AZUAY;01;18893;0003;8,53; ;1; ; ;REGIÓN SIERRA; ; ; ;TOTAL NACIONAL;52,1701593404468
01085301188930004; AZUAY;01;18893;0004;2,95; ;1; ; ;REGIÓN SIERRA; ; ; ;TOTAL NACIONAL;,0703072996331492
01095601190040001; AZUAY;01;19004;0001;21,24; ;1; ; ;REGIÓN SIERRA; ; ; ;TOTAL NACIONAL;5,12305856660214
01025001192480004; AZUAY;01;19248;0004;19,01;2;6; ; ;REGIÓN SIERRA; ; ; ;TOTAL NACIONAL;1,0002646517403
01025001193930001; AZUAY;01;19393;0001;45,6; ;1; ; ;REGIÓN SIERRA; ; ; ;TOTAL NACIONAL;9,23257450246119
01025001193930002; AZUAY;01;19393;0002;64,9; ;1; ; ;REGIÓN SIERRA; ; ; ;TOTAL NACIONAL;2,62044253934519
01025001194630001; AZUAY;01;19463;0001;34,72; ;1; ; ;REGIÓN SIERRA; ; ; ;TOTAL NACIONAL;17,2042286199089
01025001194820002; AZUAY;01;19482;0002;11,06; ;2; ; ;REGIÓN SIERRA; ; ; ;TOTAL NACIONAL;38,4400443925407
01025001195110001; AZUAY;01;19511;0001;38,36; ;3; ; ;REGIÓN SIERRA; ; ; ;TOTAL NACIONAL;15,5717105756839
01085301197970001; AZUAY;01;19797;0001;26,77; ;1; ; ;REGIÓN SIERRA; ; ; ;TOTAL NACIONAL;12,9683240279571
01085401200750001; AZUAY;01;20075;0001;26,77; ;1; ; ;REGIÓN SIERRA; ; ; ;TOTAL NACIONAL;22,3136890060636
01085401200790002; AZUAY;01;20079;0002;22,89; ;1; ; ;REGIÓN SIERRA; ; ; ;TOTAL NACIONAL;14,0502205875815
01095201201900001; AZUAY;01;20190;0001;4,53; ;1; ; ;REGIÓN SIERRA; ; ; ;TOTAL NACIONAL;14,4270703010224
01095201201900009; AZUAY;01;20190;0009;21,66; ;1; ; ;REGIÓN SIERRA; ; ; ;TOTAL NACIONAL;4,17494223398691
01095201201900011; AZUAY;01;20190;0011;1,03; ;1; ; ;REGIÓN SIERRA; ; ; ;TOTAL NACIONAL;29,0288601258142
01095201201900015; AZUAY;01;20190;0015;,44; ;1; ; ;REGIÓN SIERRA; ; ; ;TOTAL NACIONAL;71,5891934526424
01085401202790001; AZUAY;01;20279;0001;12,42; ;3; ; ;REGIÓN SIERRA; ; ; ;TOTAL NACIONAL;47,4123988800568
01065001202980001; AZUAY;01;20298;0001;10,97; ;1;1; ;REGIÓN SIERRA; ; ; ;TOTAL NACIONAL;49,0334003029858
01065001202980002; AZUAY;01;20298;0002;2,28; ;1; ; ;REGIÓN SIERRA; ; ; ;TOTAL NACIONAL;23,5468274085755
01025001203910001; AZUAY;01;20391;0001;51,52;1;16; ; ;REGIÓN SIERRA; ; ; ;TOTAL NACIONAL;4,85743525956783
01025001204130001; AZUAY;01;20413;0001;12,25; ;1; ; ;REGIÓN SIERRA; ; ; ;TOTAL NACIONAL;39,1881524199805
01025001204130003; AZUAY;01;20413;0003;5; ;1; ; ;REGIÓN SIERRA; ; ; ;TOTAL NACIONAL;12,2120967170795
01025001204160002; AZUAY;01;20416;0002;2,4; ; ;1; ;REGIÓN SIERRA; ; ; ;TOTAL NACIONAL;42,3690067487262
01025001204780001; AZUAY;01;20478;0001;26,86; ;1; ; ;REGIÓN SIERRA; ; ; ;TOTAL NACIONAL;22,2386752674325
01065001206320001; AZUAY;01;20632;0001;7,76; ;1;1; ;REGIÓN SIERRA; ; ; ;TOTAL NACIONAL;48,5510899149579
01065001206320003; AZUAY;01;20632;0003;8,27; ;1; ; ;REGIÓN SIERRA; ; ; ;TOTAL NACIONAL;23,690992527219
01025001206970001; AZUAY;01;20697;0001;9,35; ;1; ; ;REGIÓN SIERRA; ; ; ;TOTAL NACIONAL;51,2803005716843
01025001207190001; AZUAY;01;20719;0001;18,05; ;1; ; ;REGIÓN SIERRA; ; ; ;TOTAL NACIONAL;32,915888050088
01095201207510003; AZUAY;01;20751;0003;31; ;2; ; ;REGIÓN SIERRA; ; ; ;TOTAL NACIONAL;3,92589792252957
01095201207510004; AZUAY;01;20751;0004;2,05; ;3; ; ;REGIÓN SIERRA; ; ; ;TOTAL NACIONAL;37,8665650060874
01065001209140007; AZUAY;01;20914;0007;2; ;1; ; ;REGIÓN SIERRA; ; ; ;TOTAL NACIONAL;7,58839721710858
01065001209140009; AZUAY;01;20914;0009;,05; ;2; ; ;REGIÓN SIERRA; ; ; ;TOTAL NACIONAL;68,1235104173561
01065001209140012; AZUAY;01;20914;0012;,33; ; ; ;1;REGIÓN SIERRA; ; ; ;TOTAL NACIONAL;48,0546349648204
01075001209940001; AZUAY;01;20994;0001;81,76; ; ; ;2;REGIÓN SIERRA; ; ; ;TOTAL NACIONAL;6,31051629499068
01085401212710001; AZUAY;01;21271;0001;8,09; ;1; ; ;REGIÓN SIERRA; ; ; ;TOTAL NACIONAL;45,6099530409278
01085401212710002; AZUAY;01;21271;0002;4,91;1; ; ; ;REGIÓN SIERRA; ; ; ;TOTAL NACIONAL;45,1546412417029
01085401214030001; AZUAY;01;21403;0001;6,01; ;2; ; ;REGIÓN SIERRA; ; ; ;TOTAL NACIONAL;11,6526133095272
01085401214130002; AZUAY;01;21413;0002;10,43; ;3; ; ;REGIÓN SIERRA; ; ; ;TOTAL NACIONAL;25,1296381390526
01085401214130003; AZUAY;01;21413;0003;5,83; ;3; ; ;REGIÓN SIERRA; ; ; ;TOTAL NACIONAL;19,4886721324935
01085401214170001; AZUAY;01;21417;0001;10,31; ;2; ; ;REGIÓN SIERRA; ; ; ;TOTAL NACIONAL;16,080101837385
01085401214170002; AZUAY;01;21417;0002;8,44; ;2; ; ;REGIÓN SIERRA; ; ; ;TOTAL NACIONAL;32,820167202248
01085401216580001; AZUAY;01;21658;0001;3,72; ;2; ; ;REGIÓN SIERRA; ; ; ;TOTAL NACIONAL;45,9548960793142
01085401216580004; AZUAY;01;21658;0004;3,97; ; ; ;2;REGIÓN SIERRA; ; ; ;TOTAL NACIONAL;40,1997219051468
01065201224700001; AZUAY;01;22470;0001;2,11; ;1; ; ;REGIÓN SIERRA; ; ; ;TOTAL NACIONAL;52,9013443874149
01065201224700003; AZUAY;01;22470;0003;92,05; ;1; ; ;REGIÓN SIERRA; ; ; ;TOTAL NACIONAL;6,13939769092526
01085101226330004; AZUAY;01;22633;0004;3,89; ;1; ; ;REGIÓN SIERRA; ; ; ;TOTAL NACIONAL;39,4366799564085
01065201227450001; AZUAY;01;22745;0001;12,78; ;1; ; ;REGIÓN SIERRA; ; ; ;TOTAL NACIONAL;3,23501597327576
01065201227450002; AZUAY;01;22745;0002;19,07; ;1; ; ;REGIÓN SIERRA; ; ; ;TOTAL NACIONAL;7,73230041874783
01065201227480001; AZUAY;01;22748;0001;19,07; ;1; ; ;REGIÓN SIERRA; ; ; ;TOTAL NACIONAL;31,2290000757182
01085101229180003; AZUAY;01;22918;0003;3,01; ;1; ; ;REGIÓN SIERRA; ; ; ;TOTAL NACIONAL;23,6236284233911
01085401230770002; AZUAY;01;23077;0002;4,89; ;1; ; ;REGIÓN SIERRA; ; ; ;TOTAL NACIONAL;38,7444132794889
01085401232090002; AZUAY;01;23209;0002;2,05; ; ; ;6;REGIÓN SIERRA; ; ; ;TOTAL NACIONAL;51,2807415639565
01085401232090003; AZUAY;01;23209;0003;1,05; ;1; ; ;REGIÓN SIERRA; ; ; ;TOTAL NACIONAL;61,6459602284094
01085401232090004; AZUAY;01;23209;0004;8,23; ;1; ; ;REGIÓN SIERRA; ; ; ;TOTAL NACIONAL;36,7903111716108
01085401232090006; AZUAY;01;23209;0006;,42; ; ; ;5;REGIÓN SIERRA; ; ; ;TOTAL NACIONAL;63,5239500206876
01085401232120001; AZUAY;01;23212;0001;7,37; ; ; ;2;REGIÓN SIERRA; ; ; ;TOTAL NACIONAL;50,8850614459304
01085401232120004; AZUAY;01;23212;0004;,88;1; ; ; ;REGIÓN SIERRA; ; ; ;TOTAL NACIONAL;51,2071614158242
01085001233310002; AZUAY;01;23331;0002;4,93; ;1; ; ;REGIÓN SIERRA; ; ; ;TOTAL NACIONAL;73,8960168904397
01045301233860001; AZUAY;01;23386;0001;7,71; ;1; ;8;REGIÓN SIERRA; ; ; ;TOTAL NACIONAL;35,9708143275381
01045301236710001; AZUAY;01;23671;0001;16,85; ;2; ; ;REGIÓN SIERRA; ; ; ;TOTAL NACIONAL;3,14242487676522
01045301236710002; AZUAY;01;23671;0002;45,01; ;8;1; ;REGIÓN SIERRA; ; ; ;TOTAL NACIONAL;11,9798369790181
01085001237390001; AZUAY;01;23739;0001;9,83; ;2; ; ;REGIÓN SIERRA; ; ; ;TOTAL NACIONAL;20,755276693242
01065001240730001; AZUAY;01;24073;0001;16,5; ;1; ; ;REGIÓN SIERRA; ; ; ;TOTAL NACIONAL;60,1552557014089
01085001240900001; AZUAY;01;24090;0001;5,96;1; ; ; ;REGIÓN SIERRA; ; ; ;TOTAL NACIONAL;92,9518136357316
01085001240900002; AZUAY;01;24090;0002;5,9;1; ; ; ;REGIÓN SIERRA; ; ; ;TOTAL NACIONAL;74,3243673706035
01045201250220001; AZUAY;01;25022;0001;18,47; ;1; ; ;REGIÓN SIERRA; ; ; ;TOTAL NACIONAL;32,2434776093095
01065001252170001; AZUAY;01;25217;0001;83; ;3; ; ;REGIÓN SIERRA; ; ; ;TOTAL NACIONAL;6,88144235690973
01085001257640001; AZUAY;01;25764;0001;9,71; ; ; ;5;REGIÓN SIERRA; ; ; ;TOTAL NACIONAL;60,3448424149348
01045001262490003; AZUAY;01;26249;0003;,65; ;1; ; ;REGIÓN SIERRA; ; ; ;TOTAL NACIONAL;77,6844972127992
01045001269710001; AZUAY;01;26971;0001;1; ;1; ; ;REGIÓN SIERRA; ; ; ;TOTAL NACIONAL;64,4172555678535
01045001269710002; AZUAY;01;26971;0002;6,72; ;1; ; ;REGIÓN SIERRA; ; ; ;TOTAL NACIONAL;44,5480999331276
01045201273910001; AZUAY;01;27391;0001;18,06; ;1; ; ;REGIÓN SIERRA; ; ; ;TOTAL NACIONAL;31,7048175248601
01045301275750003; AZUAY;01;27575;0003;4,32; ;1; ; ;REGIÓN SIERRA; ; ; ;TOTAL NACIONAL;68,4944172712936
01045301276490003; AZUAY;01;27649;0003;4,32; ;1; ; ;REGIÓN SIERRA; ; ; ;TOTAL NACIONAL;,677025123195021
01045101277250001; AZUAY;01;27725;0001;3,18; ;1; ; ;REGIÓN SIERRA; ; ; ;TOTAL NACIONAL;4,55288268623115
01105101279050001; AZUAY;01;27905;0001;12,42; ; ; ;3;REGIÓN SIERRA; ; ; ;TOTAL NACIONAL;43,4734574089847
01045101283870001; AZUAY;01;28387;0001;11,49; ;1; ; ;REGIÓN SIERRA; ; ; ;TOTAL NACIONAL;33,8323595350592
01105001288900001; AZUAY;01;28890;0001;15; ;1; ; ;REGIÓN SIERRA; ; ; ;TOTAL NACIONAL;3,14141729399333
01045101289860001; AZUAY;01;28986;0001;4,96;1;1; ;2;REGIÓN SIERRA; ; ; ;TOTAL NACIONAL;30,9001539478152
01105001298880004; AZUAY;01;29888;0004;5,08; ;2; ; ;REGIÓN SIERRA; ; ; ;TOTAL NACIONAL;,175847548654709
01015702000170003; AZUAY;02;00017;0003;270,3; ;7; ; ;REGIÓN SIERRA; ; ; ;TOTAL NACIONAL;2,23147244124142
01015702000480002; AZUAY;02;00048;0002;270,3; ;7; ; ;REGIÓN SIERRA; ; ; ;TOTAL NACIONAL;1,18246548164629
01085202001040001; AZUAY;02;00104;0001;50,67; ;2;1; ;REGIÓN SIERRA; ; ; ;TOTAL NACIONAL;15,8036651620055
01155002001160001; AZUAY;02;00116;0001;578,69; ;5; ; ;REGIÓN SIERRA; ; ; ;TOTAL NACIONAL;0
01155002001290001; AZUAY;02;00129;0001;578,69; ;5; ; ;REGIÓN SIERRA; ; ; ;TOTAL NACIONAL;1,38541862046891
01015703000680001; AZUAY;03;00068;0001;32,01; ;1; ; ;REGIÓN SIERRA; ; ; ;TOTAL NACIONAL;60,1152020094372
01015103004380004; AZUAY;03;00438;0004;53,9; ;5; ; ;REGIÓN SIERRA; ; ; ;TOTAL NACIONAL;69,274065484966
01015103004380005; AZUAY;03;00438;0005;102,3; ;3; ; ;REGIÓN SIERRA; ; ; ;TOTAL NACIONAL;30,6494437297884
01017103006540003; AZUAY;03;00654;0003;29,82; ;10; ; ;REGIÓN SIERRA; ; ; ;TOTAL NACIONAL;57,7456584499888
01017103006540009; AZUAY;03;00654;0009;20,5; ;1; ; ;REGIÓN SIERRA; ; ; ;TOTAL NACIONAL;26,2781526946598
01017103006540017; AZUAY;03;00654;0017;36,02; ;1; ; ;REGIÓN SIERRA; ; ; ;TOTAL NACIONAL;7,17918426850981
01065003007920005; AZUAY;03;00792;0005;1,37; ; ;1; ;REGIÓN SIERRA; ; ; ;TOTAL NACIONAL;50,7693758423135
01065003007920006; AZUAY;03;00792;0006;16,71; ;1; ; ;REGIÓN SIERRA; ; ; ;TOTAL NACIONAL;133,470357141326
01065003007920011; AZUAY;03;00792;0011;6,68; ;1; ; ;REGIÓN SIERRA; ; ; ;TOTAL NACIONAL;18,4971871696698
01065003007920012; AZUAY;03;00792;0012;,52; ;1; ; ;REGIÓN SIERRA; ; ; ;TOTAL NACIONAL;229,090889819642
01065003007920016; AZUAY;03;00792;0016;2,62; ;1; ; ;REGIÓN SIERRA; ; ; ;TOTAL NACIONAL;132,602838750836
01065003007920017; AZUAY;03;00792;0017;6,55; ;1; ; ;REGIÓN SIERRA; ; ; ;TOTAL NACIONAL;91,6266335872498
01065203008890003; AZUAY;03;00889;0003;25,27; ;1; ; ;REGIÓN SIERRA; ; ; ;TOTAL NACIONAL;4,53458540026871
01065203008890005; AZUAY;03;00889;0005;8,07; ;1; ; ;REGIÓN SIERRA; ; ; ;TOTAL NACIONAL;161,44559894636
01065203008890009; AZUAY;03;00889;0009;19,95; ;1; ; ;REGIÓN SIERRA; ; ; ;TOTAL NACIONAL;64,9401170855495
01015704000460001; AZUAY;04;00046;0001;105,52; ;1; ; ;REGIÓN SIERRA; ; ; ;TOTAL NACIONAL;27,6046936951263
01015704000460002; AZUAY;04;00046;0002;253,3; ;1; ; ;REGIÓN SIERRA; ; ; ;TOTAL NACIONAL;31,0066878473212
01085204000890001; AZUAY;04;00089;0001;34,53; ; ;1; ;REGIÓN SIERRA; ; ; ;TOTAL NACIONAL;23,0835105454447
01085204000890002; AZUAY;04;00089;0002;131,32; ;1;1; ;REGIÓN SIERRA; ; ; ;TOTAL NACIONAL;30,1899341890728
01085204000890003; AZUAY;04;00089;0003;104,4; ;2;1; ;REGIÓN SIERRA; ; ; ;TOTAL NACIONAL;21,8189270130137
01085204000910001; AZUAY;04;00091;0001;216,54; ;3;1; ;REGIÓN SIERRA; ; ; ;TOTAL NACIONAL;27,6797053614646
01085204000910002; AZUAY;04;00091;0002;114,03; ; ;2; ;REGIÓN SIERRA; ; ; ;TOTAL NACIONAL;29,8159688961328
01016804000940001; AZUAY;04;00094;0001;75; ;7; ; ;REGIÓN SIERRA; ; ; ;TOTAL NACIONAL;32,280599451905
01016804000940003; AZUAY;04;00094;0003;123,8; ;4; ; ;REGIÓN SIERRA; ; ; ;TOTAL NACIONAL;63,5012187795749
01085304001500002; AZUAY;04;00150;0002;26,51; ;1; ; ;REGIÓN SIERRA; ; ; ;TOTAL NACIONAL;55,2745236818018
01085304001500007; AZUAY;04;00150;0007;7,79; ;2; ; ;REGIÓN SIERRA; ; ; ;TOTAL NACIONAL;6,31986933859605
01085304001500010; AZUAY;04;00150;0010;8,53; ;1; ; ;REGIÓN SIERRA; ; ; ;TOTAL NACIONAL;5,56851755605631
01085304001500012; AZUAY;04;00150;0012;28,01; ;3; ; ;REGIÓN SIERRA; ; ; ;TOTAL NACIONAL;68,6519511654644
01095204001670001; AZUAY;04;00167;0001;2550,8; ;30; ; ;REGIÓN SIERRA; ; ; ;TOTAL NACIONAL;5,23092561483543
01045104001820001; AZUAY;04;00182;0001;90; ;4; ; ;REGIÓN SIERRA; ; ; ;TOTAL NACIONAL;25,6874363894655
01045104001820002; AZUAY;04;00182;0002;8; ;1; ; ;REGIÓN SIERRA; ; ; ;TOTAL NACIONAL;76,9889690553638
01045104001820004; AZUAY;04;00182;0004;142,13; ;2; ; ;REGIÓN SIERRA; ; ; ;TOTAL NACIONAL;12,8159069261901
01015754000994062; AZUAY;54;00099;4062;15; ;5;7; ;REGIÓN SIERRA; ; ; ;TOTAL NACIONAL;1
01015754000994106; AZUAY;54;00099;4106;7,05; ; ;2; ;REGIÓN SIERRA; ; ; ;TOTAL NACIONAL;1
01155061000992381; AZUAY;61;00099;2381;1500; ;25;6; ;REGIÓN SIERRA; ; ; ;TOTAL NACIONAL;1
01155061000992382; AZUAY;61;00099;2382;520;1;6;9; ;REGIÓN SIERRA; ; ; ;TOTAL NACIONAL;1
01155061000992394; AZUAY;61;00099;2394;578,69; ;5; ; ;REGIÓN SIERRA; ; ; ;TOTAL NACIONAL;1
01155061000992567; AZUAY;61;00099;2567;318; ;20; ; ;REGIÓN SIERRA; ; ; ;TOTAL NACIONAL;1
01155061000992948; AZUAY;61;00099;2948;600; ;6; ; ;REGIÓN SIERRA; ; ; ;TOTAL NACIONAL;1
01075061000993240; AZUAY;61;00099;3240;52;1;3;1; ;REGIÓN SIERRA; ; ; ;TOTAL NACIONAL;1
01085062000991221; AZUAY;62;00099;1221;7; ;3; ; ;REGIÓN SIERRA; ; ; ;TOTAL NACIONAL;1
01016864000991173; AZUAY;64;00099;1173;10; ;10; ; ;REGIÓN SIERRA; ; ; ;TOTAL NACIONAL;1
02016001000860001;BOLÍVAR;01;00086;0001;9,8784; ; ;1; ;REGIÓN SIERRA; ; ; ;TOTAL NACIONAL;18,8895529234282
02016001000860003;BOLÍVAR;01;00086;0003;10; ; ;1; ;REGIÓN SIERRA; ; ; ;TOTAL NACIONAL;2,89267031332769
02016001000860004;BOLÍVAR;01;00086;0004;7,7616; ; ;1; ;REGIÓN SIERRA; ; ; ;TOTAL NACIONAL;23,4996145889334
02016001000860005;BOLÍVAR;01;00086;0005;1,1995; ; ;1; ;REGIÓN SIERRA; ; ; ;TOTAL NACIONAL;48,2756131163851
02016001000860006;BOLÍVAR;01;00086;0006;3,528;1; ;1; ;REGIÓN SIERRA; ; ; ;TOTAL NACIONAL;10,2964647643275
02015101001010001;BOLÍVAR;01;00101;0001;7,056;1; ; ; ;REGIÓN SIERRA; ; ; ;TOTAL NACIONAL;3,54504633844486
02015101001010002;BOLÍVAR;01;00101;0002;2,2932; ; ;1; ;REGIÓN SIERRA; ; ; ;TOTAL NACIONAL;18,9197060335948
02015101001010003;BOLÍVAR;01;00101;0003;7,056; ; ;1; ;REGIÓN SIERRA; ; ; ;TOTAL NACIONAL;,373213268106915
02015101001010004;BOLÍVAR;01;00101;0004;6,7738;1; ; ; ;REGIÓN SIERRA; ; ; ;TOTAL NACIONAL;21,6968189015668
02015101002060004;BOLÍVAR;01;00206;0004;6,35; ; ;2; ;REGIÓN SIERRA; ; ; ;TOTAL NACIONAL;10,8975331067389
02015101002070002;BOLÍVAR;01;00207;0002;7,5; ;1; ; ;REGIÓN SIERRA; ; ; ;TOTAL NACIONAL;34,1208278912281
02015101002070003;BOLÍVAR;01;00207;0003;6,35; ; ;1; ;REGIÓN SIERRA; ; ; ;TOTAL NACIONAL;,97760104273915
02015101003760002;BOLÍVAR;01;00376;0002;7; ; ;1; ;REGIÓN SIERRA; ; ; ;TOTAL NACIONAL;22,8378888867752
02015101003760004;BOLÍVAR;01;00376;0004;27; ; ;1; ;REGIÓN SIERRA; ; ; ;TOTAL NACIONAL;7,57523538641161
02015101004360001;BOLÍVAR;01;00436;0001;6,3857; ;1;1; ;REGIÓN SIERRA; ; ; ;TOTAL NACIONAL;6,1254278945071
02015101004360002;BOLÍVAR;01;00436;0002;2,55; ; ;1; ;REGIÓN SIERRA; ; ; ;TOTAL NACIONAL;66,0345914600229
02015101004360003;BOLÍVAR;01;00436;0003;9,05; ;1; ; ;REGIÓN SIERRA; ; ; ;TOTAL NACIONAL;26,0096583493468
02015101004360005;BOLÍVAR;01;00436;0005;2,8577;1; ; ; ;REGIÓN SIERRA; ; ; ;TOTAL NACIONAL;12,920150841062
02015101004360006;BOLÍVAR;01;00436;0006;1,05;1; ; ; ;REGIÓN SIERRA; ; ; ;TOTAL NACIONAL;5,17716840315632
02015101004400001;BOLÍVAR;01;00440;0001;14;1;1; ; ;REGIÓN SIERRA; ; ; ;TOTAL NACIONAL;14,3168370561008
02015101004400002;BOLÍVAR;01;00440;0002;4,01; ;1; ; ;REGIÓN SIERRA; ; ; ;TOTAL NACIONAL;27,7758124377684
02015101004400004;BOLÍVAR;01;00440;0004;4; ; ;1; ;REGIÓN SIERRA; ; ; ;TOTAL NACIONAL;6,34992921577666
02015101004620001;BOLÍVAR;01;00462;0001;2,8577;1; ; ; ;REGIÓN SIERRA; ; ; ;TOTAL NACIONAL;20,2685754668365
02015101004620002;BOLÍVAR;01;00462;0002;5,64; ; ;2; ;REGIÓN SIERRA; ; ; ;TOTAL NACIONAL;59,7577416747299
02015101004620003;BOLÍVAR;01;00462;0003;4,93;1; ; ; ;REGIÓN SIERRA; ; ; ;TOTAL NACIONAL;2,84242799548859
02015101004620005;BOLÍVAR;01;00462;0005;2,82;1;3; ; ;REGIÓN SIERRA; ; ; ;TOTAL NACIONAL;9,11981925128747
02015101004620006;BOLÍVAR;01;00462;0006;2,12;1; ; ; ;REGIÓN SIERRA; ; ; ;TOTAL NACIONAL;29,4639321287622
02015901006690002;BOLÍVAR;01;00669;0002;8; ;1; ; ;REGIÓN SIERRA; ; ; ;TOTAL NACIONAL;13,2118130125161
02015901007380002;BOLÍVAR;01;00738;0002;6; ;1; ; ;REGIÓN SIERRA; ; ; ;TOTAL NACIONAL;42,8360718916448
02015901007380004;BOLÍVAR;01;00738;0004;5,5; ; ;1; ;REGIÓN SIERRA; ; ; ;TOTAL NACIONAL;23,4734444803405
02015901007710003;BOLÍVAR;01;00771;0003;6; ;1; ; ;REGIÓN SIERRA; ; ; ;TOTAL NACIONAL;1,72964489832723
02015901007710005;BOLÍVAR;01;00771;0005;6,55; ;1; ; ;REGIÓN SIERRA; ; ; ;TOTAL NACIONAL;29,1322213585991
02015901008570001;BOLÍVAR;01;00857;0001;3,0341; ;1; ; ;REGIÓN SIERRA; ; ; ;TOTAL NACIONAL;4,62305190122274
02015901008570002;BOLÍVAR;01;00857;0002;5; ;1; ; ;REGIÓN SIERRA; ; ; ;TOTAL NACIONAL;51,3410055143393
02015901008570003;BOLÍVAR;01;00857;0003;11;1; ; ; ;REGIÓN SIERRA; ; ; ;TOTAL NACIONAL;4,99846143540784
02015901008570004;BOLÍVAR;01;00857;0004;,75;1; ; ; ;REGIÓN SIERRA; ; ; ;TOTAL NACIONAL;18,9189077985329
02015901008570006;BOLÍVAR;01;00857;0006;2,55; ;2;1; ;REGIÓN SIERRA; ; ; ;TOTAL NACIONAL;43,9814696758945
02015901010140001;BOLÍVAR;01;01014;0001;4,01; ; ;1; ;REGIÓN SIERRA; ; ; ;TOTAL NACIONAL;43,9756967234808
02015101012200001;BOLÍVAR;01;01220;0001;11,2896; ; ;1; ;REGIÓN SIERRA; ; ; ;TOTAL NACIONAL;1,68257781219152
02015101012200002;BOLÍVAR;01;01220;0002;21,168; ; ;1; ;REGIÓN SIERRA; ; ; ;TOTAL NACIONAL;26,7469508809956
02015901012440001;BOLÍVAR;01;01244;0001;60; ;7; ; ;REGIÓN SIERRA; ; ; ;TOTAL NACIONAL;6,35365252182003
02015901012440002;BOLÍVAR;01;01244;0002;21; ;2; ; ;REGIÓN SIERRA; ; ; ;TOTAL NACIONAL;9,68639826762398
02015901012440003;BOLÍVAR;01;01244;0003;38; ; ;2; ;REGIÓN SIERRA; ; ; ;TOTAL NACIONAL;,536939924148549
02015901012860001;BOLÍVAR;01;01286;0001;5;1;1; ; ;REGIÓN SIERRA; ; ; ;TOTAL NACIONAL;59,6243460137255
02015901012860002;BOLÍVAR;01;01286;0002;1,5;1; ; ; ;REGIÓN SIERRA; ; ; ;TOTAL NACIONAL;56,454345813895
02015901012860003;BOLÍVAR;01;01286;0003;3;1;1; ; ;REGIÓN SIERRA; ; ; ;TOTAL NACIONAL;31,8557038873913
02015901012860004;BOLÍVAR;01;01286;0004;4;1;1; ; ;REGIÓN SIERRA; ; ; ;TOTAL NACIONAL;32,72447529751
02015901014610001;BOLÍVAR;01;01461;0001;14; ;1; ; ;REGIÓN SIERRA; ; ; ;TOTAL NACIONAL;35,9671363789141
02015901014610002;BOLÍVAR;01;01461;0002;5; ;1; ; ;REGIÓN SIERRA; ; ; ;TOTAL NACIONAL;18,5366483780807
02015901017880001;BOLÍVAR;01;01788;0001;55,25; ;2; ; ;REGIÓN SIERRA; ; ; ;TOTAL NACIONAL;10,2505326295991
02015901017880002;BOLÍVAR;01;01788;0002;32,02; ;1;1; ;REGIÓN SIERRA; ; ; ;TOTAL NACIONAL;1,34061005172806
02015901018260001;BOLÍVAR;01;01826;0001;30,01;1; ; ; ;REGIÓN SIERRA; ; ; ;TOTAL NACIONAL;20,3021746631684
02015901018670001;BOLÍVAR;01;01867;0001;20; ; ;1; ;REGIÓN SIERRA; ; ; ;TOTAL NACIONAL;2,48073727198439
02015901018670002;BOLÍVAR;01;01867;0002;25; ;1;1; ;REGIÓN SIERRA; ; ; ;TOTAL NACIONAL;9,37000429226098
02015901019370001;BOLÍVAR;01;01937;0001;60; ;5; ; ;REGIÓN SIERRA; ; ; ;TOTAL NACIONAL;5,80835742765072
02015901021210001;BOLÍVAR;01;02121;0001;5;2; ; ; ;REGIÓN SIERRA; ; ; ;TOTAL NACIONAL;63,7678215027123
02015901021210002;BOLÍVAR;01;02121;0002;23; ; ;1; ;REGIÓN SIERRA; ; ; ;TOTAL NACIONAL;25,4264030091882
02015901021500003;BOLÍVAR;01;02150;0003;10; ; ;1; ;REGIÓN SIERRA; ; ; ;TOTAL NACIONAL;43,181323906575
02016001021690001;BOLÍVAR;01;02169;0001;70,66; ;1; ; ;REGIÓN SIERRA; ; ; ;TOTAL NACIONAL;,720779982663605
02016001021690002;BOLÍVAR;01;02169;0002;10; ;1; ; ;REGIÓN SIERRA; ; ; ;TOTAL NACIONAL;47,2453688666368
02016001021690003;BOLÍVAR;01;02169;0003;15; ;1; ; ;REGIÓN SIERRA; ; ; ;TOTAL NACIONAL;32,8042066996507
02015501024470002;BOLÍVAR;01;02447;0002;8,4672; ;2; ; ;REGIÓN SIERRA; ; ; ;TOTAL NACIONAL;9,20720650282611
02015501024710001;BOLÍVAR;01;02471;0001;18; ; ;1; ;REGIÓN SIERRA; ; ; ;TOTAL NACIONAL;8,84303989875365
02015501024710002;BOLÍVAR;01;02471;0002;18; ; ;1; ;REGIÓN SIERRA; ; ; ;TOTAL NACIONAL;10,1179901499668
02015501024710004;BOLÍVAR;01;02471;0004;12; ;1;1; ;REGIÓN SIERRA; ; ; ;TOTAL NACIONAL;13,388670049576
02015901025760011;BOLÍVAR;01;02576;0011;1,05; ; ;1; ;REGIÓN SIERRA; ; ; ;TOTAL NACIONAL;49,1476397724292
02015901025760016;BOLÍVAR;01;02576;0016;,45; ; ;1; ;REGIÓN SIERRA; ; ; ;TOTAL NACIONAL;17,7665633826871
02015901025760017;BOLÍVAR;01;02576;0017;,36;1; ; ; ;REGIÓN SIERRA; ; ; ;TOTAL NACIONAL;52,7656401903261
02015901025770004;BOLÍVAR;01;02577;0004;1; ;1;1; ;REGIÓN SIERRA; ; ; ;TOTAL NACIONAL;37,6189303326982
02015901025770005;BOLÍVAR;01;02577;0005;5,15; ; ;1; ;REGIÓN SIERRA; ; ; ;TOTAL NACIONAL;38,3398649132751
02015901025770009;BOLÍVAR;01;02577;0009;,6; ; ;1; ;REGIÓN SIERRA; ; ; ;TOTAL NACIONAL;43,1339363751141
02015901025770011;BOLÍVAR;01;02577;0011;,25;1; ; ; ;REGIÓN SIERRA; ; ; ;TOTAL NACIONAL;63,4992921577666
02015901025770012;BOLÍVAR;01;02577;0012;,1; ;1; ; ;REGIÓN SIERRA; ; ; ;TOTAL NACIONAL;52,5324634482163
02015901025770018;BOLÍVAR;01;02577;0018;1,05; ; ;1; ;REGIÓN SIERRA; ; ; ;TOTAL NACIONAL;22,5912803046821
02015901025770019;BOLÍVAR;01;02577;0019;,45; ; ;1; ;REGIÓN SIERRA; ; ; ;TOTAL NACIONAL;17,3453408808114
02015901027770001;BOLÍVAR;01;02777;0001;10,5; ;1; ; ;REGIÓN SIERRA; ; ; ;TOTAL NACIONAL;14,0002754513748
02015901027770002;BOLÍVAR;01;02777;0002;10; ;1; ; ;REGIÓN SIERRA; ; ; ;TOTAL NACIONAL;23,483229697876
02015901027770003;BOLÍVAR;01;02777;0003;14; ;2;1; ;REGIÓN SIERRA; ; ; ;TOTAL NACIONAL;14,7452590242076
02015901028150002;BOLÍVAR;01;02815;0002;16,2;1; ; ; ;REGIÓN SIERRA; ; ; ;TOTAL NACIONAL;29,7103942840881
02015901028150004;BOLÍVAR;01;02815;0004;14;1; ; ; ;REGIÓN SIERRA; ; ; ;TOTAL NACIONAL;,337031728860519
02015501028550002;BOLÍVAR;01;02855;0002;17; ; ;1; ;REGIÓN SIERRA; ; ; ;TOTAL NACIONAL;13,8901217217801
02015501028550004;BOLÍVAR;01;02855;0004;1; ; ;1; ;REGIÓN SIERRA; ; ; ;TOTAL NACIONAL;19,1716412996583
02015901029830001;BOLÍVAR;01;02983;0001;10,04; ; ;1; ;REGIÓN SIERRA; ; ; ;TOTAL NACIONAL;35,5460427370809
02015901029830002;BOLÍVAR;01;02983;0002;14,27; ;2;1; ;REGIÓN SIERRA; ; ; ;TOTAL NACIONAL;13,7228864007701
02015901029830003;BOLÍVAR;01;02983;0003;5,02; ; ;1; ;REGIÓN SIERRA; ; ; ;TOTAL NACIONAL;3,3039115560472
02015901030270001;BOLÍVAR;01;03027;0001;3,51;1; ; ; ;REGIÓN SIERRA; ; ; ;TOTAL NACIONAL;16,4419497641512
02015901030270002;BOLÍVAR;01;03027;0002;3,5; ;1; ; ;REGIÓN SIERRA; ; ; ;TOTAL NACIONAL;36,8133422978609
02015901030270003;BOLÍVAR;01;03027;0003;28; ; ;2; ;REGIÓN SIERRA; ; ; ;TOTAL NACIONAL;2,46294277037454
02015901030270005;BOLÍVAR;01;03027;0005;25; ; ;1; ;REGIÓN SIERRA; ; ; ;TOTAL NACIONAL;7,57658931588192
02015901030270006;BOLÍVAR;01;03027;0006;7;1; ; ; ;REGIÓN SIERRA; ; ; ;TOTAL NACIONAL;20,3679346959294
02015501031110001;BOLÍVAR;01;03111;0001;28; ; ;1; ;REGIÓN SIERRA; ; ; ;TOTAL NACIONAL;1,67186112271915
02015501031110003;BOLÍVAR;01;03111;0003;25; ;1; ; ;REGIÓN SIERRA; ; ; ;TOTAL NACIONAL;8,21374852461209
02015901033000001;BOLÍVAR;01;03300;0001;23; ;1;1; ;REGIÓN SIERRA; ; ; ;TOTAL NACIONAL;21,9995878976551
02015901033000002;BOLÍVAR;01;03300;0002;80; ;1;1; ;REGIÓN SIERRA; ; ; ;TOTAL NACIONAL;1,29097174994521
02015501034570001;BOLÍVAR;01;03457;0001;10; ;1; ; ;REGIÓN SIERRA; ; ; ;TOTAL NACIONAL;56,9733521108491
02015901035360002;BOLÍVAR;01;03536;0002;4; ;1; ; ;REGIÓN SIERRA; ; ; ;TOTAL NACIONAL;26,6301002692553
02015901035360006;BOLÍVAR;01;03536;0006;10;2;1; ; ;REGIÓN SIERRA; ; ; ;TOTAL NACIONAL;23,8985475628951
02015501036330001;BOLÍVAR;01;03633;0001;35,28; ; ;1; ;REGIÓN SIERRA; ; ; ;TOTAL NACIONAL;21,586885687418
02015501037620001;BOLÍVAR;01;03762;0001;20; ;2; ; ;REGIÓN SIERRA; ; ; ;TOTAL NACIONAL;23,0115716329321
02015501037660001;BOLÍVAR;01;03766;0001;27,2362; ;1;1; ;REGIÓN SIERRA; ; ; ;TOTAL NACIONAL;18,0785507250932
02015501037660002;BOLÍVAR;01;03766;0002;10,5981; ;2; ; ;REGIÓN SIERRA; ; ; ;TOTAL NACIONAL;8,2253092764279
02015501037920001;BOLÍVAR;01;03792;0001;25; ; ;1; ;REGIÓN SIERRA; ; ; ;TOTAL NACIONAL;9,45448949120862
02015501037920003;BOLÍVAR;01;03792;0003;22; ; ;2; ;REGIÓN SIERRA; ; ; ;TOTAL NACIONAL;11,347775228698
02015501037920004;BOLÍVAR;01;03792;0004;16; ;1; ; ;REGIÓN SIERRA; ; ; ;TOTAL NACIONAL;3,82019662108526
02015501037920005;BOLÍVAR;01;03792;0005;18; ; ;1; ;REGIÓN SIERRA; ; ; ;TOTAL NACIONAL;,761209235532573
02015501039720001;BOLÍVAR;01;03972;0001;40; ; ;1; ;REGIÓN SIERRA; ; ; ;TOTAL NACIONAL;3,19036555561316
02045001042070001;BOLÍVAR;01;04207;0001;20;1; ; ; ;REGIÓN SIERRA; ; ; ;TOTAL NACIONAL;30,4634130820842
02015501042300001;BOLÍVAR;01;04230;0001;300; ;19; ; ;REGIÓN SIERRA; ; ; ;TOTAL NACIONAL;1,21950683940376
02015501042300002;BOLÍVAR;01;04230;0002;20; ;2; ; ;REGIÓN SIERRA; ; ; ;TOTAL NACIONAL;6,65727120553814
02015501042300003;BOLÍVAR;01;04230;0003;100; ;5; ; ;REGIÓN SIERRA; ; ; ;TOTAL NACIONAL;,729091019764549
02045001042920001;BOLÍVAR;01;04292;0001;6; ; ;2; ;REGIÓN SIERRA; ; ; ;TOTAL NACIONAL;34,8208094273809
02045001042920002;BOLÍVAR;01;04292;0002;18;1;1; ; ;REGIÓN SIERRA; ; ; ;TOTAL NACIONAL;2,33590442781265
02045001048580001;BOLÍVAR;01;04858;0001;10; ;1; ; ;REGIÓN SIERRA; ; ; ;TOTAL NACIONAL;46,3307895094391
02045001048580002;BOLÍVAR;01;04858;0002;8; ; ;1; ;REGIÓN SIERRA; ; ; ;TOTAL NACIONAL;12,0076619898549
02045001050110003;BOLÍVAR;01;05011;0003;15; ; ;1; ;REGIÓN SIERRA; ; ; ;TOTAL NACIONAL;12,2544156358197
02045001050110004;BOLÍVAR;01;05011;0004;14; ; ;2; ;REGIÓN SIERRA; ; ; ;TOTAL NACIONAL;9,49684814177991
02015501051710009;BOLÍVAR;01;05171;0009;5,6448; ; ;1; ;REGIÓN SIERRA; ; ; ;TOTAL NACIONAL;8,17303477554185
02045001053730002;BOLÍVAR;01;05373;0002;10; ; ;1; ;REGIÓN SIERRA; ; ; ;TOTAL NACIONAL;8,17299524755562
02045001054310001;BOLÍVAR;01;05431;0001;60; ; ;2; ;REGIÓN SIERRA; ; ; ;TOTAL NACIONAL;10,1544710273614
02015501054940001;BOLÍVAR;01;05494;0001;2,1732; ;1; ; ;REGIÓN SIERRA; ; ; ;TOTAL NACIONAL;36,8628001767538
02015501054940002;BOLÍVAR;01;05494;0002;1,7146;1; ; ; ;REGIÓN SIERRA; ; ; ;TOTAL NACIONAL;41,7997912707259
02015501054940003;BOLÍVAR;01;05494;0003;1,5382;1; ; ; ;REGIÓN SIERRA; ; ; ;TOTAL NACIONAL;59,6070906728621
02015501054940006;BOLÍVAR;01;05494;0006;2,9282; ;1; ; ;REGIÓN SIERRA; ; ; ;TOTAL NACIONAL;6,79221099326736
02015501055060001;BOLÍVAR;01;05506;0001;28,02; ; ;1; ;REGIÓN SIERRA; ; ; ;TOTAL NACIONAL;21,0646685684888
02015001055560001;BOLÍVAR;01;05556;0001;6,3504; ;1; ; ;REGIÓN SIERRA; ; ; ;TOTAL NACIONAL;22,6710270574972
02015001058950001;BOLÍVAR;01;05895;0001;49,392; ; ;2; ;REGIÓN SIERRA; ; ; ;TOTAL NACIONAL;12,3353632499531
02015001060090003;BOLÍVAR;01;06009;0003;3;1; ; ; ;REGIÓN SIERRA; ; ; ;TOTAL NACIONAL;40,9022092982117
02015001061060002;BOLÍVAR;01;06106;0002;13,4064; ; ;1; ;REGIÓN SIERRA; ; ; ;TOTAL NACIONAL;17,9196399025087
02015001061060004;BOLÍVAR;01;06106;0004;11,2896; ; ;1; ;REGIÓN SIERRA; ; ; ;TOTAL NACIONAL;19,558617886371
02015001061300001;BOLÍVAR;01;06130;0001;180;2;5;3; ;REGIÓN SIERRA; ; ; ;TOTAL NACIONAL;4,23102959473392
02015001062660007;BOLÍVAR;01;06266;0007;180;2;5;3; ;REGIÓN SIERRA; ; ; ;TOTAL NACIONAL;,917898364857553
02045001068580001;BOLÍVAR;01;06858;0001;25; ; ;2; ;REGIÓN SIERRA; ; ; ;TOTAL NACIONAL;24,1744106924717
02045001068580002;BOLÍVAR;01;06858;0002;23; ;1;1; ;REGIÓN SIERRA; ; ; ;TOTAL NACIONAL;,213391057821363
02015001068920002;BOLÍVAR;01;06892;0002;4,9392; ;2; ; ;REGIÓN SIERRA; ; ; ;TOTAL NACIONAL;11,3471635940402
02015001068920003;BOLÍVAR;01;06892;0003;4,9392; ; ;1; ;REGIÓN SIERRA; ; ; ;TOTAL NACIONAL;6,04706918431035
02015001068920004;BOLÍVAR;01;06892;0004;4,9392; ; ;2; ;REGIÓN SIERRA; ; ; ;TOTAL NACIONAL;5,61670206647865
02015001068920005;BOLÍVAR;01;06892;0005;4,9392; ; ;1; ;REGIÓN SIERRA; ; ; ;TOTAL NACIONAL;8,02895087980282
02015001068920008;BOLÍVAR;01;06892;0008;4,9392; ; ;1; ;REGIÓN SIERRA; ; ; ;TOTAL NACIONAL;16,3703976286044
02015001068950001;BOLÍVAR;01;06895;0001;27; ;1; ; ;REGIÓN SIERRA; ; ; ;TOTAL NACIONAL;3,58741164097499
02015001068950002;BOLÍVAR;01;06895;0002;15; ;1; ; ;REGIÓN SIERRA; ; ; ;TOTAL NACIONAL;24,4546740928269
02015001068950003;BOLÍVAR;01;06895;0003;14; ;1;1; ;REGIÓN SIERRA; ; ; ;TOTAL NACIONAL;10,3991454244969
02015001070430001;BOLÍVAR;01;07043;0001;23; ;1;1; ;REGIÓN SIERRA; ; ; ;TOTAL NACIONAL;16,0099216539796
02015001070430002;BOLÍVAR;01;07043;0002;38; ; ;2; ;REGIÓN SIERRA; ; ; ;TOTAL NACIONAL;6,34315956842509
02015001072040002;BOLÍVAR;01;07204;0002;7,056;1; ; ; ;REGIÓN SIERRA; ; ; ;TOTAL NACIONAL;4,33080897746687
02015001076000003;BOLÍVAR;01;07600;0003;5; ;1; ; ;REGIÓN SIERRA; ; ; ;TOTAL NACIONAL;5,05015692427441
02015001076000006;BOLÍVAR;01;07600;0006;8; ;1; ; ;REGIÓN SIERRA; ; ; ;TOTAL NACIONAL;62,9291609198763
02015001076040001;BOLÍVAR;01;07604;0001;15; ;1; ; ;REGIÓN SIERRA; ; ; ;TOTAL NACIONAL;,435513979617945
02015001076040003;BOLÍVAR;01;07604;0003;30; ;1; ; ;REGIÓN SIERRA; ; ; ;TOTAL NACIONAL;7,68637043043329
02065001077880001;BOLÍVAR;01;07788;0001;50; ; ;1; ;REGIÓN SIERRA; ; ; ;TOTAL NACIONAL;12,1853652328337
02015301081530001;BOLÍVAR;01;08153;0001;17,64; ;1; ; ;REGIÓN SIERRA; ; ; ;TOTAL NACIONAL;6,26154003334953
02065001082680001;BOLÍVAR;01;08268;0001;17,9;1; ;1; ;REGIÓN SIERRA; ; ; ;TOTAL NACIONAL;33,7340225958504
02065001086450003;BOLÍVAR;01;08645;0003;1,6; ;1; ; ;REGIÓN SIERRA; ; ; ;TOTAL NACIONAL;10,8568219400872
02065001087360001;BOLÍVAR;01;08736;0001;60; ; ;2; ;REGIÓN SIERRA; ; ; ;TOTAL NACIONAL;10,1544710273614
02065001089510001;BOLÍVAR;01;08951;0001;60; ; ;2; ;REGIÓN SIERRA; ; ; ;TOTAL NACIONAL;4,07465074091255
02035101094180003;BOLÍVAR;01;09418;0003;1,5; ;1;1; ;REGIÓN SIERRA; ; ; ;TOTAL NACIONAL;2,98315793292706
02035501094330001;BOLÍVAR;01;09433;0001;12,7008; ; ;2; ;REGIÓN SIERRA; ; ; ;TOTAL NACIONAL;47,970857083151
02065001097190002;BOLÍVAR;01;09719;0002;10,584; ; ;1; ;REGIÓN SIERRA; ; ; ;TOTAL NACIONAL;30,4077668878678
02035501097500001;BOLÍVAR;01;09750;0001;24,696; ;1;2; ;REGIÓN SIERRA; ; ; ;TOTAL NACIONAL;24,1027515520417
02065001100990001;BOLÍVAR;01;10099;0001;9,8784; ; ;1; ;REGIÓN SIERRA; ; ; ;TOTAL NACIONAL;7,14834300334783
02065001100990003;BOLÍVAR;01;10099;0003;11,9952;1; ;1; ;REGIÓN SIERRA; ; ; ;TOTAL NACIONAL;34,4379961184818
02065001101000001;BOLÍVAR;01;10100;0001;11,9952;1; ;1; ;REGIÓN SIERRA; ; ; ;TOTAL NACIONAL;46,3375904902258
02065001101090002;BOLÍVAR;01;10109;0002;12,7008; ; ;1; ;REGIÓN SIERRA; ; ; ;TOTAL NACIONAL;25,7448929774809
02035301103020001;BOLÍVAR;01;10302;0001;,6; ;1; ; ;REGIÓN SIERRA; ; ; ;TOTAL NACIONAL;38,9706032538959
02035301103020004;BOLÍVAR;01;10302;0004;3,15;1;1; ; ;REGIÓN SIERRA; ; ; ;TOTAL NACIONAL;32,5093509483378
02035301103060005;BOLÍVAR;01;10306;0005;1; ; ;3; ;REGIÓN SIERRA; ; ; ;TOTAL NACIONAL;14,2839559118217
02035301103060006;BOLÍVAR;01;10306;0006;1,05; ; ;1; ;REGIÓN SIERRA; ; ; ;TOTAL NACIONAL;51,301032358549
02035301103060008;BOLÍVAR;01;10306;0008;3,1; ; ;1; ;REGIÓN SIERRA; ; ; ;TOTAL NACIONAL;6,49231018588074
02015601103540001;BOLÍVAR;01;10354;0001;7,1266; ;1; ; ;REGIÓN SIERRA; ; ; ;TOTAL NACIONAL;26,2623818965916
02015601103540002;BOLÍVAR;01;10354;0002;21,2738; ;2; ; ;REGIÓN SIERRA; ; ; ;TOTAL NACIONAL;19,8416374905852
02035301105440006;BOLÍVAR;01;10544;0006;4,2; ;1; ; ;REGIÓN SIERRA; ; ; ;TOTAL NACIONAL;,901007826078575
02015601105970001;BOLÍVAR;01;10597;0001;9,5; ;2;1; ;REGIÓN SIERRA; ; ; ;TOTAL NACIONAL;29,3617420499228
02015601105970002;BOLÍVAR;01;10597;0002;13,4135; ;1; ; ;REGIÓN SIERRA; ; ; ;TOTAL NACIONAL;23,1017150144572
02035301107330001;BOLÍVAR;01;10733;0001;3,53; ;1; ; ;REGIÓN SIERRA; ; ; ;TOTAL NACIONAL;33,7619381372422
02035301107330005;BOLÍVAR;01;10733;0005;4,5; ; ;1; ;REGIÓN SIERRA; ; ; ;TOTAL NACIONAL;37,7686147574719
02035301107330006;BOLÍVAR;01;10733;0006;3; ; ;1; ;REGIÓN SIERRA; ; ; ;TOTAL NACIONAL;33,3337435591517
02035501107570001;BOLÍVAR;01;10757;0001;15; ;1; ; ;REGIÓN SIERRA; ; ; ;TOTAL NACIONAL;15,6211869186693
02035501107570002;BOLÍVAR;01;10757;0002;6; ;1; ; ;REGIÓN SIERRA; ; ; ;TOTAL NACIONAL;24,8581450749807
02035501107570004;BOLÍVAR;01;10757;0004;5,3; ; ;1; ;REGIÓN SIERRA; ; ; ;TOTAL NACIONAL;19,4263333151119
02015601108640003;BOLÍVAR;01;10864;0003;627; ;20; ; ;REGIÓN SIERRA; ; ; ;TOTAL NACIONAL;,750491526966391
02035501110100005;BOLÍVAR;01;11010;0005;20; ; ;1; ;REGIÓN SIERRA; ; ; ;TOTAL NACIONAL;3,37636161659767
02035501110100006;BOLÍVAR;01;11010;0006;15;1;1; ; ;REGIÓN SIERRA; ; ; ;TOTAL NACIONAL;9,52715037278219
02035501113680001;BOLÍVAR;01;11368;0001;8,55; ; ;1; ;REGIÓN SIERRA; ; ; ;TOTAL NACIONAL;51,8262031631164
02055001113940001;BOLÍVAR;01;11394;0001;4,41; ;1; ; ;REGIÓN SIERRA; ; ; ;TOTAL NACIONAL;2,29032060057796
02055001113940008;BOLÍVAR;01;11394;0008;1,71;1; ; ; ;REGIÓN SIERRA; ; ; ;TOTAL NACIONAL;59,4145423698401
02035501117260001;BOLÍVAR;01;11726;0001;45; ; ;1; ;REGIÓN SIERRA; ; ; ;TOTAL NACIONAL;16,9241183789357
02035501117480001;BOLÍVAR;01;11748;0001;11; ; ;1; ;REGIÓN SIERRA; ; ; ;TOTAL NACIONAL;31,3242352850855
02035501117480002;BOLÍVAR;01;11748;0002;7; ; ;1; ;REGIÓN SIERRA; ; ; ;TOTAL NACIONAL;42,2002891778761
02035501117480003;BOLÍVAR;01;11748;0003;2; ; ;1; ;REGIÓN SIERRA; ; ; ;TOTAL NACIONAL;28,4113637286383
02055001120500001;BOLÍVAR;01;12050;0001;2,5754; ; ; ;2;REGIÓN SIERRA; ; ; ;TOTAL NACIONAL;60,6036208717331
02055101120920001;BOLÍVAR;01;12092;0001;40; ; ;1; ;REGIÓN SIERRA; ; ; ;TOTAL NACIONAL;15,2317065410421
02055101120950002;BOLÍVAR;01;12095;0002;13; ; ;1; ;REGIÓN SIERRA; ; ; ;TOTAL NACIONAL;25,9433716196485
02055601122340001;BOLÍVAR;01;12234;0001;4,3; ;1; ; ;REGIÓN SIERRA; ; ; ;TOTAL NACIONAL;53,8375884841361
02055601122340002;BOLÍVAR;01;12234;0002;5; ;1; ; ;REGIÓN SIERRA; ; ; ;TOTAL NACIONAL;,0798818387485764
02055601122340004;BOLÍVAR;01;12234;0004;3; ;1; ; ;REGIÓN SIERRA; ; ; ;TOTAL NACIONAL;10,1680103220646
02055601122340009;BOLÍVAR;01;12234;0009;20; ;1; ; ;REGIÓN SIERRA; ; ; ;TOTAL NACIONAL;9,15560956063662
02055601123530002;BOLÍVAR;01;12353;0002;15; ;1; ; ;REGIÓN SIERRA; ; ; ;TOTAL NACIONAL;6,27862226367342
02055101124070002;BOLÍVAR;01;12407;0002;10;1; ; ; ;REGIÓN SIERRA; ; ; ;TOTAL NACIONAL;24,1331158436271
02055101125470001;BOLÍVAR;01;12547;0001;14; ; ;1; ;REGIÓN SIERRA; ; ; ;TOTAL NACIONAL;14,4464274482595
02055101125470002;BOLÍVAR;01;12547;0002;15; ; ;1; ;REGIÓN SIERRA; ; ; ;TOTAL NACIONAL;12,033273822335
02055101127110001;BOLÍVAR;01;12711;0001;4,9392; ; ;1; ;REGIÓN SIERRA; ; ; ;TOTAL NACIONAL;59,4454860974407
02055101127110002;BOLÍVAR;01;12711;0002;5,6448; ; ;2; ;REGIÓN SIERRA; ; ; ;TOTAL NACIONAL;5,67974947864508
02055001129470003;BOLÍVAR;01;12947;0003;3,05; ;1; ; ;REGIÓN SIERRA; ; ; ;TOTAL NACIONAL;33,3266409783238
02055001129470008;BOLÍVAR;01;12947;0008;6; ;2; ; ;REGIÓN SIERRA; ; ; ;TOTAL NACIONAL;4,64849118141433
02055101129830002;BOLÍVAR;01;12983;0002;8; ; ;1; ;REGIÓN SIERRA; ; ; ;TOTAL NACIONAL;43,8833927506613
02055101129840001;BOLÍVAR;01;12984;0001;7,5; ;1; ; ;REGIÓN SIERRA; ; ; ;TOTAL NACIONAL;3,71247460760333
02055101129840003;BOLÍVAR;01;12984;0003;8; ; ;1; ;REGIÓN SIERRA; ; ; ;TOTAL NACIONAL;18,700304602805
02055401130630001;BOLÍVAR;01;13063;0001;4; ;1; ; ;REGIÓN SIERRA; ; ; ;TOTAL NACIONAL;35,2360144649441
02055401130630002;BOLÍVAR;01;13063;0002;,6; ;1; ; ;REGIÓN SIERRA; ; ; ;TOTAL NACIONAL;23,6147865114082
02055401130630006;BOLÍVAR;01;13063;0006;7,3;1; ; ; ;REGIÓN SIERRA; ; ; ;TOTAL NACIONAL;16,0125343588538
02055401131190001;BOLÍVAR;01;13119;0001;4; ;1; ; ;REGIÓN SIERRA; ; ; ;TOTAL NACIONAL;3,59806756736172
02055401131190003;BOLÍVAR;01;13119;0003;6,3504; ;2; ; ;REGIÓN SIERRA; ; ; ;TOTAL NACIONAL;29,6577158868965
02055401131190007;BOLÍVAR;01;13119;0007;4; ;1; ; ;REGIÓN SIERRA; ; ; ;TOTAL NACIONAL;26,7976490412067
02055101132110002;BOLÍVAR;01;13211;0002;20; ; ;1; ;REGIÓN SIERRA; ; ; ;TOTAL NACIONAL;23,5356944648507
02055101133680001;BOLÍVAR;01;13368;0001;14,8176; ;2; ; ;REGIÓN SIERRA; ; ; ;TOTAL NACIONAL;6,32027463703153
02055201134750002;BOLÍVAR;01;13475;0002;16; ;1;1; ;REGIÓN SIERRA; ; ; ;TOTAL NACIONAL;5,09035170542438
02055201135650001;BOLÍVAR;01;13565;0001;65; ; ;1; ;REGIÓN SIERRA; ; ; ;TOTAL NACIONAL;2,24886914690741
02055201135650003;BOLÍVAR;01;13565;0003;16; ;1;1; ;REGIÓN SIERRA; ; ; ;TOTAL NACIONAL;5,94219565907374
02055201135650005;BOLÍVAR;01;13565;0005;18; ;1; ; ;REGIÓN SIERRA; ; ; ;TOTAL NACIONAL;10,5035318034496
02055401136150003;BOLÍVAR;01;13615;0003;15; ;1; ; ;REGIÓN SIERRA; ; ; ;TOTAL NACIONAL;33,7242453924445
02055001136960001;BOLÍVAR;01;13696;0001;3,528; ;1; ; ;REGIÓN SIERRA; ; ; ;TOTAL NACIONAL;10,5434096533524
02055001136960002;BOLÍVAR;01;13696;0002;2,5402; ;1; ; ;REGIÓN SIERRA; ; ; ;TOTAL NACIONAL;39,8999574978174
02055001136960004;BOLÍVAR;01;13696;0004;3,528; ;1; ; ;REGIÓN SIERRA; ; ; ;TOTAL NACIONAL;34,9208594452261
02055001136960007;BOLÍVAR;01;13696;0007;5,0098; ;1; ; ;REGIÓN SIERRA; ; ; ;TOTAL NACIONAL;18,5818766997422
02055201138860002;BOLÍVAR;01;13886;0002;10; ; ;1; ;REGIÓN SIERRA; ; ; ;TOTAL NACIONAL;4,09229388396582
02055201138860003;BOLÍVAR;01;13886;0003;10;1; ; ; ;REGIÓN SIERRA; ; ; ;TOTAL NACIONAL;26,366035954042
02055201140480001;BOLÍVAR;01;14048;0001;43,5; ; ;2; ;REGIÓN SIERRA; ; ; ;TOTAL NACIONAL;6,62797050689916
02055001143780002;BOLÍVAR;01;14378;0002;12,1; ;2; ; ;REGIÓN SIERRA; ; ; ;TOTAL NACIONAL;2,66247360131414
02055201143930002;BOLÍVAR;01;14393;0002;14; ;1; ; ;REGIÓN SIERRA; ; ; ;TOTAL NACIONAL;3,78557192065451
02055201144930003;BOLÍVAR;01;14493;0003;6; ;1; ; ;REGIÓN SIERRA; ; ; ;TOTAL NACIONAL;61,3067876431825
02055201144930004;BOLÍVAR;01;14493;0004;3; ;2; ; ;REGIÓN SIERRA; ; ; ;TOTAL NACIONAL;41,6226493228697
02055201145130002;BOLÍVAR;01;14513;0002;52,7; ;1; ; ;REGIÓN SIERRA; ; ; ;TOTAL NACIONAL;,259994804222038
02055401147060001;BOLÍVAR;01;14706;0001;32; ;1; ; ;REGIÓN SIERRA; ; ; ;TOTAL NACIONAL;3,87323308548225
02055401147110001;BOLÍVAR;01;14711;0001;20; ;1; ; ;REGIÓN SIERRA; ; ; ;TOTAL NACIONAL;26,5877609319214
02055401147110002;BOLÍVAR;01;14711;0002;1; ;1; ; ;REGIÓN SIERRA; ; ; ;TOTAL NACIONAL;,384728272119498
02055301147520002;BOLÍVAR;01;14752;0002;52,7; ;1; ; ;REGIÓN SIERRA; ; ; ;TOTAL NACIONAL;3,20971910768892
02055301147520003;BOLÍVAR;01;14752;0003;14; ;1; ; ;REGIÓN SIERRA; ; ; ;TOTAL NACIONAL;11,96032452975
02055201148540003;BOLÍVAR;01;14854;0003;8; ;1; ; ;REGIÓN SIERRA; ; ; ;TOTAL NACIONAL;25,0976138393393
02055201148600002;BOLÍVAR;01;14860;0002;10; ;1; ; ;REGIÓN SIERRA; ; ; ;TOTAL NACIONAL;43,0470438788864
02055401149580001;BOLÍVAR;01;14958;0001;4,9745; ;1; ; ;REGIÓN SIERRA; ; ; ;TOTAL NACIONAL;44,1152354297783
02055401149580002;BOLÍVAR;01;14958;0002;75; ;5; ; ;REGIÓN SIERRA; ; ; ;TOTAL NACIONAL;,505681441178821
02055401149580003;BOLÍVAR;01;14958;0003;7,056; ;1; ; ;REGIÓN SIERRA; ; ; ;TOTAL NACIONAL;47,5783078695737
02055401149720001;BOLÍVAR;01;14972;0001;13,6; ; ;2; ;REGIÓN SIERRA; ; ; ;TOTAL NACIONAL;5,02350305778323
02055401149720002;BOLÍVAR;01;14972;0002;4,28; ;1; ; ;REGIÓN SIERRA; ; ; ;TOTAL NACIONAL;46,799459761511
02055401149720003;BOLÍVAR;01;14972;0003;16,01; ;1;1; ;REGIÓN SIERRA; ; ; ;TOTAL NACIONAL;,577153538393321
02055401149720004;BOLÍVAR;01;14972;0004;16,03; ; ;1; ;REGIÓN SIERRA; ; ; ;TOTAL NACIONAL;19,7945308693237
02025001151860001;BOLÍVAR;01;15186;0001;7,06; ;1; ; ;REGIÓN SIERRA; ; ; ;TOTAL NACIONAL;15,1005990212402
02025001151860002;BOLÍVAR;01;15186;0002;34,57; ;1; ; ;REGIÓN SIERRA; ; ; ;TOTAL NACIONAL;8,15831130861523
02055301151990001;BOLÍVAR;01;15199;0001;40; ;1;1; ;REGIÓN SIERRA; ; ; ;TOTAL NACIONAL;,823116013771452
02055301151990002;BOLÍVAR;01;15199;0002;30,28; ; ;1; ;REGIÓN SIERRA; ; ; ;TOTAL NACIONAL;18,7908228530218
02055301154210002;BOLÍVAR;01;15421;0002;50; ;1;1; ;REGIÓN SIERRA; ; ; ;TOTAL NACIONAL;3,82365905536308
02055301155070001;BOLÍVAR;01;15507;0001;40; ;1;1; ;REGIÓN SIERRA; ; ; ;TOTAL NACIONAL;15,1864735800363
02055301156900001;BOLÍVAR;01;15690;0001;35,28; ; ;1; ;REGIÓN SIERRA; ; ; ;TOTAL NACIONAL;16,9790793562942
02025001157180003;BOLÍVAR;01;15718;0003;8,53; ;2; ; ;REGIÓN SIERRA; ; ; ;TOTAL NACIONAL;15,1530129184681
02025001157750002;BOLÍVAR;01;15775;0002;6,03; ;2; ; ;REGIÓN SIERRA; ; ; ;TOTAL NACIONAL;86,7704401454079
02025001159830001;BOLÍVAR;01;15983;0001;7,28; ; ;2; ;REGIÓN SIERRA; ; ; ;TOTAL NACIONAL;36,3756242248322
02025001159830002;BOLÍVAR;01;15983;0002;6,03; ;1; ; ;REGIÓN SIERRA; ; ; ;TOTAL NACIONAL;33,2667779447542
02025001159830003;BOLÍVAR;01;15983;0003;5;1; ; ; ;REGIÓN SIERRA; ; ; ;TOTAL NACIONAL;1,53891308847799
02025001159960001;BOLÍVAR;01;15996;0001;7,056; ;1; ; ;REGIÓN SIERRA; ; ; ;TOTAL NACIONAL;,130094693599703
02025001159960002;BOLÍVAR;01;15996;0002;13,5475; ;1; ; ;REGIÓN SIERRA; ; ; ;TOTAL NACIONAL;18,1545670192998
02025001159960003;BOLÍVAR;01;15996;0003;20,9563; ;2; ; ;REGIÓN SIERRA; ; ; ;TOTAL NACIONAL;,0885720953157019
02025001161930001;BOLÍVAR;01;16193;0001;5; ;1;1; ;REGIÓN SIERRA; ; ; ;TOTAL NACIONAL;5,51578849080796
02025001161930007;BOLÍVAR;01;16193;0007;3; ;1; ; ;REGIÓN SIERRA; ; ; ;TOTAL NACIONAL;25,5315580819419
02025001163490001;BOLÍVAR;01;16349;0001;2,65; ;4; ; ;REGIÓN SIERRA; ; ; ;TOTAL NACIONAL;10,4275243035897
02025001163490004;BOLÍVAR;01;16349;0004;,78; ;1; ; ;REGIÓN SIERRA; ; ; ;TOTAL NACIONAL;64,0694585418975
02025001163490005;BOLÍVAR;01;16349;0005;1,36; ;2; ; ;REGIÓN SIERRA; ; ; ;TOTAL NACIONAL;67,9676688167766
02025001163490011;BOLÍVAR;01;16349;0011;6,5; ;1; ; ;REGIÓN SIERRA; ; ; ;TOTAL NACIONAL;30,6463846020587
02025001164010005;BOLÍVAR;01;16401;0005;3,1; ;2; ; ;REGIÓN SIERRA; ; ; ;TOTAL NACIONAL;68,2800147915532
02025001164760001;BOLÍVAR;01;16476;0001;4; ;2; ;2;REGIÓN SIERRA; ; ; ;TOTAL NACIONAL;17,685688684581
02025001164760002;BOLÍVAR;01;16476;0002;2,35; ;1; ; ;REGIÓN SIERRA; ; ; ;TOTAL NACIONAL;23,0549745450034
02025001164760003;BOLÍVAR;01;16476;0003;10; ;7; ; ;REGIÓN SIERRA; ; ; ;TOTAL NACIONAL;13,3264473767147
02025001164760004;BOLÍVAR;01;16476;0004;7,056; ;2; ; ;REGIÓN SIERRA; ; ; ;TOTAL NACIONAL;10,1741703024003
02025001164760005;BOLÍVAR;01;16476;0005;4,02; ;1;1; ;REGIÓN SIERRA; ; ; ;TOTAL NACIONAL;19,9449556799665
02025001164760006;BOLÍVAR;01;16476;0006;5,27; ;1; ; ;REGIÓN SIERRA; ; ; ;TOTAL NACIONAL;24,4856190498371
02025001164990004;BOLÍVAR;01;16499;0004;16,23; ;1; ; ;REGIÓN SIERRA; ; ; ;TOTAL NACIONAL;1,88723167934438
02025001166120002;BOLÍVAR;01;16612;0002;6; ; ; ;3;REGIÓN SIERRA; ; ; ;TOTAL NACIONAL;1,54003802494618
02025001166120006;BOLÍVAR;01;16612;0006;1,9; ;1; ; ;REGIÓN SIERRA; ; ; ;TOTAL NACIONAL;51,2828932254577
02025001166130006;BOLÍVAR;01;16613;0006;1,9; ;1; ; ;REGIÓN SIERRA; ; ; ;TOTAL NACIONAL;5,55244957823431
02025001169990001;BOLÍVAR;01;16999;0001;5,15; ; ;1; ;REGIÓN SIERRA; ; ; ;TOTAL NACIONAL;4,95671035651828
02025001169990003;BOLÍVAR;01;16999;0003;16; ;1; ; ;REGIÓN SIERRA; ; ; ;TOTAL NACIONAL;31,8168593638123
02025001170040001;BOLÍVAR;01;17004;0001;70; ;2; ; ;REGIÓN SIERRA; ; ; ;TOTAL NACIONAL;6,67238388531257
02025001171340002;BOLÍVAR;01;17134;0002;45; ;1; ; ;REGIÓN SIERRA; ; ; ;TOTAL NACIONAL;5,24355386550703
02025102002040004;BOLÍVAR;02;00204;0004;2,02; ;2;1; ;REGIÓN SIERRA; ; ; ;TOTAL NACIONAL;19,6083332661842
02025102002040016;BOLÍVAR;02;00204;0016;43; ;2; ; ;REGIÓN SIERRA; ; ; ;TOTAL NACIONAL;3,71945576553083
02015503001150001;BOLÍVAR;03;00115;0001;11,25; ;1;1; ;REGIÓN SIERRA; ; ; ;TOTAL NACIONAL;71,0908619332516
02015503001150002;BOLÍVAR;03;00115;0002;20; ; ;1; ;REGIÓN SIERRA; ; ; ;TOTAL NACIONAL;23,4820865688151
02015503001150004;BOLÍVAR;03;00115;0004;10; ; ;1; ;REGIÓN SIERRA; ; ; ;TOTAL NACIONAL;86,9208599819705
02035503003640001;BOLÍVAR;03;00364;0001;24;1;1; ; ;REGIÓN SIERRA; ; ; ;TOTAL NACIONAL;57,0143004659091
02035503003640002;BOLÍVAR;03;00364;0002;60; ;1;1; ;REGIÓN SIERRA; ; ; ;TOTAL NACIONAL;43,6564810479027
02035503003640003;BOLÍVAR;03;00364;0003;24;1; ; ; ;REGIÓN SIERRA; ; ; ;TOTAL NACIONAL;25,0767616230703
02035503003640004;BOLÍVAR;03;00364;0004;24; ;2; ; ;REGIÓN SIERRA; ; ; ;TOTAL NACIONAL;41,6373118849957
02035503003640005;BOLÍVAR;03;00364;0005;24; ;1;1; ;REGIÓN SIERRA; ; ; ;TOTAL NACIONAL;62,9647053238237
02035503003640006;BOLÍVAR;03;00364;0006;40; ; ;1; ;REGIÓN SIERRA; ; ; ;TOTAL NACIONAL;43,9887579054092
02055403004160006;BOLÍVAR;03;00416;0006;12,56; ;1; ; ;REGIÓN SIERRA; ; ; ;TOTAL NACIONAL;50,2565723295795
02025003004510003;BOLÍVAR;03;00451;0003;2,2932; ;1; ; ;REGIÓN SIERRA; ; ; ;TOTAL NACIONAL;98,3663276637719
02025003004510006;BOLÍVAR;03;00451;0006;15,1845; ;2; ; ;REGIÓN SIERRA; ; ; ;TOTAL NACIONAL;47,0779524037984
02025003004510008;BOLÍVAR;03;00451;0008;7,056; ;1; ; ;REGIÓN SIERRA; ; ; ;TOTAL NACIONAL;59,5454584990069
02025003004510010;BOLÍVAR;03;00451;0010;22; ;2; ; ;REGIÓN SIERRA; ; ; ;TOTAL NACIONAL;37,5099095137572
02025003004510012;BOLÍVAR;03;00451;0012;8,5; ;2; ; ;REGIÓN SIERRA; ; ; ;TOTAL NACIONAL;54,3383782143819
02025003004510016;BOLÍVAR;03;00451;0016;6; ;2;1; ;REGIÓN SIERRA; ; ; ;TOTAL NACIONAL;38,5424597779033
02025003004510017;BOLÍVAR;03;00451;0017;5,03; ;1; ; ;REGIÓN SIERRA; ; ; ;TOTAL NACIONAL;21,8037960130604
02025003004510018;BOLÍVAR;03;00451;0018;1,3; ;1;1; ;REGIÓN SIERRA; ; ; ;TOTAL NACIONAL;4,14560015785527
02025003004710001;BOLÍVAR;03;00471;0001;17,3; ;1; ; ;REGIÓN SIERRA; ; ; ;TOTAL NACIONAL;58,6944309289151
02025003004710002;BOLÍVAR;03;00471;0002;30; ;1; ; ;REGIÓN SIERRA; ; ; ;TOTAL NACIONAL;72,6660823184227
02025003004710003;BOLÍVAR;03;00471;0003;10; ;1; ; ;REGIÓN SIERRA; ; ; ;TOTAL NACIONAL;52,6504115347649
02025003004710005;BOLÍVAR;03;00471;0005;15; ;1; ; ;REGIÓN SIERRA; ; ; ;TOTAL NACIONAL;47,4674720501597
02025003004710006;BOLÍVAR;03;00471;0006;14;1; ; ; ;REGIÓN SIERRA; ; ; ;TOTAL NACIONAL;51,6678169641043
02025003004710007;BOLÍVAR;03;00471;0007;8,28; ;2; ; ;REGIÓN SIERRA; ; ; ;TOTAL NACIONAL;25,2830596016062
02025003004710008;BOLÍVAR;03;00471;0008;20; ;2; ; ;REGIÓN SIERRA; ; ; ;TOTAL NACIONAL;63,58015739795
02025003004710011;BOLÍVAR;03;00471;0011;15,02; ;1; ; ;REGIÓN SIERRA; ; ; ;TOTAL NACIONAL;19,7281809962857
02025003004710013;BOLÍVAR;03;00471;0013;9,02; ;1; ; ;REGIÓN SIERRA; ; ; ;TOTAL NACIONAL;61,8847322858274
02015504000050001;BOLÍVAR;04;00005;0001;20; ;2; ; ;REGIÓN SIERRA; ; ; ;TOTAL NACIONAL;2,67626391489862
02015504000050003;BOLÍVAR;04;00005;0003;20; ;3; ; ;REGIÓN SIERRA; ; ; ;TOTAL NACIONAL;3,99732153990054
02015504000050005;BOLÍVAR;04;00005;0005;50; ; ;1; ;REGIÓN SIERRA; ; ; ;TOTAL NACIONAL;6,98701512004143
02015504000050006;BOLÍVAR;04;00005;0006;150; ; ;3; ;REGIÓN SIERRA; ; ; ;TOTAL NACIONAL;4,05106713216558
02015504000050009;BOLÍVAR;04;00005;0009;12; ; ;1; ;REGIÓN SIERRA; ; ; ;TOTAL NACIONAL;5,28514847487045
02065004000200005;BOLÍVAR;04;00020;0005;15; ;1; ; ;REGIÓN SIERRA; ; ; ;TOTAL NACIONAL;7,58195830049744
02065004000200010;BOLÍVAR;04;00020;0010;81,05; ; ;2; ;REGIÓN SIERRA; ; ; ;TOTAL NACIONAL;10,4700509234384
02065004000200011;BOLÍVAR;04;00020;0011;70; ;1;1; ;REGIÓN SIERRA; ; ; ;TOTAL NACIONAL;8,68444611067555
02065004000200015;BOLÍVAR;04;00020;0015;67; ;1;1; ;REGIÓN SIERRA; ; ; ;TOTAL NACIONAL;5,57665618793185
02015604000250001;BOLÍVAR;04;00025;0001;627; ;20; ; ;REGIÓN SIERRA; ; ; ;TOTAL NACIONAL;,699390377910057
02015604000250003;BOLÍVAR;04;00025;0003;213,1618; ;5; ; ;REGIÓN SIERRA; ; ; ;TOTAL NACIONAL;,659062518561786
02055104000270002;BOLÍVAR;04;00027;0002;20,4624; ;1; ; ;REGIÓN SIERRA; ; ; ;TOTAL NACIONAL;1,01696650940554
02055104000270008;BOLÍVAR;04;00027;0008;110; ;2; ; ;REGIÓN SIERRA; ; ; ;TOTAL NACIONAL;3,4119557960251
02025104000320014;BOLÍVAR;04;00032;0014;20; ; ;1; ;REGIÓN SIERRA; ; ; ;TOTAL NACIONAL;9,15064448496072
02025104000320019;BOLÍVAR;04;00032;0019;14; ; ;2; ;REGIÓN SIERRA; ; ; ;TOTAL NACIONAL;2,8968482672849
02025104000320023;BOLÍVAR;04;00032;0023;25,5; ;1; ; ;REGIÓN SIERRA; ; ; ;TOTAL NACIONAL;7,34666730355579
02025104000350007;BOLÍVAR;04;00035;0007;8,5; ;1; ; ;REGIÓN SIERRA; ; ; ;TOTAL NACIONAL;9,27970911946449
02025104000350011;BOLÍVAR;04;00035;0011;43; ;1; ; ;REGIÓN SIERRA; ; ; ;TOTAL NACIONAL;8,21407136608535
02025104000350013;BOLÍVAR;04;00035;0013;10;1; ; ; ;REGIÓN SIERRA; ; ; ;TOTAL NACIONAL;2,9066782759244
02025104000350015;BOLÍVAR;04;00035;0015;50; ;2; ; ;REGIÓN SIERRA; ; ; ;TOTAL NACIONAL;1,19599960616536
02025004000420001;BOLÍVAR;04;00042;0001;45; ;1; ; ;REGIÓN SIERRA; ; ; ;TOTAL NACIONAL;4,6477167444392
02025004000420002;BOLÍVAR;04;00042;0002;28;1;1; ; ;REGIÓN SIERRA; ; ; ;TOTAL NACIONAL;8,41610369879273
02025004000420003;BOLÍVAR;04;00042;0003;40; ;1;1; ;REGIÓN SIERRA; ; ; ;TOTAL NACIONAL;3,94669439169657
02025004000420004;BOLÍVAR;04;00042;0004;45; ;2; ; ;REGIÓN SIERRA; ; ; ;TOTAL NACIONAL;7,95762833048024
02025004000420005;BOLÍVAR;04;00042;0005;600; ;16; ; ;REGIÓN SIERRA; ; ; ;TOTAL NACIONAL;,270375308942535
02025004000420009;BOLÍVAR;04;00042;0009;41,02; ; ;2; ;REGIÓN SIERRA; ; ; ;TOTAL NACIONAL;4,07472835322351
02025004000420010;BOLÍVAR;04;00042;0010;45; ;1; ; ;REGIÓN SIERRA; ; ; ;TOTAL NACIONAL;3,74451226412279
02015561000993198;BOLÍVAR;61;00099;3198;180; ;2;2; ;REGIÓN SIERRA; ; ; ;TOTAL NACIONAL;1
02025064000991735;BOLÍVAR;64;00099;1735;565; ;2; ; ;REGIÓN SIERRA; ; ; ;TOTAL NACIONAL;1
03035301004000002;CAÑAR;01;00400;0002;8,02;1; ; ; ;REGIÓN SIERRA; ; ; ;TOTAL NACIONAL;29,7546052644605
03035301007880001;CAÑAR;01;00788;0001;2,09;1;3;1; ;REGIÓN SIERRA; ; ; ;TOTAL NACIONAL;72,3896562726574
03035301007880003;CAÑAR;01;00788;0003;5,52; ; ;1; ;REGIÓN SIERRA; ; ; ;TOTAL NACIONAL;49,4010941776053
03035101009130001;CAÑAR;01;00913;0001;30,02; ;1; ; ;REGIÓN SIERRA; ; ; ;TOTAL NACIONAL;19,70633695346
03035301010400003;CAÑAR;01;01040;0003;5,02; ;1; ; ;REGIÓN SIERRA; ; ; ;TOTAL NACIONAL;,456978526194471
03035301010400005;CAÑAR;01;01040;0005;10,01; ;1; ; ;REGIÓN SIERRA; ; ; ;TOTAL NACIONAL;9,36330293234986
03035301010890004;CAÑAR;01;01089;0004;10,01; ;1; ; ;REGIÓN SIERRA; ; ; ;TOTAL NACIONAL;,0709191890520924
03035301010890005;CAÑAR;01;01089;0005;6,15; ;1; ; ;REGIÓN SIERRA; ; ; ;TOTAL NACIONAL;45,7545248975482
03035301011590002;CAÑAR;01;01159;0002;3,91;1; ; ; ;REGIÓN SIERRA; ; ; ;TOTAL NACIONAL;33,7029859339411
03035101012130002;CAÑAR;01;01213;0002;8,02; ;1; ; ;REGIÓN SIERRA; ; ; ;TOTAL NACIONAL;5,10116414626493
03035301014860001;CAÑAR;01;01486;0001;4,01; ; ;1; ;REGIÓN SIERRA; ; ; ;TOTAL NACIONAL;9,48600157918867
03035101015410001;CAÑAR;01;01541;0001;31,02; ;1; ; ;REGIÓN SIERRA; ; ; ;TOTAL NACIONAL;19,0710585216915
03035101020240002;CAÑAR;01;02024;0002;4,81; ;1; ; ;REGIÓN SIERRA; ; ; ;TOTAL NACIONAL;33,8127212063361
03035101020240003;CAÑAR;01;02024;0003;4,39; ;1; ; ;REGIÓN SIERRA; ; ; ;TOTAL NACIONAL;75,7156593762174
03075001023360001;CAÑAR;01;02336;0001;7,5; ;1; ; ;REGIÓN SIERRA; ; ; ;TOTAL NACIONAL;20,7611108456236
03035701025110001;CAÑAR;01;02511;0001;3,52;1; ; ; ;REGIÓN SIERRA; ; ; ;TOTAL NACIONAL;24,4962184319059
03035701026110001;CAÑAR;01;02611;0001;3,52;1; ; ; ;REGIÓN SIERRA; ; ; ;TOTAL NACIONAL;5,04004372219194
03036301026530002;CAÑAR;01;02653;0002;25; ;3; ; ;REGIÓN SIERRA; ; ; ;TOTAL NACIONAL;2,23618840959605
03036301026550001;CAÑAR;01;02655;0001;25; ;3; ; ;REGIÓN SIERRA; ; ; ;TOTAL NACIONAL;23,6633694137148
03036101030530002;CAÑAR;01;03053;0002;10,5; ;1; ; ;REGIÓN SIERRA; ; ; ;TOTAL NACIONAL;5,62537136380004
03036101030530003;CAÑAR;01;03053;0003;14,5; ; ;2; ;REGIÓN SIERRA; ; ; ;TOTAL NACIONAL;6,82067157468876
03036101030530005;CAÑAR;01;03053;0005;36,63; ;1; ; ;REGIÓN SIERRA; ; ; ;TOTAL NACIONAL;4,08888839946694
03036101031820003;CAÑAR;01;03182;0003;1; ;1; ; ;REGIÓN SIERRA; ; ; ;TOTAL NACIONAL;44,5134271304658
03036101031820005;CAÑAR;01;03182;0005;36,63; ;1; ; ;REGIÓN SIERRA; ; ; ;TOTAL NACIONAL;,858476349646705
03036101031820006;CAÑAR;01;03182;0006;10,5; ;1; ; ;REGIÓN SIERRA; ; ; ;TOTAL NACIONAL;7,62987159826339
03036101031820009;CAÑAR;01;03182;0009;,82; ;1; ; ;REGIÓN SIERRA; ; ; ;TOTAL NACIONAL;49,8117132577317
03036101031820010;CAÑAR;01;03182;0010;14,5; ; ;2; ;REGIÓN SIERRA; ; ; ;TOTAL NACIONAL;16,589744579776
03055001032710001;CAÑAR;01;03271;0001;2,6;1; ; ; ;REGIÓN SIERRA; ; ; ;TOTAL NACIONAL;62,1896607059798
03035601032840001;CAÑAR;01;03284;0001;9,38; ;1; ; ;REGIÓN SIERRA; ; ; ;TOTAL NACIONAL;23,8392609596412
03035401035220001;CAÑAR;01;03522;0001;15,8; ;1;1; ;REGIÓN SIERRA; ; ; ;TOTAL NACIONAL;16,9100734275539
03035401035220003;CAÑAR;01;03522;0003;37; ;1; ; ;REGIÓN SIERRA; ; ; ;TOTAL NACIONAL;4,3915802695723
03035401039120001;CAÑAR;01;03912;0001;98,22; ;1;1; ;REGIÓN SIERRA; ; ; ;TOTAL NACIONAL;6,02305269133446
03035401040410001;CAÑAR;01;04041;0001;98,22;2;1;1; ;REGIÓN SIERRA; ; ; ;TOTAL NACIONAL;6,02305269133446
03035001040520001;CAÑAR;01;04052;0001;55,47; ;2; ; ;REGIÓN SIERRA; ; ; ;TOTAL NACIONAL;10,4543669239938
03035601044830001;CAÑAR;01;04483;0001;1,59; ; ;1; ;REGIÓN SIERRA; ; ; ;TOTAL NACIONAL;75,3277725243975
03035601044830004;CAÑAR;01;04483;0004;9,52; ;1; ; ;REGIÓN SIERRA; ; ; ;TOTAL NACIONAL;4,10995000102526
03035601044830009;CAÑAR;01;04483;0009;3,26; ; ;1; ;REGIÓN SIERRA; ; ; ;TOTAL NACIONAL;13,5067310719259
03035601044840005;CAÑAR;01;04484;0005;8;1;4; ; ;REGIÓN SIERRA; ; ; ;TOTAL NACIONAL;8,45164352888279
03035501045060003;CAÑAR;01;04506;0003;1,16; ; ;1; ;REGIÓN SIERRA; ; ; ;TOTAL NACIONAL;34,1124242985065
03015701046200001;CAÑAR;01;04620;0001;10,5; ;1; ; ;REGIÓN SIERRA; ; ; ;TOTAL NACIONAL;49,5897832832651
03035401046980002;CAÑAR;01;04698;0002;18; ;1; ; ;REGIÓN SIERRA; ; ; ;TOTAL NACIONAL;20,2465519967559
03035001047070001;CAÑAR;01;04707;0001;6,1; ;1; ; ;REGIÓN SIERRA; ; ; ;TOTAL NACIONAL;,64438501408932
03035001047070003;CAÑAR;01;04707;0003;2,27; ;1; ; ;REGIÓN SIERRA; ; ; ;TOTAL NACIONAL;41,2661132543869
03035001047070005;CAÑAR;01;04707;0005;12,77; ;1; ; ;REGIÓN SIERRA; ; ; ;TOTAL NACIONAL;4,1430971115242
03035001047070006;CAÑAR;01;04707;0006;5,45; ;1; ; ;REGIÓN SIERRA; ; ; ;TOTAL NACIONAL;7,28474777058295
03035001047070008;CAÑAR;01;04707;0008;11,08; ;1; ; ;REGIÓN SIERRA; ; ; ;TOTAL NACIONAL;,412305498960384
03035501048520001;CAÑAR;01;04852;0001;11,5; ;2; ; ;REGIÓN SIERRA; ; ; ;TOTAL NACIONAL;,619591604938813
03015701050090001;CAÑAR;01;05009;0001;8,1; ;1; ; ;REGIÓN SIERRA; ; ; ;TOTAL NACIONAL;60,0543206478927
03035801050910001;CAÑAR;01;05091;0001;74,01;4;2; ; ;REGIÓN SIERRA; ; ; ;TOTAL NACIONAL;7,99321256836509
03015701051750001;CAÑAR;01;05175;0001;16,01; ;1; ; ;REGIÓN SIERRA; ; ; ;TOTAL NACIONAL;36,7386578743744
03035601052240001;CAÑAR;01;05224;0001;7;1; ; ; ;REGIÓN SIERRA; ; ; ;TOTAL NACIONAL;81,4660678106747
03035201052680002;CAÑAR;01;05268;0002;15,34; ; ;1; ;REGIÓN SIERRA; ; ; ;TOTAL NACIONAL;10,0338746319928
03035201052680006;CAÑAR;01;05268;0006;11,43;1; ; ; ;REGIÓN SIERRA; ; ; ;TOTAL NACIONAL;9,78725094502111
03015701053480002;CAÑAR;01;05348;0002;3,31; ;1; ; ;REGIÓN SIERRA; ; ; ;TOTAL NACIONAL;41,7756326464127
03015701053480003;CAÑAR;01;05348;0003;3,14; ;2; ; ;REGIÓN SIERRA; ; ; ;TOTAL NACIONAL;39,4647969436582
03035501054450013;CAÑAR;01;05445;0013;4,63; ; ;1; ;REGIÓN SIERRA; ; ; ;TOTAL NACIONAL;22,8877909401509
03015701055550001;CAÑAR;01;05555;0001;6,02; ;1; ; ;REGIÓN SIERRA; ; ; ;TOTAL NACIONAL;27,0092965379406
03015701055550003;CAÑAR;01;05555;0003;3,1; ;1; ; ;REGIÓN SIERRA; ; ; ;TOTAL NACIONAL;2,02089705152336
03035501056230005;CAÑAR;01;05623;0005;13,14;1; ; ; ;REGIÓN SIERRA; ; ; ;TOTAL NACIONAL;,940576914005947
03035801058100001;CAÑAR;01;05810;0001;27,03; ;2; ; ;REGIÓN SIERRA; ; ; ;TOTAL NACIONAL;21,8197254157351
03035801060030001;CAÑAR;01;06003;0001;10,04; ;1;1; ;REGIÓN SIERRA; ; ; ;TOTAL NACIONAL;3,47889633748692
03035801060030002;CAÑAR;01;06003;0002;88,7; ;2; ; ;REGIÓN SIERRA; ; ; ;TOTAL NACIONAL;6,17950905748965
03035501061570003;CAÑAR;01;06157;0003;11,62; ; ;1; ;REGIÓN SIERRA; ; ; ;TOTAL NACIONAL;14,6097311798271
03035801061910001;CAÑAR;01;06191;0001;57; ;3; ; ;REGIÓN SIERRA; ; ; ;TOTAL NACIONAL;10,3471434734617
03035601062480001;CAÑAR;01;06248;0001;13,02;1; ; ; ;REGIÓN SIERRA; ; ; ;TOTAL NACIONAL;18,5611280798163
03035601062480002;CAÑAR;01;06248;0002;25,02;1; ; ; ;REGIÓN SIERRA; ; ; ;TOTAL NACIONAL;8,07563105364332
03035801063320001;CAÑAR;01;06332;0001;57; ;3; ; ;REGIÓN SIERRA; ; ; ;TOTAL NACIONAL;10,3471434734617
03015301064710001;CAÑAR;01;06471;0001;8,53; ;1; ; ;REGIÓN SIERRA; ; ; ;TOTAL NACIONAL;33,8173157823631
03015301064710002;CAÑAR;01;06471;0002;8,24; ;1; ; ;REGIÓN SIERRA; ; ; ;TOTAL NACIONAL;16,3287160056847
03015301064710004;CAÑAR;01;06471;0004;9,52; ;1; ; ;REGIÓN SIERRA; ; ; ;TOTAL NACIONAL;2,8566638576184
03015601064840001;CAÑAR;01;06484;0001;6,04; ;1; ; ;REGIÓN SIERRA; ; ; ;TOTAL NACIONAL;40,431870431159
03015601064840002;CAÑAR;01;06484;0002;9,53; ;1; ; ;REGIÓN SIERRA; ; ; ;TOTAL NACIONAL;36,2608157761816
03035501066570004;CAÑAR;01;06657;0004;5,38;1;2; ; ;REGIÓN SIERRA; ; ; ;TOTAL NACIONAL;42,5648160595961
03035501066670001;CAÑAR;01;06667;0001;11,34; ;2; ; ;REGIÓN SIERRA; ; ; ;TOTAL NACIONAL;5,04919479697746
03035501066670003;CAÑAR;01;06667;0003;14,02; ;2; ; ;REGIÓN SIERRA; ; ; ;TOTAL NACIONAL;11,574877119279
03035501066670004;CAÑAR;01;06667;0004;7,02;1;3; ; ;REGIÓN SIERRA; ; ; ;TOTAL NACIONAL;4,10736744131808
03016001067600002;CAÑAR;01;06760;0002;1,21; ;1; ; ;REGIÓN SIERRA; ; ; ;TOTAL NACIONAL;9,32194582696254
03016001067600004;CAÑAR;01;06760;0004;9; ;2; ; ;REGIÓN SIERRA; ; ; ;TOTAL NACIONAL;46,2650134619667
03016001068690006;CAÑAR;01;06869;0006;3,37; ;1; ; ;REGIÓN SIERRA; ; ; ;TOTAL NACIONAL;60,6139113186813
03016001069570003;CAÑAR;01;06957;0003;3,77; ;1; ; ;REGIÓN SIERRA; ; ; ;TOTAL NACIONAL;30,6623348738398
03025401069870002;CAÑAR;01;06987;0002;7,02; ; ;1; ;REGIÓN SIERRA; ; ; ;TOTAL NACIONAL;73,9074096435174
03025401069900003;CAÑAR;01;06990;0003;21,02;1; ; ; ;REGIÓN SIERRA; ; ; ;TOTAL NACIONAL;1,06838894250289
03025001072200001;CAÑAR;01;07220;0001;16,69;1; ; ; ;REGIÓN SIERRA; ; ; ;TOTAL NACIONAL;21,8400985748125
03025401073150006;CAÑAR;01;07315;0006;5,96; ;1; ; ;REGIÓN SIERRA; ; ; ;TOTAL NACIONAL;9,06834344964503
03025401073150007;CAÑAR;01;07315;0007;,42; ;1; ; ;REGIÓN SIERRA; ; ; ;TOTAL NACIONAL;88,430237685434
03025401073150011;CAÑAR;01;07315;0011;7,17; ;3; ; ;REGIÓN SIERRA; ; ; ;TOTAL NACIONAL;17,8208320593333
03025001073470003;CAÑAR;01;07347;0003;14,82; ;1; ; ;REGIÓN SIERRA; ; ; ;TOTAL NACIONAL;7,82904971558426
03015101079610004;CAÑAR;01;07961;0004;3,64; ;1; ; ;REGIÓN SIERRA; ; ; ;TOTAL NACIONAL;34,6625242676393
03015501079690001;CAÑAR;01;07969;0001;8,01; ;1; ; ;REGIÓN SIERRA; ; ; ;TOTAL NACIONAL;20,8619863145599
03065001080620002;CAÑAR;01;08062;0002;14,45; ;1; ; ;REGIÓN SIERRA; ; ; ;TOTAL NACIONAL;19,3967759371652
03065001081980003;CAÑAR;01;08198;0003;6,88; ;1; ; ;REGIÓN SIERRA; ; ; ;TOTAL NACIONAL;24,1893875148253
03065001082640001;CAÑAR;01;08264;0001;2,56; ;1; ; ;REGIÓN SIERRA; ; ; ;TOTAL NACIONAL;10,7358504370733
03065001082640002;CAÑAR;01;08264;0002;5,37;1;2; ; ;REGIÓN SIERRA; ; ; ;TOTAL NACIONAL;24,5821247824673
03065001082640005;CAÑAR;01;08264;0005;2,1; ;1; ; ;REGIÓN SIERRA; ; ; ;TOTAL NACIONAL;83,8268620416034
03065001086220004;CAÑAR;01;08622;0004;,18; ;1; ; ;REGIÓN SIERRA; ; ; ;TOTAL NACIONAL;53,5899431979974
03065001086220010;CAÑAR;01;08622;0010;,38; ;1; ; ;REGIÓN SIERRA; ; ; ;TOTAL NACIONAL;17,9348494112291
03045202005710001;CAÑAR;02;00571;0001;80,12; ;9; ; ;REGIÓN SIERRA; ; ; ;TOTAL NACIONAL;26,7422884208746
03035103000790002;CAÑAR;03;00079;0002;100; ;1; ; ;REGIÓN SIERRA; ; ; ;TOTAL NACIONAL;41,8444836302512
03035103000790003;CAÑAR;03;00079;0003;54; ;1;1; ;REGIÓN SIERRA; ; ; ;TOTAL NACIONAL;32,089962240461
03035103000790004;CAÑAR;03;00079;0004;10; ;1; ; ;REGIÓN SIERRA; ; ; ;TOTAL NACIONAL;23,3597856987974
03035103000790005;CAÑAR;03;00079;0005;39,01; ;1;2; ;REGIÓN SIERRA; ; ; ;TOTAL NACIONAL;,449669182887286
03036303001070003;CAÑAR;03;00107;0003;50; ;2; ; ;REGIÓN SIERRA; ; ; ;TOTAL NACIONAL;16,3617094031306
03036303001070009;CAÑAR;03;00107;0009;33,75; ; ;1; ;REGIÓN SIERRA; ; ; ;TOTAL NACIONAL;25,8483538549755
03036303001070010;CAÑAR;03;00107;0010;16; ;1; ; ;REGIÓN SIERRA; ; ; ;TOTAL NACIONAL;60,8091011988352
03035703001230007;CAÑAR;03;00123;0007;6,59; ;1; ; ;REGIÓN SIERRA; ; ; ;TOTAL NACIONAL;49,589492364392
03035703001230008;CAÑAR;03;00123;0008;32,12;1; ; ; ;REGIÓN SIERRA; ; ; ;TOTAL NACIONAL;38,0229488931655
03035803002580002;CAÑAR;03;00258;0002;9,03; ;1; ; ;REGIÓN SIERRA; ; ; ;TOTAL NACIONAL;15,6521964076044
03035803002580005;CAÑAR;03;00258;0005;9,53; ;1; ; ;REGIÓN SIERRA; ; ; ;TOTAL NACIONAL;48,6341030279272
03035803002580007;CAÑAR;03;00258;0007;2,52; ;1; ; ;REGIÓN SIERRA; ; ; ;TOTAL NACIONAL;26,0644377853439
03035803002580008;CAÑAR;03;00258;0008;15,02; ;2; ; ;REGIÓN SIERRA; ; ; ;TOTAL NACIONAL;41,7461574807892
03035403003110002;CAÑAR;03;00311;0002;47,54; ;2; ; ;REGIÓN SIERRA; ; ; ;TOTAL NACIONAL;1,09642664248357
03035403003110004;CAÑAR;03;00311;0004;11; ;1; ; ;REGIÓN SIERRA; ; ; ;TOTAL NACIONAL;58,8327005292103
03035403003110006;CAÑAR;03;00311;0006;4,2; ;1; ; ;REGIÓN SIERRA; ; ; ;TOTAL NACIONAL;58,4048304778863
03035403003110007;CAÑAR;03;00311;0007;30,61;1; ; ; ;REGIÓN SIERRA; ; ; ;TOTAL NACIONAL;45,108359958892
03035403003110008;CAÑAR;03;00311;0008;9,03;1; ; ; ;REGIÓN SIERRA; ; ; ;TOTAL NACIONAL;61,5592193711721
03035403003110009;CAÑAR;03;00311;0009;7,02; ;1; ; ;REGIÓN SIERRA; ; ; ;TOTAL NACIONAL;7,07673887637113
03035403003110010;CAÑAR;03;00311;0010;8,78;1; ; ; ;REGIÓN SIERRA; ; ; ;TOTAL NACIONAL;32,214726376943
03035403003110013;CAÑAR;03;00311;0013;13,55;1; ; ; ;REGIÓN SIERRA; ; ; ;TOTAL NACIONAL;56,6626429863627
03035403003110018;CAÑAR;03;00311;0018;8,02;2; ; ; ;REGIÓN SIERRA; ; ; ;TOTAL NACIONAL;,0647670783564343
03035803003430001;CAÑAR;03;00343;0001;88,7; ;2; ; ;REGIÓN SIERRA; ; ; ;TOTAL NACIONAL;28,1223958462761
03035803003430002;CAÑAR;03;00343;0002;72,6; ;2; ; ;REGIÓN SIERRA; ; ; ;TOTAL NACIONAL;15,3706367617633
03015603003530001;CAÑAR;03;00353;0001;116,21; ;4; ; ;REGIÓN SIERRA; ; ; ;TOTAL NACIONAL;44,8715096826722
03015603003530002;CAÑAR;03;00353;0002;60,02; ;1; ; ;REGIÓN SIERRA; ; ; ;TOTAL NACIONAL;25,5897978874324
03065003004620001;CAÑAR;03;00462;0001;5,04; ;1; ; ;REGIÓN SIERRA; ; ; ;TOTAL NACIONAL;37,9844697163897
03065003004620002;CAÑAR;03;00462;0002;7,63;1; ; ; ;REGIÓN SIERRA; ; ; ;TOTAL NACIONAL;47,3419880814176
03065003004620003;CAÑAR;03;00462;0003;5,89; ;1; ; ;REGIÓN SIERRA; ; ; ;TOTAL NACIONAL;42,9953974302024
03065003004620004;CAÑAR;03;00462;0004;13,01; ;2; ; ;REGIÓN SIERRA; ; ; ;TOTAL NACIONAL;4,90817144787203
03065003004620005;CAÑAR;03;00462;0005;1,01; ; ; ;1;REGIÓN SIERRA; ; ; ;TOTAL NACIONAL;35,5443588121305
03065003004620008;CAÑAR;03;00462;0008;3,75;1; ; ; ;REGIÓN SIERRA; ; ; ;TOTAL NACIONAL;57,0269435972383
03065003004620016;CAÑAR;03;00462;0016;5,18; ;1; ; ;REGIÓN SIERRA; ; ; ;TOTAL NACIONAL;53,6269419866738
03065003004620021;CAÑAR;03;00462;0021;38,07;1; ; ; ;REGIÓN SIERRA; ; ; ;TOTAL NACIONAL;24,9397275028958
03065003004620023;CAÑAR;03;00462;0023;10,05; ;1; ; ;REGIÓN SIERRA; ; ; ;TOTAL NACIONAL;31,6637628502911
03065003004620025;CAÑAR;03;00462;0025;8,48;1; ; ; ;REGIÓN SIERRA; ; ; ;TOTAL NACIONAL;2,61049731233707
03035104000090002;CAÑAR;04;00009;0002;60; ;2; ; ;REGIÓN SIERRA; ; ; ;TOTAL NACIONAL;9,2368944468524
03035104000090003;CAÑAR;04;00009;0003;104,2; ;2; ; ;REGIÓN SIERRA; ; ; ;TOTAL NACIONAL;9,94195096768031
03045052000992323;CAÑAR;52;00099;2323;1030;2;40;20; ;REGIÓN SIERRA; ; ; ;TOTAL NACIONAL;1
03036254000991132;CAÑAR;54;00099;1132;10; ;1; ; ;REGIÓN SIERRA; ; ; ;TOTAL NACIONAL;1
03045061000993037;CAÑAR;61;00099;3037;260; ;8;1; ;REGIÓN SIERRA; ; ; ;TOTAL NACIONAL;1
03045062000990360;CAÑAR;62;00099;0360;63; ;2; ; ;REGIÓN SIERRA; ; ; ;TOTAL NACIONAL;1
04015401004780002;CARCHI;01;00478;0002;2,5; ;1; ; ;REGIÓN SIERRA; ; ; ;TOTAL NACIONAL;33,1931279015872
04015401004780003;CARCHI;01;00478;0003;1,99; ;1; ; ;REGIÓN SIERRA; ; ; ;TOTAL NACIONAL;16,81319667052
04045201004920001;CARCHI;01;00492;0001;100; ;2; ; ;REGIÓN SIERRA; ; ; ;TOTAL NACIONAL;5,9358240167359
04045201007590001;CARCHI;01;00759;0001;200; ;3; ; ;REGIÓN SIERRA; ; ; ;TOTAL NACIONAL;2,96791200836795
04045201008060001;CARCHI;01;00806;0001;15; ;2; ; ;REGIÓN SIERRA; ; ; ;TOTAL NACIONAL;21,3227989401191
04015001009830001;CARCHI;01;00983;0001;43; ;1; ; ;REGIÓN SIERRA; ; ; ;TOTAL NACIONAL;9,37016602083755
04015001009830002;CARCHI;01;00983;0002;245; ;3; ; ;REGIÓN SIERRA; ; ; ;TOTAL NACIONAL;,700023436422678
04015801010390004;CARCHI;01;01039;0004;11; ;1; ; ;REGIÓN SIERRA; ; ; ;TOTAL NACIONAL;11,5340855161564
04015701010830001;CARCHI;01;01083;0001;2000; ;7; ; ;REGIÓN SIERRA; ; ; ;TOTAL NACIONAL;,219807947962441
04015001010880001;CARCHI;01;01088;0001;245; ;3; ; ;REGIÓN SIERRA; ; ; ;TOTAL NACIONAL;2,42278531295343
04015001013690001;CARCHI;01;01369;0001;20,01; ;1; ; ;REGIÓN SIERRA; ; ; ;TOTAL NACIONAL;16,3901782930883
04015001013690002;CARCHI;01;01369;0002;65; ;1; ; ;REGIÓN SIERRA; ; ; ;TOTAL NACIONAL;2,08819244896453
04015001014140004;CARCHI;01;01414;0004;19; ;4; ; ;REGIÓN SIERRA; ; ; ;TOTAL NACIONAL;6,8268918676693
04015701014470001;CARCHI;01;01447;0001;23,7; ;1; ; ;REGIÓN SIERRA; ; ; ;TOTAL NACIONAL;3,55787670201447
04015001017700001;CARCHI;01;01770;0001;35,1; ;1; ; ;REGIÓN SIERRA; ; ; ;TOTAL NACIONAL;8,02886433716709
04015001020050002;CARCHI;01;02005;0002;99,5; ;2; ; ;REGIÓN SIERRA; ; ; ;TOTAL NACIONAL;3,96861077076778
04015001020660001;CARCHI;01;02066;0001;60; ;1; ; ;REGIÓN SIERRA; ; ; ;TOTAL NACIONAL;8,58618351567194
04015001021070002;CARCHI;01;02107;0002;18; ;1; ; ;REGIÓN SIERRA; ; ; ;TOTAL NACIONAL;16,6686296534196
04015001021070003;CARCHI;01;02107;0003;7; ;4; ; ;REGIÓN SIERRA; ; ; ;TOTAL NACIONAL;18,9339084101084
04035201023410004;CARCHI;01;02341;0004;12; ;1; ; ;REGIÓN SIERRA; ; ; ;TOTAL NACIONAL;10,0113694329829
04035201026290004;CARCHI;01;02629;0004;100; ;20; ; ;REGIÓN SIERRA; ; ; ;TOTAL NACIONAL;1,59943010097297
04015301027270002;CARCHI;01;02727;0002;3; ;1; ; ;REGIÓN SIERRA; ; ; ;TOTAL NACIONAL;12,2502169077354
04015301027270003;CARCHI;01;02727;0003;6,04; ;1; ; ;REGIÓN SIERRA; ; ; ;TOTAL NACIONAL;7,23981085942866
04065001027550002;CARCHI;01;02755;0002;60; ;2; ; ;REGIÓN SIERRA; ; ; ;TOTAL NACIONAL;1,53696520494319
04035201028430007;CARCHI;01;02843;0007;5; ;2; ; ;REGIÓN SIERRA; ; ; ;TOTAL NACIONAL;,142295223965713
04035201028430009;CARCHI;01;02843;0009;,31; ;1; ; ;REGIÓN SIERRA; ; ; ;TOTAL NACIONAL;44,0467540379947
04035201028430010;CARCHI;01;02843;0010;3;1; ; ; ;REGIÓN SIERRA; ; ; ;TOTAL NACIONAL;1,73158343319007
04015301028710002;CARCHI;01;02871;0002;12,24; ;2; ; ;REGIÓN SIERRA; ; ; ;TOTAL NACIONAL;12,1609934324225
04015301028710003;CARCHI;01;02871;0003;5,01; ;1; ; ;REGIÓN SIERRA; ; ; ;TOTAL NACIONAL;28,6699370473889
04015301028710004;CARCHI;01;02871;0004;3,01; ;2; ; ;REGIÓN SIERRA; ; ; ;TOTAL NACIONAL;25,3835318015739
04045101031190001;CARCHI;01;03119;0001;8,25; ;1; ; ;REGIÓN SIERRA; ; ; ;TOTAL NACIONAL;3,1770423196006
04045101031190002;CARCHI;01;03119;0002;15; ;4; ; ;REGIÓN SIERRA; ; ; ;TOTAL NACIONAL;42,2903784252122
04055201036450001;CARCHI;01;03645;0001;10; ;1; ; ;REGIÓN SIERRA; ; ; ;TOTAL NACIONAL;4,87423446598668
04055201036450002;CARCHI;01;03645;0002;5; ;1; ; ;REGIÓN SIERRA; ; ; ;TOTAL NACIONAL;3,08510833864961
04055201036450003;CARCHI;01;03645;0003;86; ;14; ; ;REGIÓN SIERRA; ; ; ;TOTAL NACIONAL;2,23596803475009
04035201038000002;CARCHI;01;03800;0002;1; ; ;1; ;REGIÓN SIERRA; ; ; ;TOTAL NACIONAL;62,3662672465718
04065001039200005;CARCHI;01;03920;0005;8; ;1; ; ;REGIÓN SIERRA; ; ; ;TOTAL NACIONAL;5,34896767581299
04065001039200008;CARCHI;01;03920;0008;,23; ;1; ; ;REGIÓN SIERRA; ; ; ;TOTAL NACIONAL;48,9141588590151
04045101040260001;CARCHI;01;04026;0001;24; ;2; ; ;REGIÓN SIERRA; ; ; ;TOTAL NACIONAL;11,3699809216305
04045101040260003;CARCHI;01;04026;0003;4; ;1; ; ;REGIÓN SIERRA; ; ; ;TOTAL NACIONAL;47,8859180590375
04035301040340002;CARCHI;01;04034;0002;6; ;1; ; ;REGIÓN SIERRA; ; ; ;TOTAL NACIONAL;14,3450085794698
04035301040340004;CARCHI;01;04034;0004;8; ;1; ; ;REGIÓN SIERRA; ; ; ;TOTAL NACIONAL;11,7105241925297
04015501044620001;CARCHI;01;04462;0001;80; ;6; ; ;REGIÓN SIERRA; ; ; ;TOTAL NACIONAL;,196271278577772
04035301045500001;CARCHI;01;04550;0001;6,75; ;1; ; ;REGIÓN SIERRA; ; ; ;TOTAL NACIONAL;58,2041325953246
04035301045500002;CARCHI;01;04550;0002;4; ;1; ; ;REGIÓN SIERRA; ; ; ;TOTAL NACIONAL;38,7660432386901
04055001046140003;CARCHI;01;04614;0003;1; ;1; ; ;REGIÓN SIERRA; ; ; ;TOTAL NACIONAL;70,249994650751
04055201046710002;CARCHI;01;04671;0002;48; ;4; ; ;REGIÓN SIERRA; ; ; ;TOTAL NACIONAL;7,01099965723685
04055201046710003;CARCHI;01;04671;0003;40; ;1; ; ;REGIÓN SIERRA; ; ; ;TOTAL NACIONAL;3,32806390794437
04055001046890003;CARCHI;01;04689;0003;1,6; ;1; ; ;REGIÓN SIERRA; ; ; ;TOTAL NACIONAL;,706839612968526
04055001046890009;CARCHI;01;04689;0009;1,71; ;1; ; ;REGIÓN SIERRA; ; ; ;TOTAL NACIONAL;32,2648779677351
04035001047050003;CARCHI;01;04705;0003;,75; ;1; ; ;REGIÓN SIERRA; ; ; ;TOTAL NACIONAL;49,8491787824997
04035301049160001;CARCHI;01;04916;0001;212;2;15; ; ;REGIÓN SIERRA; ; ; ;TOTAL NACIONAL;0
04045001049740001;CARCHI;01;04974;0001;477; ;3; ; ;REGIÓN SIERRA; ; ; ;TOTAL NACIONAL;0
04055001050170012;CARCHI;01;05017;0012;3; ;1; ; ;REGIÓN SIERRA; ; ; ;TOTAL NACIONAL;6,15224432124854
04065001050490004;CARCHI;01;05049;0004;4; ;5; ; ;REGIÓN SIERRA; ; ; ;TOTAL NACIONAL;10,3445155451417
04065001052750003;CARCHI;01;05275;0003;9,05; ;1; ; ;REGIÓN SIERRA; ; ; ;TOTAL NACIONAL;8,47971407720304
04045001053430001;CARCHI;01;05343;0001;5,5; ;1; ; ;REGIÓN SIERRA; ; ; ;TOTAL NACIONAL;20,9003357864224
04045001053430004;CARCHI;01;05343;0004;7,5; ;1; ; ;REGIÓN SIERRA; ; ; ;TOTAL NACIONAL;24,669250430286
04055301054880002;CARCHI;01;05488;0002;80; ;6; ; ;REGIÓN SIERRA; ; ; ;TOTAL NACIONAL;5,81981737730059
04055301054880003;CARCHI;01;05488;0003;103,35; ;1; ; ;REGIÓN SIERRA; ; ; ;TOTAL NACIONAL;1,08458260389338
04055301056930001;CARCHI;01;05693;0001;103,35; ;1; ; ;REGIÓN SIERRA; ; ; ;TOTAL NACIONAL;4,00654579734188
04055301056930004;CARCHI;01;05693;0004;3,61; ;1; ; ;REGIÓN SIERRA; ; ; ;TOTAL NACIONAL;10,9793962171598
04055301056930007;CARCHI;01;05693;0007;80; ;6; ; ;REGIÓN SIERRA; ; ; ;TOTAL NACIONAL;,104793082155218
04035301057840002;CARCHI;01;05784;0002;2; ;1; ; ;REGIÓN SIERRA; ; ; ;TOTAL NACIONAL;40,9375202822516
04035301057840007;CARCHI;01;05784;0007;5; ;1; ; ;REGIÓN SIERRA; ; ; ;TOTAL NACIONAL;7,45107580852032
04035301057840009;CARCHI;01;05784;0009;13,25; ;3; ; ;REGIÓN SIERRA; ; ; ;TOTAL NACIONAL;1,46193909595807
04045001058580005;CARCHI;01;05858;0005;10; ;1; ; ;REGIÓN SIERRA; ; ; ;TOTAL NACIONAL;5,05636895230509
04045001058580008;CARCHI;01;05858;0008;55,02; ;3; ; ;REGIÓN SIERRA; ; ; ;TOTAL NACIONAL;,00597532916544957
04055401059940001;CARCHI;01;05994;0001;288; ;1; ; ;REGIÓN SIERRA; ; ; ;TOTAL NACIONAL;1,95748454703839
04045301060430002;CARCHI;01;06043;0002;1,5; ;2; ; ;REGIÓN SIERRA; ; ; ;TOTAL NACIONAL;24,0961076123286
04055001061360002;CARCHI;01;06136;0002;288; ;1; ; ;REGIÓN SIERRA; ; ; ;TOTAL NACIONAL;,0296799579088852
04055001061360005;CARCHI;01;06136;0005;8; ;1; ; ;REGIÓN SIERRA; ; ; ;TOTAL NACIONAL;25,6073197461016
04045301063090001;CARCHI;01;06309;0001;4; ;3; ; ;REGIÓN SIERRA; ; ; ;TOTAL NACIONAL;14,1614494551718
04045301063090003;CARCHI;01;06309;0003;1; ;1; ; ;REGIÓN SIERRA; ; ; ;TOTAL NACIONAL;44,6130862696879
04045301063090004;CARCHI;01;06309;0004;2,6; ;2; ; ;REGIÓN SIERRA; ; ; ;TOTAL NACIONAL;10,2548645101516
04045301063090005;CARCHI;01;06309;0005;1; ;1; ; ;REGIÓN SIERRA; ; ; ;TOTAL NACIONAL;59,8413703965261
04045001063230001;CARCHI;01;06323;0001;4;1; ; ; ;REGIÓN SIERRA; ; ; ;TOTAL NACIONAL;2,17640848272169
04045001063230003;CARCHI;01;06323;0003;11; ;1; ; ;REGIÓN SIERRA; ; ; ;TOTAL NACIONAL;1,2773921800539
04045001063230004;CARCHI;01;06323;0004;3; ;1; ; ;REGIÓN SIERRA; ; ; ;TOTAL NACIONAL;,661908722841845
04045301065170004;CARCHI;01;06517;0004;4; ;1; ; ;REGIÓN SIERRA; ; ; ;TOTAL NACIONAL;2,00131944675632
04055001066430003;CARCHI;01;06643;0003;64,5; ;1; ; ;REGIÓN SIERRA; ; ; ;TOTAL NACIONAL;1,74748796041197
04045301067130001;CARCHI;01;06713;0001;10,13; ;1; ; ;REGIÓN SIERRA; ; ; ;TOTAL NACIONAL;11,2129794660404
04045301067130004;CARCHI;01;06713;0004;10; ;5; ; ;REGIÓN SIERRA; ; ; ;TOTAL NACIONAL;13,7140035420321
04025001069520001;CARCHI;01;06952;0001;246; ;5; ; ;REGIÓN SIERRA; ; ; ;TOTAL NACIONAL;,0184962379343626
04025001069520006;CARCHI;01;06952;0006;3,02; ;2; ; ;REGIÓN SIERRA; ; ; ;TOTAL NACIONAL;28,1407731329684
04055501071430001;CARCHI;01;07143;0001;20; ;4; ; ;REGIÓN SIERRA; ; ; ;TOTAL NACIONAL;23,2977624060533
04055001073880006;CARCHI;01;07388;0006;17; ;1; ; ;REGIÓN SIERRA; ; ; ;TOTAL NACIONAL;5,3429725929123
04045001074360001;CARCHI;01;07436;0001;12,01; ;2; ; ;REGIÓN SIERRA; ; ; ;TOTAL NACIONAL;3,57480170214115
04045001074360002;CARCHI;01;07436;0002;10,5; ;1; ; ;REGIÓN SIERRA; ; ; ;TOTAL NACIONAL;20,3927767500737
04045001074360003;CARCHI;01;07436;0003;37; ;3; ; ;REGIÓN SIERRA; ; ; ;TOTAL NACIONAL;8,83047970905073
04045001074490004;CARCHI;01;07449;0004;,7; ;2; ; ;REGIÓN SIERRA; ; ; ;TOTAL NACIONAL;52,2204890963249
04045001075320001;CARCHI;01;07532;0001;5,2; ;1; ; ;REGIÓN SIERRA; ; ; ;TOTAL NACIONAL;22,9703907141078
04045001075320003;CARCHI;01;07532;0003;10,5; ;1; ; ;REGIÓN SIERRA; ; ; ;TOTAL NACIONAL;10,2717963867311
04045001075320004;CARCHI;01;07532;0004;8,5; ;1; ; ;REGIÓN SIERRA; ; ; ;TOTAL NACIONAL;7,30626554800299
04045001075320008;CARCHI;01;07532;0008;37; ;3; ; ;REGIÓN SIERRA; ; ; ;TOTAL NACIONAL;1,51657303760488
04025101078330001;CARCHI;01;07833;0001;13; ;3; ; ;REGIÓN SIERRA; ; ; ;TOTAL NACIONAL;45,5209768638049
04045001078710002;CARCHI;01;07871;0002;180;1;3; ; ;REGIÓN SIERRA; ; ; ;TOTAL NACIONAL;1,82035857535197
04055001079580002;CARCHI;01;07958;0002;9,5; ;1; ; ;REGIÓN SIERRA; ; ; ;TOTAL NACIONAL;15,42623382506
04045001080440002;CARCHI;01;08044;0002;3,25; ;2; ; ;REGIÓN SIERRA; ; ; ;TOTAL NACIONAL;22,0705927380999
04025201082530004;CARCHI;01;08253;0004;5,28; ;1; ; ;REGIÓN SIERRA; ; ; ;TOTAL NACIONAL;19,3185393163861
04055401082840010;CARCHI;01;08284;0010;7,5;2;1; ; ;REGIÓN SIERRA; ; ; ;TOTAL NACIONAL;15,6035118531644
04025201085880002;CARCHI;01;08588;0002;6; ;1; ; ;REGIÓN SIERRA; ; ; ;TOTAL NACIONAL;7,10741248963953
04055401086100001;CARCHI;01;08610;0001;14;1; ; ; ;REGIÓN SIERRA; ; ; ;TOTAL NACIONAL;37,9316906988638
04055401086180002;CARCHI;01;08618;0002;9; ;1; ; ;REGIÓN SIERRA; ; ; ;TOTAL NACIONAL;25,5455854336512
04055401086180007;CARCHI;01;08618;0007;5; ;1; ; ;REGIÓN SIERRA; ; ; ;TOTAL NACIONAL;1,12962833030691
04025001090990001;CARCHI;01;09099;0001;14; ;1; ; ;REGIÓN SIERRA; ; ; ;TOTAL NACIONAL;28,5427001986287
04025201092670001;CARCHI;01;09267;0001;10,85; ;3; ; ;REGIÓN SIERRA; ; ; ;TOTAL NACIONAL;17,9464994521058
04025201092670012;CARCHI;01;09267;0012;5; ;1; ; ;REGIÓN SIERRA; ; ; ;TOTAL NACIONAL;4,40410393270994
04025001093270001;CARCHI;01;09327;0001;10,77; ;1; ; ;REGIÓN SIERRA; ; ; ;TOTAL NACIONAL;34,6864396025193
04025001093270003;CARCHI;01;09327;0003;9,03; ;3; ; ;REGIÓN SIERRA; ; ; ;TOTAL NACIONAL;2,66432423585654
04025001093270005;CARCHI;01;09327;0005;7; ;1; ; ;REGIÓN SIERRA; ; ; ;TOTAL NACIONAL;,507233742196683
04025001093270006;CARCHI;01;09327;0006;14,03; ;2; ; ;REGIÓN SIERRA; ; ; ;TOTAL NACIONAL;7,40243112721104
04025001094110001;CARCHI;01;09411;0001;11; ;2; ; ;REGIÓN SIERRA; ; ; ;TOTAL NACIONAL;20,0072969857671
04025201095450001;CARCHI;01;09545;0001;30; ;1; ; ;REGIÓN SIERRA; ; ; ;TOTAL NACIONAL;14,2542496373345
04025301099390001;CARCHI;01;09939;0001;15; ;2; ; ;REGIÓN SIERRA; ; ; ;TOTAL NACIONAL;39,1876264931227
04025501100230001;CARCHI;01;10023;0001;69; ;1; ; ;REGIÓN SIERRA; ; ; ;TOTAL NACIONAL;8,44900850753333
04025301101020004;CARCHI;01;10102;0004;2,5; ;1; ; ;REGIÓN SIERRA; ; ; ;TOTAL NACIONAL;35,0276835926133
04015903000470010;CARCHI;03;00047;0010;65,01; ;1; ; ;REGIÓN SIERRA; ; ; ;TOTAL NACIONAL;27,6856304156993
04045203001100004;CARCHI;03;00110;0004;44; ; ; ;152;REGIÓN SIERRA; ; ; ;TOTAL NACIONAL;54,587963349932
04045203001100005;CARCHI;03;00110;0005;40; ;1; ; ;REGIÓN SIERRA; ; ; ;TOTAL NACIONAL;45,5231843721014
04045103001990002;CARCHI;03;00199;0002;39; ; ;2; ;REGIÓN SIERRA; ; ; ;TOTAL NACIONAL;6,45372888999099
04045103001990006;CARCHI;03;00199;0006;28,9; ;1; ; ;REGIÓN SIERRA; ; ; ;TOTAL NACIONAL;26,7710070521237
04045103001990017;CARCHI;03;00199;0017;33; ;2; ; ;REGIÓN SIERRA; ; ; ;TOTAL NACIONAL;6,14302199838069
04045103001990020;CARCHI;03;00199;0020;7; ;2; ; ;REGIÓN SIERRA; ; ; ;TOTAL NACIONAL;9,49334354462337
04045103001990021;CARCHI;03;00199;0021;15,25; ;1; ; ;REGIÓN SIERRA; ; ; ;TOTAL NACIONAL;1,36400965138677
04045103001990032;CARCHI;03;00199;0032;31,02; ; ;4; ;REGIÓN SIERRA; ; ; ;TOTAL NACIONAL;1,84693866977864
04045103001990052;CARCHI;03;00199;0052;45; ;2; ; ;REGIÓN SIERRA; ; ; ;TOTAL NACIONAL;2,19478925063259
04035003003120003;CARCHI;03;00312;0003;10,5; ;1; ; ;REGIÓN SIERRA; ; ; ;TOTAL NACIONAL;25,3296065433325
04035003003120005;CARCHI;03;00312;0005;5; ;1; ; ;REGIÓN SIERRA; ; ; ;TOTAL NACIONAL;44,2908506524866
04035003003120007;CARCHI;03;00312;0007;2; ;2; ; ;REGIÓN SIERRA; ; ; ;TOTAL NACIONAL;37,0963665211776
04035003003120012;CARCHI;03;00312;0012;6,28; ;1; ; ;REGIÓN SIERRA; ; ; ;TOTAL NACIONAL;12,032945928598
04035003003120014;CARCHI;03;00312;0014;19; ;1; ; ;REGIÓN SIERRA; ; ; ;TOTAL NACIONAL;13,6598499425957
04035003003120018;CARCHI;03;00312;0018;4; ;1; ; ;REGIÓN SIERRA; ; ; ;TOTAL NACIONAL;17,8170031497468
04035003003120024;CARCHI;03;00312;0024;31; ;14; ; ;REGIÓN SIERRA; ; ; ;TOTAL NACIONAL;46,3302817842541
04035003003120025;CARCHI;03;00312;0025;80; ;1; ; ;REGIÓN SIERRA; ; ; ;TOTAL NACIONAL;3,52935409463385
04035104000320001;CARCHI;04;00032;0001;29; ;1;1; ;REGIÓN SIERRA; ; ; ;TOTAL NACIONAL;9,65202371770984
04035104000320002;CARCHI;04;00032;0002;60;1;1; ; ;REGIÓN SIERRA; ; ; ;TOTAL NACIONAL;1,22858688151275
04035104000400003;CARCHI;04;00040;0003;25; ;1; ; ;REGIÓN SIERRA; ; ; ;TOTAL NACIONAL;15,884361586249
04035104000400004;CARCHI;04;00040;0004;21; ;1; ; ;REGIÓN SIERRA; ; ; ;TOTAL NACIONAL;8,52800732718038
04035104000400007;CARCHI;04;00040;0007;12,1; ;1; ; ;REGIÓN SIERRA; ; ; ;TOTAL NACIONAL;19,2685948940773
04035104000400009;CARCHI;04;00040;0009;101; ;1; ; ;REGIÓN SIERRA; ; ; ;TOTAL NACIONAL;11,7838306794449
04045104000610005;CARCHI;04;00061;0005;22,5; ;2; ; ;REGIÓN SIERRA; ; ; ;TOTAL NACIONAL;6,61352675009381
04045104000610006;CARCHI;04;00061;0006;19; ;1; ; ;REGIÓN SIERRA; ; ; ;TOTAL NACIONAL;15,8012232209824
04045104000610007;CARCHI;04;00061;0007;48; ;2; ; ;REGIÓN SIERRA; ; ; ;TOTAL NACIONAL;15,3761569243283
04055004000700001;CARCHI;04;00070;0001;17,1; ;1; ; ;REGIÓN SIERRA; ; ; ;TOTAL NACIONAL;15,0909358250046
04055004000700002;CARCHI;04;00070;0002;6; ;2; ; ;REGIÓN SIERRA; ; ; ;TOTAL NACIONAL;2,49481557386333
04055004000700003;CARCHI;04;00070;0003;14; ;1; ; ;REGIÓN SIERRA; ; ; ;TOTAL NACIONAL;12,4008481162879
04055004000700005;CARCHI;04;00070;0005;7,8; ;1; ; ;REGIÓN SIERRA; ; ; ;TOTAL NACIONAL;16,3223095777276
04035361000992512;CARCHI;61;00099;2512;212;2;15; ; ;REGIÓN SIERRA; ; ; ;TOTAL NACIONAL;1
05075401001840001;COTOPAXI;01;00184;0001;71,52; ; ;1; ;REGIÓN SIERRA; ; ; ;TOTAL NACIONAL;8,30566114933107
05075301002550002;COTOPAXI;01;00255;0002;25,55;1; ; ; ;REGIÓN SIERRA; ; ; ;TOTAL NACIONAL;15,4637456591097
05075301003820001;COTOPAXI;01;00382;0001;25; ;1; ; ;REGIÓN SIERRA; ; ; ;TOTAL NACIONAL;2,79741127396366
05075301003820003;COTOPAXI;01;00382;0003;86,03; ; ;1; ;REGIÓN SIERRA; ; ; ;TOTAL NACIONAL;2,16409714416035
05075301004100002;COTOPAXI;01;00410;0002;40,04; ;1; ; ;REGIÓN SIERRA; ; ; ;TOTAL NACIONAL;11,3829660526549
05075001006360001;COTOPAXI;01;00636;0001;40,02; ;1;2; ;REGIÓN SIERRA; ; ; ;TOTAL NACIONAL;14,8429356632042
05075001009190001;COTOPAXI;01;00919;0001;205,03; ;12; ; ;REGIÓN SIERRA; ; ; ;TOTAL NACIONAL;,966121853640166
05075001009190002;COTOPAXI;01;00919;0002;100; ;3; ; ;REGIÓN SIERRA; ; ; ;TOTAL NACIONAL;2,04281512694529
05075001019110001;COTOPAXI;01;01911;0001;156,2; ;3; ; ;REGIÓN SIERRA; ; ; ;TOTAL NACIONAL;3,80290835621916
05075001020850002;COTOPAXI;01;02085;0002;7,16; ;1;2; ;REGIÓN SIERRA; ; ; ;TOTAL NACIONAL;41,4814445001001
05075001020980001;COTOPAXI;01;02098;0001;14,04; ;1; ; ;REGIÓN SIERRA; ; ; ;TOTAL NACIONAL;36,6130172457611
05075001021450002;COTOPAXI;01;02145;0002;5,65; ;1; ; ;REGIÓN SIERRA; ; ; ;TOTAL NACIONAL;53,2369970920508
05075001026110002;COTOPAXI;01;02611;0002;7; ;1; ; ;REGIÓN SIERRA; ; ; ;TOTAL NACIONAL;15,9205257242882
05075001026110003;COTOPAXI;01;02611;0003;2,65;1; ; ; ;REGIÓN SIERRA; ; ; ;TOTAL NACIONAL;30,6969646356422
05075001026110006;COTOPAXI;01;02611;0006;226,02; ;2; ; ;REGIÓN SIERRA; ; ; ;TOTAL NACIONAL;,436447979393095
05075001027750003;COTOPAXI;01;02775;0003;5,15; ;1; ; ;REGIÓN SIERRA; ; ; ;TOTAL NACIONAL;17,4949061657622
05075001029330001;COTOPAXI;01;02933;0001;30; ;1; ; ;REGIÓN SIERRA; ; ; ;TOTAL NACIONAL;1,65465979233364
05075001032190001;COTOPAXI;01;03219;0001;37,01; ;2; ; ;REGIÓN SIERRA; ; ; ;TOTAL NACIONAL;16,0501022761803
05075001034430001;COTOPAXI;01;03443;0001;15,5; ;1; ; ;REGIÓN SIERRA; ; ; ;TOTAL NACIONAL;15,204410806839
05075001034430002;COTOPAXI;01;03443;0002;12; ;1; ; ;REGIÓN SIERRA; ; ; ;TOTAL NACIONAL;29,7121562039016
05075001034580002;COTOPAXI;01;03458;0002;6,07;1; ; ;8;REGIÓN SIERRA; ; ; ;TOTAL NACIONAL;39,4397557216321
05075001034580003;COTOPAXI;01;03458;0003;40; ;2; ; ;REGIÓN SIERRA; ; ; ;TOTAL NACIONAL;3,83031011378598
05075001035600001;COTOPAXI;01;03560;0001;40; ;2; ; ;REGIÓN SIERRA; ; ; ;TOTAL NACIONAL;14,8053560488206
05025201037980001;COTOPAXI;01;03798;0001;35; ; ;3; ;REGIÓN SIERRA; ; ; ;TOTAL NACIONAL;16,9204069129378
05015601041120001;COTOPAXI;01;04112;0001;54; ;8; ; ;REGIÓN SIERRA; ; ; ;TOTAL NACIONAL;10,9669304065338
05075001042630003;COTOPAXI;01;04263;0003;3,87; ;1; ; ;REGIÓN SIERRA; ; ; ;TOTAL NACIONAL;43,7538015738501
05016201045640002;COTOPAXI;01;04564;0002;21; ;1; ; ;REGIÓN SIERRA; ; ; ;TOTAL NACIONAL;5,02348080792997
05016201045640005;COTOPAXI;01;04564;0005;100; ;12; ; ;REGIÓN SIERRA; ; ; ;TOTAL NACIONAL;1,44381832188098
05025101048200001;COTOPAXI;01;04820;0001;75; ; ;2; ;REGIÓN SIERRA; ; ; ;TOTAL NACIONAL;7,8961898927043
05075001050390004;COTOPAXI;01;05039;0004;7,4;1; ; ; ;REGIÓN SIERRA; ; ; ;TOTAL NACIONAL;23,6974617838479
05025101050970004;COTOPAXI;01;05097;0004;150; ;6; ; ;REGIÓN SIERRA; ; ; ;TOTAL NACIONAL;,990533154318128
05025101057520001;COTOPAXI;01;05752;0001;100; ; ;2; ;REGIÓN SIERRA; ; ; ;TOTAL NACIONAL;5,92214241952823
05075001058290009;COTOPAXI;01;05829;0009;,71; ;1; ; ;REGIÓN SIERRA; ; ; ;TOTAL NACIONAL;1,33456730580918
05025101060750001;COTOPAXI;01;06075;0001;30; ;1; ; ;REGIÓN SIERRA; ; ; ;TOTAL NACIONAL;19,6038267788953
05075201061150002;COTOPAXI;01;06115;0002;3,61;1; ; ; ;REGIÓN SIERRA; ; ; ;TOTAL NACIONAL;17,5969107165668
05016101064230001;COTOPAXI;01;06423;0001;13; ;4; ; ;REGIÓN SIERRA; ; ; ;TOTAL NACIONAL;,753175035919487
05015601064480010;COTOPAXI;01;06448;0010;20; ;3; ; ;REGIÓN SIERRA; ; ; ;TOTAL NACIONAL;,0654725745270065
05016201070940005;COTOPAXI;01;07094;0005;2; ; ;2; ;REGIÓN SIERRA; ; ; ;TOTAL NACIONAL;16,9866785066801
05016201071160001;COTOPAXI;01;07116;0001;32;2; ; ; ;REGIÓN SIERRA; ; ; ;TOTAL NACIONAL;16,6889263461427
05016201071930006;COTOPAXI;01;07193;0006;7,53; ;1; ; ;REGIÓN SIERRA; ; ; ;TOTAL NACIONAL;14,9368718277993
05015601076330001;COTOPAXI;01;07633;0001;17,23; ;17; ; ;REGIÓN SIERRA; ; ; ;TOTAL NACIONAL;2,05008602988272
05015601076330002;COTOPAXI;01;07633;0002;57,15; ;8; ; ;REGIÓN SIERRA; ; ; ;TOTAL NACIONAL;7,87232280274512
05025101077650001;COTOPAXI;01;07765;0001;84,05; ;2;1; ;REGIÓN SIERRA; ; ; ;TOTAL NACIONAL;5,94429809808896
05075101077850001;COTOPAXI;01;07785;0001;13,92; ;2; ; ;REGIÓN SIERRA; ; ; ;TOTAL NACIONAL;,745467640133781
05075101077850004;COTOPAXI;01;07785;0004;5,37; ; ; ;2;REGIÓN SIERRA; ; ; ;TOTAL NACIONAL;58,6393804027567
05075201077870012;COTOPAXI;01;07787;0012;13,92; ;2; ; ;REGIÓN SIERRA; ; ; ;TOTAL NACIONAL;5,81247311546289
05075101081800001;COTOPAXI;01;08180;0001;1,7; ; ;1; ;REGIÓN SIERRA; ; ; ;TOTAL NACIONAL;51,406518610297
05015601087620011;COTOPAXI;01;08762;0011;1,26; ;1; ; ;REGIÓN SIERRA; ; ; ;TOTAL NACIONAL;41,0319867638741
05015601087620018;COTOPAXI;01;08762;0018;,6;1; ; ; ;REGIÓN SIERRA; ; ; ;TOTAL NACIONAL;57,7408885904002
05015601087620028;COTOPAXI;01;08762;0028;,08;1; ; ; ;REGIÓN SIERRA; ; ; ;TOTAL NACIONAL;67,8578818904276
05015601087620029;COTOPAXI;01;08762;0029;,64;1; ; ; ;REGIÓN SIERRA; ; ; ;TOTAL NACIONAL;46,4518046031745
05015601087620030;COTOPAXI;01;08762;0030;,75;1; ; ; ;REGIÓN SIERRA; ; ; ;TOTAL NACIONAL;38,0157675612086
05015601091440026;COTOPAXI;01;09144;0026;,27; ;1; ; ;REGIÓN SIERRA; ; ; ;TOTAL NACIONAL;56,8574414187628
05015601091440028;COTOPAXI;01;09144;0028;,78;1; ; ; ;REGIÓN SIERRA; ; ; ;TOTAL NACIONAL;16,948125528251
05015601091440029;COTOPAXI;01;09144;0029;,49; ; ;1; ;REGIÓN SIERRA; ; ; ;TOTAL NACIONAL;20,7879284930379
05025101096700001;COTOPAXI;01;09670;0001;60; ;3; ; ;REGIÓN SIERRA; ; ; ;TOTAL NACIONAL;6,78293678713706
05015101097890001;COTOPAXI;01;09789;0001;14,08; ;2; ; ;REGIÓN SIERRA; ; ; ;TOTAL NACIONAL;2,27034153046623
05015101098240017;COTOPAXI;01;09824;0017;,78;1; ; ; ;REGIÓN SIERRA; ; ; ;TOTAL NACIONAL;18,3147737789114
05015101100570005;COTOPAXI;01;10057;0005;1,08;1; ; ; ;REGIÓN SIERRA; ; ; ;TOTAL NACIONAL;63,7117729228464
05065301101230008;COTOPAXI;01;10123;0008;4,75; ;1; ; ;REGIÓN SIERRA; ; ; ;TOTAL NACIONAL;25,0392337387071
05015101102830004;COTOPAXI;01;10283;0004;8; ;1; ; ;REGIÓN SIERRA; ; ; ;TOTAL NACIONAL;7,27683249799531
05065301104680001;COTOPAXI;01;10468;0001;4,31;1;1; ;2;REGIÓN SIERRA; ; ; ;TOTAL NACIONAL;60,4931809974135
05065301104680002;COTOPAXI;01;10468;0002;1,05;1;1; ; ;REGIÓN SIERRA; ; ; ;TOTAL NACIONAL;27,5363955464625
05015101105490002;COTOPAXI;01;10549;0002;3,7; ;1; ; ;REGIÓN SIERRA; ; ; ;TOTAL NACIONAL;15,2037223857498
05015101105490003;COTOPAXI;01;10549;0003;5,97;1; ; ; ;REGIÓN SIERRA; ; ; ;TOTAL NACIONAL;1,31382724066213
05045301106110001;COTOPAXI;01;10611;0001;11,93; ;4; ; ;REGIÓN SIERRA; ; ; ;TOTAL NACIONAL;46,9761523450498
05015101114050001;COTOPAXI;01;11405;0001;1,63; ;2; ; ;REGIÓN SIERRA; ; ; ;TOTAL NACIONAL;11,7675836079923
05015101114050006;COTOPAXI;01;11405;0006;,91; ;2; ; ;REGIÓN SIERRA; ; ; ;TOTAL NACIONAL;98,7819140331808
05015101114050009;COTOPAXI;01;11405;0009;,57; ;2; ; ;REGIÓN SIERRA; ; ; ;TOTAL NACIONAL;,77345719709238
05015101114050010;COTOPAXI;01;11405;0010;4,96;1; ; ; ;REGIÓN SIERRA; ; ; ;TOTAL NACIONAL;4,13780515378775
05015001116420010;COTOPAXI;01;11642;0010;50,51; ;80; ; ;REGIÓN SIERRA; ; ; ;TOTAL NACIONAL;1,53932191269376
05015801117700004;COTOPAXI;01;11770;0004;4,4; ;2; ; ;REGIÓN SIERRA; ; ; ;TOTAL NACIONAL;15,6951729022598
05015801117700005;COTOPAXI;01;11770;0005;6,09; ;1; ; ;REGIÓN SIERRA; ; ; ;TOTAL NACIONAL;54,9556664371546
05045701118180001;COTOPAXI;01;11818;0001;40; ;4; ; ;REGIÓN SIERRA; ; ; ;TOTAL NACIONAL;9,41785148661086
05045701118180002;COTOPAXI;01;11818;0002;33; ;3;1; ;REGIÓN SIERRA; ; ; ;TOTAL NACIONAL;6,53030856025419
05015801120410030;COTOPAXI;01;12041;0030;50,51; ;80; ; ;REGIÓN SIERRA; ; ; ;TOTAL NACIONAL;5,32418307801973
05045701121290001;COTOPAXI;01;12129;0001;60; ; ;1; ;REGIÓN SIERRA; ; ; ;TOTAL NACIONAL;9,87023736588038
05015001123150012;COTOPAXI;01;12315;0012;1,36;1; ; ; ;REGIÓN SIERRA; ; ; ;TOTAL NACIONAL;37,0182284737013
05015001123150021;COTOPAXI;01;12315;0021;,05; ;1; ; ;REGIÓN SIERRA; ; ; ;TOTAL NACIONAL;66,7228045933513
05015801123530021;COTOPAXI;01;12353;0021;2,37; ;1; ; ;REGIÓN SIERRA; ; ; ;TOTAL NACIONAL;64,5410795519705
05045701124380001;COTOPAXI;01;12438;0001;60; ; ;1; ;REGIÓN SIERRA; ; ; ;TOTAL NACIONAL;9,87023736588038
05045701124950001;COTOPAXI;01;12495;0001;84; ; ;1; ;REGIÓN SIERRA; ; ; ;TOTAL NACIONAL;7,05016954705741
05015001126130001;COTOPAXI;01;12613;0001;152;2;3; ; ;REGIÓN SIERRA; ; ; ;TOTAL NACIONAL;3,89614632863699
05045001128280010;COTOPAXI;01;12828;0010;,58; ;1; ; ;REGIÓN SIERRA; ; ; ;TOTAL NACIONAL;26,6269506870359
05015001128940001;COTOPAXI;01;12894;0001;2,51; ;1; ; ;REGIÓN SIERRA; ; ; ;TOTAL NACIONAL;70,2346691286324
05015001128940003;COTOPAXI;01;12894;0003;30,22; ;1; ; ;REGIÓN SIERRA; ; ; ;TOTAL NACIONAL;,396290139111014
05015001128940005;COTOPAXI;01;12894;0005;6,03; ;3; ; ;REGIÓN SIERRA; ; ; ;TOTAL NACIONAL;8,6698768238717
05045701130940001;COTOPAXI;01;13094;0001;1100; ; ;6; ;REGIÓN SIERRA; ; ; ;TOTAL NACIONAL;,538376583593475
05045701131030005;COTOPAXI;01;13103;0005;7;1; ;1; ;REGIÓN SIERRA; ; ; ;TOTAL NACIONAL;10,1353237408497
05045701131030006;COTOPAXI;01;13103;0006;4;1; ; ; ;REGIÓN SIERRA; ; ; ;TOTAL NACIONAL;11,1714636586156
05015001132590002;COTOPAXI;01;13259;0002;1,4;1; ; ; ;REGIÓN SIERRA; ; ; ;TOTAL NACIONAL;10,1428439216999
05015001132590015;COTOPAXI;01;13259;0015;,7;1;1; ; ;REGIÓN SIERRA; ; ; ;TOTAL NACIONAL;24,0833791727481
05015001132590016;COTOPAXI;01;13259;0016;25,5;3;4; ; ;REGIÓN SIERRA; ; ; ;TOTAL NACIONAL;14,0082537423316
05045701133480001;COTOPAXI;01;13348;0001;1100; ; ;6; ;REGIÓN SIERRA; ; ; ;TOTAL NACIONAL;,538376583593475
05045701136240001;COTOPAXI;01;13624;0001;30,03; ; ;1; ;REGIÓN SIERRA; ; ; ;TOTAL NACIONAL;19,720753977783
05045701136570004;COTOPAXI;01;13657;0004;20; ; ;2; ;REGIÓN SIERRA; ; ; ;TOTAL NACIONAL;,171084114341926
05045701136570006;COTOPAXI;01;13657;0006;25; ; ;3; ;REGIÓN SIERRA; ; ; ;TOTAL NACIONAL;17,6227166025375
05015001138180001;COTOPAXI;01;13818;0001;1,71; ;1; ; ;REGIÓN SIERRA; ; ; ;TOTAL NACIONAL;32,5852514675536
05045701141050002;COTOPAXI;01;14105;0002;5,01; ;1; ; ;REGIÓN SIERRA; ; ; ;TOTAL NACIONAL;44,2512358391539
05045701142370002;COTOPAXI;01;14237;0002;40;1;1; ; ;REGIÓN SIERRA; ; ; ;TOTAL NACIONAL;10,2696529712863
05045001143550018;COTOPAXI;01;14355;0018;,72;1; ; ; ;REGIÓN SIERRA; ; ; ;TOTAL NACIONAL;54,8437911413409
05045001153380006;COTOPAXI;01;15338;0006;4; ;1; ; ;REGIÓN SIERRA; ; ; ;TOTAL NACIONAL;7,3023306111905
05045001154440001;COTOPAXI;01;15444;0001;10; ;2; ;3;REGIÓN SIERRA; ; ; ;TOTAL NACIONAL;17,4650560110131
05015201154660001;COTOPAXI;01;15466;0001;17;1; ; ; ;REGIÓN SIERRA; ; ; ;TOTAL NACIONAL;7,31520062657934
05015001155010013;COTOPAXI;01;15501;0013;1,27; ;1; ; ;REGIÓN SIERRA; ; ; ;TOTAL NACIONAL;24,8647081988766
05045001158380013;COTOPAXI;01;15838;0013;2; ;1; ; ;REGIÓN SIERRA; ; ; ;TOTAL NACIONAL;8,52130492587673
05015001161120008;COTOPAXI;01;16112;0008;1,3;1; ; ; ;REGIÓN SIERRA; ; ; ;TOTAL NACIONAL;5,04647520706807
05015001161120019;COTOPAXI;01;16112;0019;,51;1; ; ; ;REGIÓN SIERRA; ; ; ;TOTAL NACIONAL;10,7733963405361
05015001161120021;COTOPAXI;01;16112;0021;,57; ; ; ;1;REGIÓN SIERRA; ; ; ;TOTAL NACIONAL;2,87449018023885
05015001161130022;COTOPAXI;01;16113;0022;,08;1; ; ; ;REGIÓN SIERRA; ; ; ;TOTAL NACIONAL;73,9340494024794
05015001161130035;COTOPAXI;01;16113;0035;,51;1; ; ; ;REGIÓN SIERRA; ; ; ;TOTAL NACIONAL;6,9191852149346
05015001161130041;COTOPAXI;01;16113;0041;1,3;1; ; ; ;REGIÓN SIERRA; ; ; ;TOTAL NACIONAL;35,5500357491974
05015001161130042;COTOPAXI;01;16113;0042;,11;1; ; ; ;REGIÓN SIERRA; ; ; ;TOTAL NACIONAL;66,2862232341901
05015001161130047;COTOPAXI;01;16113;0047;,57; ; ; ;1;REGIÓN SIERRA; ; ; ;TOTAL NACIONAL;6,24947540196595
05035101162140001;COTOPAXI;01;16214;0001;15,02; ; ;1; ;REGIÓN SIERRA; ; ; ;TOTAL NACIONAL;38,7353150207018
05035101164290001;COTOPAXI;01;16429;0001;18,02; ; ;2; ;REGIÓN SIERRA; ; ; ;TOTAL NACIONAL;32,8639101994772
05045001164460002;COTOPAXI;01;16446;0002;1,4;1;1; ; ;REGIÓN SIERRA; ; ; ;TOTAL NACIONAL;39,664253871745
05015201164840005;COTOPAXI;01;16484;0005;40; ;2; ; ;REGIÓN SIERRA; ; ; ;TOTAL NACIONAL;8,52443050104259
05015201164910002;COTOPAXI;01;16491;0002;9,35; ;3; ; ;REGIÓN SIERRA; ; ; ;TOTAL NACIONAL;24,5823451829021
05015201164910008;COTOPAXI;01;16491;0008;,7; ;1; ; ;REGIÓN SIERRA; ; ; ;TOTAL NACIONAL;6,23234987959875
05045001168770002;COTOPAXI;01;16877;0002;5,5; ;4; ; ;REGIÓN SIERRA; ; ; ;TOTAL NACIONAL;38,9676971204957
05035101170230001;COTOPAXI;01;17023;0001;5,3; ; ;1; ;REGIÓN SIERRA; ; ; ;TOTAL NACIONAL;13,6929368438107
05055001171160001;COTOPAXI;01;17116;0001;78; ;1; ; ;REGIÓN SIERRA; ; ; ;TOTAL NACIONAL;7,59249028144644
05035101172310001;COTOPAXI;01;17231;0001;44,76; ; ;1; ;REGIÓN SIERRA; ; ; ;TOTAL NACIONAL;13,2308811875072
05055401173550002;COTOPAXI;01;17355;0002;7,91;1; ; ; ;REGIÓN SIERRA; ; ; ;TOTAL NACIONAL;10,8085962153294
05055401174230020;COTOPAXI;01;17423;0020;,5;1; ; ; ;REGIÓN SIERRA; ; ; ;TOTAL NACIONAL;57,2473767221062
05055001174260009;COTOPAXI;01;17426;0009;4; ;7; ; ;REGIÓN SIERRA; ; ; ;TOTAL NACIONAL;28,714165536907
05045601174770001;COTOPAXI;01;17477;0001;25; ;1;1; ;REGIÓN SIERRA; ; ; ;TOTAL NACIONAL;23,6888328844427
05055401176100003;COTOPAXI;01;17610;0003;1,35;1; ; ; ;REGIÓN SIERRA; ; ; ;TOTAL NACIONAL;22,1873187602407
05055001179070002;COTOPAXI;01;17907;0002;3,48; ;1; ; ;REGIÓN SIERRA; ; ; ;TOTAL NACIONAL;4,77817812712255
05055001179270002;COTOPAXI;01;17927;0002;11; ;2; ; ;REGIÓN SIERRA; ; ; ;TOTAL NACIONAL;10,39904281021
05055001179270003;COTOPAXI;01;17927;0003;97; ;14; ; ;REGIÓN SIERRA; ; ; ;TOTAL NACIONAL;2,45256743454322
05055401179530008;COTOPAXI;01;17953;0008;3,45; ;1; ; ;REGIÓN SIERRA; ; ; ;TOTAL NACIONAL;21,6172503004615
05055001181410001;COTOPAXI;01;18141;0001;97; ;14; ; ;REGIÓN SIERRA; ; ; ;TOTAL NACIONAL;6,10530146343116
05055001181590002;COTOPAXI;01;18159;0002;4,8; ; ;1; ;REGIÓN SIERRA; ; ; ;TOTAL NACIONAL;33,8425763682623
05035101182820001;COTOPAXI;01;18282;0001;37,37; ; ;1; ;REGIÓN SIERRA; ; ; ;TOTAL NACIONAL;15,8473171515339
05045001184510014;COTOPAXI;01;18451;0014;,46; ; ;1; ;REGIÓN SIERRA; ; ; ;TOTAL NACIONAL;66,9030437104674
05045001184510016;COTOPAXI;01;18451;0016;,33; ; ;1; ;REGIÓN SIERRA; ; ; ;TOTAL NACIONAL;9,11252217415622
05045001186770001;COTOPAXI;01;18677;0001;14; ; ;1; ;REGIÓN SIERRA; ; ; ;TOTAL NACIONAL;40,89803354248
05055001188320001;COTOPAXI;01;18832;0001;3;1; ; ; ;REGIÓN SIERRA; ; ; ;TOTAL NACIONAL;8,67922872373081
05035301191100001;COTOPAXI;01;19110;0001;19; ; ;2; ;REGIÓN SIERRA; ; ; ;TOTAL NACIONAL;12,6404839865708
05035101191430006;COTOPAXI;01;19143;0006;1,5; ; ;1; ;REGIÓN SIERRA; ; ; ;TOTAL NACIONAL;27,4611937379605
05035101191430009;COTOPAXI;01;19143;0009;18,3; ;1; ; ;REGIÓN SIERRA; ; ; ;TOTAL NACIONAL;2,42746712047572
05055001194740003;COTOPAXI;01;19474;0003;,9; ; ; ;1;REGIÓN SIERRA; ; ; ;TOTAL NACIONAL;52,3634370477298
05055001195140007;COTOPAXI;01;19514;0007;24; ;1; ; ;REGIÓN SIERRA; ; ; ;TOTAL NACIONAL;6,38631774898477
05055201197590008;COTOPAXI;01;19759;0008;,77;1; ; ; ;REGIÓN SIERRA; ; ; ;TOTAL NACIONAL;59,4179743765942
05055501198730002;COTOPAXI;01;19873;0002;,57; ;1; ; ;REGIÓN SIERRA; ; ; ;TOTAL NACIONAL;72,5433586049033
05055201201470010;COTOPAXI;01;20147;0010;1,43;1; ; ; ;REGIÓN SIERRA; ; ; ;TOTAL NACIONAL;15,681943563133
05055001202900002;COTOPAXI;01;20290;0002;1,11;1; ; ; ;REGIÓN SIERRA; ; ; ;TOTAL NACIONAL;44,3241830538664
05055001202900004;COTOPAXI;01;20290;0004;,13;1; ; ; ;REGIÓN SIERRA; ; ; ;TOTAL NACIONAL;28,5477634582386
05035301203800001;COTOPAXI;01;20380;0001;4; ; ;1; ;REGIÓN SIERRA; ; ; ;TOTAL NACIONAL;2,93639561634941
05035301203800002;COTOPAXI;01;20380;0002;7; ; ;1; ;REGIÓN SIERRA; ; ; ;TOTAL NACIONAL;3,8841734091255
05035301203800004;COTOPAXI;01;20380;0004;65; ;1; ; ;REGIÓN SIERRA; ; ; ;TOTAL NACIONAL;6,49967784693692
05055201208650007;COTOPAXI;01;20865;0007;4,6; ; ; ;1;REGIÓN SIERRA; ; ; ;TOTAL NACIONAL;57,6808088846948
05055201209100018;COTOPAXI;01;20910;0018;1,4;1;1; ; ;REGIÓN SIERRA; ; ; ;TOTAL NACIONAL;14,5797506233147
05055201210750014;COTOPAXI;01;21075;0014;,97; ; ;1; ;REGIÓN SIERRA; ; ; ;TOTAL NACIONAL;47,1600619708594
05055201211430001;COTOPAXI;01;21143;0001;,55; ; ;1; ;REGIÓN SIERRA; ; ; ;TOTAL NACIONAL;32,8768633714415
05055201211430003;COTOPAXI;01;21143;0003;1,64; ; ;1; ;REGIÓN SIERRA; ; ; ;TOTAL NACIONAL;81,5939622246111
05055201211430010;COTOPAXI;01;21143;0010;,76; ;1; ; ;REGIÓN SIERRA; ; ; ;TOTAL NACIONAL;47,0394733410773
05035301212040001;COTOPAXI;01;21204;0001;5,02; ; ;1; ;REGIÓN SIERRA; ; ; ;TOTAL NACIONAL;14,5038746950155
05035301212040002;COTOPAXI;01;21204;0002;6,03; ; ;1; ;REGIÓN SIERRA; ; ; ;TOTAL NACIONAL;30,9769406418183
05035301212040003;COTOPAXI;01;21204;0003;6; ; ;1; ;REGIÓN SIERRA; ; ; ;TOTAL NACIONAL;3,47542024583054
05035301212040004;COTOPAXI;01;21204;0004;1,5; ; ;1; ;REGIÓN SIERRA; ; ; ;TOTAL NACIONAL;24,1974352489761
05035301212040006;COTOPAXI;01;21204;0006;2,5; ; ;1; ;REGIÓN SIERRA; ; ; ;TOTAL NACIONAL;1,21601324347646
05035301214230002;COTOPAXI;01;21423;0002;1,39;1; ;1; ;REGIÓN SIERRA; ; ; ;TOTAL NACIONAL;87,2415368900765
05035301214230003;COTOPAXI;01;21423;0003;1,93;1; ;1; ;REGIÓN SIERRA; ; ; ;TOTAL NACIONAL;31,1210800261679
05035301214230004;COTOPAXI;01;21423;0004;3,97;2; ;1; ;REGIÓN SIERRA; ; ; ;TOTAL NACIONAL;42,4179873497247
05035301214230005;COTOPAXI;01;21423;0005;1,62;1; ;1; ;REGIÓN SIERRA; ; ; ;TOTAL NACIONAL;24,988354022591
05035301214230006;COTOPAXI;01;21423;0006;3,05; ; ;2; ;REGIÓN SIERRA; ; ; ;TOTAL NACIONAL;18,077097024855
05035301214230008;COTOPAXI;01;21423;0008;2,05; ;2;1; ;REGIÓN SIERRA; ; ; ;TOTAL NACIONAL;14,6015316349235
05035101214630001;COTOPAXI;01;21463;0001;10,3;1; ; ; ;REGIÓN SIERRA; ; ; ;TOTAL NACIONAL;55,626613473094
05035001214740001;COTOPAXI;01;21474;0001;13; ;2; ; ;REGIÓN SIERRA; ; ; ;TOTAL NACIONAL;44,6003125772915
05035301214830002;COTOPAXI;01;21483;0002;10,02; ; ;1; ;REGIÓN SIERRA; ; ; ;TOTAL NACIONAL;,0466258717882573
05035301214830003;COTOPAXI;01;21483;0003;17,06; ; ;1; ;REGIÓN SIERRA; ; ; ;TOTAL NACIONAL;15,8243934509564
05035301214830004;COTOPAXI;01;21483;0004;9,95; ; ;1; ;REGIÓN SIERRA; ; ; ;TOTAL NACIONAL;29,9129364511559
05035001216580001;COTOPAXI;01;21658;0001;19,97; ; ;1; ;REGIÓN SIERRA; ; ; ;TOTAL NACIONAL;1,57436134649229
05035001217670001;COTOPAXI;01;21767;0001;8; ;1; ; ;REGIÓN SIERRA; ; ; ;TOTAL NACIONAL;22,7253990151591
05035001217670003;COTOPAXI;01;21767;0003;5,67;1; ; ; ;REGIÓN SIERRA; ; ; ;TOTAL NACIONAL;10,0512787567184
05035001217670004;COTOPAXI;01;21767;0004;2,82; ;2; ; ;REGIÓN SIERRA; ; ; ;TOTAL NACIONAL;15,4470381470752
05035101218070001;COTOPAXI;01;21807;0001;11,25; ; ;1; ;REGIÓN SIERRA; ; ; ;TOTAL NACIONAL;34,8338954859263
05035101218070002;COTOPAXI;01;21807;0002;15,01; ; ;1; ;REGIÓN SIERRA; ; ; ;TOTAL NACIONAL;5,4061633220536
05035101218100001;COTOPAXI;01;21810;0001;7,6; ;1; ; ;REGIÓN SIERRA; ; ; ;TOTAL NACIONAL;35,8670572911369
05035101218100002;COTOPAXI;01;21810;0002;7,25; ;1;2; ;REGIÓN SIERRA; ; ; ;TOTAL NACIONAL;1,40770006018211
05035101218100004;COTOPAXI;01;21810;0004;15,01; ; ;1; ;REGIÓN SIERRA; ; ; ;TOTAL NACIONAL;5,22642548860874
05035301218290001;COTOPAXI;01;21829;0001;6,1; ; ;1; ;REGIÓN SIERRA; ; ; ;TOTAL NACIONAL;37,2523253763183
05035301218290002;COTOPAXI;01;21829;0002;6,95; ;2;1; ;REGIÓN SIERRA; ; ; ;TOTAL NACIONAL;40,5110519339366
05035301218290003;COTOPAXI;01;21829;0003;3; ; ;1; ;REGIÓN SIERRA; ; ; ;TOTAL NACIONAL;22,6576782198987
05035301218290004;COTOPAXI;01;21829;0004;,3; ; ;1; ;REGIÓN SIERRA; ; ; ;TOTAL NACIONAL;16,2968585841092
05045101221400001;COTOPAXI;01;22140;0001;12;1;1; ; ;REGIÓN SIERRA; ; ; ;TOTAL NACIONAL;7,71304215491519
05045101221400002;COTOPAXI;01;22140;0002;16,04; ;1;1; ;REGIÓN SIERRA; ; ; ;TOTAL NACIONAL;13,1459582871836
05035001221670002;COTOPAXI;01;22167;0002;5,53; ;2; ; ;REGIÓN SIERRA; ; ; ;TOTAL NACIONAL;54,4689554744473
05035001222170001;COTOPAXI;01;22217;0001;14; ; ;1; ;REGIÓN SIERRA; ; ; ;TOTAL NACIONAL;10,4093403305787
05035001222170003;COTOPAXI;01;22217;0003;20,86; ;1; ; ;REGIÓN SIERRA; ; ; ;TOTAL NACIONAL;15,2141712494016
05035201222480001;COTOPAXI;01;22248;0001;19,26;1;1; ; ;REGIÓN SIERRA; ; ; ;TOTAL NACIONAL;29,9369868184586
05035201222850002;COTOPAXI;01;22285;0002;3,31; ;1; ; ;REGIÓN SIERRA; ; ; ;TOTAL NACIONAL;13,6493554388992
05035201222850008;COTOPAXI;01;22285;0008;1,66; ;1; ; ;REGIÓN SIERRA; ; ; ;TOTAL NACIONAL;51,1904599771001
05035201222850009;COTOPAXI;01;22285;0009;,81;1; ; ; ;REGIÓN SIERRA; ; ; ;TOTAL NACIONAL;45,7849035342402
05035201224200001;COTOPAXI;01;22420;0001;1,16; ;2; ; ;REGIÓN SIERRA; ; ; ;TOTAL NACIONAL;60,6282166474307
05035201224200002;COTOPAXI;01;22420;0002;3,42; ;2; ; ;REGIÓN SIERRA; ; ; ;TOTAL NACIONAL;34,8632945555073
05035201224200003;COTOPAXI;01;22420;0003;4,4; ;2; ; ;REGIÓN SIERRA; ; ; ;TOTAL NACIONAL;15,6562901490002
05035201224200004;COTOPAXI;01;22420;0004;6,36; ; ;2; ;REGIÓN SIERRA; ; ; ;TOTAL NACIONAL;15,420952614093
05035201224200005;COTOPAXI;01;22420;0005;2,62; ;2; ; ;REGIÓN SIERRA; ; ; ;TOTAL NACIONAL;12,7936359139427
05035201224200007;COTOPAXI;01;22420;0007;6,27; ;2; ; ;REGIÓN SIERRA; ; ; ;TOTAL NACIONAL;13,9757523659148
05035201225280001;COTOPAXI;01;22528;0001;6,77; ;2; ; ;REGIÓN SIERRA; ; ; ;TOTAL NACIONAL;31,5235261927719
05035201225280002;COTOPAXI;01;22528;0002;6,36; ; ;2; ;REGIÓN SIERRA; ; ; ;TOTAL NACIONAL;20,5754099051638
05035201225280005;COTOPAXI;01;22528;0005;2,82; ;1; ; ;REGIÓN SIERRA; ; ; ;TOTAL NACIONAL;18,0861016129879
05035201225280007;COTOPAXI;01;22528;0007;1; ;2; ; ;REGIÓN SIERRA; ; ; ;TOTAL NACIONAL;21,372353976253
05035001226910001;COTOPAXI;01;22691;0001;3,58; ;1; ; ;REGIÓN SIERRA; ; ; ;TOTAL NACIONAL;52,1008842408278
05035001226910002;COTOPAXI;01;22691;0002;7,01; ;1; ; ;REGIÓN SIERRA; ; ; ;TOTAL NACIONAL;16,8005238587282
05035101227320002;COTOPAXI;01;22732;0002;9,85; ; ;1; ;REGIÓN SIERRA; ; ; ;TOTAL NACIONAL;10,7527134105726
05035101227320005;COTOPAXI;01;22732;0005;8,51;1; ; ; ;REGIÓN SIERRA; ; ; ;TOTAL NACIONAL;26,1605750724505
05035101228070001;COTOPAXI;01;22807;0001;19,78; ; ;1; ;REGIÓN SIERRA; ; ; ;TOTAL NACIONAL;10,3995109637609
05035001230810001;COTOPAXI;01;23081;0001;5,5; ; ;2; ;REGIÓN SIERRA; ; ; ;TOTAL NACIONAL;45,1051901734613
05035001230810002;COTOPAXI;01;23081;0002;2,75; ;2; ; ;REGIÓN SIERRA; ; ; ;TOTAL NACIONAL;36,2674394556724
05035001230810004;COTOPAXI;01;23081;0004;1,41;1; ;1; ;REGIÓN SIERRA; ; ; ;TOTAL NACIONAL;13,5523259151379
05035001231390001;COTOPAXI;01;23139;0001;2,32; ; ;1; ;REGIÓN SIERRA; ; ; ;TOTAL NACIONAL;,416932440455292
05035001231390002;COTOPAXI;01;23139;0002;4,92; ; ;1; ;REGIÓN SIERRA; ; ; ;TOTAL NACIONAL;50,8972565306157
05035001231390003;COTOPAXI;01;23139;0003;4,17; ;1; ; ;REGIÓN SIERRA; ; ; ;TOTAL NACIONAL;41,7090510079856
05035001231390004;COTOPAXI;01;23139;0004;2,03; ; ;1; ;REGIÓN SIERRA; ; ; ;TOTAL NACIONAL;9,49098686610763
05035001231390005;COTOPAXI;01;23139;0005;4,16; ; ;2; ;REGIÓN SIERRA; ; ; ;TOTAL NACIONAL;16,2969640353631
05035001232250001;COTOPAXI;01;23225;0001;5; ;1; ; ;REGIÓN SIERRA; ; ; ;TOTAL NACIONAL;24,1070677424262
05035001232250002;COTOPAXI;01;23225;0002;11,39; ;2; ; ;REGIÓN SIERRA; ; ; ;TOTAL NACIONAL;22,382936874666
05035001232250003;COTOPAXI;01;23225;0003;3,5; ;1; ; ;REGIÓN SIERRA; ; ; ;TOTAL NACIONAL;34,9876414055302
05035001232380003;COTOPAXI;01;23238;0003;3,04; ;1; ; ;REGIÓN SIERRA; ; ; ;TOTAL NACIONAL;21,3422237779782
05035001232380005;COTOPAXI;01;23238;0005;5,47; ;2; ; ;REGIÓN SIERRA; ; ; ;TOTAL NACIONAL;56,5135747972814
05035001232380006;COTOPAXI;01;23238;0006;1,98; ; ;1; ;REGIÓN SIERRA; ; ; ;TOTAL NACIONAL;23,0006440435212
05035001232380007;COTOPAXI;01;23238;0007;3,39; ;1; ; ;REGIÓN SIERRA; ; ; ;TOTAL NACIONAL;11,0309850443064
05025002001090001;COTOPAXI;02;00109;0001;300; ;3; ; ;REGIÓN SIERRA; ; ; ;TOTAL NACIONAL;3,22915852356867
05035102003540009;COTOPAXI;02;00354;0009;4,27; ; ;1; ;REGIÓN SIERRA; ; ; ;TOTAL NACIONAL;10,886631832214
05035102003540011;COTOPAXI;02;00354;0011;4,85; ; ;1; ;REGIÓN SIERRA; ; ; ;TOTAL NACIONAL;22,7840530803494
05035102003540012;COTOPAXI;02;00354;0012;10; ; ;1; ;REGIÓN SIERRA; ; ; ;TOTAL NACIONAL;,999896046149703
05035102003870003;COTOPAXI;02;00387;0003;5,61; ; ;1; ;REGIÓN SIERRA; ; ; ;TOTAL NACIONAL;13,5217797259979
05075003001400001;COTOPAXI;03;00140;0001;226,02; ;2; ; ;REGIÓN SIERRA; ; ; ;TOTAL NACIONAL;11,6996218609478
05045303004180017;COTOPAXI;03;00418;0017;2,49;2; ; ; ;REGIÓN SIERRA; ; ; ;TOTAL NACIONAL;39,5068777979063
05045003004430009;COTOPAXI;03;00443;0009;11; ;5; ; ;REGIÓN SIERRA; ; ; ;TOTAL NACIONAL;42,0669207435479
05035003005960001;COTOPAXI;03;00596;0001;13,32; ; ;1; ;REGIÓN SIERRA; ; ; ;TOTAL NACIONAL;35,6075229795117
05035003005960002;COTOPAXI;03;00596;0002;33,29; ; ;1; ;REGIÓN SIERRA; ; ; ;TOTAL NACIONAL;43,9581241206095
05035003005960003;COTOPAXI;03;00596;0003;36,83; ; ;2; ;REGIÓN SIERRA; ; ; ;TOTAL NACIONAL;34,5205944962459
05035003005960005;COTOPAXI;03;00596;0005;10,36; ; ;2; ;REGIÓN SIERRA; ; ; ;TOTAL NACIONAL;36,4405906327115
05035003005960006;COTOPAXI;03;00596;0006;18; ; ;1; ;REGIÓN SIERRA; ; ; ;TOTAL NACIONAL;30,4137447428252
05035003005960010;COTOPAXI;03;00596;0010;15; ; ;2; ;REGIÓN SIERRA; ; ; ;TOTAL NACIONAL;17,429787162845
05035003005960011;COTOPAXI;03;00596;0011;8; ;2; ; ;REGIÓN SIERRA; ; ; ;TOTAL NACIONAL;7,13802665990234
05035003005960012;COTOPAXI;03;00596;0012;23,13; ;1;1; ;REGIÓN SIERRA; ; ; ;TOTAL NACIONAL;26,2100674114107
05045103006550001;COTOPAXI;03;00655;0001;36,83;1;3; ; ;REGIÓN SIERRA; ; ; ;TOTAL NACIONAL;44,4074572958852
05045103006550008;COTOPAXI;03;00655;0008;2,95; ;1; ; ;REGIÓN SIERRA; ; ; ;TOTAL NACIONAL;55,1250544966819
05075304000010006;COTOPAXI;04;00001;0006;9,27; ; ;1; ;REGIÓN SIERRA; ; ; ;TOTAL NACIONAL;26,6492838134862
05075304000010008;COTOPAXI;04;00001;0008;33,73;2; ;1; ;REGIÓN SIERRA; ; ; ;TOTAL NACIONAL;24,6212988981995
05075304000010010;COTOPAXI;04;00001;0010;10,03; ; ;1; ;REGIÓN SIERRA; ; ; ;TOTAL NACIONAL;11,3721817607894
05015804000700004;COTOPAXI;04;00070;0004;3,68; ;1; ; ;REGIÓN SIERRA; ; ; ;TOTAL NACIONAL;11,1739643709283
05015804000700006;COTOPAXI;04;00070;0006;3,03; ;1; ;2;REGIÓN SIERRA; ; ; ;TOTAL NACIONAL;24,1407785729281
05015804000700010;COTOPAXI;04;00070;0010;2,31;1; ; ; ;REGIÓN SIERRA; ; ; ;TOTAL NACIONAL;7,53784361262248
05015804000700016;COTOPAXI;04;00070;0016;3,14;1; ; ; ;REGIÓN SIERRA; ; ; ;TOTAL NACIONAL;18,9398185343852
05055004000990012;COTOPAXI;04;00099;0012;1;1; ; ; ;REGIÓN SIERRA; ; ; ;TOTAL NACIONAL;150,52201985132
05055004000990013;COTOPAXI;04;00099;0013;1;1;1; ; ;REGIÓN SIERRA; ; ; ;TOTAL NACIONAL;168,551253430042
05055004000990023;COTOPAXI;04;00099;0023;40; ;2; ; ;REGIÓN SIERRA; ; ; ;TOTAL NACIONAL;58,2846816678894
05055004001000001;COTOPAXI;04;00100;0001;16,8; ;10; ; ;REGIÓN SIERRA; ; ; ;TOTAL NACIONAL;0
05055564000992011;COTOPAXI;64;00099;2011;8;1;3; ; ;REGIÓN SIERRA; ; ; ;TOTAL NACIONAL;1
06075801003650004;CHIMBORAZO;01;00365;0004;,2;1; ; ; ;REGIÓN SIERRA; ; ; ;TOTAL NACIONAL;72,0771058298046
06075601005640008;CHIMBORAZO;01;00564;0008;5,56; ; ;1; ;REGIÓN SIERRA; ; ; ;TOTAL NACIONAL;4,7738633528933
06075701007130001;CHIMBORAZO;01;00713;0001;1,33; ;1; ; ;REGIÓN SIERRA; ; ; ;TOTAL NACIONAL;25,5163252595786
06095101007400001;CHIMBORAZO;01;00740;0001;20,42;1; ;1; ;REGIÓN SIERRA; ; ; ;TOTAL NACIONAL;1,46055624091613
06075401009270009;CHIMBORAZO;01;00927;0009;13,59; ;3;1; ;REGIÓN SIERRA; ; ; ;TOTAL NACIONAL;13,3893441493492
06075601011040002;CHIMBORAZO;01;01104;0002;,34; ;2; ; ;REGIÓN SIERRA; ; ; ;TOTAL NACIONAL;68,7794604650423
06075601011040008;CHIMBORAZO;01;01104;0008;45; ;4; ; ;REGIÓN SIERRA; ; ; ;TOTAL NACIONAL;6,49256912982407
06075401011830004;CHIMBORAZO;01;01183;0004;3,51;1; ; ; ;REGIÓN SIERRA; ; ; ;TOTAL NACIONAL;14,5019373475424
06075201012730001;CHIMBORAZO;01;01273;0001;2,1;1; ; ; ;REGIÓN SIERRA; ; ; ;TOTAL NACIONAL;58,0196964193961
06095101013930002;CHIMBORAZO;01;01393;0002;2; ;1; ; ;REGIÓN SIERRA; ; ; ;TOTAL NACIONAL;49,6825365762902
06095101013930003;CHIMBORAZO;01;01393;0003;5,05;1; ; ; ;REGIÓN SIERRA; ; ; ;TOTAL NACIONAL;37,1193615851999
06075601015890005;CHIMBORAZO;01;01589;0005;,24;1; ; ; ;REGIÓN SIERRA; ; ; ;TOTAL NACIONAL;21,0837792563374
06075601015890007;CHIMBORAZO;01;01589;0007;,48; ;1; ; ;REGIÓN SIERRA; ; ; ;TOTAL NACIONAL;,681000621974722
06075401016110005;CHIMBORAZO;01;01611;0005;1,79;1; ; ; ;REGIÓN SIERRA; ; ; ;TOTAL NACIONAL;15,4747689938247
06095201018630001;CHIMBORAZO;01;01863;0001;5,32;1; ; ; ;REGIÓN SIERRA; ; ; ;TOTAL NACIONAL;3,72348610751893
06095201018630003;CHIMBORAZO;01;01863;0003;17,1; ;1; ; ;REGIÓN SIERRA; ; ; ;TOTAL NACIONAL;12,1029820013214
06075401019240023;CHIMBORAZO;01;01924;0023;,26;1; ; ; ;REGIÓN SIERRA; ; ; ;TOTAL NACIONAL;60,1459749328074
06095201020320006;CHIMBORAZO;01;02032;0006;,88; ; ; ;4;REGIÓN SIERRA; ; ; ;TOTAL NACIONAL;6,56732236173441
06095201020320013;CHIMBORAZO;01;02032;0013;2;1; ; ; ;REGIÓN SIERRA; ; ; ;TOTAL NACIONAL;30,1906643738809
06016001021030013;CHIMBORAZO;01;02103;0013;1,34;1; ; ; ;REGIÓN SIERRA; ; ; ;TOTAL NACIONAL;3,14195391440039
06075401021180010;CHIMBORAZO;01;02118;0010;,2;1; ; ; ;REGIÓN SIERRA; ; ; ;TOTAL NACIONAL;50,2088138569523
06075401021180011;CHIMBORAZO;01;02118;0011;,22;1; ; ; ;REGIÓN SIERRA; ; ; ;TOTAL NACIONAL;26,2395730561606
06095201021830003;CHIMBORAZO;01;02183;0003;5,52; ; ; ;1;REGIÓN SIERRA; ; ; ;TOTAL NACIONAL;29,6845210246512
06075201023750004;CHIMBORAZO;01;02375;0004;,5; ; ; ;2;REGIÓN SIERRA; ; ; ;TOTAL NACIONAL;77,7713606305084
06095001024000001;CHIMBORAZO;01;02400;0001;16,1; ;6; ; ;REGIÓN SIERRA; ; ; ;TOTAL NACIONAL;15,8457762611595
06095001024000002;CHIMBORAZO;01;02400;0002;12,2;1;3; ; ;REGIÓN SIERRA; ; ; ;TOTAL NACIONAL;,696630144446273
06095001024000003;CHIMBORAZO;01;02400;0003;15; ;4; ; ;REGIÓN SIERRA; ; ; ;TOTAL NACIONAL;21,6516792950145
06095001027660009;CHIMBORAZO;01;02766;0009;1,69;2; ; ; ;REGIÓN SIERRA; ; ; ;TOTAL NACIONAL;34,2044449675768
06095001028470004;CHIMBORAZO;01;02847;0004;1,18;1; ; ; ;REGIÓN SIERRA; ; ; ;TOTAL NACIONAL;33,0149101533345
06095001028470011;CHIMBORAZO;01;02847;0011;1,03;1; ; ; ;REGIÓN SIERRA; ; ; ;TOTAL NACIONAL;55,4109709965607
06095001028470012;CHIMBORAZO;01;02847;0012;1,84;1; ; ; ;REGIÓN SIERRA; ; ; ;TOTAL NACIONAL;41,7411929058732
06095001028540001;CHIMBORAZO;01;02854;0001;12,03;5; ; ; ;REGIÓN SIERRA; ; ; ;TOTAL NACIONAL;18,4770243568204
06095001028540003;CHIMBORAZO;01;02854;0003;1,72;2; ; ; ;REGIÓN SIERRA; ; ; ;TOTAL NACIONAL;12,9953923341297
06095001029430001;CHIMBORAZO;01;02943;0001;75,7; ;3; ; ;REGIÓN SIERRA; ; ; ;TOTAL NACIONAL;,383533792827232
06015201030950007;CHIMBORAZO;01;03095;0007;,54;1; ; ; ;REGIÓN SIERRA; ; ; ;TOTAL NACIONAL;,908000829299629
06015201030950009;CHIMBORAZO;01;03095;0009;,51;1; ; ; ;REGIÓN SIERRA; ; ; ;TOTAL NACIONAL;39,6614762238078
06015201030950023;CHIMBORAZO;01;03095;0023;,28;1; ; ; ;REGIÓN SIERRA; ; ; ;TOTAL NACIONAL;8,94251102455949
06015201030950024;CHIMBORAZO;01;03095;0024;,48;1; ; ; ;REGIÓN SIERRA; ; ; ;TOTAL NACIONAL;,422220385624328
06016001033020006;CHIMBORAZO;01;03302;0006;5,22;1; ; ; ;REGIÓN SIERRA; ; ; ;TOTAL NACIONAL;,308094074493391
06015901035790009;CHIMBORAZO;01;03579;0009;6; ;2; ; ;REGIÓN SIERRA; ; ; ;TOTAL NACIONAL;14,0068207927761
06015901036090006;CHIMBORAZO;01;03609;0006;,88;2;2; ; ;REGIÓN SIERRA; ; ; ;TOTAL NACIONAL;,438316763961912
06015901036090007;CHIMBORAZO;01;03609;0007;1,4;1; ; ; ;REGIÓN SIERRA; ; ; ;TOTAL NACIONAL;14,0371739633555
06015901036090008;CHIMBORAZO;01;03609;0008;3; ;2; ; ;REGIÓN SIERRA; ; ; ;TOTAL NACIONAL;35,7410918432237
06015901036090010;CHIMBORAZO;01;03609;0010;3;1; ; ; ;REGIÓN SIERRA; ; ; ;TOTAL NACIONAL;10,3926142918318
06015901037470006;CHIMBORAZO;01;03747;0006;3,3; ;1; ; ;REGIÓN SIERRA; ; ; ;TOTAL NACIONAL;17,8258722808103
06095501037690001;CHIMBORAZO;01;03769;0001;2,8;2; ; ; ;REGIÓN SIERRA; ; ; ;TOTAL NACIONAL;67,0548235285441
06095501037690003;CHIMBORAZO;01;03769;0003;29; ;5; ; ;REGIÓN SIERRA; ; ; ;TOTAL NACIONAL;4,61442264205261
06095501037690004;CHIMBORAZO;01;03769;0004;5;1; ; ; ;REGIÓN SIERRA; ; ; ;TOTAL NACIONAL;39,1079589182668
06095501037690005;CHIMBORAZO;01;03769;0005;4,5; ;1; ; ;REGIÓN SIERRA; ; ; ;TOTAL NACIONAL;8,324551603019
06015901037810001;CHIMBORAZO;01;03781;0001;4;1; ; ; ;REGIÓN SIERRA; ; ; ;TOTAL NACIONAL;12,2155167567338
06015901037810002;CHIMBORAZO;01;03781;0002;1; ;1; ; ;REGIÓN SIERRA; ; ; ;TOTAL NACIONAL;46,1424229430168
06015901037810003;CHIMBORAZO;01;03781;0003;,7;1;1; ; ;REGIÓN SIERRA; ; ; ;TOTAL NACIONAL;19,5194235418583
06015901037810006;CHIMBORAZO;01;03781;0006;2,11;1; ; ; ;REGIÓN SIERRA; ; ; ;TOTAL NACIONAL;25,5524343329313
06015901040770006;CHIMBORAZO;01;04077;0006;4,75; ;1; ; ;REGIÓN SIERRA; ; ; ;TOTAL NACIONAL;10,517975753696
06015901040770007;CHIMBORAZO;01;04077;0007;6;1;2; ; ;REGIÓN SIERRA; ; ; ;TOTAL NACIONAL;15,0419417381777
06035001042400015;CHIMBORAZO;01;04240;0015;2,64; ;1; ; ;REGIÓN SIERRA; ; ; ;TOTAL NACIONAL;15,6258688169473
06015901044480002;CHIMBORAZO;01;04448;0002;5,17;2; ; ; ;REGIÓN SIERRA; ; ; ;TOTAL NACIONAL;18,3166774640845
06015901044480004;CHIMBORAZO;01;04448;0004;2,25;1;1; ; ;REGIÓN SIERRA; ; ; ;TOTAL NACIONAL;31,6100512702421
06015901044480006;CHIMBORAZO;01;04448;0006;4,56;1; ; ; ;REGIÓN SIERRA; ; ; ;TOTAL NACIONAL;25,2658399180222
06015901044480007;CHIMBORAZO;01;04448;0007;2,93;1; ; ; ;REGIÓN SIERRA; ; ; ;TOTAL NACIONAL;8,29584266212265
06015901044480008;CHIMBORAZO;01;04448;0008;19,76;1;1; ; ;REGIÓN SIERRA; ; ; ;TOTAL NACIONAL;5,49542688145755
06035001045140003;CHIMBORAZO;01;04514;0003;1,47;1; ; ; ;REGIÓN SIERRA; ; ; ;TOTAL NACIONAL;44,7136669605476
06015901045420001;CHIMBORAZO;01;04542;0001;13;1;1; ; ;REGIÓN SIERRA; ; ; ;TOTAL NACIONAL;28,5431876691997
06015901045420002;CHIMBORAZO;01;04542;0002;,18;1; ; ; ;REGIÓN SIERRA; ; ; ;TOTAL NACIONAL;9,5521687242321
06015901045420006;CHIMBORAZO;01;04542;0006;,84; ;1; ; ;REGIÓN SIERRA; ; ; ;TOTAL NACIONAL;29,8472844031207
06016101045670007;CHIMBORAZO;01;04567;0007;,82; ;8; ; ;REGIÓN SIERRA; ; ; ;TOTAL NACIONAL;22,969320490644
06016101045670012;CHIMBORAZO;01;04567;0012;3,58; ; ; ;10;REGIÓN SIERRA; ; ; ;TOTAL NACIONAL;9,43204883798732
06016101047410025;CHIMBORAZO;01;04741;0025;7,5; ;4; ; ;REGIÓN SIERRA; ; ; ;TOTAL NACIONAL;9,36098006961477
06035001047640006;CHIMBORAZO;01;04764;0006;,1;1; ; ; ;REGIÓN SIERRA; ; ; ;TOTAL NACIONAL;8,30275958311581
06015901049460001;CHIMBORAZO;01;04946;0001;14; ;18; ; ;REGIÓN SIERRA; ; ; ;TOTAL NACIONAL;42,0274669561542
06045001050040007;CHIMBORAZO;01;05004;0007;1,79;1; ; ; ;REGIÓN SIERRA; ; ; ;TOTAL NACIONAL;59,6310015015756
06045001051010002;CHIMBORAZO;01;05101;0002;7,03; ;5; ; ;REGIÓN SIERRA; ; ; ;TOTAL NACIONAL;21,9693319285769
06045001056020002;CHIMBORAZO;01;05602;0002;11,13; ;2; ; ;REGIÓN SIERRA; ; ; ;TOTAL NACIONAL;13,6531997474333
06035301058180001;CHIMBORAZO;01;05818;0001;34,13; ;1; ; ;REGIÓN SIERRA; ; ; ;TOTAL NACIONAL;10,7109086750079
06035401059720001;CHIMBORAZO;01;05972;0001;1,01;1; ; ; ;REGIÓN SIERRA; ; ; ;TOTAL NACIONAL;16,2987047870006
06035001059840001;CHIMBORAZO;01;05984;0001;3,8;1; ; ; ;REGIÓN SIERRA; ; ; ;TOTAL NACIONAL;55,1223408709139
06015701064330034;CHIMBORAZO;01;06433;0034;90; ;3; ; ;REGIÓN SIERRA; ; ; ;TOTAL NACIONAL;2,50266820574881
06035301066510001;CHIMBORAZO;01;06651;0001;4,79; ;1; ; ;REGIÓN SIERRA; ; ; ;TOTAL NACIONAL;26,4520545559758
06015601068280007;CHIMBORAZO;01;06828;0007;7,78; ;1; ; ;REGIÓN SIERRA; ; ; ;TOTAL NACIONAL;11,076116234343
06015601068290001;CHIMBORAZO;01;06829;0001;7,78; ;1; ; ;REGIÓN SIERRA; ; ; ;TOTAL NACIONAL;47,3312588586301
06035301068890002;CHIMBORAZO;01;06889;0002;1,73; ;1; ; ;REGIÓN SIERRA; ; ; ;TOTAL NACIONAL;43,7906231164471
06035301068890009;CHIMBORAZO;01;06889;0009;2,1; ; ;1; ;REGIÓN SIERRA; ; ; ;TOTAL NACIONAL;11,2727005813507
06035301068890010;CHIMBORAZO;01;06889;0010;1,85;1; ; ; ;REGIÓN SIERRA; ; ; ;TOTAL NACIONAL;6,28670325531518
06015701070720002;CHIMBORAZO;01;07072;0002;,84;1; ; ; ;REGIÓN SIERRA; ; ; ;TOTAL NACIONAL;65,8274658361394
06015701070720027;CHIMBORAZO;01;07072;0027;,13;1; ; ; ;REGIÓN SIERRA; ; ; ;TOTAL NACIONAL;58,838453738616
06015701070720028;CHIMBORAZO;01;07072;0028;,1;1; ; ; ;REGIÓN SIERRA; ; ; ;TOTAL NACIONAL;58,2500692012298
06015701070720029;CHIMBORAZO;01;07072;0029;,69;1; ; ; ;REGIÓN SIERRA; ; ; ;TOTAL NACIONAL;10,1664510244018
06015701070720032;CHIMBORAZO;01;07072;0032;,78;1; ; ; ;REGIÓN SIERRA; ; ; ;TOTAL NACIONAL;7,02373564572082
06015701070720036;CHIMBORAZO;01;07072;0036;,15; ; ;1; ;REGIÓN SIERRA; ; ; ;TOTAL NACIONAL;44,8043929209609
06015701070720038;CHIMBORAZO;01;07072;0038;,58; ; ;1; ;REGIÓN SIERRA; ; ; ;TOTAL NACIONAL;41,8294064796942
06015701070720049;CHIMBORAZO;01;07072;0049;,52;1; ; ; ;REGIÓN SIERRA; ; ; ;TOTAL NACIONAL;8,4108815280201
06015601070740001;CHIMBORAZO;01;07074;0001;,52;1; ; ; ;REGIÓN SIERRA; ; ; ;TOTAL NACIONAL;31,5439488098691
06035301072050009;CHIMBORAZO;01;07205;0009;1,28;1; ; ; ;REGIÓN SIERRA; ; ; ;TOTAL NACIONAL;43,9500776406936
06035301072050011;CHIMBORAZO;01;07205;0011;1,24;2; ; ; ;REGIÓN SIERRA; ; ; ;TOTAL NACIONAL;11,4935330779734
06035301072050012;CHIMBORAZO;01;07205;0012;1,5;1; ; ; ;REGIÓN SIERRA; ; ; ;TOTAL NACIONAL;13,8858750823134
06035101073940001;CHIMBORAZO;01;07394;0001;14,78;1; ; ; ;REGIÓN SIERRA; ; ; ;TOTAL NACIONAL;35,9829301848043
06035201074070002;CHIMBORAZO;01;07407;0002;2,58; ;1; ; ;REGIÓN SIERRA; ; ; ;TOTAL NACIONAL;37,0743073492545
06035201075230002;CHIMBORAZO;01;07523;0002;1,42;1; ; ; ;REGIÓN SIERRA; ; ; ;TOTAL NACIONAL;49,2760540191242
06035201079420015;CHIMBORAZO;01;07942;0015;1,58; ; ; ;1;REGIÓN SIERRA; ; ; ;TOTAL NACIONAL;9,86433711060903
06015701080300006;CHIMBORAZO;01;08030;0006;30; ;3; ; ;REGIÓN SIERRA; ; ; ;TOTAL NACIONAL;1,74227199126013
06035201080840003;CHIMBORAZO;01;08084;0003;,67;1; ; ; ;REGIÓN SIERRA; ; ; ;TOTAL NACIONAL;56,0185013123373
06035201080840011;CHIMBORAZO;01;08084;0011;1,58; ; ; ;1;REGIÓN SIERRA; ; ; ;TOTAL NACIONAL;56,3475431091753
06035301084100001;CHIMBORAZO;01;08410;0001;15,34; ;3; ; ;REGIÓN SIERRA; ; ; ;TOTAL NACIONAL;22,9749543864627
06015701084990003;CHIMBORAZO;01;08499;0003;1,06; ;1; ; ;REGIÓN SIERRA; ; ; ;TOTAL NACIONAL;12,7976720657891
06015701084990004;CHIMBORAZO;01;08499;0004;4,21;1; ; ; ;REGIÓN SIERRA; ; ; ;TOTAL NACIONAL;3,69118512897045
06015701084990005;CHIMBORAZO;01;08499;0005;6,65;1; ; ; ;REGIÓN SIERRA; ; ; ;TOTAL NACIONAL;6,66540879444973
06035301087340001;CHIMBORAZO;01;08734;0001;2,15;1; ; ; ;REGIÓN SIERRA; ; ; ;TOTAL NACIONAL;36,2092148382139
06035301089340004;CHIMBORAZO;01;08934;0004;3,1; ;1; ; ;REGIÓN SIERRA; ; ; ;TOTAL NACIONAL;58,9438989962121
06035301090510003;CHIMBORAZO;01;09051;0003;3,5; ; ;1; ;REGIÓN SIERRA; ; ; ;TOTAL NACIONAL;30,5474308711532
06035301090910001;CHIMBORAZO;01;09091;0001;7,1; ;1; ; ;REGIÓN SIERRA; ; ; ;TOTAL NACIONAL;21,8577028927585
06035301091130001;CHIMBORAZO;01;09113;0001;5,91; ;1; ; ;REGIÓN SIERRA; ; ; ;TOTAL NACIONAL;23,3163551025108
06065101094050004;CHIMBORAZO;01;09405;0004;2,38;1; ; ; ;REGIÓN SIERRA; ; ; ;TOTAL NACIONAL;9,60313885481799
06065101094050010;CHIMBORAZO;01;09405;0010;3,42; ;3; ; ;REGIÓN SIERRA; ; ; ;TOTAL NACIONAL;2,47167383638825
06065101094050013;CHIMBORAZO;01;09405;0013;,94;1; ; ; ;REGIÓN SIERRA; ; ; ;TOTAL NACIONAL;20,0231570110491
06065101094050021;CHIMBORAZO;01;09405;0021;48,03;1; ; ; ;REGIÓN SIERRA; ; ; ;TOTAL NACIONAL;,576719477388012
06065101094050027;CHIMBORAZO;01;09405;0027;1,02; ;1; ; ;REGIÓN SIERRA; ; ; ;TOTAL NACIONAL;,762720696611689
06085001104340001;CHIMBORAZO;01;10434;0001;7,87;1; ; ; ;REGIÓN SIERRA; ; ; ;TOTAL NACIONAL;9,50320359691891
06065001105030005;CHIMBORAZO;01;10503;0005;2,07;1; ; ; ;REGIÓN SIERRA; ; ; ;TOTAL NACIONAL;36,3484575457719
06065201114250008;CHIMBORAZO;01;11425;0008;1,98;1; ; ; ;REGIÓN SIERRA; ; ; ;TOTAL NACIONAL;10,1167801489966
06065201114250010;CHIMBORAZO;01;11425;0010;,52;1; ; ; ;REGIÓN SIERRA; ; ; ;TOTAL NACIONAL;46,5552979047211
06025501115670004;CHIMBORAZO;01;11567;0004;9,8; ;1;1; ;REGIÓN SIERRA; ; ; ;TOTAL NACIONAL;,359568328402653
06025501119020001;CHIMBORAZO;01;11902;0001;8,64; ;1;1; ;REGIÓN SIERRA; ; ; ;TOTAL NACIONAL;39,4859293968099
06025501119020004;CHIMBORAZO;01;11902;0004;17,81; ;1; ; ;REGIÓN SIERRA; ; ; ;TOTAL NACIONAL;,509500117220032
06025501119380001;CHIMBORAZO;01;11938;0001;17,81; ;1;3; ;REGIÓN SIERRA; ; ; ;TOTAL NACIONAL;21,4059793484771
06025501119380002;CHIMBORAZO;01;11938;0002;8,64; ;1;1; ;REGIÓN SIERRA; ; ; ;TOTAL NACIONAL;23,975005230299
06025501120700002;CHIMBORAZO;01;12070;0002;6,5;1; ; ; ;REGIÓN SIERRA; ; ; ;TOTAL NACIONAL;17,4815583663399
06025901121170003;CHIMBORAZO;01;12117;0003;4; ;1; ; ;REGIÓN SIERRA; ; ; ;TOTAL NACIONAL;50,9083376958447
06025901121170004;CHIMBORAZO;01;12117;0004;2,4; ;1; ; ;REGIÓN SIERRA; ; ; ;TOTAL NACIONAL;17,537128017093
06025901121170005;CHIMBORAZO;01;12117;0005;1,82; ;1; ; ;REGIÓN SIERRA; ; ; ;TOTAL NACIONAL;41,5964160130142
06025901121170008;CHIMBORAZO;01;12117;0008;,48; ;1; ; ;REGIÓN SIERRA; ; ; ;TOTAL NACIONAL;132,849601334829
06026001123460002;CHIMBORAZO;01;12346;0002;11,7;1; ; ; ;REGIÓN SIERRA; ; ; ;TOTAL NACIONAL;14,0653519231571
06026001123460003;CHIMBORAZO;01;12346;0003;2;1;1; ; ;REGIÓN SIERRA; ; ; ;TOTAL NACIONAL;37,2708916404277
06026001123630002;CHIMBORAZO;01;12363;0002;3,55; ;1; ; ;REGIÓN SIERRA; ; ; ;TOTAL NACIONAL;39,6657732418169
06026001124280003;CHIMBORAZO;01;12428;0003;3,33;1; ; ; ;REGIÓN SIERRA; ; ; ;TOTAL NACIONAL;58,4222457909154
06026001124280008;CHIMBORAZO;01;12428;0008;1,42;1;1; ; ;REGIÓN SIERRA; ; ; ;TOTAL NACIONAL;65,3576439181058
06026001124280009;CHIMBORAZO;01;12428;0009;1,5; ;1; ; ;REGIÓN SIERRA; ; ; ;TOTAL NACIONAL;5,74001804250054
06026001125310002;CHIMBORAZO;01;12531;0002;9,18;1; ; ; ;REGIÓN SIERRA; ; ; ;TOTAL NACIONAL;51,518186660678
06025001127310001;CHIMBORAZO;01;12731;0001;5,56; ;2; ; ;REGIÓN SIERRA; ; ; ;TOTAL NACIONAL;16,1864539201796
06025001127310003;CHIMBORAZO;01;12731;0003;3,05;1;1; ; ;REGIÓN SIERRA; ; ; ;TOTAL NACIONAL;76,7664984406117
06025001127310004;CHIMBORAZO;01;12731;0004;5; ;2; ; ;REGIÓN SIERRA; ; ; ;TOTAL NACIONAL;15,8850749882321
06025001128430004;CHIMBORAZO;01;12843;0004;19,1;1;1; ; ;REGIÓN SIERRA; ; ; ;TOTAL NACIONAL;6,19395380368816
06025001128430006;CHIMBORAZO;01;12843;0006;1,6;1;1; ; ;REGIÓN SIERRA; ; ; ;TOTAL NACIONAL;28,0585876266025
06025501131950001;CHIMBORAZO;01;13195;0001;70; ;6; ; ;REGIÓN SIERRA; ; ; ;TOTAL NACIONAL;5,57536376640342
06025501132970001;CHIMBORAZO;01;13297;0001;150; ;4; ; ;REGIÓN SIERRA; ; ; ;TOTAL NACIONAL;3,9225635825744
06025001133320005;CHIMBORAZO;01;13332;0005;,3;2; ; ; ;REGIÓN SIERRA; ; ; ;TOTAL NACIONAL;29,3538508095984
06025001133320008;CHIMBORAZO;01;13332;0008;4,18; ;1; ; ;REGIÓN SIERRA; ; ; ;TOTAL NACIONAL;45,3331361407173
06025001133320015;CHIMBORAZO;01;13332;0015;8,59;1;2; ; ;REGIÓN SIERRA; ; ; ;TOTAL NACIONAL;,825001731375756
06025301134500001;CHIMBORAZO;01;13450;0001;1,88;1; ; ; ;REGIÓN SIERRA; ; ; ;TOTAL NACIONAL;11,6285927483411
06025301134500008;CHIMBORAZO;01;13450;0008;16,27;1; ; ; ;REGIÓN SIERRA; ; ; ;TOTAL NACIONAL;23,2834405646664
06025301134500010;CHIMBORAZO;01;13450;0010;8,32;1; ; ; ;REGIÓN SIERRA; ; ; ;TOTAL NACIONAL;6,58553793781171
06025301134500011;CHIMBORAZO;01;13450;0011;6,02;1; ; ; ;REGIÓN SIERRA; ; ; ;TOTAL NACIONAL;6,59624894810545
06025301134500012;CHIMBORAZO;01;13450;0012;2,3;1; ; ; ;REGIÓN SIERRA; ; ; ;TOTAL NACIONAL;,602596724279545
06025301135720001;CHIMBORAZO;01;13572;0001;8,32;1; ; ; ;REGIÓN SIERRA; ; ; ;TOTAL NACIONAL;43,9041100987103
06025301135720003;CHIMBORAZO;01;13572;0003;15,02;1; ; ; ;REGIÓN SIERRA; ; ; ;TOTAL NACIONAL;,303811515827445
06025301135720004;CHIMBORAZO;01;13572;0004;2,3;1; ; ; ;REGIÓN SIERRA; ; ; ;TOTAL NACIONAL;12,6516887724918
06025301135720006;CHIMBORAZO;01;13572;0006;6,02;1; ; ; ;REGIÓN SIERRA; ; ; ;TOTAL NACIONAL;10,6871395947161
06025301135720007;CHIMBORAZO;01;13572;0007;16,27;1; ; ; ;REGIÓN SIERRA; ; ; ;TOTAL NACIONAL;,184435226838931
06025301135990001;CHIMBORAZO;01;13599;0001;8,36;1;1; ; ;REGIÓN SIERRA; ; ; ;TOTAL NACIONAL;16,0108785465766
06025301135990003;CHIMBORAZO;01;13599;0003;16,27;1; ; ; ;REGIÓN SIERRA; ; ; ;TOTAL NACIONAL;,974412690815705
06025001136040003;CHIMBORAZO;01;13604;0003;1,26;1; ; ; ;REGIÓN SIERRA; ; ; ;TOTAL NACIONAL;28,5371689208455
06025001136040010;CHIMBORAZO;01;13604;0010;,58;1; ; ; ;REGIÓN SIERRA; ; ; ;TOTAL NACIONAL;68,3067106620714
06025001136040012;CHIMBORAZO;01;13604;0012;,23;1; ; ; ;REGIÓN SIERRA; ; ; ;TOTAL NACIONAL;48,3782841850842
06105001136670001;CHIMBORAZO;01;13667;0001;17; ; ;1; ;REGIÓN SIERRA; ; ; ;TOTAL NACIONAL;34,6108551403623
06025301137590006;CHIMBORAZO;01;13759;0006;4,01;1; ; ; ;REGIÓN SIERRA; ; ; ;TOTAL NACIONAL;17,0222304096672
06025301137640002;CHIMBORAZO;01;13764;0002;2,52;1; ; ; ;REGIÓN SIERRA; ; ; ;TOTAL NACIONAL;26,5836699938094
06025901139770001;CHIMBORAZO;01;13977;0001;,25; ;3; ; ;REGIÓN SIERRA; ; ; ;TOTAL NACIONAL;38,3103709898099
06025901139770002;CHIMBORAZO;01;13977;0002;2,2;1;2; ; ;REGIÓN SIERRA; ; ; ;TOTAL NACIONAL;77,8807169485681
06025901139770005;CHIMBORAZO;01;13977;0005;1,02;1;1; ; ;REGIÓN SIERRA; ; ; ;TOTAL NACIONAL;23,6827981006739
06025901139770007;CHIMBORAZO;01;13977;0007;,48; ;2; ; ;REGIÓN SIERRA; ; ; ;TOTAL NACIONAL;64,0549185029423
06025901139770008;CHIMBORAZO;01;13977;0008;,65;1;2; ; ;REGIÓN SIERRA; ; ; ;TOTAL NACIONAL;35,6249236140475
06025901139770009;CHIMBORAZO;01;13977;0009;,64; ;2; ; ;REGIÓN SIERRA; ; ; ;TOTAL NACIONAL;29,0208415054528
06025901139770011;CHIMBORAZO;01;13977;0011;1,14; ; ;2; ;REGIÓN SIERRA; ; ; ;TOTAL NACIONAL;52,1976224102225
06025901139770014;CHIMBORAZO;01;13977;0014;,8;1;1; ; ;REGIÓN SIERRA; ; ; ;TOTAL NACIONAL;49,677633371812
06025901139770015;CHIMBORAZO;01;13977;0015;,92;1;2; ; ;REGIÓN SIERRA; ; ; ;TOTAL NACIONAL;22,7892416835436
06025901139770016;CHIMBORAZO;01;13977;0016;,2; ;1; ; ;REGIÓN SIERRA; ; ; ;TOTAL NACIONAL;43,3770156173019
06025301140830004;CHIMBORAZO;01;14083;0004;10,46;3; ; ; ;REGIÓN SIERRA; ; ; ;TOTAL NACIONAL;1,46564875735133
06025101140900008;CHIMBORAZO;01;14090;0008;5,22;1;2; ; ;REGIÓN SIERRA; ; ; ;TOTAL NACIONAL;7,82383611122039
06025101140900010;CHIMBORAZO;01;14090;0010;6,45;1;2; ; ;REGIÓN SIERRA; ; ; ;TOTAL NACIONAL;5,06183011146681
06025401141600004;CHIMBORAZO;01;14160;0004;43,25;1;2; ; ;REGIÓN SIERRA; ; ; ;TOTAL NACIONAL;2,91373162303291
06025101143980006;CHIMBORAZO;01;14398;0006;1,34;1; ; ; ;REGIÓN SIERRA; ; ; ;TOTAL NACIONAL;5,67405652553983
06025101143980009;CHIMBORAZO;01;14398;0009;1,84; ;1; ; ;REGIÓN SIERRA; ; ; ;TOTAL NACIONAL;20,7959824717463
06025101143980011;CHIMBORAZO;01;14398;0011;1,92; ;1; ; ;REGIÓN SIERRA; ; ; ;TOTAL NACIONAL;5,46843499445702
06025101143980013;CHIMBORAZO;01;14398;0013;3,87;1; ; ; ;REGIÓN SIERRA; ; ; ;TOTAL NACIONAL;5,90411702028317
06025101144010001;CHIMBORAZO;01;14401;0001;3,87;1; ; ; ;REGIÓN SIERRA; ; ; ;TOTAL NACIONAL;22,650186268371
06025101144010002;CHIMBORAZO;01;14401;0002;2,04;1; ; ; ;REGIÓN SIERRA; ; ; ;TOTAL NACIONAL;25,3780890607898
06025101144010004;CHIMBORAZO;01;14401;0004;1,52;1; ; ; ;REGIÓN SIERRA; ; ; ;TOTAL NACIONAL;27,8493412249663
06025101144010010;CHIMBORAZO;01;14401;0010;1,55;1; ; ; ;REGIÓN SIERRA; ; ; ;TOTAL NACIONAL;19,8743221517103
06025901146620002;CHIMBORAZO;01;14662;0002;2,3; ;2; ; ;REGIÓN SIERRA; ; ; ;TOTAL NACIONAL;41,6132832238327
06025901146620005;CHIMBORAZO;01;14662;0005;,2; ;2; ; ;REGIÓN SIERRA; ; ; ;TOTAL NACIONAL;13,8924126882843
06025901146620008;CHIMBORAZO;01;14662;0008;1,28; ;1; ; ;REGIÓN SIERRA; ; ; ;TOTAL NACIONAL;53,3581012332744
06025901146620009;CHIMBORAZO;01;14662;0009;,4;1;2; ; ;REGIÓN SIERRA; ; ; ;TOTAL NACIONAL;63,3330578436491
06025901146620011;CHIMBORAZO;01;14662;0011;,4; ;2; ; ;REGIÓN SIERRA; ; ; ;TOTAL NACIONAL;33,8811429444864
06025901146620019;CHIMBORAZO;01;14662;0019;,4; ;2; ; ;REGIÓN SIERRA; ; ; ;TOTAL NACIONAL;12,8627397478585
06025901147840001;CHIMBORAZO;01;14784;0001;43,25;1;2; ; ;REGIÓN SIERRA; ; ; ;TOTAL NACIONAL;2,11062640861219
06025901147840014;CHIMBORAZO;01;14784;0014;5,7; ;2; ; ;REGIÓN SIERRA; ; ; ;TOTAL NACIONAL;6,50319751847861
06025901147840016;CHIMBORAZO;01;14784;0016;1,8; ;1; ; ;REGIÓN SIERRA; ; ; ;TOTAL NACIONAL;4,8995724749008
06025901147840019;CHIMBORAZO;01;14784;0019;1,25; ;2; ; ;REGIÓN SIERRA; ; ; ;TOTAL NACIONAL;67,0026160751475
06025901147840020;CHIMBORAZO;01;14784;0020;,47;1;2; ; ;REGIÓN SIERRA; ; ; ;TOTAL NACIONAL;6,77407256990685
06025701148620005;CHIMBORAZO;01;14862;0005;62;2; ;1; ;REGIÓN SIERRA; ; ; ;TOTAL NACIONAL;4,36891335797863
06025701148620007;CHIMBORAZO;01;14862;0007;,86; ; ; ;1;REGIÓN SIERRA; ; ; ;TOTAL NACIONAL;34,0943753252833
06025101148890008;CHIMBORAZO;01;14889;0008;1,72;1; ; ; ;REGIÓN SIERRA; ; ; ;TOTAL NACIONAL;15,3215637610052
06025301150910001;CHIMBORAZO;01;15091;0001;3,03;1; ; ; ;REGIÓN SIERRA; ; ; ;TOTAL NACIONAL;7,52429415707276
06025301150910005;CHIMBORAZO;01;15091;0005;2,52;1; ; ; ;REGIÓN SIERRA; ; ; ;TOTAL NACIONAL;33,3898363498487
06055301152290001;CHIMBORAZO;01;15229;0001;1,03;1; ; ; ;REGIÓN SIERRA; ; ; ;TOTAL NACIONAL;28,1839316536146
06055301152290002;CHIMBORAZO;01;15229;0002;1,23;1; ; ; ;REGIÓN SIERRA; ; ; ;TOTAL NACIONAL;22,0751032317762
06055301152290003;CHIMBORAZO;01;15229;0003;1,37;1; ; ; ;REGIÓN SIERRA; ; ; ;TOTAL NACIONAL;37,2788450782952
06055301152290004;CHIMBORAZO;01;15229;0004;1,27;1; ; ; ;REGIÓN SIERRA; ; ; ;TOTAL NACIONAL;16,1246779243513
06055301152290005;CHIMBORAZO;01;15229;0005;2,27;1;1; ; ;REGIÓN SIERRA; ; ; ;TOTAL NACIONAL;28,8497702024202
06055301152290011;CHIMBORAZO;01;15229;0011;2,03;1; ; ; ;REGIÓN SIERRA; ; ; ;TOTAL NACIONAL;6,24149765513986
06025301152850002;CHIMBORAZO;01;15285;0002;1,92;1; ; ; ;REGIÓN SIERRA; ; ; ;TOTAL NACIONAL;7,71590365263036
06025301152850005;CHIMBORAZO;01;15285;0005;5,02;1;1; ; ;REGIÓN SIERRA; ; ; ;TOTAL NACIONAL;52,0876748341929
06025301152850006;CHIMBORAZO;01;15285;0006;10,02;1; ; ; ;REGIÓN SIERRA; ; ; ;TOTAL NACIONAL;22,2548524129261
06055301153010001;CHIMBORAZO;01;15301;0001;1,6;1; ; ; ;REGIÓN SIERRA; ; ; ;TOTAL NACIONAL;66,9440355269656
06055301153010003;CHIMBORAZO;01;15301;0003;1;1; ; ; ;REGIÓN SIERRA; ; ; ;TOTAL NACIONAL;37,626181535565
06055301153010013;CHIMBORAZO;01;15301;0013;1,03;1; ; ; ;REGIÓN SIERRA; ; ; ;TOTAL NACIONAL;32,3539386046097
06055301153010014;CHIMBORAZO;01;15301;0014;2,27;1; ;1; ;REGIÓN SIERRA; ; ; ;TOTAL NACIONAL;3,70958430548635
06055301153010015;CHIMBORAZO;01;15301;0015;1,27;1; ; ; ;REGIÓN SIERRA; ; ; ;TOTAL NACIONAL;4,62391305214528
06055301154020005;CHIMBORAZO;01;15402;0005;,9;1; ; ; ;REGIÓN SIERRA; ; ; ;TOTAL NACIONAL;3,96126052311605
06055301154020012;CHIMBORAZO;01;15402;0012;2,02;1; ; ; ;REGIÓN SIERRA; ; ; ;TOTAL NACIONAL;50,0275218290794
06025701154180001;CHIMBORAZO;01;15418;0001;2; ;1; ; ;REGIÓN SIERRA; ; ; ;TOTAL NACIONAL;62,5039114716904
06025701154190002;CHIMBORAZO;01;15419;0002;2; ;1; ; ;REGIÓN SIERRA; ; ; ;TOTAL NACIONAL;2,99484330774158
06025101154500005;CHIMBORAZO;01;15450;0005;1;1; ; ; ;REGIÓN SIERRA; ; ; ;TOTAL NACIONAL;32,2295977296673
06025101154500006;CHIMBORAZO;01;15450;0006;2;1; ; ; ;REGIÓN SIERRA; ; ; ;TOTAL NACIONAL;23,9815581084551
06025101154500009;CHIMBORAZO;01;15450;0009;1,68; ;1; ; ;REGIÓN SIERRA; ; ; ;TOTAL NACIONAL;4,47697960662959
06025101154500013;CHIMBORAZO;01;15450;0013;1;1; ; ; ;REGIÓN SIERRA; ; ; ;TOTAL NACIONAL;44,0981715346671
06025101154500015;CHIMBORAZO;01;15450;0015;,3;1; ; ; ;REGIÓN SIERRA; ; ; ;TOTAL NACIONAL;38,0628616261389
06025101154500016;CHIMBORAZO;01;15450;0016;1;1;1; ; ;REGIÓN SIERRA; ; ; ;TOTAL NACIONAL;10,1348886692887
06025101156240001;CHIMBORAZO;01;15624;0001;1,6;1;1; ; ;REGIÓN SIERRA; ; ; ;TOTAL NACIONAL;73,5105309188038
06025101156240002;CHIMBORAZO;01;15624;0002;4,47;1; ; ; ;REGIÓN SIERRA; ; ; ;TOTAL NACIONAL;23,2067859413451
06025101156240003;CHIMBORAZO;01;15624;0003;1,4;1;1; ; ;REGIÓN SIERRA; ; ; ;TOTAL NACIONAL;43,9287135890713
06025101156240005;CHIMBORAZO;01;15624;0005;2;1;1; ; ;REGIÓN SIERRA; ; ; ;TOTAL NACIONAL;57,3158912911413
06025101156240006;CHIMBORAZO;01;15624;0006;1,5;1;1; ; ;REGIÓN SIERRA; ; ; ;TOTAL NACIONAL;55,0738323186427
06025101156240007;CHIMBORAZO;01;15624;0007;1,6;1; ; ; ;REGIÓN SIERRA; ; ; ;TOTAL NACIONAL;32,6573161019644
06055301157820001;CHIMBORAZO;01;15782;0001;,7; ;4; ; ;REGIÓN SIERRA; ; ; ;TOTAL NACIONAL;45,893308452847
06055301157820004;CHIMBORAZO;01;15782;0004;3,2; ;1; ; ;REGIÓN SIERRA; ; ; ;TOTAL NACIONAL;62,9438503689103
06055001158610001;CHIMBORAZO;01;15861;0001;2,94;1; ; ; ;REGIÓN SIERRA; ; ; ;TOTAL NACIONAL;2,10381463069645
06055001158610004;CHIMBORAZO;01;15861;0004;27,2;2;2; ; ;REGIÓN SIERRA; ; ; ;TOTAL NACIONAL;8,26754453746141
06025101162550003;CHIMBORAZO;01;16255;0003;1,8;1;1; ; ;REGIÓN SIERRA; ; ; ;TOTAL NACIONAL;10,3014498978658
06025101162550004;CHIMBORAZO;01;16255;0004;,9;1;1; ; ;REGIÓN SIERRA; ; ; ;TOTAL NACIONAL;17,5903140962503
06025101162550008;CHIMBORAZO;01;16255;0008;3,12;1;1; ; ;REGIÓN SIERRA; ; ; ;TOTAL NACIONAL;3,21076013783014
06025101162550010;CHIMBORAZO;01;16255;0010;2;1;1; ; ;REGIÓN SIERRA; ; ; ;TOTAL NACIONAL;59,2874693120158
06025101163620002;CHIMBORAZO;01;16362;0002;2,45;1; ; ; ;REGIÓN SIERRA; ; ; ;TOTAL NACIONAL;5,18216762983775
06025101163620003;CHIMBORAZO;01;16362;0003;,25;1; ; ; ;REGIÓN SIERRA; ; ; ;TOTAL NACIONAL;34,7779845268968
06025101163620004;CHIMBORAZO;01;16362;0004;1,83; ;1; ; ;REGIÓN SIERRA; ; ; ;TOTAL NACIONAL;36,2706960476643
06025101163620006;CHIMBORAZO;01;16362;0006;1,15;1;1; ; ;REGIÓN SIERRA; ; ; ;TOTAL NACIONAL;24,1605090994982
06025101163620008;CHIMBORAZO;01;16362;0008;1,6;1;1; ; ;REGIÓN SIERRA; ; ; ;TOTAL NACIONAL;28,5227051697586
06025101163620009;CHIMBORAZO;01;16362;0009;3,12;1;1; ; ;REGIÓN SIERRA; ; ; ;TOTAL NACIONAL;2,06808883308513
06025101163620010;CHIMBORAZO;01;16362;0010;2,4;1;1; ; ;REGIÓN SIERRA; ; ; ;TOTAL NACIONAL;12,7663750359931
06025101163620011;CHIMBORAZO;01;16362;0011;2,9; ;2; ; ;REGIÓN SIERRA; ; ; ;TOTAL NACIONAL;35,9502559383395
06025101163620012;CHIMBORAZO;01;16362;0012;2,4;1;1; ; ;REGIÓN SIERRA; ; ; ;TOTAL NACIONAL;6,29221249912698
06025101163620013;CHIMBORAZO;01;16362;0013;,5;1; ; ; ;REGIÓN SIERRA; ; ; ;TOTAL NACIONAL;48,0478451897082
06025101163620015;CHIMBORAZO;01;16362;0015;,9;1;1; ; ;REGIÓN SIERRA; ; ; ;TOTAL NACIONAL;45,9202065394495
06025101163620018;CHIMBORAZO;01;16362;0018;,2;1; ; ; ;REGIÓN SIERRA; ; ; ;TOTAL NACIONAL;48,8169235581815
06025101163620021;CHIMBORAZO;01;16362;0021;3,62; ;1; ; ;REGIÓN SIERRA; ; ; ;TOTAL NACIONAL;,599548405051098
06025401166520002;CHIMBORAZO;01;16652;0002;206; ;8; ; ;REGIÓN SIERRA; ; ; ;TOTAL NACIONAL;1,99306083361899
06055201167850006;CHIMBORAZO;01;16785;0006;6; ;1; ; ;REGIÓN SIERRA; ; ; ;TOTAL NACIONAL;7,84937894150912
06055001169300001;CHIMBORAZO;01;16930;0001;1,95; ; ;1; ;REGIÓN SIERRA; ; ; ;TOTAL NACIONAL;55,8409052676416
06055001169300009;CHIMBORAZO;01;16930;0009;40; ;30;1; ;REGIÓN SIERRA; ; ; ;TOTAL NACIONAL;2,37632180631682
06055001172950001;CHIMBORAZO;01;17295;0001;,6;1; ; ; ;REGIÓN SIERRA; ; ; ;TOTAL NACIONAL;112,917650286448
06055001172950004;CHIMBORAZO;01;17295;0004;16;1; ; ; ;REGIÓN SIERRA; ; ; ;TOTAL NACIONAL;11,4530759576254
06055401174210002;CHIMBORAZO;01;17421;0002;8,38;1;2; ; ;REGIÓN SIERRA; ; ; ;TOTAL NACIONAL;,093330977930507
06055401174210005;CHIMBORAZO;01;17421;0005;,28; ;1;1; ;REGIÓN SIERRA; ; ; ;TOTAL NACIONAL;39,1522341335406
06055001174410001;CHIMBORAZO;01;17441;0001;2;1;1; ; ;REGIÓN SIERRA; ; ; ;TOTAL NACIONAL;20,2046012056559
06105002000140001;CHIMBORAZO;02;00014;0001;15,83; ;1; ; ;REGIÓN SIERRA; ; ; ;TOTAL NACIONAL;2,82752397997694
06075103000390011;CHIMBORAZO;03;00039;0011;15,01;1;1; ; ;REGIÓN SIERRA; ; ; ;TOTAL NACIONAL;20,7979055936564
06075103000390019;CHIMBORAZO;03;00039;0019;7; ;1; ; ;REGIÓN SIERRA; ; ; ;TOTAL NACIONAL;36,1826587157182
06075103000390025;CHIMBORAZO;03;00039;0025;10,77;1; ; ; ;REGIÓN SIERRA; ; ; ;TOTAL NACIONAL;12,1836609847856
06045003001710001;CHIMBORAZO;03;00171;0001;8; ;5; ; ;REGIÓN SIERRA; ; ; ;TOTAL NACIONAL;29,8923336206742
06045003001710003;CHIMBORAZO;03;00171;0003;5,27; ;2; ; ;REGIÓN SIERRA; ; ; ;TOTAL NACIONAL;55,7011358109903
06045003001710004;CHIMBORAZO;03;00171;0004;9,4; ;1; ; ;REGIÓN SIERRA; ; ; ;TOTAL NACIONAL;54,863824115906
06045003001710005;CHIMBORAZO;03;00171;0005;33,03; ;2; ; ;REGIÓN SIERRA; ; ; ;TOTAL NACIONAL;23,0416476745098
06045003001710007;CHIMBORAZO;03;00171;0007;8,69; ;4; ; ;REGIÓN SIERRA; ; ; ;TOTAL NACIONAL;36,5990533594655
06045003001710012;CHIMBORAZO;03;00171;0012;17,38;1;6; ; ;REGIÓN SIERRA; ; ; ;TOTAL NACIONAL;10,2287606231
06015703002870002;CHIMBORAZO;03;00287;0002;2,71;1;1; ; ;REGIÓN SIERRA; ; ; ;TOTAL NACIONAL;11,9428443197945
06015703002870011;CHIMBORAZO;03;00287;0011;1,06;1; ; ; ;REGIÓN SIERRA; ; ; ;TOTAL NACIONAL;78,3145669948683
06015703002870012;CHIMBORAZO;03;00287;0012;3;1;1; ; ;REGIÓN SIERRA; ; ; ;TOTAL NACIONAL;39,0788095925613
06015703002870013;CHIMBORAZO;03;00287;0013;1,32;1; ; ; ;REGIÓN SIERRA; ; ; ;TOTAL NACIONAL;268,765579782182
06015703002870016;CHIMBORAZO;03;00287;0016;,49;1; ; ; ;REGIÓN SIERRA; ; ; ;TOTAL NACIONAL;42,439968961811
06085003004390001;CHIMBORAZO;03;00439;0001;66,56; ;2; ; ;REGIÓN SIERRA; ; ; ;TOTAL NACIONAL;50,5481987110282
06026003005480001;CHIMBORAZO;03;00548;0001;,4;1; ; ; ;REGIÓN SIERRA; ; ; ;TOTAL NACIONAL;63,4951484871034
06026003005480008;CHIMBORAZO;03;00548;0008;5;1; ; ; ;REGIÓN SIERRA; ; ; ;TOTAL NACIONAL;52,7637822440462
06026003005510003;CHIMBORAZO;03;00551;0003;1,05;1; ; ; ;REGIÓN SIERRA; ; ; ;TOTAL NACIONAL;39,1079646304607
06026003005510008;CHIMBORAZO;03;00551;0008;2,43;1; ; ; ;REGIÓN SIERRA; ; ; ;TOTAL NACIONAL;54,2554900149953
06026003005510012;CHIMBORAZO;03;00551;0012;6,57;2; ; ; ;REGIÓN SIERRA; ; ; ;TOTAL NACIONAL;43,8545526184854
06026003005510031;CHIMBORAZO;03;00551;0031;8;1; ; ; ;REGIÓN SIERRA; ; ; ;TOTAL NACIONAL;57,8799447384154
06025503005980006;CHIMBORAZO;03;00598;0006;10; ;10; ; ;REGIÓN SIERRA; ; ; ;TOTAL NACIONAL;55,8440622654156
06025503005980007;CHIMBORAZO;03;00598;0007;2; ; ;2; ;REGIÓN SIERRA; ; ; ;TOTAL NACIONAL;40,340267654774
06025503005980009;CHIMBORAZO;03;00598;0009;2;2; ; ; ;REGIÓN SIERRA; ; ; ;TOTAL NACIONAL;40,5065267717602
06025503005980013;CHIMBORAZO;03;00598;0013;8; ; ;1; ;REGIÓN SIERRA; ; ; ;TOTAL NACIONAL;32,8236401951567
06025503005990001;CHIMBORAZO;03;00599;0001;33,17; ;2; ; ;REGIÓN SIERRA; ; ; ;TOTAL NACIONAL;42,231220759212
06025503005990004;CHIMBORAZO;03;00599;0004;41,31; ;1;1; ;REGIÓN SIERRA; ; ; ;TOTAL NACIONAL;56,7068334527247
06025503005990006;CHIMBORAZO;03;00599;0006;120; ;1; ; ;REGIÓN SIERRA; ; ; ;TOTAL NACIONAL;4,56922278015673
06105003006790001;CHIMBORAZO;03;00679;0001;305,5; ;4;1; ;REGIÓN SIERRA; ; ; ;TOTAL NACIONAL;3,78920305663473
06105003006790003;CHIMBORAZO;03;00679;0003;31,57; ; ;1; ;REGIÓN SIERRA; ; ; ;TOTAL NACIONAL;52,780003314448
06095504000170002;CHIMBORAZO;04;00017;0002;286;4;7;1; ;REGIÓN SIERRA; ; ; ;TOTAL NACIONAL;21,12768247996
06065004000940005;CHIMBORAZO;04;00094;0005;1,42;1; ; ; ;REGIÓN SIERRA; ; ; ;TOTAL NACIONAL;20,9859770427067
06065004000940022;CHIMBORAZO;04;00094;0022;333,4;2; ; ; ;REGIÓN SIERRA; ; ; ;TOTAL NACIONAL;21,4906935343019
06065004001060004;CHIMBORAZO;04;00106;0004;18,97;1; ; ; ;REGIÓN SIERRA; ; ; ;TOTAL NACIONAL;27,0177815398157
06065004001060005;CHIMBORAZO;04;00106;0005;23,33; ; ; ;2;REGIÓN SIERRA; ; ; ;TOTAL NACIONAL;29,9675515799871
06065004001060007;CHIMBORAZO;04;00106;0007;40,93; ;3; ; ;REGIÓN SIERRA; ; ; ;TOTAL NACIONAL;12,8524887130577
06065004001060023;CHIMBORAZO;04;00106;0023;2,55;1; ; ; ;REGIÓN SIERRA; ; ; ;TOTAL NACIONAL;21,7790834639609
06065204001080006;CHIMBORAZO;04;00108;0006;2,33;1; ; ; ;REGIÓN SIERRA; ; ; ;TOTAL NACIONAL;4,26796499580551
06065204001080013;CHIMBORAZO;04;00108;0013;4,13;1; ; ; ;REGIÓN SIERRA; ; ; ;TOTAL NACIONAL;28,3530555510108
06065204001080016;CHIMBORAZO;04;00108;0016;3,65; ;1;1; ;REGIÓN SIERRA; ; ; ;TOTAL NACIONAL;5,12606807248998
06065204001080017;CHIMBORAZO;04;00108;0017;1,26;1; ; ; ;REGIÓN SIERRA; ; ; ;TOTAL NACIONAL;19,5880650724402
06065204001080020;CHIMBORAZO;04;00108;0020;16,61;1;1; ; ;REGIÓN SIERRA; ; ; ;TOTAL NACIONAL;31,0654452268408
06065204001080022;CHIMBORAZO;04;00108;0022;3,91; ;1; ; ;REGIÓN SIERRA; ; ; ;TOTAL NACIONAL;34,0992777708055
06065204001080025;CHIMBORAZO;04;00108;0025;7,01;1; ; ; ;REGIÓN SIERRA; ; ; ;TOTAL NACIONAL;20,4460078112502
06065204001080050;CHIMBORAZO;04;00108;0050;11,65;1; ; ; ;REGIÓN SIERRA; ; ; ;TOTAL NACIONAL;33,1212617660014
06065204001110005;CHIMBORAZO;04;00111;0005;4,73;1;1; ; ;REGIÓN SIERRA; ; ; ;TOTAL NACIONAL;47,8962027920553
06065204001110008;CHIMBORAZO;04;00111;0008;3,68;1;1; ; ;REGIÓN SIERRA; ; ; ;TOTAL NACIONAL;122,554034548306
06065204001110009;CHIMBORAZO;04;00111;0009;,74;1; ; ; ;REGIÓN SIERRA; ; ; ;TOTAL NACIONAL;173,984936489672
06065204001110020;CHIMBORAZO;04;00111;0020;,67;1; ; ; ;REGIÓN SIERRA; ; ; ;TOTAL NACIONAL;2,93623820138847
06065204001110023;CHIMBORAZO;04;00111;0023;3;1; ; ; ;REGIÓN SIERRA; ; ; ;TOTAL NACIONAL;94,0295669804477
06065204001110024;CHIMBORAZO;04;00111;0024;3,72;1; ; ; ;REGIÓN SIERRA; ; ; ;TOTAL NACIONAL;49,0530048486745
06065204001110027;CHIMBORAZO;04;00111;0027;1,59;1; ; ; ;REGIÓN SIERRA; ; ; ;TOTAL NACIONAL;55,5570138712476
06065204001110029;CHIMBORAZO;04;00111;0029;,78;1; ; ; ;REGIÓN SIERRA; ; ; ;TOTAL NACIONAL;133,151240876378
06065204001110063;CHIMBORAZO;04;00111;0063;1,37;1; ; ; ;REGIÓN SIERRA; ; ; ;TOTAL NACIONAL;55,5562979786033
06025964000993939;CHIMBORAZO;64;00099;3939;1; ;4; ; ;REGIÓN SIERRA; ; ; ;TOTAL NACIONAL;1
06095664000994476;CHIMBORAZO;64;00099;4476;26; ;3; ; ;REGIÓN SIERRA; ; ; ;TOTAL NACIONAL;1
07065401000230001;EL ORO;01;00023;0001;43,3; ;1; ; ; ;REGIÓN COSTA; ; ;TOTAL NACIONAL;17,6872800683351
07095401004310001;EL ORO;01;00431;0001;3; ; ;1; ; ;REGIÓN COSTA; ; ;TOTAL NACIONAL;63,2417484153311
07135101005690001;EL ORO;01;00569;0001;5,5; ; ;1; ; ;REGIÓN COSTA; ; ;TOTAL NACIONAL;47,4158145718657
07135101006200001;EL ORO;01;00620;0001;30; ; ;2; ; ;REGIÓN COSTA; ; ;TOTAL NACIONAL;20,4226857976518
07135101009310002;EL ORO;01;00931;0002;6,54; ;1; ; ; ;REGIÓN COSTA; ; ;TOTAL NACIONAL;45,6788317453453
07135101009570001;EL ORO;01;00957;0001;,86;1; ; ; ; ;REGIÓN COSTA; ; ;TOTAL NACIONAL;38,9776830340638
07135101009570002;EL ORO;01;00957;0002;8,02;1;1; ; ; ;REGIÓN COSTA; ; ;TOTAL NACIONAL;27,9223488731652
07055001012080003;EL ORO;01;01208;0003;8,05; ; ;1; ; ;REGIÓN COSTA; ; ;TOTAL NACIONAL;23,952736225683
07095501012670001;EL ORO;01;01267;0001;14,01; ;1; ; ; ;REGIÓN COSTA; ; ;TOTAL NACIONAL;42,0285370618345
07135101012950001;EL ORO;01;01295;0001;35; ; ;1; ; ;REGIÓN COSTA; ; ;TOTAL NACIONAL;17,5051592551301
07055001013930001;EL ORO;01;01393;0001;10; ; ;1; ; ;REGIÓN COSTA; ; ;TOTAL NACIONAL;24,615055936338
07055001013930002;EL ORO;01;01393;0002;19,01; ;1;2; ; ;REGIÓN COSTA; ; ;TOTAL NACIONAL;18,8916419002819
07055001014030001;EL ORO;01;01403;0001;55,02; ;1; ; ; ;REGIÓN COSTA; ; ;TOTAL NACIONAL;11,1357212207766
07055001014140001;EL ORO;01;01414;0001;80; ; ; ;3; ;REGIÓN COSTA; ; ;TOTAL NACIONAL;7,65859226958909
07135301019120001;EL ORO;01;01912;0001;18,25; ;2; ; ; ;REGIÓN COSTA; ; ;TOTAL NACIONAL;33,5719113187467
07095001023740001;EL ORO;01;02374;0001;40; ;1; ; ; ;REGIÓN COSTA; ; ;TOTAL NACIONAL;15,3171845391782
07135301027580001;EL ORO;01;02758;0001;18,97; ;2; ; ; ;REGIÓN COSTA; ; ;TOTAL NACIONAL;32,2977006624738
07135301029290001;EL ORO;01;02929;0001;1,59; ;1; ; ; ;REGIÓN COSTA; ; ;TOTAL NACIONAL;49,7642588117031
07135301029290002;EL ORO;01;02929;0002;53,66; ;6; ; ; ;REGIÓN COSTA; ; ;TOTAL NACIONAL;7,57682703634686
07135301029290003;EL ORO;01;02929;0003;2,04; ;1; ; ; ;REGIÓN COSTA; ; ;TOTAL NACIONAL;46,2552276465248
07055001030510001;EL ORO;01;03051;0001;63,14; ;4; ; ; ;REGIÓN COSTA; ; ;TOTAL NACIONAL;9,70363290413569
07135301030760001;EL ORO;01;03076;0001;53,66; ;6;1; ; ;REGIÓN COSTA; ; ;TOTAL NACIONAL;10,996884689945
07135301032380001;EL ORO;01;03238;0001;5,62; ;1; ; ; ;REGIÓN COSTA; ; ;TOTAL NACIONAL;22,3670867944583
07055001033790001;EL ORO;01;03379;0001;8,13; ;1; ; ; ;REGIÓN COSTA; ; ;TOTAL NACIONAL;46,5682602685174
07135301034380001;EL ORO;01;03438;0001;2,67; ;1; ; ; ;REGIÓN COSTA; ; ;TOTAL NACIONAL;20,438210780866
07135301034380003;EL ORO;01;03438;0003;6,19; ;1; ; ; ;REGIÓN COSTA; ; ;TOTAL NACIONAL;31,3404277733233
07055001034750001;EL ORO;01;03475;0001;23,07; ;2; ; ; ;REGIÓN COSTA; ; ;TOTAL NACIONAL;26,5577538607337
07135301036110001;EL ORO;01;03611;0001;12,72; ;1; ; ; ;REGIÓN COSTA; ; ;TOTAL NACIONAL;,885206961139088
07135301036110002;EL ORO;01;03611;0002;5,21; ;1; ; ; ;REGIÓN COSTA; ; ;TOTAL NACIONAL;38,2377554578384
07135301036110003;EL ORO;01;03611;0003;67,61; ;1; ; ; ;REGIÓN COSTA; ; ;TOTAL NACIONAL;5,1360861552955
07135301037780002;EL ORO;01;03778;0002;15,12; ;1; ; ; ;REGIÓN COSTA; ; ;TOTAL NACIONAL;17,6629379621387
07135301038060001;EL ORO;01;03806;0001;10,24; ;1; ; ; ;REGIÓN COSTA; ; ;TOTAL NACIONAL;21,8482618357444
07135301038060003;EL ORO;01;03806;0003;5,32; ;1; ; ; ;REGIÓN COSTA; ; ;TOTAL NACIONAL;10,4405103304223
07135301038060004;EL ORO;01;03806;0004;8,63; ;1; ; ; ;REGIÓN COSTA; ; ;TOTAL NACIONAL;25,8571902670128
07135301038310001;EL ORO;01;03831;0001;11,52; ;1; ; ; ;REGIÓN COSTA; ; ;TOTAL NACIONAL;28,230422060402
07135301038310002;EL ORO;01;03831;0002;5,01; ;1; ; ; ;REGIÓN COSTA; ; ;TOTAL NACIONAL;57,3798242377837
07135301040040001;EL ORO;01;04004;0001;13,06; ;3; ; ; ;REGIÓN COSTA; ; ;TOTAL NACIONAL;46,2361608238776
07055001041650001;EL ORO;01;04165;0001;10,38; ;1; ; ; ;REGIÓN COSTA; ; ;TOTAL NACIONAL;47,2494644804347
07055001041650002;EL ORO;01;04165;0002;3,85; ;1; ; ; ;REGIÓN COSTA; ; ;TOTAL NACIONAL;29,8351347451144
07055001041670001;EL ORO;01;04167;0001;36,24; ;1; ; ; ;REGIÓN COSTA; ; ;TOTAL NACIONAL;8,1909555389542
07055001041670002;EL ORO;01;04167;0002;63,14; ;4; ; ; ;REGIÓN COSTA; ; ;TOTAL NACIONAL;1,1742473995438
07135301043590004;EL ORO;01;04359;0004;2,16; ;1; ; ; ;REGIÓN COSTA; ; ;TOTAL NACIONAL;19,1464806739727
07135301043590005;EL ORO;01;04359;0005;,48; ;1; ; ; ;REGIÓN COSTA; ; ;TOTAL NACIONAL;55,1276817627644
07135301043590007;EL ORO;01;04359;0007;4,21; ;1; ; ; ;REGIÓN COSTA; ; ;TOTAL NACIONAL;15,2452273249271
07135301043590009;EL ORO;01;04359;0009;3,99; ;2; ; ; ;REGIÓN COSTA; ; ;TOTAL NACIONAL;33,9614099974761
07135301043590010;EL ORO;01;04359;0010;13,24; ;3; ; ; ;REGIÓN COSTA; ; ;TOTAL NACIONAL;5,19673662764263
07055001043850001;EL ORO;01;04385;0001;6,79; ;1; ; ; ;REGIÓN COSTA; ; ;TOTAL NACIONAL;6,93095707539445
07055001043850002;EL ORO;01;04385;0002;9,9; ;1; ; ; ;REGIÓN COSTA; ; ;TOTAL NACIONAL;27,2167974886946
07125601044370001;EL ORO;01;04437;0001;11,01; ;1; ; ; ;REGIÓN COSTA; ; ;TOTAL NACIONAL;55,6482635392486
07055001044890003;EL ORO;01;04489;0003;6,4; ;1; ; ; ;REGIÓN COSTA; ; ;TOTAL NACIONAL;18,6901562179097
07125601045890001;EL ORO;01;04589;0001;120; ;1; ; ; ;REGIÓN COSTA; ; ;TOTAL NACIONAL;5,10572817972606
07135301046610001;EL ORO;01;04661;0001;8,04; ;1;1; ; ;REGIÓN COSTA; ; ;TOTAL NACIONAL;29,4862152787364
07055001047440001;EL ORO;01;04744;0001;51,02; ; ;2; ; ;REGIÓN COSTA; ; ;TOTAL NACIONAL;11,8397119710344
07135301048160001;EL ORO;01;04816;0001;21,27; ;1; ; ; ;REGIÓN COSTA; ; ;TOTAL NACIONAL;21,6189701523872
07135301048160002;EL ORO;01;04816;0002;10,16; ;2; ; ; ;REGIÓN COSTA; ; ;TOTAL NACIONAL;15,0444770104185
07035501048750001;EL ORO;01;04875;0001;900,03; ;2;3; ; ;REGIÓN COSTA; ; ;TOTAL NACIONAL;,680741065927944
07125701051860001;EL ORO;01;05186;0001;24,17; ;1; ; ; ;REGIÓN COSTA; ; ;TOTAL NACIONAL;25,3490848807252
07035201057930001;EL ORO;01;05793;0001;50,01; ;3; ; ; ;REGIÓN COSTA; ; ;TOTAL NACIONAL;12,2512973718682
07035501059600001;EL ORO;01;05960;0001;120,02; ;1;2; ; ;REGIÓN COSTA; ; ;TOTAL NACIONAL;5,10487736683159
07135501060370001;EL ORO;01;06037;0001;50,3; ;2; ; ; ;REGIÓN COSTA; ; ;TOTAL NACIONAL;12,0068861813804
07135501061640001;EL ORO;01;06164;0001;37,29; ;1; ; ; ;REGIÓN COSTA; ; ;TOTAL NACIONAL;16,0750796151819
07135901063430001;EL ORO;01;06343;0001;10,21; ;2; ; ; ;REGIÓN COSTA; ; ;TOTAL NACIONAL;58,892399242897
07135901064990001;EL ORO;01;06499;0001;150; ; ;2; ; ;REGIÓN COSTA; ; ;TOTAL NACIONAL;4,08458254378085
07125701065680001;EL ORO;01;06568;0001;21,02; ;1; ; ; ;REGIÓN COSTA; ; ;TOTAL NACIONAL;29,1478297605674
07135901066510001;EL ORO;01;06651;0001;150; ; ;2; ; ;REGIÓN COSTA; ; ;TOTAL NACIONAL;2,1398674104363
07135901066510002;EL ORO;01;06651;0002;47,53;1;1; ; ; ;REGIÓN COSTA; ; ;TOTAL NACIONAL;6,13732947615574
07135901069540001;EL ORO;01;06954;0001;571,14; ;4; ; ; ;REGIÓN COSTA; ; ;TOTAL NACIONAL;1,05685611353146
07035101070000001;EL ORO;01;07000;0001;24; ; ;1; ; ;REGIÓN COSTA; ; ;TOTAL NACIONAL;25,5286408986303
07135901072770001;EL ORO;01;07277;0001;157,01; ; ;3; ; ;REGIÓN COSTA; ; ;TOTAL NACIONAL;3,77249175179165
07105301073020001;EL ORO;01;07302;0001;280; ;1; ; ; ;REGIÓN COSTA; ; ;TOTAL NACIONAL;2,1881692198826
07035101073410001;EL ORO;01;07341;0001;100; ; ;2; ; ;REGIÓN COSTA; ; ;TOTAL NACIONAL;2,78268993432643
07035101073410002;EL ORO;01;07341;0002;93,66; ;1;1; ; ;REGIÓN COSTA; ; ;TOTAL NACIONAL;3,57055720835452
07035101074080001;EL ORO;01;07408;0001;125; ; ;1; ; ;REGIÓN COSTA; ; ;TOTAL NACIONAL;4,90149905253702
07035101075650001;EL ORO;01;07565;0001;133;1; ;2; ; ;REGIÓN COSTA; ; ;TOTAL NACIONAL;4,6066720418581
07105301076060002;EL ORO;01;07606;0002;13,12; ; ;1; ; ;REGIÓN COSTA; ; ;TOTAL NACIONAL;15,6373303000411
07035101076980001;EL ORO;01;07698;0001;133;1; ;2; ; ;REGIÓN COSTA; ; ;TOTAL NACIONAL;4,6066720418581
07035001077740001;EL ORO;01;07774;0001;7,05; ;2; ; ; ;REGIÓN COSTA; ; ;TOTAL NACIONAL;5,14580150728325
07035001077740002;EL ORO;01;07774;0002;11,01; ; ;2; ; ;REGIÓN COSTA; ; ;TOTAL NACIONAL;31,7930895880514
07105601079350001;EL ORO;01;07935;0001;63; ;1; ; ; ;REGIÓN COSTA; ; ;TOTAL NACIONAL;9,72519653281154
07105001079570001;EL ORO;01;07957;0001;90; ; ;2; ; ;REGIÓN COSTA; ; ;TOTAL NACIONAL;6,80763757296808
07105001081080001;EL ORO;01;08108;0001;60;1; ; ; ; ;REGIÓN COSTA; ; ;TOTAL NACIONAL;10,2114563594521
07105001082600001;EL ORO;01;08260;0001;44,1;1; ; ; ; ;REGIÓN COSTA; ; ;TOTAL NACIONAL;13,8931379040165
07105001082840003;EL ORO;01;08284;0003;6; ; ;1; ; ;REGIÓN COSTA; ; ;TOTAL NACIONAL;14,535440824549
07105001083810001;EL ORO;01;08381;0001;110;2; ; ; ; ;REGIÓN COSTA; ; ;TOTAL NACIONAL;5,56988528697388
07105001085810001;EL ORO;01;08581;0001;600,03; ;3;2; ; ;REGIÓN COSTA; ; ;TOTAL NACIONAL;1,02109458121615
07105301086100002;EL ORO;01;08610;0002;50,03; ;1;1; ; ;REGIÓN COSTA; ; ;TOTAL NACIONAL;4,0006266696549
07135901086540003;EL ORO;01;08654;0003;70,01; ; ;2; ; ;REGIÓN COSTA; ; ;TOTAL NACIONAL;1,05386624790499
07135401087560001;EL ORO;01;08756;0001;35; ;1; ; ; ;REGIÓN COSTA; ; ;TOTAL NACIONAL;17,5053537590608
07105301089570001;EL ORO;01;08957;0001;20,05; ;1; ; ; ;REGIÓN COSTA; ; ;TOTAL NACIONAL;30,5579741429989
07105301090110001;EL ORO;01;09011;0001;30;1; ; ; ; ;REGIÓN COSTA; ; ;TOTAL NACIONAL;20,4229127189042
07105001093460001;EL ORO;01;09346;0001;17,21; ;1; ; ; ;REGIÓN COSTA; ; ;TOTAL NACIONAL;21,7935381802833
07105501097570003;EL ORO;01;09757;0003;2,5; ;2; ; ; ;REGIÓN COSTA; ; ;TOTAL NACIONAL;13,2912315974629
07105001098940001;EL ORO;01;09894;0001;50; ;1;1; ; ;REGIÓN COSTA; ; ;TOTAL NACIONAL;12,2537476313425
07115001099680001;EL ORO;01;09968;0001;34,02; ;3; ;14; ;REGIÓN COSTA; ; ;TOTAL NACIONAL;17,7500845277774
07105501102450001;EL ORO;01;10245;0001;32;1;1;1; ; ;REGIÓN COSTA; ; ;TOTAL NACIONAL;17,4039381939671
07105501102450003;EL ORO;01;10245;0003;20; ; ;1; ; ;REGIÓN COSTA; ; ;TOTAL NACIONAL;1,74139369116524
07115301104800001;EL ORO;01;10480;0001;20,42; ; ;2; ; ;REGIÓN COSTA; ; ;TOTAL NACIONAL;30,0042792148446
07085001108990002;EL ORO;01;10899;0002;30;1;1; ; ; ;REGIÓN COSTA; ; ;TOTAL NACIONAL;13,8424233196209
07115301112230001;EL ORO;01;11223;0001;14,75; ; ;2; ; ;REGIÓN COSTA; ; ;TOTAL NACIONAL;2,28275087701018
07105101112430001;EL ORO;01;11243;0001;43,01; ; ;2; ; ;REGIÓN COSTA; ; ;TOTAL NACIONAL;14,2452309129767
07085001115910005;EL ORO;01;11591;0005;5,21; ; ;1; ; ;REGIÓN COSTA; ; ;TOTAL NACIONAL;17,7717233454777
07105101119380001;EL ORO;01;11938;0001;430,51;3;5;2; ; ;REGIÓN COSTA; ; ;TOTAL NACIONAL;1,41893081976545
07105101121080001;EL ORO;01;12108;0001;70; ;1; ; ; ;REGIÓN COSTA; ; ;TOTAL NACIONAL;8,72662724596035
07065402001040002;EL ORO;02;00104;0002;69,5; ;2;1; ; ;REGIÓN COSTA; ; ;TOTAL NACIONAL;9,89455809011728
07125602013520002;EL ORO;02;01352;0002;515,29; ;17;4; ; ;REGIÓN COSTA; ; ;TOTAL NACIONAL;0
07125602014420002;EL ORO;02;01442;0002;3,2; ; ; ;1; ;REGIÓN COSTA; ; ;TOTAL NACIONAL;30,2003821830796
07125602014420005;EL ORO;02;01442;0005;515,29; ;17;4; ; ;REGIÓN COSTA; ; ;TOTAL NACIONAL;0
07125602014430004;EL ORO;02;01443;0004;515,29; ;17;4; ; ;REGIÓN COSTA; ; ;TOTAL NACIONAL;0
07025002021990001;EL ORO;02;02199;0001;55,58; ;1; ; ; ;REGIÓN COSTA; ; ;TOTAL NACIONAL;44,0940900732009
07025002023300001;EL ORO;02;02330;0001;156,4; ;4; ; ; ;REGIÓN COSTA; ; ;TOTAL NACIONAL;15,6697540042744
07025002024420001;EL ORO;02;02442;0001;156,4; ;4; ; ; ;REGIÓN COSTA; ; ;TOTAL NACIONAL;15,6697540042744
07105402026180001;EL ORO;02;02618;0001;215; ;1; ; ; ;REGIÓN COSTA; ; ;TOTAL NACIONAL;10,8642929709845
07105402026190001;EL ORO;02;02619;0001;215; ;1; ; ; ;REGIÓN COSTA; ; ;TOTAL NACIONAL;11,3988350059
07025402029970001;EL ORO;02;02997;0001;55,22; ;1; ; ; ;REGIÓN COSTA; ; ;TOTAL NACIONAL;55,4770991920066
07025402030170001;EL ORO;02;03017;0001;65,27; ;2; ; ; ;REGIÓN COSTA; ; ;TOTAL NACIONAL;45,2880775257459
07025402030170002;EL ORO;02;03017;0002;21; ;1; ; ; ;REGIÓN COSTA; ; ;TOTAL NACIONAL;5,11828989191427
07025402031180001;EL ORO;02;03118;0001;17,34; ;1; ; ; ;REGIÓN COSTA; ; ;TOTAL NACIONAL;69,1285365541073
07025402031180002;EL ORO;02;03118;0002;4,66; ; ;1; ; ;REGIÓN COSTA; ; ;TOTAL NACIONAL;33,8906403552117
07025402031180003;EL ORO;02;03118;0003;8,05; ;1; ; ; ;REGIÓN COSTA; ; ;TOTAL NACIONAL;20,7814764867227
07025402031180004;EL ORO;02;03118;0004;15,89; ;1; ; ; ;REGIÓN COSTA; ; ;TOTAL NACIONAL;58,329329636377
07025402031340002;EL ORO;02;03134;0002;27,31; ; ;1; ; ;REGIÓN COSTA; ; ;TOTAL NACIONAL;30,3975600086266
07025402031340003;EL ORO;02;03134;0003;25,91; ;1; ; ; ;REGIÓN COSTA; ; ;TOTAL NACIONAL;21,4799225975631
07025402031530001;EL ORO;02;03153;0001;29,24; ;1; ; ; ;REGIÓN COSTA; ; ;TOTAL NACIONAL;29,4022891181598
07025402031530002;EL ORO;02;03153;0002;25,72; ;2; ; ; ;REGIÓN COSTA; ; ;TOTAL NACIONAL;17,823993849193
07025402031530004;EL ORO;02;03153;0004;34,27; ;3; ; ; ;REGIÓN COSTA; ; ;TOTAL NACIONAL;10,9889612751392
07145102033580001;EL ORO;02;03358;0001;110,55; ;1; ; ; ;REGIÓN COSTA; ; ;TOTAL NACIONAL;21,105893345967
07145102033600001;EL ORO;02;03360;0001;112,46; ;1; ; ; ;REGIÓN COSTA; ; ;TOTAL NACIONAL;21,5256579942622
07125303003580001;EL ORO;03;00358;0001;102,04; ;1; ; ; ;REGIÓN COSTA; ; ;TOTAL NACIONAL;,514119058214913
07125303003580002;EL ORO;03;00358;0002;38,6; ;1; ; ; ;REGIÓN COSTA; ; ;TOTAL NACIONAL;32,4115542641914
07125303003580007;EL ORO;03;00358;0007;34,18; ;1; ; ; ;REGIÓN COSTA; ; ;TOTAL NACIONAL;61,8506210209415
07025003004360001;EL ORO;03;00436;0001;178,37; ;3; ; ; ;REGIÓN COSTA; ; ;TOTAL NACIONAL;45,5248674577004
07025003004360002;EL ORO;03;00436;0002;59,69; ;3; ; ; ;REGIÓN COSTA; ; ;TOTAL NACIONAL;25,7649183147566
07115103005660002;EL ORO;03;00566;0002;17,58; ;1; ; ; ;REGIÓN COSTA; ; ;TOTAL NACIONAL;41,3815640918982
07115103005660006;EL ORO;03;00566;0006;45,55; ;1;1; ; ;REGIÓN COSTA; ; ;TOTAL NACIONAL;51,8460190775706
07105303005670001;EL ORO;03;00567;0001;52,58;1;1; ; ; ;REGIÓN COSTA; ; ;TOTAL NACIONAL;48,8839694889698
07065404000060002;EL ORO;04;00006;0002;86,38; ;1; ; ; ;REGIÓN COSTA; ; ;TOTAL NACIONAL;14,1564047986195
07065404000060003;EL ORO;04;00006;0003;26,39; ;1;2; ; ;REGIÓN COSTA; ; ;TOTAL NACIONAL;6,64265195387981
07095404000120001;EL ORO;04;00012;0001;45,26; ;2; ; ; ;REGIÓN COSTA; ; ;TOTAL NACIONAL;6,8869135388867
07095404000120002;EL ORO;04;00012;0002;151,89; ;1;1; ; ;REGIÓN COSTA; ; ;TOTAL NACIONAL;9,91724339310801
07095404000120003;EL ORO;04;00012;0003;25,02; ;2; ; ; ;REGIÓN COSTA; ; ;TOTAL NACIONAL;4,13819680337688
07095404000120008;EL ORO;04;00012;0008;43,67; ;1; ; ; ;REGIÓN COSTA; ; ;TOTAL NACIONAL;15,4552086913291
07095404000170004;EL ORO;04;00017;0004;80; ; ;3; ; ;REGIÓN COSTA; ; ;TOTAL NACIONAL;9,51758688678606
07055004000300001;EL ORO;04;00030;0001;83; ;1; ; ; ;REGIÓN COSTA; ; ;TOTAL NACIONAL;3,58719342094741
07135904000400001;EL ORO;04;00040;0001;120,31; ; ;2; ; ;REGIÓN COSTA; ; ;TOTAL NACIONAL;4,37952702327087
07135904000400002;EL ORO;04;00040;0002;171,28; ;3; ; ; ;REGIÓN COSTA; ; ;TOTAL NACIONAL;12,1486896646424
07135804000430001;EL ORO;04;00043;0001;571,14; ;4; ; ; ;REGIÓN COSTA; ; ;TOTAL NACIONAL;7,5602956553005
07105604000590002;EL ORO;04;00059;0002;180,8; ;1;1; ; ;REGIÓN COSTA; ; ;TOTAL NACIONAL;7,05907345475749
07105604000590007;EL ORO;04;00059;0007;38,01; ; ;1; ; ;REGIÓN COSTA; ; ;TOTAL NACIONAL;1,99735344617862
07105604000590008;EL ORO;04;00059;0008;32,2; ;1;1; ; ;REGIÓN COSTA; ; ;TOTAL NACIONAL;,521327241560149
07105604000590016;EL ORO;04;00059;0016;8,31;1; ; ; ; ;REGIÓN COSTA; ; ;TOTAL NACIONAL;18,6124208183888
07105604000590023;EL ORO;04;00059;0023;25,05; ; ;1; ; ;REGIÓN COSTA; ; ;TOTAL NACIONAL;14,0097517240999
07095454000994083;EL ORO;54;00099;4083;4,5; ;1; ; ; ;REGIÓN COSTA; ; ;TOTAL NACIONAL;1
07085055000994009;EL ORO;55;00099;4009;36,53; ; ;1; ; ;REGIÓN COSTA; ; ;TOTAL NACIONAL;1
07145155000994010;EL ORO;55;00099;4010;110; ;4;5; ; ;REGIÓN COSTA; ; ;TOTAL NACIONAL;1
07125661000992322;EL ORO;61;00099;2322;515,29; ;17;4; ; ;REGIÓN COSTA; ; ;TOTAL NACIONAL;1
07125161000992339;EL ORO;61;00099;2339;500;2;9;7; ; ;REGIÓN COSTA; ; ;TOTAL NACIONAL;1
07125761000992373;EL ORO;61;00099;2373;400; ;38;1; ; ;REGIÓN COSTA; ; ;TOTAL NACIONAL;1
07025461000992659;EL ORO;61;00099;2659;160; ;10; ; ; ;REGIÓN COSTA; ; ;TOTAL NACIONAL;1
07035161000992803;EL ORO;61;00099;2803;100; ; ;1; ; ;REGIÓN COSTA; ; ;TOTAL NACIONAL;1
07145061000992814;EL ORO;61;00099;2814;70; ;2;2; ; ;REGIÓN COSTA; ; ;TOTAL NACIONAL;1
07145061000992873;EL ORO;61;00099;2873;40,25; ;1; ; ; ;REGIÓN COSTA; ; ;TOTAL NACIONAL;1
07025461000993062;EL ORO;61;00099;3062;180; ;10; ; ; ;REGIÓN COSTA; ; ;TOTAL NACIONAL;1
07025461000993069;EL ORO;61;00099;3069;160; ;1;4; ; ;REGIÓN COSTA; ; ;TOTAL NACIONAL;1
07015261000993074;EL ORO;61;00099;3074;48; ;4; ; ; ;REGIÓN COSTA; ; ;TOTAL NACIONAL;1
07025461000993076;EL ORO;61;00099;3076;130; ;3; ; ; ;REGIÓN COSTA; ; ;TOTAL NACIONAL;1
07025461000993077;EL ORO;61;00099;3077;380;2;26;2; ; ;REGIÓN COSTA; ; ;TOTAL NACIONAL;1
07025461000993183;EL ORO;61;00099;3183;90; ;3; ; ; ;REGIÓN COSTA; ; ;TOTAL NACIONAL;1
07035061000994139;EL ORO;61;00099;4139;350; ;1; ; ; ;REGIÓN COSTA; ; ;TOTAL NACIONAL;1
07136262000990784;EL ORO;62;00099;0784;55,5; ; ;1; ; ;REGIÓN COSTA; ; ;TOTAL NACIONAL;1
08055101001390006;ESMERALDAS;01;00139;0006;200; ; ;2; ; ;REGIÓN COSTA; ; ;TOTAL NACIONAL;,0952856380695041
08055101003230001;ESMERALDAS;01;00323;0001;20,01; ;1; ; ; ;REGIÓN COSTA; ; ;TOTAL NACIONAL;3,57696280888042
08055101004150001;ESMERALDAS;01;00415;0001;20; ;5; ; ; ;REGIÓN COSTA; ; ;TOTAL NACIONAL;6,49525156780759
08055101004150003;ESMERALDAS;01;00415;0003;12,02; ;3; ; ; ;REGIÓN COSTA; ; ;TOTAL NACIONAL;30,4564715753637
08055101004220001;ESMERALDAS;01;00422;0001;400; ;6; ; ; ;REGIÓN COSTA; ; ;TOTAL NACIONAL;1,42453611731817
08045301007380001;ESMERALDAS;01;00738;0001;172; ;2;2; ; ;REGIÓN COSTA; ; ;TOTAL NACIONAL;3,1119856511207
08045301007380002;ESMERALDAS;01;00738;0002;22; ;1; ; ; ;REGIÓN COSTA; ; ;TOTAL NACIONAL;7,55435819789938
08045301008030001;ESMERALDAS;01;00803;0001;172; ;2;2; ; ;REGIÓN COSTA; ; ;TOTAL NACIONAL;4,141093364297
08045301010550001;ESMERALDAS;01;01055;0001;172; ;2;2; ; ;REGIÓN COSTA; ; ;TOTAL NACIONAL;3,30242015253101
08045301010580001;ESMERALDAS;01;01058;0001;172; ;2;2; ; ;REGIÓN COSTA; ; ;TOTAL NACIONAL;3,26506569620065
08045301011060001;ESMERALDAS;01;01106;0001;172; ;2;2; ; ;REGIÓN COSTA; ; ;TOTAL NACIONAL;3,24415013617284
08045301012610001;ESMERALDAS;01;01261;0001;12; ;2;1; ; ;REGIÓN COSTA; ; ;TOTAL NACIONAL;14,3988463952606
08045301012610002;ESMERALDAS;01;01261;0002;44; ;1;1; ; ;REGIÓN COSTA; ; ;TOTAL NACIONAL;8,98264592850409
08045301012930001;ESMERALDAS;01;01293;0001;29; ;1; ; ; ;REGIÓN COSTA; ; ;TOTAL NACIONAL;6,64107622811565
08045301012930002;ESMERALDAS;01;01293;0002;15; ; ;2; ; ;REGIÓN COSTA; ; ;TOTAL NACIONAL;13,9295966325455
08045301012930003;ESMERALDAS;01;01293;0003;95; ;2; ; ; ;REGIÓN COSTA; ; ;TOTAL NACIONAL;1,75256556690257
08045301014090001;ESMERALDAS;01;01409;0001;10; ;2; ; ; ;REGIÓN COSTA; ; ;TOTAL NACIONAL;21,6183081671562
08045301014090002;ESMERALDAS;01;01409;0002;34; ;1;2; ; ;REGIÓN COSTA; ; ;TOTAL NACIONAL;10,3482204684043
08045301015530001;ESMERALDAS;01;01553;0001;34; ;3;1; ; ;REGIÓN COSTA; ; ;TOTAL NACIONAL;16,7065463999208
08055002001690001;ESMERALDAS;02;00169;0001;8400; ;16; ; ; ;REGIÓN COSTA; ; ;TOTAL NACIONAL;0
08055002002660001;ESMERALDAS;02;00266;0001;8400; ;16; ; ; ;REGIÓN COSTA; ; ;TOTAL NACIONAL;0
08055002003040001;ESMERALDAS;02;00304;0001;8400; ;16; ; ; ;REGIÓN COSTA; ; ;TOTAL NACIONAL;0
08055002004120001;ESMERALDAS;02;00412;0001;5000; ;6; ; ; ;REGIÓN COSTA; ; ;TOTAL NACIONAL;0
08055002004360001;ESMERALDAS;02;00436;0001;5000; ;6; ; ; ;REGIÓN COSTA; ; ;TOTAL NACIONAL;0
08055002006630001;ESMERALDAS;02;00663;0001;7945; ;26;42; ; ;REGIÓN COSTA; ; ;TOTAL NACIONAL;0
08056002007040002;ESMERALDAS;02;00704;0002;31; ;1; ; ; ;REGIÓN COSTA; ; ;TOTAL NACIONAL;32,2842819588448
08056002007510001;ESMERALDAS;02;00751;0001;5000; ;6; ; ; ;REGIÓN COSTA; ; ;TOTAL NACIONAL;0
08056002008290002;ESMERALDAS;02;00829;0002;40; ; ;3; ; ;REGIÓN COSTA; ; ;TOTAL NACIONAL;2,19707071444157
08055602010390001;ESMERALDAS;02;01039;0001;13820,96; ;9; ; ; ;REGIÓN COSTA; ; ;TOTAL NACIONAL;0
08055902012570006;ESMERALDAS;02;01257;0006;8; ;4; ; ; ;REGIÓN COSTA; ; ;TOTAL NACIONAL;2,57222842315752
08055902012570011;ESMERALDAS;02;01257;0011;8; ;2;1; ; ;REGIÓN COSTA; ; ;TOTAL NACIONAL;1,801052660276
08055902012570014;ESMERALDAS;02;01257;0014;30; ;7;1; ; ;REGIÓN COSTA; ; ;TOTAL NACIONAL;9,21863014184501
08055902012570015;ESMERALDAS;02;01257;0015;5; ;2; ; ; ;REGIÓN COSTA; ; ;TOTAL NACIONAL;33,3450158191802
08025302013550003;ESMERALDAS;02;01355;0003;24; ;1; ; ; ;REGIÓN COSTA; ; ;TOTAL NACIONAL;27,3872792581444
08025302013550006;ESMERALDAS;02;01355;0006;2,5; ;1; ; ; ;REGIÓN COSTA; ; ;TOTAL NACIONAL;53,2763367501909
08075302014360008;ESMERALDAS;02;01436;0008;30; ;4; ; ; ;REGIÓN COSTA; ; ;TOTAL NACIONAL;25,7831679694754
08075502016620004;ESMERALDAS;02;01662;0004;2,37; ;1; ; ; ;REGIÓN COSTA; ; ;TOTAL NACIONAL;50,2744097450158
08075502016620005;ESMERALDAS;02;01662;0005;,85;3; ; ; ; ;REGIÓN COSTA; ; ;TOTAL NACIONAL;58,3973728103225
08075502016620006;ESMERALDAS;02;01662;0006;2,93; ;3; ; ; ;REGIÓN COSTA; ; ;TOTAL NACIONAL;74,1377271511374
08075502016620007;ESMERALDAS;02;01662;0007;4;2; ; ; ; ;REGIÓN COSTA; ; ;TOTAL NACIONAL;38,226993673145
08075502016620010;ESMERALDAS;02;01662;0010;15;1; ; ; ; ;REGIÓN COSTA; ; ;TOTAL NACIONAL;27,9044625209189
08075502016620013;ESMERALDAS;02;01662;0013;5; ;1; ; ; ;REGIÓN COSTA; ; ;TOTAL NACIONAL;54,909685373427
08075302017400001;ESMERALDAS;02;01740;0001;29; ;2; ; ; ;REGIÓN COSTA; ; ;TOTAL NACIONAL;14,8819279016998
08075302017400002;ESMERALDAS;02;01740;0002;149,12; ;6; ; ; ;REGIÓN COSTA; ; ;TOTAL NACIONAL;9,92141497560544
08015202018560001;ESMERALDAS;02;01856;0001;30; ;1;2; ; ;REGIÓN COSTA; ; ;TOTAL NACIONAL;35,4906200645335
08015202018560004;ESMERALDAS;02;01856;0004;53; ;1;2; ; ;REGIÓN COSTA; ; ;TOTAL NACIONAL;23,3678017408631
08075302020220001;ESMERALDAS;02;02022;0001;3; ;1;1; ; ;REGIÓN COSTA; ; ;TOTAL NACIONAL;9,07999918468377
08075302020220003;ESMERALDAS;02;02022;0003;125; ; ;1; ; ;REGIÓN COSTA; ; ;TOTAL NACIONAL;7,25275118667308
08075302020220005;ESMERALDAS;02;02022;0005;3;1;2; ; ; ;REGIÓN COSTA; ; ;TOTAL NACIONAL;79,926331462864
08075302020220006;ESMERALDAS;02;02022;0006;4,02; ; ;1; ; ;REGIÓN COSTA; ; ;TOTAL NACIONAL;14,6113125960417
08075302020220007;ESMERALDAS;02;02022;0007;62; ;3;1; ; ;REGIÓN COSTA; ; ;TOTAL NACIONAL;11,7978314414597
08075402021400001;ESMERALDAS;02;02140;0001;10,2;1;3; ; ; ;REGIÓN COSTA; ; ;TOTAL NACIONAL;43,8849879722841
08075402021400003;ESMERALDAS;02;02140;0003;35; ;5; ; ; ;REGIÓN COSTA; ; ;TOTAL NACIONAL;24,7112262285009
08025302021670001;ESMERALDAS;02;02167;0001;312; ;5;6; ; ;REGIÓN COSTA; ; ;TOTAL NACIONAL;5,53190838672238
08025302021670003;ESMERALDAS;02;02167;0003;20; ;1;1; ; ;REGIÓN COSTA; ; ;TOTAL NACIONAL;13,6564633178903
08016602022610001;ESMERALDAS;02;02261;0001;1425,72; ;32; ; ; ;REGIÓN COSTA; ; ;TOTAL NACIONAL;0
08016602022610002;ESMERALDAS;02;02261;0002;139; ;4; ; ; ;REGIÓN COSTA; ; ;TOTAL NACIONAL;3,36885184588482
08075402022890001;ESMERALDAS;02;02289;0001;250; ;2;1; ; ;REGIÓN COSTA; ; ;TOTAL NACIONAL;9,46104378143841
08025102023340001;ESMERALDAS;02;02334;0001;980,35;1;5;5; ; ;REGIÓN COSTA; ; ;TOTAL NACIONAL;2,41267661095236
08075402024510001;ESMERALDAS;02;02451;0001;18; ; ;2; ; ;REGIÓN COSTA; ; ;TOTAL NACIONAL;27,4283429302893
08075402024510002;ESMERALDAS;02;02451;0002;24; ; ;5; ; ;REGIÓN COSTA; ; ;TOTAL NACIONAL;22,4850980774844
08075402025740001;ESMERALDAS;02;02574;0001;60;1;2;2; ; ;REGIÓN COSTA; ; ;TOTAL NACIONAL;11,4747230410495
08025102025970001;ESMERALDAS;02;02597;0001;14,02; ;3;2; ; ;REGIÓN COSTA; ; ;TOTAL NACIONAL;30,902844305303
08025102025970002;ESMERALDAS;02;02597;0002;15; ;3;2; ; ;REGIÓN COSTA; ; ;TOTAL NACIONAL;11,7255947020735
08025102025970003;ESMERALDAS;02;02597;0003;15; ;1; ; ; ;REGIÓN COSTA; ; ;TOTAL NACIONAL;33,9030437478482
08025102025970004;ESMERALDAS;02;02597;0004;50; ;5; ; ; ;REGIÓN COSTA; ; ;TOTAL NACIONAL;24,3882733528066
08065402026800001;ESMERALDAS;02;02680;0001;600; ;15; ; ; ;REGIÓN COSTA; ; ;TOTAL NACIONAL;0
08016302028870001;ESMERALDAS;02;02887;0001;13; ;1; ; ; ;REGIÓN COSTA; ; ;TOTAL NACIONAL;5,98746244801005
08025802029510001;ESMERALDAS;02;02951;0001;70; ;1;1; ; ;REGIÓN COSTA; ; ;TOTAL NACIONAL;33,7895359363878
08075102030310001;ESMERALDAS;02;03031;0001;100; ;8; ; ; ;REGIÓN COSTA; ; ;TOTAL NACIONAL;16,416139191655
08075102031140001;ESMERALDAS;02;03114;0001;27;1;1;2; ; ;REGIÓN COSTA; ; ;TOTAL NACIONAL;5,45155227888917
08026302031990003;ESMERALDAS;02;03199;0003;39; ;6;1; ; ;REGIÓN COSTA; ; ;TOTAL NACIONAL;10,988049033764
08075102033990001;ESMERALDAS;02;03399;0001;6,4;1; ; ; ; ;REGIÓN COSTA; ; ;TOTAL NACIONAL;14,4184818818835
08075102033990002;ESMERALDAS;02;03399;0002;200; ;6; ; ; ;REGIÓN COSTA; ; ;TOTAL NACIONAL;4,47475763003804
08075102033990003;ESMERALDAS;02;03399;0003;25,9; ;4;1; ; ;REGIÓN COSTA; ; ;TOTAL NACIONAL;42,9548207215357
08075102033990004;ESMERALDAS;02;03399;0004;10; ; ;2; ; ;REGIÓN COSTA; ; ;TOTAL NACIONAL;7,34744072954549
08075102033990005;ESMERALDAS;02;03399;0005;11; ;2; ; ; ;REGIÓN COSTA; ; ;TOTAL NACIONAL;13,5865505495331
08075402034200001;ESMERALDAS;02;03420;0001;31,25; ;2; ; ; ;REGIÓN COSTA; ; ;TOTAL NACIONAL;27,7186225761974
08075402034200002;ESMERALDAS;02;03420;0002;4,05; ;2;1; ; ;REGIÓN COSTA; ; ;TOTAL NACIONAL;15,8365853818733
08075502035110001;ESMERALDAS;02;03511;0001;65; ;1;2; ; ;REGIÓN COSTA; ; ;TOTAL NACIONAL;28,6296427593394
08075502035110002;ESMERALDAS;02;03511;0002;25; ;1;5; ; ;REGIÓN COSTA; ; ;TOTAL NACIONAL;20,1736294476033
08065402038240002;ESMERALDAS;02;03824;0002;13,5; ;1;1; ; ;REGIÓN COSTA; ; ;TOTAL NACIONAL;21,5969364752922
08065402038240003;ESMERALDAS;02;03824;0003;7; ;2; ; ; ;REGIÓN COSTA; ; ;TOTAL NACIONAL;57,1174561075818
08065402038240004;ESMERALDAS;02;03824;0004;33,02; ;4; ; ; ;REGIÓN COSTA; ; ;TOTAL NACIONAL;4,09074759843645
08065402038240008;ESMERALDAS;02;03824;0008;82;1;1; ; ; ;REGIÓN COSTA; ; ;TOTAL NACIONAL;,28147644925871
08065402038240011;ESMERALDAS;02;03824;0011;2,5; ; ;1; ; ;REGIÓN COSTA; ; ;TOTAL NACIONAL;7,79487050123649
08065402038240012;ESMERALDAS;02;03824;0012;9;1;1; ; ; ;REGIÓN COSTA; ; ;TOTAL NACIONAL;2,57405347525285
08065002038490002;ESMERALDAS;02;03849;0002;21,05; ;2; ; ; ;REGIÓN COSTA; ; ;TOTAL NACIONAL;8,06431997877958
08016802038760001;ESMERALDAS;02;03876;0001;560; ;4;4; ; ;REGIÓN COSTA; ; ;TOTAL NACIONAL;0
08075102039180001;ESMERALDAS;02;03918;0001;38; ;3;2; ; ;REGIÓN COSTA; ; ;TOTAL NACIONAL;11,7626930114065
08075102039180002;ESMERALDAS;02;03918;0002;83; ;3;1; ; ;REGIÓN COSTA; ; ;TOTAL NACIONAL;16,5550376186323
08016502041590002;ESMERALDAS;02;04159;0002;38; ;3;3; ; ;REGIÓN COSTA; ; ;TOTAL NACIONAL;49,5026890198764
08016502041590003;ESMERALDAS;02;04159;0003;600; ;15; ; ; ;REGIÓN COSTA; ; ;TOTAL NACIONAL;,884511498001485
08016502041600002;ESMERALDAS;02;04160;0002;37; ;3;3; ; ;REGIÓN COSTA; ; ;TOTAL NACIONAL;17,154182564192
08016502041600003;ESMERALDAS;02;04160;0003;600; ;15; ; ; ;REGIÓN COSTA; ; ;TOTAL NACIONAL;3,10069050788116
08015402041900001;ESMERALDAS;02;04190;0001;50; ; ;3; ; ;REGIÓN COSTA; ; ;TOTAL NACIONAL;15,2231245375632
08015402041900002;ESMERALDAS;02;04190;0002;19; ;3; ; ; ;REGIÓN COSTA; ; ;TOTAL NACIONAL;2,26325670895557
08015402041900003;ESMERALDAS;02;04190;0003;12; ;2;1; ; ;REGIÓN COSTA; ; ;TOTAL NACIONAL;37,4726540158429
08015402041900004;ESMERALDAS;02;04190;0004;19; ;1; ; ; ;REGIÓN COSTA; ; ;TOTAL NACIONAL;44,3548174050356
08065102044460001;ESMERALDAS;02;04446;0001;180; ;7; ; ; ;REGIÓN COSTA; ; ;TOTAL NACIONAL;0
08065102044460008;ESMERALDAS;02;04446;0008;24,5; ; ;3; ; ;REGIÓN COSTA; ; ;TOTAL NACIONAL;12,965058347338
08065102044460009;ESMERALDAS;02;04446;0009;16,5; ;2; ; ; ;REGIÓN COSTA; ; ;TOTAL NACIONAL;2,46481581165603
08016302046980001;ESMERALDAS;02;04698;0001;57,02; ;3; ; ; ;REGIÓN COSTA; ; ;TOTAL NACIONAL;22,7237229988042
08016302046980002;ESMERALDAS;02;04698;0002;28,01; ;4;1; ; ;REGIÓN COSTA; ; ;TOTAL NACIONAL;35,3836617429785
08016302046980003;ESMERALDAS;02;04698;0003;30; ;4; ; ; ;REGIÓN COSTA; ; ;TOTAL NACIONAL;22,3060604669325
08035302047600001;ESMERALDAS;02;04760;0001;250; ;2;2; ; ;REGIÓN COSTA; ; ;TOTAL NACIONAL;7,15105782387964
08065302047700001;ESMERALDAS;02;04770;0001;30; ;2; ; ; ;REGIÓN COSTA; ; ;TOTAL NACIONAL;34,6741647591669
08065302047700002;ESMERALDAS;02;04770;0002;280; ;4; ; ; ;REGIÓN COSTA; ; ;TOTAL NACIONAL;6,84414089878189
08075102049780001;ESMERALDAS;02;04978;0001;58; ;1;6; ; ;REGIÓN COSTA; ; ;TOTAL NACIONAL;40,7804744059853
08065302050930002;ESMERALDAS;02;05093;0002;11; ;1; ; ; ;REGIÓN COSTA; ; ;TOTAL NACIONAL;18,8235873112294
08065302050930003;ESMERALDAS;02;05093;0003;16; ;1; ; ; ;REGIÓN COSTA; ; ;TOTAL NACIONAL;38,7144194615051
08065302050930004;ESMERALDAS;02;05093;0004;170; ;1;2; ; ;REGIÓN COSTA; ; ;TOTAL NACIONAL;5,2806529692691
08016302051790006;ESMERALDAS;02;05179;0006;11,5; ;2; ; ; ;REGIÓN COSTA; ; ;TOTAL NACIONAL;13,9321397907651
08016302051790011;ESMERALDAS;02;05179;0011;30; ;2; ; ; ;REGIÓN COSTA; ; ;TOTAL NACIONAL;,434645134971445
08016302051790013;ESMERALDAS;02;05179;0013;14,7; ;2; ; ; ;REGIÓN COSTA; ; ;TOTAL NACIONAL;28,148875831839
08075102052290001;ESMERALDAS;02;05229;0001;150; ; ;6; ; ;REGIÓN COSTA; ; ;TOTAL NACIONAL;10,428552078548
08075102052290002;ESMERALDAS;02;05229;0002;40; ; ;3; ; ;REGIÓN COSTA; ; ;TOTAL NACIONAL;20,0247818488125
08015402053840001;ESMERALDAS;02;05384;0001;830; ;7; ; ; ;REGIÓN COSTA; ; ;TOTAL NACIONAL;0
08065002054080001;ESMERALDAS;02;05408;0001;18,5; ;3; ; ; ;REGIÓN COSTA; ; ;TOTAL NACIONAL;19,6590665650319
08065002054080003;ESMERALDAS;02;05408;0003;60; ; ;1; ; ;REGIÓN COSTA; ; ;TOTAL NACIONAL;23,0349406475048
08065002054080004;ESMERALDAS;02;05408;0004;35; ;3; ; ; ;REGIÓN COSTA; ; ;TOTAL NACIONAL;17,7862016280713
08065302054860001;ESMERALDAS;02;05486;0001;170; ;3;4; ; ;REGIÓN COSTA; ; ;TOTAL NACIONAL;,860886882371769
08075202055510002;ESMERALDAS;02;05551;0002;100; ; ;3; ; ;REGIÓN COSTA; ; ;TOTAL NACIONAL;23,4422648994009
08075202056990001;ESMERALDAS;02;05699;0001;13; ; ;2; ; ;REGIÓN COSTA; ; ;TOTAL NACIONAL;1,91798936356868
08075202056990002;ESMERALDAS;02;05699;0002;11,5; ;2;2; ; ;REGIÓN COSTA; ; ;TOTAL NACIONAL;25,1323956543283
08015402058580001;ESMERALDAS;02;05858;0001;2,5; ;3; ; ; ;REGIÓN COSTA; ; ;TOTAL NACIONAL;74,28911055081
08015402058580005;ESMERALDAS;02;05858;0005;180; ;9; ; ; ;REGIÓN COSTA; ; ;TOTAL NACIONAL;7,89978362093651
08075202060300002;ESMERALDAS;02;06030;0002;60; ;2;1; ; ;REGIÓN COSTA; ; ;TOTAL NACIONAL;34,39394626045
08075202060300003;ESMERALDAS;02;06030;0003;50,05;1;1; ; ; ;REGIÓN COSTA; ; ;TOTAL NACIONAL;2,0100441890364
08035302061140001;ESMERALDAS;02;06114;0001;32; ; ;1; ; ;REGIÓN COSTA; ; ;TOTAL NACIONAL;16,813315241375
08065302061310002;ESMERALDAS;02;06131;0002;60; ;1;4; ; ;REGIÓN COSTA; ; ;TOTAL NACIONAL;11,7905300556254
08025902062740001;ESMERALDAS;02;06274;0001;50; ;3; ; ; ;REGIÓN COSTA; ; ;TOTAL NACIONAL;25,5000476379269
08025902062740003;ESMERALDAS;02;06274;0003;67; ;2; ; ; ;REGIÓN COSTA; ; ;TOTAL NACIONAL;7,15206590638627
08035602064050001;ESMERALDAS;02;06405;0001;40,8; ;1; ; ; ;REGIÓN COSTA; ; ;TOTAL NACIONAL;61,7404388249439
08035602064050002;ESMERALDAS;02;06405;0002;40; ;3;1; ; ;REGIÓN COSTA; ; ;TOTAL NACIONAL;9,79019539443009
08065002064300002;ESMERALDAS;02;06430;0002;26; ;1; ; ; ;REGIÓN COSTA; ; ;TOTAL NACIONAL;40,5096284453605
08065002064300006;ESMERALDAS;02;06430;0006;22; ;1; ; ; ;REGIÓN COSTA; ; ;TOTAL NACIONAL;,936251724904079
08065102066560001;ESMERALDAS;02;06656;0001;25; ;1; ; ; ;REGIÓN COSTA; ; ;TOTAL NACIONAL;27,0527472090705
08065102066560002;ESMERALDAS;02;06656;0002;180; ;8; ; ; ;REGIÓN COSTA; ; ;TOTAL NACIONAL;8,27496870543389
08075202067710001;ESMERALDAS;02;06771;0001;27,05; ;2; ; ; ;REGIÓN COSTA; ; ;TOTAL NACIONAL;58,6850730145554
08075202067780006;ESMERALDAS;02;06778;0006;15; ;3; ; ; ;REGIÓN COSTA; ; ;TOTAL NACIONAL;25,734877091033
08075202067850001;ESMERALDAS;02;06785;0001;40; ;4; ; ; ;REGIÓN COSTA; ; ;TOTAL NACIONAL;27,4379244537898
08075202067850002;ESMERALDAS;02;06785;0002;15; ; ;2; ; ;REGIÓN COSTA; ; ;TOTAL NACIONAL;44,05529753958
08065302069660001;ESMERALDAS;02;06966;0001;115; ;10; ; ; ;REGIÓN COSTA; ; ;TOTAL NACIONAL;20,4033460569394
08015402072220006;ESMERALDAS;02;07222;0006;1; ; ;1; ; ;REGIÓN COSTA; ; ;TOTAL NACIONAL;12,6081898953749
08075202073760001;ESMERALDAS;02;07376;0001;5,01; ; ;1; ; ;REGIÓN COSTA; ; ;TOTAL NACIONAL;16,7244714048419
08075202073760002;ESMERALDAS;02;07376;0002;4; ;1; ; ; ;REGIÓN COSTA; ; ;TOTAL NACIONAL;37,6636000913167
08075202073760004;ESMERALDAS;02;07376;0004;38; ; ;4; ; ;REGIÓN COSTA; ; ;TOTAL NACIONAL;20,8627660450279
08075202074860002;ESMERALDAS;02;07486;0002;51; ;1; ; ; ;REGIÓN COSTA; ; ;TOTAL NACIONAL;41,2374600467934
08035602075700001;ESMERALDAS;02;07570;0001;13; ;1; ; ; ;REGIÓN COSTA; ; ;TOTAL NACIONAL;41,9627770402487
08035602075700002;ESMERALDAS;02;07570;0002;4; ;2; ; ; ;REGIÓN COSTA; ; ;TOTAL NACIONAL;53,7211384468646
08035602075700005;ESMERALDAS;02;07570;0005;11; ;1; ; ; ;REGIÓN COSTA; ; ;TOTAL NACIONAL;9,16780078185181
08035602075700006;ESMERALDAS;02;07570;0006;17,14; ;2; ; ; ;REGIÓN COSTA; ; ;TOTAL NACIONAL;40,1812583920327
08035602075700007;ESMERALDAS;02;07570;0007;23; ;2; ; ; ;REGIÓN COSTA; ; ;TOTAL NACIONAL;10,0489590171398
08015902076160002;ESMERALDAS;02;07616;0002;,58; ;1; ; ; ;REGIÓN COSTA; ; ;TOTAL NACIONAL;72,1871036533726
08015902076160003;ESMERALDAS;02;07616;0003;13,91; ;1; ; ; ;REGIÓN COSTA; ; ;TOTAL NACIONAL;83,5945366015514
08075202078870001;ESMERALDAS;02;07887;0001;38,8; ;3; ; ; ;REGIÓN COSTA; ; ;TOTAL NACIONAL;67,3524657173603
08015402085540001;ESMERALDAS;02;08554;0001;60; ;2; ; ; ;REGIÓN COSTA; ; ;TOTAL NACIONAL;15,9709213831035
08015402085540002;ESMERALDAS;02;08554;0002;20; ;5; ; ; ;REGIÓN COSTA; ; ;TOTAL NACIONAL;46,7682374792874
08065102085910003;ESMERALDAS;02;08591;0003;,5; ;1; ; ; ;REGIÓN COSTA; ; ;TOTAL NACIONAL;109,230575624457
08065102085910008;ESMERALDAS;02;08591;0008;11; ; ;1; ; ;REGIÓN COSTA; ; ;TOTAL NACIONAL;54,7487639325285
08015302088230001;ESMERALDAS;02;08823;0001;80; ; ;1; ; ;REGIÓN COSTA; ; ;TOTAL NACIONAL;28,9662322036793
08015302088230002;ESMERALDAS;02;08823;0002;19; ;1;2; ; ;REGIÓN COSTA; ; ;TOTAL NACIONAL;2,21104100795445
08045402091510001;ESMERALDAS;02;09151;0001;11; ; ;2; ; ;REGIÓN COSTA; ; ;TOTAL NACIONAL;215,024319595195
08045402091520002;ESMERALDAS;02;09152;0002;10; ;2;1; ; ;REGIÓN COSTA; ; ;TOTAL NACIONAL;27,9548331035352
08015302093310001;ESMERALDAS;02;09331;0001;71,5; ; ;2; ; ;REGIÓN COSTA; ; ;TOTAL NACIONAL;18,2374622588627
08015302093310002;ESMERALDAS;02;09331;0002;17,5; ;1;2; ; ;REGIÓN COSTA; ; ;TOTAL NACIONAL;56,3369178274512
08045402095450001;ESMERALDAS;02;09545;0001;16; ;2;1; ; ;REGIÓN COSTA; ; ;TOTAL NACIONAL;10,5825189484662
08015302096360001;ESMERALDAS;02;09636;0001;22; ; ;2; ; ;REGIÓN COSTA; ; ;TOTAL NACIONAL;19,6992141238032
08035002096580001;ESMERALDAS;02;09658;0001;403; ;15;6; ; ;REGIÓN COSTA; ; ;TOTAL NACIONAL;5,86913385945311
08045102097110001;ESMERALDAS;02;09711;0001;90; ; ;13; ; ;REGIÓN COSTA; ; ;TOTAL NACIONAL;25,7495140088375
08045402097730001;ESMERALDAS;02;09773;0001;30,1; ;2; ; ; ;REGIÓN COSTA; ; ;TOTAL NACIONAL;57,3837124120728
08045402097730002;ESMERALDAS;02;09773;0002;225; ; ;2; ; ;REGIÓN COSTA; ; ;TOTAL NACIONAL;2,83563454197225
08045102097980001;ESMERALDAS;02;09798;0001;30; ;2;4; ; ;REGIÓN COSTA; ; ;TOTAL NACIONAL;1,33659515253558
08045102097980002;ESMERALDAS;02;09798;0002;25;1;2;4; ; ;REGIÓN COSTA; ; ;TOTAL NACIONAL;25,8962627977188
08045102097980003;ESMERALDAS;02;09798;0003;13; ; ;3; ; ;REGIÓN COSTA; ; ;TOTAL NACIONAL;45,2155252731679
08045102097980005;ESMERALDAS;02;09798;0005;160; ;6;4; ; ;REGIÓN COSTA; ; ;TOTAL NACIONAL;5,48031662078831
08035702101110002;ESMERALDAS;02;10111;0002;17; ; ;1; ; ;REGIÓN COSTA; ; ;TOTAL NACIONAL;44,0352476448778
08045102102310001;ESMERALDAS;02;10231;0001;13; ;1; ; ; ;REGIÓN COSTA; ; ;TOTAL NACIONAL;41,1081472605927
08045102102310002;ESMERALDAS;02;10231;0002;15,1; ;3; ; ; ;REGIÓN COSTA; ; ;TOTAL NACIONAL;40,5580722823209
08025902103410004;ESMERALDAS;02;10341;0004;32,02; ;1; ; ; ;REGIÓN COSTA; ; ;TOTAL NACIONAL;4,87736907874902
08045102104730003;ESMERALDAS;02;10473;0003;14; ;1;2; ; ;REGIÓN COSTA; ; ;TOTAL NACIONAL;44,8856440986094
08045102104730004;ESMERALDAS;02;10473;0004;47,2; ; ;2; ; ;REGIÓN COSTA; ; ;TOTAL NACIONAL;27,3646919184832
08045102104730005;ESMERALDAS;02;10473;0005;40; ; ;2; ; ;REGIÓN COSTA; ; ;TOTAL NACIONAL;1,57158886033022
08045102107110003;ESMERALDAS;02;10711;0003;30; ;3;2; ; ;REGIÓN COSTA; ; ;TOTAL NACIONAL;,284160611242817
08045102108620002;ESMERALDAS;02;10862;0002;9; ; ;1; ; ;REGIÓN COSTA; ; ;TOTAL NACIONAL;77,0536994648152
08045102108620004;ESMERALDAS;02;10862;0004;20; ;5; ; ; ;REGIÓN COSTA; ; ;TOTAL NACIONAL;125,472514059119
08035702109990001;ESMERALDAS;02;10999;0001;40,49;2;4;3; ; ;REGIÓN COSTA; ; ;TOTAL NACIONAL;,382949928424801
08035702109990003;ESMERALDAS;02;10999;0003;6,5; ;1; ; ; ;REGIÓN COSTA; ; ;TOTAL NACIONAL;17,0541852659451
08045102110220003;ESMERALDAS;02;11022;0003;6; ;1; ; ; ;REGIÓN COSTA; ; ;TOTAL NACIONAL;46,6822775255974
08045102110220004;ESMERALDAS;02;11022;0004;15; ;2;1; ; ;REGIÓN COSTA; ; ;TOTAL NACIONAL;42,2086368274417
08045102110220008;ESMERALDAS;02;11022;0008;2,5; ; ;2; ; ;REGIÓN COSTA; ; ;TOTAL NACIONAL;31,2057627551187
08045302111950002;ESMERALDAS;02;11195;0002;18; ;1; ; ; ;REGIÓN COSTA; ; ;TOTAL NACIONAL;13,6367892563027
08045102113040001;ESMERALDAS;02;11304;0001;30; ;4; ; ; ;REGIÓN COSTA; ; ;TOTAL NACIONAL;40,3282491525817
08045102113040002;ESMERALDAS;02;11304;0002;30; ;4; ; ; ;REGIÓN COSTA; ; ;TOTAL NACIONAL;38,5140013656565
08045102113100001;ESMERALDAS;02;11310;0001;14; ; ;2; ; ;REGIÓN COSTA; ; ;TOTAL NACIONAL;44,8940914825935
08045102113100003;ESMERALDAS;02;11310;0003;3; ; ;1; ; ;REGIÓN COSTA; ; ;TOTAL NACIONAL;74,7380733662611
08045102113100006;ESMERALDAS;02;11310;0006;6,02; ; ;1; ; ;REGIÓN COSTA; ; ;TOTAL NACIONAL;62,9766664127063
08045102113100007;ESMERALDAS;02;11310;0007;9,5; ; ;1; ; ;REGIÓN COSTA; ; ;TOTAL NACIONAL;35,2404111855862
08045302113340001;ESMERALDAS;02;11334;0001;10; ;4; ; ; ;REGIÓN COSTA; ; ;TOTAL NACIONAL;56,2092684694693
08045302113340004;ESMERALDAS;02;11334;0004;100; ;2;2; ; ;REGIÓN COSTA; ; ;TOTAL NACIONAL;12,9848587472258
08045302113340005;ESMERALDAS;02;11334;0005;30; ; ;1; ; ;REGIÓN COSTA; ; ;TOTAL NACIONAL;7,92167512081999
08035102114230002;ESMERALDAS;02;11423;0002;9; ;3; ; ; ;REGIÓN COSTA; ; ;TOTAL NACIONAL;22,3174670425283
08035102114230003;ESMERALDAS;02;11423;0003;13; ;1; ; ; ;REGIÓN COSTA; ; ;TOTAL NACIONAL;51,8857818266275
08035102114230004;ESMERALDAS;02;11423;0004;16,47; ;3; ; ; ;REGIÓN COSTA; ; ;TOTAL NACIONAL;41,8756707329034
08045102115100004;ESMERALDAS;02;11510;0004;3,3; ; ;1; ; ;REGIÓN COSTA; ; ;TOTAL NACIONAL;52,4898255722938
08045102115100007;ESMERALDAS;02;11510;0007;10; ; ;2; ; ;REGIÓN COSTA; ; ;TOTAL NACIONAL;31,1689697048769
08045102115100008;ESMERALDAS;02;11510;0008;10; ; ;2; ; ;REGIÓN COSTA; ; ;TOTAL NACIONAL;26,2564404788363
08045202116080001;ESMERALDAS;02;11608;0001;20; ; ;1; ; ;REGIÓN COSTA; ; ;TOTAL NACIONAL;33,6380461836063
08045202116080002;ESMERALDAS;02;11608;0002;16,3; ; ;1; ; ;REGIÓN COSTA; ; ;TOTAL NACIONAL;53,9428520455229
08045202116080003;ESMERALDAS;02;11608;0003;10,1; ; ;2; ; ;REGIÓN COSTA; ; ;TOTAL NACIONAL;8,71232888771258
08045102116420001;ESMERALDAS;02;11642;0001;143; ;2; ; ; ;REGIÓN COSTA; ; ;TOTAL NACIONAL;15,6023576003706
08045102116420002;ESMERALDAS;02;11642;0002;48; ;1;2; ; ;REGIÓN COSTA; ; ;TOTAL NACIONAL;,145228520485852
08045002117350001;ESMERALDAS;02;11735;0001;521; ;2;1; ; ;REGIÓN COSTA; ; ;TOTAL NACIONAL;4,51253343405194
08035702121890001;ESMERALDAS;02;12189;0001;50; ; ;4; ; ;REGIÓN COSTA; ; ;TOTAL NACIONAL;13,6594199022848
08035702121890002;ESMERALDAS;02;12189;0002;18,05; ;3;2; ; ;REGIÓN COSTA; ; ;TOTAL NACIONAL;49,8929304049943
08035702121890003;ESMERALDAS;02;12189;0003;30,05; ;1; ; ; ;REGIÓN COSTA; ; ;TOTAL NACIONAL;45,6917734700539
08045102122020005;ESMERALDAS;02;12202;0005;6,5; ;2;1; ; ;REGIÓN COSTA; ; ;TOTAL NACIONAL;69,384970948863
08045302122210006;ESMERALDAS;02;12221;0006;1,85; ;2; ; ; ;REGIÓN COSTA; ; ;TOTAL NACIONAL;67,1579710495444
08045302122210008;ESMERALDAS;02;12221;0008;9;1; ; ; ; ;REGIÓN COSTA; ; ;TOTAL NACIONAL;32,5238883804495
08045302122210012;ESMERALDAS;02;12221;0012;3,5;1; ; ; ; ;REGIÓN COSTA; ; ;TOTAL NACIONAL;9,82524617172521
08045302122210017;ESMERALDAS;02;12221;0017;3; ; ;1; ; ;REGIÓN COSTA; ; ;TOTAL NACIONAL;12,3015811433596
08045302122810001;ESMERALDAS;02;12281;0001;55; ; ;2; ; ;REGIÓN COSTA; ; ;TOTAL NACIONAL;33,0343056773652
08045002124990004;ESMERALDAS;02;12499;0004;17,02; ; ;1; ; ;REGIÓN COSTA; ; ;TOTAL NACIONAL;27,0763527888746
08045002124990005;ESMERALDAS;02;12499;0005;14; ;2; ; ; ;REGIÓN COSTA; ; ;TOTAL NACIONAL;9,0396394612042
08045002125000003;ESMERALDAS;02;12500;0003;14; ;2; ; ; ;REGIÓN COSTA; ; ;TOTAL NACIONAL;23,5161091143952
08045302125770007;ESMERALDAS;02;12577;0007;3; ; ;1; ; ;REGIÓN COSTA; ; ;TOTAL NACIONAL;20,3675813838782
08045302125770009;ESMERALDAS;02;12577;0009;11; ;2;1; ; ;REGIÓN COSTA; ; ;TOTAL NACIONAL;5,92989290261416
08045302125770011;ESMERALDAS;02;12577;0011;42; ;2;1; ; ;REGIÓN COSTA; ; ;TOTAL NACIONAL;9,58809368802353
08045302127220003;ESMERALDAS;02;12722;0003;46; ; ;1; ; ;REGIÓN COSTA; ; ;TOTAL NACIONAL;16,7505503111901
08045302127710002;ESMERALDAS;02;12771;0002;200;1; ; ; ; ;REGIÓN COSTA; ; ;TOTAL NACIONAL;7,52240482382054
08045302127830001;ESMERALDAS;02;12783;0001;100; ;1;1; ; ;REGIÓN COSTA; ; ;TOTAL NACIONAL;4,62758019229256
08045302129000003;ESMERALDAS;02;12900;0003;28,11; ; ;1; ; ;REGIÓN COSTA; ; ;TOTAL NACIONAL;44,0321768369201
08045302129000004;ESMERALDAS;02;12900;0004;46; ; ;1; ; ;REGIÓN COSTA; ; ;TOTAL NACIONAL;4,89421839901803
08045002129770001;ESMERALDAS;02;12977;0001;16; ;1;1; ; ;REGIÓN COSTA; ; ;TOTAL NACIONAL;3,64316899269693
08045002129770002;ESMERALDAS;02;12977;0002;168; ; ;2; ; ;REGIÓN COSTA; ; ;TOTAL NACIONAL;8,49392281252786
08045002131740001;ESMERALDAS;02;13174;0001;38,54; ;2;1; ; ;REGIÓN COSTA; ; ;TOTAL NACIONAL;28,1607716627892
08045002131740006;ESMERALDAS;02;13174;0006;14,5; ;4;2; ; ;REGIÓN COSTA; ; ;TOTAL NACIONAL;27,084125518544
08045002132240002;ESMERALDAS;02;13224;0002;76; ;1;1; ; ;REGIÓN COSTA; ; ;TOTAL NACIONAL;10,9012187641659
08045002132240003;ESMERALDAS;02;13224;0003;10; ;1; ; ; ;REGIÓN COSTA; ; ;TOTAL NACIONAL;109,209594327254
08045302134880002;ESMERALDAS;02;13488;0002;11,01; ;1; ; ; ;REGIÓN COSTA; ; ;TOTAL NACIONAL;6,48007870403837
08045002135250003;ESMERALDAS;02;13525;0003;77; ; ;2; ; ;REGIÓN COSTA; ; ;TOTAL NACIONAL;4,27625349239397
08045002135250004;ESMERALDAS;02;13525;0004;13; ;1; ; ; ;REGIÓN COSTA; ; ;TOTAL NACIONAL;21,2055329951554
08045002135250005;ESMERALDAS;02;13525;0005;83; ; ;2; ; ;REGIÓN COSTA; ; ;TOTAL NACIONAL;9,44531744386216
08045002135930001;ESMERALDAS;02;13593;0001;34; ;2; ; ; ;REGIÓN COSTA; ; ;TOTAL NACIONAL;29,9766739065986
08045002135930002;ESMERALDAS;02;13593;0002;16; ;1;1; ; ;REGIÓN COSTA; ; ;TOTAL NACIONAL;27,9528629024871
08045002135930003;ESMERALDAS;02;13593;0003;15; ;3; ; ; ;REGIÓN COSTA; ; ;TOTAL NACIONAL;42,5073613544053
08045002136480001;ESMERALDAS;02;13648;0001;98,75; ; ;1; ; ;REGIÓN COSTA; ; ;TOTAL NACIONAL;23,7571993542598
08045002136510002;ESMERALDAS;02;13651;0002;18; ;2; ; ; ;REGIÓN COSTA; ; ;TOTAL NACIONAL;13,3188651812963
08045002136510005;ESMERALDAS;02;13651;0005;41; ;2; ; ; ;REGIÓN COSTA; ; ;TOTAL NACIONAL;37,7963659542321
08045002136560001;ESMERALDAS;02;13656;0001;80; ; ;2; ; ;REGIÓN COSTA; ; ;TOTAL NACIONAL;17,5046159304468
08045002140930001;ESMERALDAS;02;14093;0001;98; ;3;4; ; ;REGIÓN COSTA; ; ;TOTAL NACIONAL;20,6822129159208
08045002140930002;ESMERALDAS;02;14093;0002;245;4;1;6; ; ;REGIÓN COSTA; ; ;TOTAL NACIONAL;,220034239966716
08045002141100001;ESMERALDAS;02;14110;0001;83; ;2;1; ; ;REGIÓN COSTA; ; ;TOTAL NACIONAL;28,4971989824958
08045002141340001;ESMERALDAS;02;14134;0001;56; ; ;2; ; ;REGIÓN COSTA; ; ;TOTAL NACIONAL;27,5771889647498
08045002141350001;ESMERALDAS;02;14135;0001;260; ;2; ; ; ;REGIÓN COSTA; ; ;TOTAL NACIONAL;0
08045002143610001;ESMERALDAS;02;14361;0001;245;4;1;6; ; ;REGIÓN COSTA; ; ;TOTAL NACIONAL;3,53669172885928
08045002143610003;ESMERALDAS;02;14361;0003;8; ; ;1; ; ;REGIÓN COSTA; ; ;TOTAL NACIONAL;19,513457003264
08045002143920001;ESMERALDAS;02;14392;0001;30; ; ;2; ; ;REGIÓN COSTA; ; ;TOTAL NACIONAL;23,2083114713006
08045002143920004;ESMERALDAS;02;14392;0004;3; ;1; ; ; ;REGIÓN COSTA; ; ;TOTAL NACIONAL;82,6901903560312
08045002144100001;ESMERALDAS;02;14410;0001;28; ; ;1; ; ;REGIÓN COSTA; ; ;TOTAL NACIONAL;2,02549495974236
08045002144100004;ESMERALDAS;02;14410;0004;9,5; ; ;1; ; ;REGIÓN COSTA; ; ;TOTAL NACIONAL;32,4622592528515
08045002144100005;ESMERALDAS;02;14410;0005;4; ;1; ; ; ;REGIÓN COSTA; ; ;TOTAL NACIONAL;31,5467554886101
08045002144100006;ESMERALDAS;02;14410;0006;12;1; ; ; ; ;REGIÓN COSTA; ; ;TOTAL NACIONAL;34,8657952291765
08045002145440002;ESMERALDAS;02;14544;0002;75; ;1;1; ; ;REGIÓN COSTA; ; ;TOTAL NACIONAL;27,2275579989695
08045002145440003;ESMERALDAS;02;14544;0003;14; ;2; ; ; ;REGIÓN COSTA; ; ;TOTAL NACIONAL;2,52107482014271
08045002147780003;ESMERALDAS;02;14778;0003;9; ;3;1; ; ;REGIÓN COSTA; ; ;TOTAL NACIONAL;67,151696816395
08045002148930001;ESMERALDAS;02;14893;0001;25; ; ;2; ; ;REGIÓN COSTA; ; ;TOTAL NACIONAL;21,5086915563789
08045002148930002;ESMERALDAS;02;14893;0002;10; ;4;3; ; ;REGIÓN COSTA; ; ;TOTAL NACIONAL;32,1170477673587
08045002151070001;ESMERALDAS;02;15107;0001;65;1;1;2; ; ;REGIÓN COSTA; ; ;TOTAL NACIONAL;9,61289193434038
08045002151070003;ESMERALDAS;02;15107;0003;13; ; ;1; ; ;REGIÓN COSTA; ; ;TOTAL NACIONAL;54,6407120033898
08045002151190005;ESMERALDAS;02;15119;0005;8; ; ;1; ; ;REGIÓN COSTA; ; ;TOTAL NACIONAL;80,7927749451217
08045002152120003;ESMERALDAS;02;15212;0003;80; ; ;1; ; ;REGIÓN COSTA; ; ;TOTAL NACIONAL;29,2861182096882
08045002152380001;ESMERALDAS;02;15238;0001;280; ;5;1; ; ;REGIÓN COSTA; ; ;TOTAL NACIONAL;0
08045002153540001;ESMERALDAS;02;15354;0001;150;1;2;1; ; ;REGIÓN COSTA; ; ;TOTAL NACIONAL;7,45773227777044
08045002153540005;ESMERALDAS;02;15354;0005;120; ;1;1; ; ;REGIÓN COSTA; ; ;TOTAL NACIONAL;6,13540538251615
08045002153600004;ESMERALDAS;02;15360;0004;25,08; ;2; ; ; ;REGIÓN COSTA; ; ;TOTAL NACIONAL;43,339398587805
08045502154400003;ESMERALDAS;02;15440;0003;13; ;1;1; ; ;REGIÓN COSTA; ; ;TOTAL NACIONAL;38,6392729414799
08045502158610004;ESMERALDAS;02;15861;0004;32; ;1; ; ; ;REGIÓN COSTA; ; ;TOTAL NACIONAL;28,0711262782644
08045502159730005;ESMERALDAS;02;15973;0005;17,75; ; ;2; ; ;REGIÓN COSTA; ; ;TOTAL NACIONAL;50,6519817545956
08045502160810001;ESMERALDAS;02;16081;0001;36; ;1; ; ; ;REGIÓN COSTA; ; ;TOTAL NACIONAL;51,1890611698043
08045502165440001;ESMERALDAS;02;16544;0001;45; ;1;1; ; ;REGIÓN COSTA; ; ;TOTAL NACIONAL;6,83674337009013
08045502165440002;ESMERALDAS;02;16544;0002;40; ; ;1; ; ;REGIÓN COSTA; ; ;TOTAL NACIONAL;11,031322984385
08045502165440004;ESMERALDAS;02;16544;0004;40; ; ;1; ; ;REGIÓN COSTA; ; ;TOTAL NACIONAL;16,2459992078093
08045502165440006;ESMERALDAS;02;16544;0006;23; ; ;1; ; ;REGIÓN COSTA; ; ;TOTAL NACIONAL;12,5867861460742
08026503002670003;ESMERALDAS;03;00267;0003;80; ;2; ; ; ;REGIÓN COSTA; ; ;TOTAL NACIONAL;4,04812250192123
08026503003160001;ESMERALDAS;03;00316;0001;403; ;6;4; ; ;REGIÓN COSTA; ; ;TOTAL NACIONAL;19,0654973777388
08026503003160002;ESMERALDAS;03;00316;0002;93,7; ;6;1; ; ;REGIÓN COSTA; ; ;TOTAL NACIONAL;,629214075907501
08026503003160003;ESMERALDAS;03;00316;0003;25; ; ;2; ; ;REGIÓN COSTA; ; ;TOTAL NACIONAL;9,55412143830023
08026503003160004;ESMERALDAS;03;00316;0004;31,75; ;2;1; ; ;REGIÓN COSTA; ; ;TOTAL NACIONAL;6,87854834521341
08075303003210001;ESMERALDAS;03;00321;0001;704;1;16;4; ; ;REGIÓN COSTA; ; ;TOTAL NACIONAL;,469380170983012
08075303003210002;ESMERALDAS;03;00321;0002;164;1;7; ; ; ;REGIÓN COSTA; ; ;TOTAL NACIONAL;8,47708031608658
08075003003300010;ESMERALDAS;03;00330;0010;40; ;4;3; ; ;REGIÓN COSTA; ; ;TOTAL NACIONAL;4,49540993825629
08025103005320001;ESMERALDAS;03;00532;0001;23,05; ;1;1; ; ;REGIÓN COSTA; ; ;TOTAL NACIONAL;46,2528719109165
08025103005320002;ESMERALDAS;03;00532;0002;32,08; ;3;2; ; ;REGIÓN COSTA; ; ;TOTAL NACIONAL;9,50252772931538
08025103005320005;ESMERALDAS;03;00532;0005;103,05;1;5;6; ; ;REGIÓN COSTA; ; ;TOTAL NACIONAL;7,42276363952317
08025103005320006;ESMERALDAS;03;00532;0006;14,25; ;4; ; ; ;REGIÓN COSTA; ; ;TOTAL NACIONAL;59,3566947451139
08025103005320007;ESMERALDAS;03;00532;0007;39,7; ;3; ; ; ;REGIÓN COSTA; ; ;TOTAL NACIONAL;31,0565626560917
08025103005320009;ESMERALDAS;03;00532;0009;14,83; ; ;1; ; ;REGIÓN COSTA; ; ;TOTAL NACIONAL;18,3170580239226
08025103005320010;ESMERALDAS;03;00532;0010;10,56; ; ;1; ; ;REGIÓN COSTA; ; ;TOTAL NACIONAL;15,936337664435
08025103005320013;ESMERALDAS;03;00532;0013;20; ; ;6; ; ;REGIÓN COSTA; ; ;TOTAL NACIONAL;24,6272254165482
08025103005330001;ESMERALDAS;03;00533;0001;70; ;2;4; ; ;REGIÓN COSTA; ; ;TOTAL NACIONAL;41,1351781255534
08025103005330005;ESMERALDAS;03;00533;0005;32,02;1; ;1; ; ;REGIÓN COSTA; ; ;TOTAL NACIONAL;61,9179776160727
08015403007800001;ESMERALDAS;03;00780;0001;100; ;1; ; ; ;REGIÓN COSTA; ; ;TOTAL NACIONAL;54,0212280298385
08015403007800002;ESMERALDAS;03;00780;0002;282,19; ;2; ; ; ;REGIÓN COSTA; ; ;TOTAL NACIONAL;16,6569202338865
08055103008290002;ESMERALDAS;03;00829;0002;400; ;6; ; ; ;REGIÓN COSTA; ; ;TOTAL NACIONAL;25,4335263555827
08025903008990002;ESMERALDAS;03;00899;0002;30; ;1; ; ; ;REGIÓN COSTA; ; ;TOTAL NACIONAL;51,2973265783758
08065303009600006;ESMERALDAS;03;00960;0006;3,5; ; ;1; ; ;REGIÓN COSTA; ; ;TOTAL NACIONAL;44,5117848600861
08065303009600007;ESMERALDAS;03;00960;0007;3; ;1; ; ; ;REGIÓN COSTA; ; ;TOTAL NACIONAL;46,2839181929567
08065303009600009;ESMERALDAS;03;00960;0009;3; ;1; ; ; ;REGIÓN COSTA; ; ;TOTAL NACIONAL;68,8389061022063
08065303009600010;ESMERALDAS;03;00960;0010;40; ;4;2; ; ;REGIÓN COSTA; ; ;TOTAL NACIONAL;10,9047982527339
08065303009600011;ESMERALDAS;03;00960;0011;37; ;3;2; ; ;REGIÓN COSTA; ; ;TOTAL NACIONAL;10,3524892558321
08075203009710001;ESMERALDAS;03;00971;0001;30; ;4; ; ; ;REGIÓN COSTA; ; ;TOTAL NACIONAL;15,9860726337713
08075203009710002;ESMERALDAS;03;00971;0002;23,02; ;2;2; ; ;REGIÓN COSTA; ; ;TOTAL NACIONAL;73,8195157239485
08075203009710003;ESMERALDAS;03;00971;0003;32,74; ; ;2; ; ;REGIÓN COSTA; ; ;TOTAL NACIONAL;46,2796501547798
08075203009710005;ESMERALDAS;03;00971;0005;10,03; ;1; ; ; ;REGIÓN COSTA; ; ;TOTAL NACIONAL;77,703320745219
08075203009710008;ESMERALDAS;03;00971;0008;11,5; ;1; ; ; ;REGIÓN COSTA; ; ;TOTAL NACIONAL;44,0603268926269
08035603010780001;ESMERALDAS;03;01078;0001;32,1; ;1; ; ; ;REGIÓN COSTA; ; ;TOTAL NACIONAL;41,4784350036849
08035603010780002;ESMERALDAS;03;01078;0002;47,2; ;3;2; ; ;REGIÓN COSTA; ; ;TOTAL NACIONAL;52,1755967356631
08035603010780003;ESMERALDAS;03;01078;0003;90,3; ;6; ; ; ;REGIÓN COSTA; ; ;TOTAL NACIONAL;47,1445583155867
08035003011860001;ESMERALDAS;03;01186;0001;200; ;1; ; ; ;REGIÓN COSTA; ; ;TOTAL NACIONAL;40,8546207230871
08045103012860001;ESMERALDAS;03;01286;0001;100; ;1;2; ; ;REGIÓN COSTA; ; ;TOTAL NACIONAL;47,0793896155372
08035203015170020;ESMERALDAS;03;01517;0020;10,2; ;2; ; ; ;REGIÓN COSTA; ; ;TOTAL NACIONAL;65,8234195095776
08035203015170027;ESMERALDAS;03;01517;0027;70,05; ; ;2; ; ;REGIÓN COSTA; ; ;TOTAL NACIONAL;22,3448514216341
08035803016120002;ESMERALDAS;03;01612;0002;40; ;2; ; ; ;REGIÓN COSTA; ; ;TOTAL NACIONAL;34,1707054733647
08035803016120019;ESMERALDAS;03;01612;0019;50; ;3; ; ; ;REGIÓN COSTA; ; ;TOTAL NACIONAL;30,7456555079182
08055704000080001;ESMERALDAS;04;00008;0001;8400; ;16; ; ; ;REGIÓN COSTA; ; ;TOTAL NACIONAL;0
08056004000190003;ESMERALDAS;04;00019;0003;142; ;9; ; ; ;REGIÓN COSTA; ; ;TOTAL NACIONAL;1,99742562513312
08055604000570001;ESMERALDAS;04;00057;0001;5000; ; ; ;6; ;REGIÓN COSTA; ; ;TOTAL NACIONAL;0
08075304001120001;ESMERALDAS;04;00112;0001;110,22; ;3;1; ; ;REGIÓN COSTA; ; ;TOTAL NACIONAL;28,3703048545621
08075304001120002;ESMERALDAS;04;00112;0002;60,9; ;1;5; ; ;REGIÓN COSTA; ; ;TOTAL NACIONAL;29,6543736008027
08075304001120003;ESMERALDAS;04;00112;0003;24,25; ;1; ; ; ;REGIÓN COSTA; ; ;TOTAL NACIONAL;27,8104392578712
08075304001120004;ESMERALDAS;04;00112;0004;27,2; ;2; ; ; ;REGIÓN COSTA; ; ;TOTAL NACIONAL;35,3566825167447
08075304001120006;ESMERALDAS;04;00112;0006;46,63; ;4;1; ; ;REGIÓN COSTA; ; ;TOTAL NACIONAL;34,7697028366005
08075304001120007;ESMERALDAS;04;00112;0007;44,65; ;3; ; ; ;REGIÓN COSTA; ; ;TOTAL NACIONAL;35,1855162642618
08025104001130001;ESMERALDAS;04;00113;0001;135; ;2;2; ; ;REGIÓN COSTA; ; ;TOTAL NACIONAL;33,9641885235026
08025104001130002;ESMERALDAS;04;00113;0002;63,03; ;5;1; ; ;REGIÓN COSTA; ; ;TOTAL NACIONAL;7,22641218544292
08025104001130003;ESMERALDAS;04;00113;0003;103,05;1;5;6; ; ;REGIÓN COSTA; ; ;TOTAL NACIONAL;25,0952040597749
08025104001130007;ESMERALDAS;04;00113;0007;11; ;2; ; ; ;REGIÓN COSTA; ; ;TOTAL NACIONAL;30,7379654020438
08025104001130008;ESMERALDAS;04;00113;0008;40; ;3; ; ; ;REGIÓN COSTA; ; ;TOTAL NACIONAL;16,3788563637963
08016604001190012;ESMERALDAS;04;00119;0012;12; ;3; ; ; ;REGIÓN COSTA; ; ;TOTAL NACIONAL;21,4759388396484
08016604001190014;ESMERALDAS;04;00119;0014;24,32; ;4; ; ; ;REGIÓN COSTA; ; ;TOTAL NACIONAL;31,4988491809536
08016604001190017;ESMERALDAS;04;00119;0017;1,75; ;1; ; ; ;REGIÓN COSTA; ; ;TOTAL NACIONAL;9,80570057484349
08016604001360001;ESMERALDAS;04;00136;0001;910,08; ;6;5; ; ;REGIÓN COSTA; ; ;TOTAL NACIONAL;6,18873712905205
08016604001360002;ESMERALDAS;04;00136;0002;192,3; ;2; ; ; ;REGIÓN COSTA; ; ;TOTAL NACIONAL;21,9979350269991
08075204001820004;ESMERALDAS;04;00182;0004;65; ; ;3; ; ;REGIÓN COSTA; ; ;TOTAL NACIONAL;22,9821925706797
08075204001820005;ESMERALDAS;04;00182;0005;50; ; ;1; ; ;REGIÓN COSTA; ; ;TOTAL NACIONAL;22,1571555283231
08075204001820006;ESMERALDAS;04;00182;0006;29,85; ; ;2; ; ;REGIÓN COSTA; ; ;TOTAL NACIONAL;31,1958680880291
08075204001820008;ESMERALDAS;04;00182;0008;50; ;2;1; ; ;REGIÓN COSTA; ; ;TOTAL NACIONAL;26,4632787429458
08045004002430001;ESMERALDAS;04;00243;0001;315; ;3;2; ; ;REGIÓN COSTA; ; ;TOTAL NACIONAL;8,24209526977792
08045304002480004;ESMERALDAS;04;00248;0004;44; ; ;1; ; ;REGIÓN COSTA; ; ;TOTAL NACIONAL;12,0229726120861
08045304002480005;ESMERALDAS;04;00248;0005;40; ; ;2; ; ;REGIÓN COSTA; ; ;TOTAL NACIONAL;11,9773961441832
08055760000990004;ESMERALDAS;60;00099;0004;8400; ;16; ; ; ;REGIÓN COSTA; ; ;TOTAL NACIONAL;1
08055460000990006;ESMERALDAS;60;00099;0006;13820,96; ;9; ; ; ;REGIÓN COSTA; ; ;TOTAL NACIONAL;1
08045360000990064;ESMERALDAS;60;00099;0064;15; ;3; ; ; ;REGIÓN COSTA; ; ;TOTAL NACIONAL;1
08055760000990085;ESMERALDAS;60;00099;0085;1941; ;26;42; ; ;REGIÓN COSTA; ; ;TOTAL NACIONAL;1
08055760000990086;ESMERALDAS;60;00099;0086;7945; ;26;26; ; ;REGIÓN COSTA; ; ;TOTAL NACIONAL;1
08045060000990102;ESMERALDAS;60;00099;0102;260; ;2; ; ; ;REGIÓN COSTA; ; ;TOTAL NACIONAL;1
08016361000992371;ESMERALDAS;61;00099;2371;1425,72; ;32; ; ; ;REGIÓN COSTA; ; ;TOTAL NACIONAL;1
08015461000992511;ESMERALDAS;61;00099;2511;830; ;7;36; ; ;REGIÓN COSTA; ; ;TOTAL NACIONAL;1
08065161000992538;ESMERALDAS;61;00099;2538;180; ;7; ; ; ;REGIÓN COSTA; ; ;TOTAL NACIONAL;1
08065461000992794;ESMERALDAS;61;00099;2794;600; ;15; ; ; ;REGIÓN COSTA; ; ;TOTAL NACIONAL;1
08016561000992961;ESMERALDAS;61;00099;2961;560; ;4;4; ; ;REGIÓN COSTA; ; ;TOTAL NACIONAL;1
08045561000993084;ESMERALDAS;61;00099;3084;280; ;5;1; ; ;REGIÓN COSTA; ; ;TOTAL NACIONAL;1
09275001000230001;GUAYAS;01;00023;0001;85,85; ;6; ; ; ;REGIÓN COSTA; ; ;TOTAL NACIONAL;2,96808613151407
09275001000400001;GUAYAS;01;00040;0001;85,85; ;6; ; ; ;REGIÓN COSTA; ; ;TOTAL NACIONAL;2,96808613151407
09275001000520001;GUAYAS;01;00052;0001;85,85; ;6; ; ; ;REGIÓN COSTA; ; ;TOTAL NACIONAL;2,96808613151407
09085102007010003;GUAYAS;02;00701;0003;20; ; ;1; ; ;REGIÓN COSTA; ; ;TOTAL NACIONAL;27,8240894473911
09085102007010005;GUAYAS;02;00701;0005;22; ; ;1; ; ;REGIÓN COSTA; ; ;TOTAL NACIONAL;71,6312740457799
09085202008050009;GUAYAS;02;00805;0009;70; ; ;6; ; ;REGIÓN COSTA; ; ;TOTAL NACIONAL;8,12135395116766
09085102009780001;GUAYAS;02;00978;0001;61,1; ; ;1; ; ;REGIÓN COSTA; ; ;TOTAL NACIONAL;31,1853828688534
09085202011630003;GUAYAS;02;01163;0003;3,8; ;1;2; ; ;REGIÓN COSTA; ; ;TOTAL NACIONAL;137,090807815579
09045002020280003;GUAYAS;02;02028;0003;74,55; ;1; ; ; ;REGIÓN COSTA; ; ;TOTAL NACIONAL;24,8135926978468
09045002021070004;GUAYAS;02;02107;0004;30; ;1;1; ; ;REGIÓN COSTA; ; ;TOTAL NACIONAL;32,2284554477674
09045002022880001;GUAYAS;02;02288;0001;90; ;6; ; ; ;REGIÓN COSTA; ; ;TOTAL NACIONAL;22,8598379405106
09045002022880002;GUAYAS;02;02288;0002;30,03; ;1;1; ; ;REGIÓN COSTA; ; ;TOTAL NACIONAL;21,6812624321329
09045002024060003;GUAYAS;02;02406;0003;34; ;2; ; ; ;REGIÓN COSTA; ; ;TOTAL NACIONAL;13,3737012558162
09045002024060004;GUAYAS;02;02406;0004;18; ;1; ; ; ;REGIÓN COSTA; ; ;TOTAL NACIONAL;56,0946574518878
09045002025110002;GUAYAS;02;02511;0002;45; ;3;2; ; ;REGIÓN COSTA; ; ;TOTAL NACIONAL;61,2022144468892
09045002025160006;GUAYAS;02;02516;0006;63; ;4; ; ; ;REGIÓN COSTA; ; ;TOTAL NACIONAL;11,940956273838
09045002025160007;GUAYAS;02;02516;0007;3; ;1; ; ; ;REGIÓN COSTA; ; ;TOTAL NACIONAL;22,2201789827409
09045002025160009;GUAYAS;02;02516;0009;26,5; ; ;1; ; ;REGIÓN COSTA; ; ;TOTAL NACIONAL;,401363991629797
09045002025920001;GUAYAS;02;02592;0001;62; ;4; ; ; ;REGIÓN COSTA; ; ;TOTAL NACIONAL;49,2883206774485
09045002027770001;GUAYAS;02;02777;0001;100; ;2; ; ; ;REGIÓN COSTA; ; ;TOTAL NACIONAL;20,9629011004148
09045002027930005;GUAYAS;02;02793;0005;12; ;1; ; ; ;REGIÓN COSTA; ; ;TOTAL NACIONAL;45,4714331241869
09045002028350001;GUAYAS;02;02835;0001;50; ;2; ; ; ;REGIÓN COSTA; ; ;TOTAL NACIONAL;10,2507658752927
09045002028350003;GUAYAS;02;02835;0003;150; ;4; ; ; ;REGIÓN COSTA; ; ;TOTAL NACIONAL;4,24875400962944
09045002028350004;GUAYAS;02;02835;0004;150;1;3; ; ; ;REGIÓN COSTA; ; ;TOTAL NACIONAL;3,91939849790258
09055002034190003;GUAYAS;02;03419;0003;16; ;2; ; ; ;REGIÓN COSTA; ; ;TOTAL NACIONAL;70,5313130654252
09055002034190007;GUAYAS;02;03419;0007;14; ;1; ; ; ;REGIÓN COSTA; ; ;TOTAL NACIONAL;116,547710721902
09055002034450001;GUAYAS;02;03445;0001;176; ;4; ; ; ;REGIÓN COSTA; ; ;TOTAL NACIONAL;5,42813458042576
09055002034450004;GUAYAS;02;03445;0004;7,2; ;2; ; ; ;REGIÓN COSTA; ; ;TOTAL NACIONAL;95,6753239105753
09055002034450008;GUAYAS;02;03445;0008;1,8;0; ;1; ; ;REGIÓN COSTA; ; ;TOTAL NACIONAL;178,947941695125
09055002034450011;GUAYAS;02;03445;0011;27; ;1; ; ; ;REGIÓN COSTA; ; ;TOTAL NACIONAL;8,76960924409039
09055002034450014;GUAYAS;02;03445;0014;14; ;1; ; ; ;REGIÓN COSTA; ; ;TOTAL NACIONAL;,295886394923985
09055002036710001;GUAYAS;02;03671;0001;6; ;1; ; ; ;REGIÓN COSTA; ; ;TOTAL NACIONAL;189,822410909888
09055102039280001;GUAYAS;02;03928;0001;1000;5;100;50;50; ;REGIÓN COSTA; ; ;TOTAL NACIONAL;,965439471983184
09055102039280003;GUAYAS;02;03928;0003;6; ; ;1; ; ;REGIÓN COSTA; ; ;TOTAL NACIONAL;69,7022652566968
09055102039280005;GUAYAS;02;03928;0005;4,01; ;1; ; ; ;REGIÓN COSTA; ; ;TOTAL NACIONAL;27,9745157632518
09135002042230014;GUAYAS;02;04223;0014;1,6; ;1; ; ; ;REGIÓN COSTA; ; ;TOTAL NACIONAL;55,8291546553497
09145102044420010;GUAYAS;02;04442;0010;7,056; ;2; ; ; ;REGIÓN COSTA; ; ;TOTAL NACIONAL;14,5402408746798
09145102044420012;GUAYAS;02;04442;0012;2,1168; ;2; ; ; ;REGIÓN COSTA; ; ;TOTAL NACIONAL;51,4092666174088
09195302046090008;GUAYAS;02;04609;0008;2,25; ;2; ; ; ;REGIÓN COSTA; ; ;TOTAL NACIONAL;82,1328892611508
09145102047100001;GUAYAS;02;04710;0001;40; ;4; ; ; ;REGIÓN COSTA; ; ;TOTAL NACIONAL;37,9755393565188
09145102047100002;GUAYAS;02;04710;0002;24; ;1; ; ; ;REGIÓN COSTA; ; ;TOTAL NACIONAL;16,2394337496046
09145102047100005;GUAYAS;02;04710;0005;19; ; ;1; ; ;REGIÓN COSTA; ; ;TOTAL NACIONAL;,245899720095584
09145102047100006;GUAYAS;02;04710;0006;14; ;2; ; ; ;REGIÓN COSTA; ; ;TOTAL NACIONAL;18,9231476045483
09195102047690001;GUAYAS;02;04769;0001;180; ;10;4; ; ;REGIÓN COSTA; ; ;TOTAL NACIONAL;13,5816705866747
09145002048310001;GUAYAS;02;04831;0001;11; ;1;1; ; ;REGIÓN COSTA; ; ;TOTAL NACIONAL;22,1375057076167
09145002048310002;GUAYAS;02;04831;0002;2,75; ; ;1; ; ;REGIÓN COSTA; ; ;TOTAL NACIONAL;28,3511200010204
09145002048310003;GUAYAS;02;04831;0003;5; ;1; ; ; ;REGIÓN COSTA; ; ;TOTAL NACIONAL;24,9142165241961
09145002048310005;GUAYAS;02;04831;0005;52; ;1; ; ; ;REGIÓN COSTA; ; ;TOTAL NACIONAL;2,82120028542244
09145002048310006;GUAYAS;02;04831;0006;8; ;1; ; ; ;REGIÓN COSTA; ; ;TOTAL NACIONAL;54,083909984962
09145002048310007;GUAYAS;02;04831;0007;9,52; ; ;1; ; ;REGIÓN COSTA; ; ;TOTAL NACIONAL;47,2348247325854
09145002048310011;GUAYAS;02;04831;0011;3,5; ;1; ; ; ;REGIÓN COSTA; ; ;TOTAL NACIONAL;74,392630519183
09185002048630001;GUAYAS;02;04863;0001;7;2;10;2; ; ;REGIÓN COSTA; ; ;TOTAL NACIONAL;62,5273271988015
09195002050780002;GUAYAS;02;05078;0002;,7197; ;1; ; ; ;REGIÓN COSTA; ; ;TOTAL NACIONAL;39,9239165595873
09195002050780003;GUAYAS;02;05078;0003;2,1309; ;2; ; ; ;REGIÓN COSTA; ; ;TOTAL NACIONAL;42,4165886504558
09145002051280001;GUAYAS;02;05128;0001;35,4; ;3; ; ; ;REGIÓN COSTA; ; ;TOTAL NACIONAL;32,5689132078729
09065402053520005;GUAYAS;02;05352;0005;2; ;5; ; ; ;REGIÓN COSTA; ; ;TOTAL NACIONAL;89,6602472323447
09065402053520007;GUAYAS;02;05352;0007;,65; ;1; ; ; ;REGIÓN COSTA; ; ;TOTAL NACIONAL;101,209564468009
09195002053650005;GUAYAS;02;05365;0005;21,2033; ;1; ; ; ;REGIÓN COSTA; ; ;TOTAL NACIONAL;11,1955384366345
09195102053920014;GUAYAS;02;05392;0014;4,9392; ;1; ; ; ;REGIÓN COSTA; ; ;TOTAL NACIONAL;67,7423354889148
09195102055450002;GUAYAS;02;05545;0002;32; ;1; ; ; ;REGIÓN COSTA; ; ;TOTAL NACIONAL;76,4146086643863
09195102056770001;GUAYAS;02;05677;0001;4,04; ;1; ; ; ;REGIÓN COSTA; ; ;TOTAL NACIONAL;40,4441306913341
09195002056930001;GUAYAS;02;05693;0001;16,2288; ;1; ; ; ;REGIÓN COSTA; ; ;TOTAL NACIONAL;21,5423064287929
09195002056930003;GUAYAS;02;05693;0003;6,15; ;1; ; ; ;REGIÓN COSTA; ; ;TOTAL NACIONAL;42,1208460324629
09195002056930004;GUAYAS;02;05693;0004;10,1; ;1; ; ; ;REGIÓN COSTA; ; ;TOTAL NACIONAL;28,1685192687493
09195002056930007;GUAYAS;02;05693;0007;2,8; ;1; ; ; ;REGIÓN COSTA; ; ;TOTAL NACIONAL;41,382865217934
09195002056930008;GUAYAS;02;05693;0008;2,8; ;1; ; ; ;REGIÓN COSTA; ; ;TOTAL NACIONAL;35,9865764580499
09065302057880014;GUAYAS;02;05788;0014;6,77; ; ;1; ; ;REGIÓN COSTA; ; ;TOTAL NACIONAL;31,8557381456141
09195002058370006;GUAYAS;02;05837;0006;4; ;1; ; ; ;REGIÓN COSTA; ; ;TOTAL NACIONAL;50,5323031265465
09195002058370025;GUAYAS;02;05837;0025;67; ;7; ; ; ;REGIÓN COSTA; ; ;TOTAL NACIONAL;14,6747923574007
09145002060370005;GUAYAS;02;06037;0005;13; ; ;1; ; ;REGIÓN COSTA; ; ;TOTAL NACIONAL;14,6060419720774
09145202060380001;GUAYAS;02;06038;0001;7;1;1; ; ; ;REGIÓN COSTA; ; ;TOTAL NACIONAL;35,9526222815832
09145202063250001;GUAYAS;02;06325;0001;8; ;2; ; ; ;REGIÓN COSTA; ; ;TOTAL NACIONAL;11,7575055366355
09145202063250002;GUAYAS;02;06325;0002;30;1;14;2; ; ;REGIÓN COSTA; ; ;TOTAL NACIONAL;24,1871909286585
09065002065710017;GUAYAS;02;06571;0017;35,28; ;1; ; ; ;REGIÓN COSTA; ; ;TOTAL NACIONAL;5,54367858040267
09065202069590001;GUAYAS;02;06959;0001;18; ;2; ; ; ;REGIÓN COSTA; ; ;TOTAL NACIONAL;8,29777840619067
09065202069590002;GUAYAS;02;06959;0002;25; ;2; ; ; ;REGIÓN COSTA; ; ;TOTAL NACIONAL;59,450985110695
09065202069590003;GUAYAS;02;06959;0003;43; ;3;1; ; ;REGIÓN COSTA; ; ;TOTAL NACIONAL;2,81267399384943
09065202069590004;GUAYAS;02;06959;0004;45; ;2; ; ; ;REGIÓN COSTA; ; ;TOTAL NACIONAL;12,3823119642428
09065002069700003;GUAYAS;02;06970;0003;5; ;1; ; ; ;REGIÓN COSTA; ; ;TOTAL NACIONAL;29,389955537053
09285002071440003;GUAYAS;02;07144;0003;13; ;1; ; ; ;REGIÓN COSTA; ; ;TOTAL NACIONAL;29,1956994561195
09065602072900006;GUAYAS;02;07290;0006;26; ; ;1; ; ;REGIÓN COSTA; ; ;TOTAL NACIONAL;5,16725081236507
09065602074350003;GUAYAS;02;07435;0003;4,2; ;1; ; ; ;REGIÓN COSTA; ; ;TOTAL NACIONAL;57,5376381045999
09065602074350005;GUAYAS;02;07435;0005;1,75; ; ; ;5; ;REGIÓN COSTA; ; ;TOTAL NACIONAL;79,4013360915644
09065602074350009;GUAYAS;02;07435;0009;2,25; ; ; ;15; ;REGIÓN COSTA; ; ;TOTAL NACIONAL;58,8039833200603
09065602074350022;GUAYAS;02;07435;0022;1,764; ;1; ; ; ;REGIÓN COSTA; ; ;TOTAL NACIONAL;5,80025218404427
09025002075490013;GUAYAS;02;07549;0013;,5; ;1; ; ; ;REGIÓN COSTA; ; ;TOTAL NACIONAL;148,40539630781
09065602078790006;GUAYAS;02;07879;0006;80; ;1; ; ; ;REGIÓN COSTA; ; ;TOTAL NACIONAL;13,5325985952329
09255002081400002;GUAYAS;02;08140;0002;720; ;2; ; ; ;REGIÓN COSTA; ; ;TOTAL NACIONAL;3,18094043198744
09205002081670001;GUAYAS;02;08167;0001;35; ;2; ; ; ;REGIÓN COSTA; ; ;TOTAL NACIONAL;,0771816385907405
09205002081670002;GUAYAS;02;08167;0002;30; ;1; ; ; ;REGIÓN COSTA; ; ;TOTAL NACIONAL;4,86379729505158
09205502090350002;GUAYAS;02;09035;0002;20,4624; ;1; ; ; ;REGIÓN COSTA; ; ;TOTAL NACIONAL;7,26086159429859
09205502090350006;GUAYAS;02;09035;0006;150; ;2; ; ; ;REGIÓN COSTA; ; ;TOTAL NACIONAL;9,35057808299879
09205502091220002;GUAYAS;02;09122;0002;150; ;2; ; ; ;REGIÓN COSTA; ; ;TOTAL NACIONAL;1,8952831497449
09075002097210002;GUAYAS;02;09721;0002;80; ;14;1; ; ;REGIÓN COSTA; ; ;TOTAL NACIONAL;9,06238957394869
09015002110160004;GUAYAS;02;11016;0004;60; ;3; ; ; ;REGIÓN COSTA; ; ;TOTAL NACIONAL;10,0855187971351
09115402117500001;GUAYAS;02;11750;0001;12; ;1; ; ; ;REGIÓN COSTA; ; ;TOTAL NACIONAL;,0897067290637993
09075002119400004;GUAYAS;02;11940;0004;3; ;2; ; ; ;REGIÓN COSTA; ; ;TOTAL NACIONAL;39,085052595118
09115402121380002;GUAYAS;02;12138;0002;106; ;4;5; ; ;REGIÓN COSTA; ; ;TOTAL NACIONAL;8,84695490410397
09035002151810005;GUAYAS;02;15181;0005;930; ;7;5; ; ;REGIÓN COSTA; ; ;TOTAL NACIONAL;0
09035002156420001;GUAYAS;02;15642;0001;600; ;5;3; ; ;REGIÓN COSTA; ; ;TOTAL NACIONAL;4,06218022091052
09035002156540005;GUAYAS;02;15654;0005;684,18; ;3; ; ; ;REGIÓN COSTA; ; ;TOTAL NACIONAL;0
09045003002380001;GUAYAS;03;00238;0001;3,15; ;1; ; ; ;REGIÓN COSTA; ; ;TOTAL NACIONAL;56,6387722791116
09135003004240001;GUAYAS;03;00424;0001;300; ; ;6; ; ;REGIÓN COSTA; ; ;TOTAL NACIONAL;24,7862242838331
09185003005140010;GUAYAS;03;00514;0010;4; ;1; ; ; ;REGIÓN COSTA; ; ;TOTAL NACIONAL;74,705902126559
09185003005140022;GUAYAS;03;00514;0022;20; ;3; ; ; ;REGIÓN COSTA; ; ;TOTAL NACIONAL;62,686407805596
09185003005150024;GUAYAS;03;00515;0024;10,63; ;4; ; ; ;REGIÓN COSTA; ; ;TOTAL NACIONAL;68,0471001824811
09185003005150032;GUAYAS;03;00515;0032;400; ;5; ; ; ;REGIÓN COSTA; ; ;TOTAL NACIONAL;6,70326141997474
09145003005290001;GUAYAS;03;00529;0001;30; ;1; ; ; ;REGIÓN COSTA; ; ;TOTAL NACIONAL;79,1961470611506
09145003005290007;GUAYAS;03;00529;0007;300; ;5; ; ; ;REGIÓN COSTA; ; ;TOTAL NACIONAL;6,71854203035188
09145003005290008;GUAYAS;03;00529;0008;50; ;2; ;11; ;REGIÓN COSTA; ; ;TOTAL NACIONAL;42,1509374707941
09145003005290010;GUAYAS;03;00529;0010;50; ;2; ; ; ;REGIÓN COSTA; ; ;TOTAL NACIONAL;16,0800451517255
09015803016200001;GUAYAS;03;01620;0001;1000; ;3; ; ; ;REGIÓN COSTA; ; ;TOTAL NACIONAL;5,18244457248813
09055004000150001;GUAYAS;04;00015;0001;20; ;6; ; ; ;REGIÓN COSTA; ; ;TOTAL NACIONAL;22,9437910380603
09055004000150004;GUAYAS;04;00015;0004;16; ;3; ; ; ;REGIÓN COSTA; ; ;TOTAL NACIONAL;44,9279919137108
09055004000150009;GUAYAS;04;00015;0009;12; ;1; ; ; ;REGIÓN COSTA; ; ;TOTAL NACIONAL;27,9641536737016
09055004000150013;GUAYAS;04;00015;0013;9; ;1; ; ; ;REGIÓN COSTA; ; ;TOTAL NACIONAL;32,1227709364191
09055004000150016;GUAYAS;04;00015;0016;16,5; ;1; ; ; ;REGIÓN COSTA; ; ;TOTAL NACIONAL;30,8027762925654
09055004000150017;GUAYAS;04;00015;0017;10; ;1; ; ; ;REGIÓN COSTA; ; ;TOTAL NACIONAL;12,4323576164851
09055004000150021;GUAYAS;04;00015;0021;1; ;1; ; ; ;REGIÓN COSTA; ; ;TOTAL NACIONAL;37,798897113126
09055004000150025;GUAYAS;04;00015;0025;20; ;2; ; ; ;REGIÓN COSTA; ; ;TOTAL NACIONAL;29,2067465969639
09055004000150026;GUAYAS;04;00015;0026;21; ;1; ; ; ;REGIÓN COSTA; ; ;TOTAL NACIONAL;36,9208072322957
09055104000380003;GUAYAS;04;00038;0003;12; ; ; ;12; ;REGIÓN COSTA; ; ;TOTAL NACIONAL;38,5244838448713
09055104000380009;GUAYAS;04;00038;0009;16,05; ;2; ;4; ;REGIÓN COSTA; ; ;TOTAL NACIONAL;48,0473439320033
09055104000380010;GUAYAS;04;00038;0010;25; ;2; ; ; ;REGIÓN COSTA; ; ;TOTAL NACIONAL;27,6662322751931
09055104000380014;GUAYAS;04;00038;0014;11,52; ;2; ; ; ;REGIÓN COSTA; ; ;TOTAL NACIONAL;39,7742004204638
09145204001280001;GUAYAS;04;00128;0001;50; ;2; ; ; ;REGIÓN COSTA; ; ;TOTAL NACIONAL;11,4878483524368
09015004001720001;GUAYAS;04;00172;0001;5,1; ;2; ; ; ;REGIÓN COSTA; ; ;TOTAL NACIONAL;25,1632207374467
09075004001760003;GUAYAS;04;00176;0003;100; ;6; ; ; ;REGIÓN COSTA; ; ;TOTAL NACIONAL;27,1158668746521
09015004001870008;GUAYAS;04;00187;0008;200; ;6; ; ; ;REGIÓN COSTA; ; ;TOTAL NACIONAL;27,4393298727678
09015004002010011;GUAYAS;04;00201;0011;1,07; ; ; ;30; ;REGIÓN COSTA; ; ;TOTAL NACIONAL;60,2218511004503
09015304002410009;GUAYAS;04;00241;0009;30; ;3; ; ; ;REGIÓN COSTA; ; ;TOTAL NACIONAL;30,5991096305717
09135051000993349;GUAYAS;51;00099;3349;360; ;1;1; ; ;REGIÓN COSTA; ; ;TOTAL NACIONAL;1
09165151000993379;GUAYAS;51;00099;3379;83; ;1; ; ; ;REGIÓN COSTA; ; ;TOTAL NACIONAL;1
09195251000993405;GUAYAS;51;00099;3405;217; ;12; ; ; ;REGIÓN COSTA; ; ;TOTAL NACIONAL;1
09115054000992194;GUAYAS;54;00099;2194;605; ;2;5; ; ;REGIÓN COSTA; ; ;TOTAL NACIONAL;1
09115054000992232;GUAYAS;54;00099;2232;812,83; ;52;6; ; ;REGIÓN COSTA; ; ;TOTAL NACIONAL;1
09035054000994055;GUAYAS;54;00099;4055;13; ;1; ; ; ;REGIÓN COSTA; ; ;TOTAL NACIONAL;1
09035054000994102;GUAYAS;54;00099;4102;80; ;4; ; ; ;REGIÓN COSTA; ; ;TOTAL NACIONAL;1
09015255000993982;GUAYAS;55;00099;3982;673; ;1; ;100; ;REGIÓN COSTA; ; ;TOTAL NACIONAL;1
09035061000992337;GUAYAS;61;00099;2337;1450; ;2;3; ; ;REGIÓN COSTA; ; ;TOTAL NACIONAL;1
09035061000992344;GUAYAS;61;00099;2344;684,18; ;3; ; ; ;REGIÓN COSTA; ; ;TOTAL NACIONAL;1
09035061000992350;GUAYAS;61;00099;2350;300;1;50;1; ; ;REGIÓN COSTA; ; ;TOTAL NACIONAL;1
09035061000992421;GUAYAS;61;00099;2421;895; ;2;3; ; ;REGIÓN COSTA; ; ;TOTAL NACIONAL;1
09045061000992478;GUAYAS;61;00099;2478;355; ;2;4; ; ;REGIÓN COSTA; ; ;TOTAL NACIONAL;1
09045061000992551;GUAYAS;61;00099;2551;170; ;3;3; ; ;REGIÓN COSTA; ; ;TOTAL NACIONAL;1
09085261000992568;GUAYAS;61;00099;2568;63; ;1;2; ; ;REGIÓN COSTA; ; ;TOTAL NACIONAL;1
09195161000992599;GUAYAS;61;00099;2599;180; ;10; ; ; ;REGIÓN COSTA; ; ;TOTAL NACIONAL;1
09085261000992857;GUAYAS;61;00099;2857;87; ;1;1; ; ;REGIÓN COSTA; ; ;TOTAL NACIONAL;1
09085061000992903;GUAYAS;61;00099;2903;76;1;4;3; ; ;REGIÓN COSTA; ; ;TOTAL NACIONAL;1
09085261000992914;GUAYAS;61;00099;2914;120; ;2;1; ; ;REGIÓN COSTA; ; ;TOTAL NACIONAL;1
09085261000992951;GUAYAS;61;00099;2951;196; ;1;1; ; ;REGIÓN COSTA; ; ;TOTAL NACIONAL;1
09015861000993260;GUAYAS;61;00099;3260;95; ;3;2; ; ;REGIÓN COSTA; ; ;TOTAL NACIONAL;1
10065201004140001;IMBABURA;01;00414;0001;12; ;1; ; ;REGIÓN SIERRA; ; ; ;TOTAL NACIONAL;57,7889336272758
10015501004750001;IMBABURA;01;00475;0001;72,06; ;2; ; ;REGIÓN SIERRA; ; ; ;TOTAL NACIONAL;10,2269745091527
10015501004950001;IMBABURA;01;00495;0001;15; ;1; ; ;REGIÓN SIERRA; ; ; ;TOTAL NACIONAL;49,1303855419695
10015301007740001;IMBABURA;01;00774;0001;94; ;6;1; ;REGIÓN SIERRA; ; ; ;TOTAL NACIONAL;6,27189442325066
10015301009530001;IMBABURA;01;00953;0001;15,04; ;1; ; ;REGIÓN SIERRA; ; ; ;TOTAL NACIONAL;37,8212502529869
10065201014450001;IMBABURA;01;01445;0001;15;1; ;1; ;REGIÓN SIERRA; ; ; ;TOTAL NACIONAL;27,5496999247076
10065201014450002;IMBABURA;01;01445;0002;15; ; ;2; ;REGIÓN SIERRA; ; ; ;TOTAL NACIONAL;5,30215120768935
10015301015400001;IMBABURA;01;01540;0001;22; ;2; ; ;REGIÓN SIERRA; ; ; ;TOTAL NACIONAL;26,7983921138015
10015301017750002;IMBABURA;01;01775;0002;4,75; ;5; ; ;REGIÓN SIERRA; ; ; ;TOTAL NACIONAL;13,6751411378013
10065201018410001;IMBABURA;01;01841;0001;90; ; ;2; ;REGIÓN SIERRA; ; ; ;TOTAL NACIONAL;6,5507180722626
10015301021010001;IMBABURA;01;02101;0001;391,5; ; ; ;274;REGIÓN SIERRA; ; ; ;TOTAL NACIONAL;1,50591220052014
10065201021160002;IMBABURA;01;02116;0002;9; ;2; ; ;REGIÓN SIERRA; ; ; ;TOTAL NACIONAL;13,8977123190869
10065201021160003;IMBABURA;01;02116;0003;50; ;3; ; ;REGIÓN SIERRA; ; ; ;TOTAL NACIONAL;7,76967569114923
10065201022470001;IMBABURA;01;02247;0001;30,03; ;2; ; ;REGIÓN SIERRA; ; ; ;TOTAL NACIONAL;19,6323035559628
10065201024170001;IMBABURA;01;02417;0001;60; ;1; ; ;REGIÓN SIERRA; ; ; ;TOTAL NACIONAL;9,44515285249183
10015301024480001;IMBABURA;01;02448;0001;13; ;3; ; ;REGIÓN SIERRA; ; ; ;TOTAL NACIONAL;42,3806264205882
10065201026130001;IMBABURA;01;02613;0001;30; ;1;1; ;REGIÓN SIERRA; ; ; ;TOTAL NACIONAL;19,6521542167878
10015601027980001;IMBABURA;01;02798;0001;3007;110;36; ; ;REGIÓN SIERRA; ; ; ;TOTAL NACIONAL;,196064059362698
10015601027990001;IMBABURA;01;02799;0001;3007;110;36; ; ;REGIÓN SIERRA; ; ; ;TOTAL NACIONAL;,196064059362698
10065101028900001;IMBABURA;01;02890;0001;200; ;8; ; ;REGIÓN SIERRA; ; ; ;TOTAL NACIONAL;2,94782313251817
10065101030450002;IMBABURA;01;03045;0002;3,05;1;1; ; ;REGIÓN SIERRA; ; ; ;TOTAL NACIONAL;34,6049736328836
10065101030450003;IMBABURA;01;03045;0003;4; ;1; ; ;REGIÓN SIERRA; ; ; ;TOTAL NACIONAL;46,2857362190895
10065101030450006;IMBABURA;01;03045;0006;5; ;1; ; ;REGIÓN SIERRA; ; ; ;TOTAL NACIONAL;,0877796221683188
10065101030450011;IMBABURA;01;03045;0011;15,5;2;2; ; ;REGIÓN SIERRA; ; ; ;TOTAL NACIONAL;3,86999518630378
10015601031200001;IMBABURA;01;03120;0001;3007;110;36; ; ;REGIÓN SIERRA; ; ; ;TOTAL NACIONAL;,196064059362698
10015601031270001;IMBABURA;01;03127;0001;3007;110;36; ; ;REGIÓN SIERRA; ; ; ;TOTAL NACIONAL;,196064059362698
10065301034510005;IMBABURA;01;03451;0005;1,7;1; ; ; ;REGIÓN SIERRA; ; ; ;TOTAL NACIONAL;24,8426349481629
10065301035140003;IMBABURA;01;03514;0003;,95; ;1; ; ;REGIÓN SIERRA; ; ; ;TOTAL NACIONAL;64,3694244258646
10065301035140007;IMBABURA;01;03514;0007;,86; ;3; ; ;REGIÓN SIERRA; ; ; ;TOTAL NACIONAL;76,8109779542977
10065301035140008;IMBABURA;01;03514;0008;10; ;2; ; ;REGIÓN SIERRA; ; ; ;TOTAL NACIONAL;8,86181140815685
10015601035860001;IMBABURA;01;03586;0001;108; ;3; ; ;REGIÓN SIERRA; ; ; ;TOTAL NACIONAL;5,43523765575281
10065501037690002;IMBABURA;01;03769;0002;35; ;72; ; ;REGIÓN SIERRA; ; ; ;TOTAL NACIONAL;5,0957567975697
10065501037690003;IMBABURA;01;03769;0003;18; ;2; ; ;REGIÓN SIERRA; ; ; ;TOTAL NACIONAL;19,3846665621704
10015601041290001;IMBABURA;01;04129;0001;61; ;7; ; ;REGIÓN SIERRA; ; ; ;TOTAL NACIONAL;8,79299665175183
10065301043750001;IMBABURA;01;04375;0001;1,62;1; ; ; ;REGIÓN SIERRA; ; ; ;TOTAL NACIONAL;29,1951756060099
10065301043750004;IMBABURA;01;04375;0004;15,4;1; ; ; ;REGIÓN SIERRA; ; ; ;TOTAL NACIONAL;12,6007741204308
10065301043750006;IMBABURA;01;04375;0006;71,64; ;24; ; ;REGIÓN SIERRA; ; ; ;TOTAL NACIONAL;,159470300363288
10035701044190003;IMBABURA;01;04419;0003;60,02; ;1; ; ;REGIÓN SIERRA; ; ; ;TOTAL NACIONAL;5,21885514930658
10065301044370001;IMBABURA;01;04437;0001;71,64; ;24; ; ;REGIÓN SIERRA; ; ; ;TOTAL NACIONAL;5,83026709946309
10065301044370003;IMBABURA;01;04437;0003;15,4;1; ; ; ;REGIÓN SIERRA; ; ; ;TOTAL NACIONAL;2,06517767797629
10035701045830001;IMBABURA;01;04583;0001;60; ;1; ; ;REGIÓN SIERRA; ; ; ;TOTAL NACIONAL;6,615570181178
10065501051020005;IMBABURA;01;05102;0005;6,5; ;1; ; ;REGIÓN SIERRA; ; ; ;TOTAL NACIONAL;3,10504036625247
10065501051830003;IMBABURA;01;05183;0003;7,5; ;1; ; ;REGIÓN SIERRA; ; ; ;TOTAL NACIONAL;28,1156819661511
10065501051830006;IMBABURA;01;05183;0006;3; ;3; ; ;REGIÓN SIERRA; ; ; ;TOTAL NACIONAL;24,2507583035161
10035701052980002;IMBABURA;01;05298;0002;2,77; ; ;2; ;REGIÓN SIERRA; ; ; ;TOTAL NACIONAL;20,1416844120796
10035701053070001;IMBABURA;01;05307;0001;15; ;1; ; ;REGIÓN SIERRA; ; ; ;TOTAL NACIONAL;1,84031506376764
10035701053070003;IMBABURA;01;05307;0003;12; ;2; ; ;REGIÓN SIERRA; ; ; ;TOTAL NACIONAL;22,699875799908
10035701056420001;IMBABURA;01;05642;0001;22,02; ;1; ; ;REGIÓN SIERRA; ; ; ;TOTAL NACIONAL;26,7740520664684
10065001059780007;IMBABURA;01;05978;0007;2; ;2; ; ;REGIÓN SIERRA; ; ; ;TOTAL NACIONAL;1,91608503613681
10035101060050001;IMBABURA;01;06005;0001;60; ;2; ; ;REGIÓN SIERRA; ; ; ;TOTAL NACIONAL;2,37649133798233
10035401064630002;IMBABURA;01;06463;0002;11; ;2; ; ;REGIÓN SIERRA; ; ; ;TOTAL NACIONAL;13,4325451670868
10065401067330002;IMBABURA;01;06733;0002;267; ;12; ; ;REGIÓN SIERRA; ; ; ;TOTAL NACIONAL;,449325283803061
10065401069720003;IMBABURA;01;06972;0003;267; ;12; ; ;REGIÓN SIERRA; ; ; ;TOTAL NACIONAL;,463923325949114
10035101071330001;IMBABURA;01;07133;0001;500; ;4;2; ;REGIÓN SIERRA; ; ; ;TOTAL NACIONAL;,234358489753267
10035401071630002;IMBABURA;01;07163;0002;500,08; ;3; ; ;REGIÓN SIERRA; ; ; ;TOTAL NACIONAL;,0506813474275796
10035401071630003;IMBABURA;01;07163;0003;7,04; ; ;2; ;REGIÓN SIERRA; ; ; ;TOTAL NACIONAL;8,26469856787449
10025101074430001;IMBABURA;01;07443;0001;10,8; ;26; ; ;REGIÓN SIERRA; ; ; ;TOTAL NACIONAL;35,501859211815
10055001074860001;IMBABURA;01;07486;0001;8,18; ;1; ; ;REGIÓN SIERRA; ; ; ;TOTAL NACIONAL;3,80630354492227
10055001074860002;IMBABURA;01;07486;0002;,65; ;1; ; ;REGIÓN SIERRA; ; ; ;TOTAL NACIONAL;10,6121632770654
10055001074860003;IMBABURA;01;07486;0003;2,05; ;1; ; ;REGIÓN SIERRA; ; ; ;TOTAL NACIONAL;14,43075259236
10035101077630001;IMBABURA;01;07763;0001;11,6; ;1; ; ;REGIÓN SIERRA; ; ; ;TOTAL NACIONAL;10,6048219550879
10035301078410001;IMBABURA;01;07841;0001;18;2;2; ; ;REGIÓN SIERRA; ; ; ;TOTAL NACIONAL;3,2911893099538
10035101079710001;IMBABURA;01;07971;0001;14,5; ; ;1; ;REGIÓN SIERRA; ; ; ;TOTAL NACIONAL;40,6596294140437
10015701083170006;IMBABURA;01;08317;0006;7; ;2; ; ;REGIÓN SIERRA; ; ; ;TOTAL NACIONAL;7,01488323852578
10055001084680001;IMBABURA;01;08468;0001;5; ;2; ; ;REGIÓN SIERRA; ; ; ;TOTAL NACIONAL;2,1853195489068
10055001084680004;IMBABURA;01;08468;0004;1; ; ; ;3;REGIÓN SIERRA; ; ; ;TOTAL NACIONAL;38,3020485685194
10055001084680005;IMBABURA;01;08468;0005;5; ;2; ; ;REGIÓN SIERRA; ; ; ;TOTAL NACIONAL;50,2518684759409
10055001084680007;IMBABURA;01;08468;0007;4,15; ;1; ; ;REGIÓN SIERRA; ; ; ;TOTAL NACIONAL;37,0628579124641
10055001084680009;IMBABURA;01;08468;0009;1,78; ;2; ; ;REGIÓN SIERRA; ; ; ;TOTAL NACIONAL;2,0240982807553
10035401087990001;IMBABURA;01;08799;0001;8,59; ;1; ; ;REGIÓN SIERRA; ; ; ;TOTAL NACIONAL;13,6247691220677
10035401087990004;IMBABURA;01;08799;0004;7;1; ; ; ;REGIÓN SIERRA; ; ; ;TOTAL NACIONAL;11,5444708312785
10035401087990005;IMBABURA;01;08799;0005;23; ;2; ; ;REGIÓN SIERRA; ; ; ;TOTAL NACIONAL;2,26996621895361
10055001091350006;IMBABURA;01;09135;0006;5,01; ;1; ; ;REGIÓN SIERRA; ; ; ;TOTAL NACIONAL;53,1994144124049
10055001094080001;IMBABURA;01;09408;0001;70; ;1; ; ;REGIÓN SIERRA; ; ; ;TOTAL NACIONAL;6,03311776286711
10055001096400001;IMBABURA;01;09640;0001;12; ;1; ; ;REGIÓN SIERRA; ; ; ;TOTAL NACIONAL;12,6707264312739
10035201097800001;IMBABURA;01;09780;0001;24; ;1; ; ;REGIÓN SIERRA; ; ; ;TOTAL NACIONAL;4,16380017468192
10015001100770007;IMBABURA;01;10077;0007;5,76; ;1; ; ;REGIÓN SIERRA; ; ; ;TOTAL NACIONAL;4,67136709753796
10035001101150012;IMBABURA;01;10115;0012;2,36; ;1; ; ;REGIÓN SIERRA; ; ; ;TOTAL NACIONAL;6,23150935263963
10015701103080001;IMBABURA;01;10308;0001;5,9; ; ;1; ;REGIÓN SIERRA; ; ; ;TOTAL NACIONAL;45,9627417290406
10055201104700004;IMBABURA;01;10470;0004;,35; ;2; ; ;REGIÓN SIERRA; ; ; ;TOTAL NACIONAL;68,0683998776946
10015701105040001;IMBABURA;01;10504;0001;1;1; ; ; ;REGIÓN SIERRA; ; ; ;TOTAL NACIONAL;56,2161390217978
10015701105040002;IMBABURA;01;10504;0002;2,13; ;2; ; ;REGIÓN SIERRA; ; ; ;TOTAL NACIONAL;42,6426155337083
10015701105040003;IMBABURA;01;10504;0003;4; ; ;1; ;REGIÓN SIERRA; ; ; ;TOTAL NACIONAL;16,7854938802016
10035601105960004;IMBABURA;01;10596;0004;3; ;2; ; ;REGIÓN SIERRA; ; ; ;TOTAL NACIONAL;7,80634582296185
10035201107850002;IMBABURA;01;10785;0002;44,01; ;1; ; ;REGIÓN SIERRA; ; ; ;TOTAL NACIONAL;1,11204170876738
10035601108030006;IMBABURA;01;10803;0006;3,32;1; ; ; ;REGIÓN SIERRA; ; ; ;TOTAL NACIONAL;9,90913469126179
10035201109410001;IMBABURA;01;10941;0001;44,01; ;1; ; ;REGIÓN SIERRA; ; ; ;TOTAL NACIONAL;15,43024646838
10025401110580001;IMBABURA;01;11058;0001;79; ; ;2; ;REGIÓN SIERRA; ; ; ;TOTAL NACIONAL;9,30002652809316
10015401113050001;IMBABURA;01;11305;0001;9;1;4; ; ;REGIÓN SIERRA; ; ; ;TOTAL NACIONAL;2,94969285836958
10015401113050002;IMBABURA;01;11305;0002;62; ;5;1; ;REGIÓN SIERRA; ; ; ;TOTAL NACIONAL;8,87846665893751
10045001114500011;IMBABURA;01;11450;0011;8; ;3; ; ;REGIÓN SIERRA; ; ; ;TOTAL NACIONAL;9,79031359329143
10015201114720001;IMBABURA;01;11472;0001;62; ;5;1; ;REGIÓN SIERRA; ; ; ;TOTAL NACIONAL;9,48013237517392
10035201117840002;IMBABURA;01;11784;0002;4,82; ;1; ; ;REGIÓN SIERRA; ; ; ;TOTAL NACIONAL;40,6961957529307
10035201118060001;IMBABURA;01;11806;0001;77; ;1; ; ;REGIÓN SIERRA; ; ; ;TOTAL NACIONAL;1,78584557892835
10035201118060003;IMBABURA;01;11806;0003;82; ;4; ; ;REGIÓN SIERRA; ; ; ;TOTAL NACIONAL;5,09863343803336
10045501118450001;IMBABURA;01;11845;0001;30;1;1; ; ;REGIÓN SIERRA; ; ; ;TOTAL NACIONAL;14,3041600022588
10045501118450002;IMBABURA;01;11845;0002;60;1;4; ; ;REGIÓN SIERRA; ; ; ;TOTAL NACIONAL;2,15512614744346
10045501121150005;IMBABURA;01;12115;0005;7,55;1;6; ; ;REGIÓN SIERRA; ; ; ;TOTAL NACIONAL;23,1709579268078
10035201126610003;IMBABURA;01;12661;0003;1,5; ;1; ; ;REGIÓN SIERRA; ; ; ;TOTAL NACIONAL;66,1123041392503
10035201126610004;IMBABURA;01;12661;0004;20; ;1; ; ;REGIÓN SIERRA; ; ; ;TOTAL NACIONAL;7,494614444867
10045501127820004;IMBABURA;01;12782;0004;25; ;1; ; ;REGIÓN SIERRA; ; ; ;TOTAL NACIONAL;,104490964724531
10045901128070001;IMBABURA;01;12807;0001;48; ; ;2; ;REGIÓN SIERRA; ; ; ;TOTAL NACIONAL;5,08141738350494
10045901128070003;IMBABURA;01;12807;0003;30,51; ;2; ; ;REGIÓN SIERRA; ; ; ;TOTAL NACIONAL;,133567604859283
10045901128070005;IMBABURA;01;12807;0005;34,02; ;2;1; ;REGIÓN SIERRA; ; ; ;TOTAL NACIONAL;5,18538716038183
10035201128120002;IMBABURA;01;12812;0002;8; ; ;3; ;REGIÓN SIERRA; ; ; ;TOTAL NACIONAL;34,2689547513367
10035201131280001;IMBABURA;01;13128;0001;2,5; ; ;1; ;REGIÓN SIERRA; ; ; ;TOTAL NACIONAL;21,802692858303
10045901134740001;IMBABURA;01;13474;0001;14,75; ;2; ; ;REGIÓN SIERRA; ; ; ;TOTAL NACIONAL;22,6524014289681
10035201135510002;IMBABURA;01;13551;0002;11; ;2; ; ;REGIÓN SIERRA; ; ; ;TOTAL NACIONAL;24,8088860394545
10035201135510004;IMBABURA;01;13551;0004;87,03; ;15; ; ;REGIÓN SIERRA; ; ; ;TOTAL NACIONAL;,676030608126007
10015201137860001;IMBABURA;01;13786;0001;7; ;2; ; ;REGIÓN SIERRA; ; ; ;TOTAL NACIONAL;10,9426296897681
10045701138090002;IMBABURA;01;13809;0002;,7;1; ; ; ;REGIÓN SIERRA; ; ; ;TOTAL NACIONAL;63,0211130994829
10045301139620001;IMBABURA;01;13962;0001;35; ;20; ; ;REGIÓN SIERRA; ; ; ;TOTAL NACIONAL;9,16945533659449
10035202000700002;IMBABURA;02;00070;0002;90; ;4; ; ;REGIÓN SIERRA; ; ; ;TOTAL NACIONAL;1,28435519806053
10035202000730001;IMBABURA;02;00073;0001;80; ; ;3; ;REGIÓN SIERRA; ; ; ;TOTAL NACIONAL;1,98453753589483
10035202000960003;IMBABURA;02;00096;0003;24; ; ;1; ;REGIÓN SIERRA; ; ; ;TOTAL NACIONAL;5,78112806073458
10015503000060001;IMBABURA;03;00006;0001;21,28; ;1; ; ;REGIÓN SIERRA; ; ; ;TOTAL NACIONAL;59,4800750070017
10015503000060002;IMBABURA;03;00006;0002;12; ;1; ; ;REGIÓN SIERRA; ; ; ;TOTAL NACIONAL;56,13399795859
10015503000060004;IMBABURA;03;00006;0004;5; ;1; ; ;REGIÓN SIERRA; ; ; ;TOTAL NACIONAL;59,3524705856921
10015503000060005;IMBABURA;03;00006;0005;39,84; ;1; ; ;REGIÓN SIERRA; ; ; ;TOTAL NACIONAL;16,2646116295719
10015503000150003;IMBABURA;03;00015;0003;98; ;2; ; ;REGIÓN SIERRA; ; ; ;TOTAL NACIONAL;1,53730385809774
10015503000170003;IMBABURA;03;00017;0003;15,1; ;3; ; ;REGIÓN SIERRA; ; ; ;TOTAL NACIONAL;69,8480303274053
10065203001090001;IMBABURA;03;00109;0001;90; ; ;2; ;REGIÓN SIERRA; ; ; ;TOTAL NACIONAL;24,8632876152033
10015603001790001;IMBABURA;03;00179;0001;3007;110;36; ; ;REGIÓN SIERRA; ; ; ;TOTAL NACIONAL;,458740546460472
10015103004370002;IMBABURA;03;00437;0002;13,05; ;1; ; ;REGIÓN SIERRA; ; ; ;TOTAL NACIONAL;57,6622972157983
10015103004370006;IMBABURA;03;00437;0006;12,5; ;1; ; ;REGIÓN SIERRA; ; ; ;TOTAL NACIONAL;56,0867118006626
10015103004370007;IMBABURA;03;00437;0007;40,83; ;3; ; ;REGIÓN SIERRA; ; ; ;TOTAL NACIONAL;35,2247794160863
10015103004380004;IMBABURA;03;00438;0004;2,5; ; ;1; ;REGIÓN SIERRA; ; ; ;TOTAL NACIONAL;70,9425365605559
10015103004380005;IMBABURA;03;00438;0005;7; ;1; ; ;REGIÓN SIERRA; ; ; ;TOTAL NACIONAL;68,2608641523137
10015103004380011;IMBABURA;03;00438;0011;7; ;2; ; ;REGIÓN SIERRA; ; ; ;TOTAL NACIONAL;21,6338977593939
10015103004380012;IMBABURA;03;00438;0012;2,3; ; ;1; ;REGIÓN SIERRA; ; ; ;TOTAL NACIONAL;106,552917259541
10015103004380016;IMBABURA;03;00438;0016;40,83; ;3; ; ;REGIÓN SIERRA; ; ; ;TOTAL NACIONAL;53,47238781313
10015103004380018;IMBABURA;03;00438;0018;5; ;1; ; ;REGIÓN SIERRA; ; ; ;TOTAL NACIONAL;21,1093351522163
10015103004380019;IMBABURA;03;00438;0019;3; ;1; ; ;REGIÓN SIERRA; ; ; ;TOTAL NACIONAL;55,4698277458403
10015103004380020;IMBABURA;03;00438;0020;14; ;1; ; ;REGIÓN SIERRA; ; ; ;TOTAL NACIONAL;61,5320557792584
10015103004380021;IMBABURA;03;00438;0021;13,25; ;1; ; ;REGIÓN SIERRA; ; ; ;TOTAL NACIONAL;42,5182411369664
10015103004380028;IMBABURA;03;00438;0028;13,05; ;1; ; ;REGIÓN SIERRA; ; ; ;TOTAL NACIONAL;15,9564485185835
10045003006520001;IMBABURA;03;00652;0001;156; ;10; ; ;REGIÓN SIERRA; ; ; ;TOTAL NACIONAL;22,5484616507359
10045003006520003;IMBABURA;03;00652;0003;33; ;2; ; ;REGIÓN SIERRA; ; ; ;TOTAL NACIONAL;75,4827235941709
10045003006520006;IMBABURA;03;00652;0006;12; ;1; ; ;REGIÓN SIERRA; ; ; ;TOTAL NACIONAL;68,0918680374406
10045003006520007;IMBABURA;03;00652;0007;34,1;2;2; ; ;REGIÓN SIERRA; ; ; ;TOTAL NACIONAL;39,7887550283123
10015504000020005;IMBABURA;04;00002;0005;30,56; ;1; ; ;REGIÓN SIERRA; ; ; ;TOTAL NACIONAL;11,9487176431995
10015504000020006;IMBABURA;04;00002;0006;33; ;2; ; ;REGIÓN SIERRA; ; ; ;TOTAL NACIONAL;5,90703216700682
10015504000020009;IMBABURA;04;00002;0009;7; ;2; ; ;REGIÓN SIERRA; ; ; ;TOTAL NACIONAL;19,7527988883323
10015504000020027;IMBABURA;04;00002;0027;6; ;1; ; ;REGIÓN SIERRA; ; ; ;TOTAL NACIONAL;16,5148343692292
10015504000020037;IMBABURA;04;00002;0037;2; ;2; ; ;REGIÓN SIERRA; ; ; ;TOTAL NACIONAL;6,17105688294909
10015504000020039;IMBABURA;04;00002;0039;2; ;2; ; ;REGIÓN SIERRA; ; ; ;TOTAL NACIONAL;15,4943112891601
10065104000360001;IMBABURA;04;00036;0001;50; ;4; ; ;REGIÓN SIERRA; ; ; ;TOTAL NACIONAL;3,26716002116918
10065104000360002;IMBABURA;04;00036;0002;300;7;8; ; ;REGIÓN SIERRA; ; ; ;TOTAL NACIONAL;19,2957198304153
10035104000470002;IMBABURA;04;00047;0002;500; ;4;2; ;REGIÓN SIERRA; ; ; ;TOTAL NACIONAL;3,06009001995503
10035104000470004;IMBABURA;04;00047;0004;190;1;2;1; ;REGIÓN SIERRA; ; ; ;TOTAL NACIONAL;3,23698129635086
10035104000470005;IMBABURA;04;00047;0005;38;1;2; ; ;REGIÓN SIERRA; ; ; ;TOTAL NACIONAL;12,6232643015938
10035104000470006;IMBABURA;04;00047;0006;54,5; ;1; ; ;REGIÓN SIERRA; ; ; ;TOTAL NACIONAL;11,8148010857515
10035104000470008;IMBABURA;04;00047;0008;40;1; ; ; ;REGIÓN SIERRA; ; ; ;TOTAL NACIONAL;,661430210639521
10035104000530001;IMBABURA;04;00053;0001;120; ;6; ; ;REGIÓN SIERRA; ; ; ;TOTAL NACIONAL;19,393810189343
10045504000700001;IMBABURA;04;00070;0001;127;1;1; ; ;REGIÓN SIERRA; ; ; ;TOTAL NACIONAL;21,2881727494866
10045004000970001;IMBABURA;04;00097;0001;30; ;1; ; ;REGIÓN SIERRA; ; ; ;TOTAL NACIONAL;16,514417687468
10045004000970002;IMBABURA;04;00097;0002;12; ;1; ; ;REGIÓN SIERRA; ; ; ;TOTAL NACIONAL;2,93326598124648
10045004000970004;IMBABURA;04;00097;0004;156; ;10; ; ;REGIÓN SIERRA; ; ; ;TOTAL NACIONAL;11,9173387628271
10045561000992975;IMBABURA;61;00099;2975;65; ;2;1; ;REGIÓN SIERRA; ; ; ;TOTAL NACIONAL;1
10015261000993220;IMBABURA;61;00099;3220;404; ;3;1;4;REGIÓN SIERRA; ; ; ;TOTAL NACIONAL;1
10025164000991394;IMBABURA;64;00099;1394;10; ;1; ; ;REGIÓN SIERRA; ; ; ;TOTAL NACIONAL;1
11115701004260001;LOJA;01;00426;0001;35,32; ;1; ; ;REGIÓN SIERRA; ; ; ;TOTAL NACIONAL;16,4308738377596
11115701004360001;LOJA;01;00436;0001;18,72; ;1; ; ;REGIÓN SIERRA; ; ; ;TOTAL NACIONAL;31,9009474964703
11115701004870001;LOJA;01;00487;0001;35,32; ;1; ; ;REGIÓN SIERRA; ; ; ;TOTAL NACIONAL;16,8176881805175
11115401010690002;LOJA;01;01069;0002;16,02; ; ;1; ;REGIÓN SIERRA; ; ; ;TOTAL NACIONAL;16,8142287411234
11115101013770003;LOJA;01;01377;0003;5,04; ;1; ; ;REGIÓN SIERRA; ; ; ;TOTAL NACIONAL;2,34213718333609
11115101014390002;LOJA;01;01439;0002;3,52; ;1; ; ;REGIÓN SIERRA; ; ; ;TOTAL NACIONAL;19,2897779295816
11115901015820009;LOJA;01;01582;0009;,45; ;1; ; ;REGIÓN SIERRA; ; ; ;TOTAL NACIONAL;56,5360562697884
11115901015820011;LOJA;01;01582;0011;,28;1; ; ; ;REGIÓN SIERRA; ; ; ;TOTAL NACIONAL;67,1307483680587
11115001020420001;LOJA;01;02042;0001;5,22;1; ; ; ;REGIÓN SIERRA; ; ; ;TOTAL NACIONAL;20,1756747973386
11015401023280001;LOJA;01;02328;0001;17,48; ;1; ; ;REGIÓN SIERRA; ; ; ;TOTAL NACIONAL;34,1639437719637
11015401023370001;LOJA;01;02337;0001;13,17; ; ;1; ;REGIÓN SIERRA; ; ; ;TOTAL NACIONAL;26,5934824627858
11015401023370002;LOJA;01;02337;0002;13,67; ;1; ; ;REGIÓN SIERRA; ; ; ;TOTAL NACIONAL;14,6415594366477
11015401024390001;LOJA;01;02439;0001;20,98;1; ; ; ;REGIÓN SIERRA; ; ; ;TOTAL NACIONAL;28,4645251255446
11015901025980001;LOJA;01;02598;0001;9,48; ;2; ; ;REGIÓN SIERRA; ; ; ;TOTAL NACIONAL;53,4485434353267
11015901025980003;LOJA;01;02598;0003;1,24; ;1; ; ;REGIÓN SIERRA; ; ; ;TOTAL NACIONAL;39,068575867516
11015901026020001;LOJA;01;02602;0001;27,21; ;1; ; ;REGIÓN SIERRA; ; ; ;TOTAL NACIONAL;21,3483719921811
11015901026020002;LOJA;01;02602;0002;12,22; ;1; ; ;REGIÓN SIERRA; ; ; ;TOTAL NACIONAL;,114571913561791
11015901027240001;LOJA;01;02724;0001;11,85; ;1; ; ;REGIÓN SIERRA; ; ; ;TOTAL NACIONAL;29,4404449144776
11015401027750001;LOJA;01;02775;0001;14,63; ; ;1; ;REGIÓN SIERRA; ; ; ;TOTAL NACIONAL;17,0769631461734
11015401027750002;LOJA;01;02775;0002;17,94; ; ;1; ;REGIÓN SIERRA; ; ; ;TOTAL NACIONAL;19,3617484005244
11015901029350001;LOJA;01;02935;0001;25,86; ;2; ; ;REGIÓN SIERRA; ; ; ;TOTAL NACIONAL;7,98582611361139
11055001031080002;LOJA;01;03108;0002;4,02; ;1; ; ;REGIÓN SIERRA; ; ; ;TOTAL NACIONAL;60,0008256787045
11055001031080003;LOJA;01;03108;0003;1,02; ;1; ; ;REGIÓN SIERRA; ; ; ;TOTAL NACIONAL;78,2976855353368
11015901032030001;LOJA;01;03203;0001;11,63; ;1; ; ;REGIÓN SIERRA; ; ; ;TOTAL NACIONAL;1,24378036395525
11015901032030003;LOJA;01;03203;0003;10,16; ;1; ; ;REGIÓN SIERRA; ; ; ;TOTAL NACIONAL;44,4199342860498
11055001032410002;LOJA;01;03241;0002;13,77;1; ;1; ;REGIÓN SIERRA; ; ; ;TOTAL NACIONAL;32,7582373889303
11015901034830001;LOJA;01;03483;0001;17,05; ;1; ; ;REGIÓN SIERRA; ; ; ;TOTAL NACIONAL;9,98033771834441
11015901034910001;LOJA;01;03491;0001;15,53; ;1; ; ;REGIÓN SIERRA; ; ; ;TOTAL NACIONAL;25,6007548097521
11015201037320004;LOJA;01;03732;0004;5,54; ;1; ; ;REGIÓN SIERRA; ; ; ;TOTAL NACIONAL;4,72263008728252
11015201037320005;LOJA;01;03732;0005;17,05; ;1; ; ;REGIÓN SIERRA; ; ; ;TOTAL NACIONAL;2,90478614660646
11015201037320006;LOJA;01;03732;0006;1,82;1; ; ; ;REGIÓN SIERRA; ; ; ;TOTAL NACIONAL;23,4134725511237
11015201037320010;LOJA;01;03732;0010;2,47;1; ; ; ;REGIÓN SIERRA; ; ; ;TOTAL NACIONAL;14,5548912451264
11015201037320012;LOJA;01;03732;0012;25,2; ;1; ; ;REGIÓN SIERRA; ; ; ;TOTAL NACIONAL;3,63788277964828
11015201037320014;LOJA;01;03732;0014;,42; ;1; ; ;REGIÓN SIERRA; ; ; ;TOTAL NACIONAL;53,2885579722944
11015201037320015;LOJA;01;03732;0015;1,74; ;1; ; ;REGIÓN SIERRA; ; ; ;TOTAL NACIONAL;8,13026814539928
11016001039000003;LOJA;01;03900;0003;10,64; ; ;1; ;REGIÓN SIERRA; ; ; ;TOTAL NACIONAL;19,3380665442626
11055001043290004;LOJA;01;04329;0004;7,01; ; ;1; ;REGIÓN SIERRA; ; ; ;TOTAL NACIONAL;47,9442935038365
11015001044860003;LOJA;01;04486;0003;10,05; ;1; ; ;REGIÓN SIERRA; ; ; ;TOTAL NACIONAL;7,43494592135448
11016001048440001;LOJA;01;04844;0001;14,21; ; ; ;2;REGIÓN SIERRA; ; ; ;TOTAL NACIONAL;13,470821852008
11055001050320004;LOJA;01;05032;0004;12,97; ;3; ; ;REGIÓN SIERRA; ; ; ;TOTAL NACIONAL;25,8974815896087
11015101051110001;LOJA;01;05111;0001;2,67;1; ; ; ;REGIÓN SIERRA; ; ; ;TOTAL NACIONAL;16,8361537712806
11015101051110010;LOJA;01;05111;0010;1,44; ;1; ; ;REGIÓN SIERRA; ; ; ;TOTAL NACIONAL;49,0422148462392
11015001054420007;LOJA;01;05442;0007;16,18;1; ; ; ;REGIÓN SIERRA; ; ; ;TOTAL NACIONAL;1,98220596108404
11105001057760001;LOJA;01;05776;0001;45,04; ; ;2; ;REGIÓN SIERRA; ; ; ;TOTAL NACIONAL;13,2194576246812
11035001061530001;LOJA;01;06153;0001;3,64;1; ; ; ;REGIÓN SIERRA; ; ; ;TOTAL NACIONAL;50,970482490218
11035001061530003;LOJA;01;06153;0003;2,38; ; ;1; ;REGIÓN SIERRA; ; ; ;TOTAL NACIONAL;21,4031873030563
11035301064440002;LOJA;01;06444;0002;50; ; ; ;6;REGIÓN SIERRA; ; ; ;TOTAL NACIONAL;11,3134835361023
11105101066900001;LOJA;01;06690;0001;34,03; ; ;1; ;REGIÓN SIERRA; ; ; ;TOTAL NACIONAL;17,4962608253018
11016001067760001;LOJA;01;06776;0001;1,25; ;1; ; ;REGIÓN SIERRA; ; ; ;TOTAL NACIONAL;29,1442063796541
11016001067760003;LOJA;01;06776;0003;3,89;1; ; ; ;REGIÓN SIERRA; ; ; ;TOTAL NACIONAL;53,0914486438776
11016001067760007;LOJA;01;06776;0007;11,97; ;1; ; ;REGIÓN SIERRA; ; ; ;TOTAL NACIONAL;4,35660784887448
11035301067950002;LOJA;01;06795;0002;94; ;1; ; ;REGIÓN SIERRA; ; ; ;TOTAL NACIONAL;2,75051242263574
11035301069510001;LOJA;01;06951;0001;94; ;1; ; ;REGIÓN SIERRA; ; ; ;TOTAL NACIONAL;6,33401867962787
11105001071720001;LOJA;01;07172;0001;45,04; ; ;2; ;REGIÓN SIERRA; ; ; ;TOTAL NACIONAL;13,114437544886
11035301075940001;LOJA;01;07594;0001;100; ;1; ; ;REGIÓN SIERRA; ; ; ;TOTAL NACIONAL;5,95397755885021
11095101077750002;LOJA;01;07775;0002;4,55; ;2; ; ;REGIÓN SIERRA; ; ; ;TOTAL NACIONAL;17,1087799597046
11095101077750003;LOJA;01;07775;0003;17,02; ;1; ; ;REGIÓN SIERRA; ; ; ;TOTAL NACIONAL;23,9523409785237
11095101079330001;LOJA;01;07933;0001;8,25; ;3; ; ;REGIÓN SIERRA; ; ; ;TOTAL NACIONAL;18,4200428962085
11095101079330002;LOJA;01;07933;0002;87,02; ; ;1; ;REGIÓN SIERRA; ; ; ;TOTAL NACIONAL;2,38066354165574
11095101079330003;LOJA;01;07933;0003;15,14; ; ;2; ;REGIÓN SIERRA; ; ; ;TOTAL NACIONAL;15,6054861688519
11095401079440001;LOJA;01;07944;0001;5,07; ; ; ;5;REGIÓN SIERRA; ; ; ;TOTAL NACIONAL;40,9745350214802
11095201079650001;LOJA;01;07965;0001;55,05; ; ;1; ;REGIÓN SIERRA; ; ; ;TOTAL NACIONAL;7,2023359982757
11095201079650002;LOJA;01;07965;0002;27,05;3; ; ; ;REGIÓN SIERRA; ; ; ;TOTAL NACIONAL;7,35338850942491
11095701084440002;LOJA;01;08444;0002;3,06;1; ; ; ;REGIÓN SIERRA; ; ; ;TOTAL NACIONAL;13,8147845319727
11095701084440006;LOJA;01;08444;0006;4,52; ; ; ;8;REGIÓN SIERRA; ; ; ;TOTAL NACIONAL;24,636997111142
11105301085710001;LOJA;01;08571;0001;19,02; ; ;2; ;REGIÓN SIERRA; ; ; ;TOTAL NACIONAL;31,3037726543124
11105301086130003;LOJA;01;08613;0003;24,42; ; ;1; ;REGIÓN SIERRA; ; ; ;TOTAL NACIONAL;6,23274008992933
11105301086130005;LOJA;01;08613;0005;1,8; ; ;1; ;REGIÓN SIERRA; ; ; ;TOTAL NACIONAL;50,4287198055455
11105001086300001;LOJA;01;08630;0001;18,34;1; ; ; ;REGIÓN SIERRA; ; ; ;TOTAL NACIONAL;32,2278063139412
11035301087160001;LOJA;01;08716;0001;800,02; ;1; ;14;REGIÓN SIERRA; ; ; ;TOTAL NACIONAL;,744228589141548
11095801087750001;LOJA;01;08775;0001;24,22;1; ; ; ;REGIÓN SIERRA; ; ; ;TOTAL NACIONAL;5,21949523681387
11095801087750002;LOJA;01;08775;0002;5,52;1; ; ; ;REGIÓN SIERRA; ; ; ;TOTAL NACIONAL;35,5764540729607
11095801087750004;LOJA;01;08775;0004;7,37;1;3; ; ;REGIÓN SIERRA; ; ; ;TOTAL NACIONAL;9,60912554914692
11105301088370003;LOJA;01;08837;0003;19,58; ; ;2; ;REGIÓN SIERRA; ; ; ;TOTAL NACIONAL;17,9680244342103
11095801089960001;LOJA;01;08996;0001;6,9;2; ; ; ;REGIÓN SIERRA; ; ; ;TOTAL NACIONAL;40,1792814104245
11095801089960003;LOJA;01;08996;0003;12,54;1; ; ;16;REGIÓN SIERRA; ; ; ;TOTAL NACIONAL;6,69413620806755
11095801089960004;LOJA;01;08996;0004;2;1; ; ; ;REGIÓN SIERRA; ; ; ;TOTAL NACIONAL;20,2302926388488
11105001092560001;LOJA;01;09256;0001;4,04;1; ; ; ;REGIÓN SIERRA; ; ; ;TOTAL NACIONAL;55,3936063973556
11105001092560002;LOJA;01;09256;0002;6,97; ;1; ; ;REGIÓN SIERRA; ; ; ;TOTAL NACIONAL;50,1052885910573
11105001092560003;LOJA;01;09256;0003;26,02; ; ;1; ;REGIÓN SIERRA; ; ; ;TOTAL NACIONAL;,190940180489218
11095801093250003;LOJA;01;09325;0003;12,54;1; ; ;16;REGIÓN SIERRA; ; ; ;TOTAL NACIONAL;4,73005163854785
11095801093250004;LOJA;01;09325;0004;1,22;2; ; ; ;REGIÓN SIERRA; ; ; ;TOTAL NACIONAL;44,7470153147832
11095801093250006;LOJA;01;09325;0006;1,67;1;1; ; ;REGIÓN SIERRA; ; ; ;TOTAL NACIONAL;50,6860564640642
11105401094300001;LOJA;01;09430;0001;57,75;1; ; ; ;REGIÓN SIERRA; ; ; ;TOTAL NACIONAL;10,3099178508229
11105401094400001;LOJA;01;09440;0001;8,14; ; ;1; ;REGIÓN SIERRA; ; ; ;TOTAL NACIONAL;50,3219195316527
11105001094590001;LOJA;01;09459;0001;25,12; ; ;2; ;REGIÓN SIERRA; ; ; ;TOTAL NACIONAL;11,6790977884966
11095901095560001;LOJA;01;09556;0001;12,02; ; ;1; ;REGIÓN SIERRA; ; ; ;TOTAL NACIONAL;9,7279121235605
11095901095560002;LOJA;01;09556;0002;17,92;1; ; ; ;REGIÓN SIERRA; ; ; ;TOTAL NACIONAL;4,06050342074612
11095001098440002;LOJA;01;09844;0002;18,02;3; ; ;8;REGIÓN SIERRA; ; ; ;TOTAL NACIONAL;21,1961307397815
11095201100850001;LOJA;01;10085;0001;40,02; ; ;1; ;REGIÓN SIERRA; ; ; ;TOTAL NACIONAL;9,38456493957148
11105001101150001;LOJA;01;10115;0001;38,36; ;1;1; ;REGIÓN SIERRA; ; ; ;TOTAL NACIONAL;1,64560461900558
11105001101150002;LOJA;01;10115;0002;21,7;2;1;1; ;REGIÓN SIERRA; ; ; ;TOTAL NACIONAL;23,7963989930165
11105001103510001;LOJA;01;10351;0001;19,02; ;1; ; ;REGIÓN SIERRA; ; ; ;TOTAL NACIONAL;19,3940784381311
11105001103510002;LOJA;01;10351;0002;27,03; ; ;2; ;REGIÓN SIERRA; ; ; ;TOTAL NACIONAL;5,77873819796984
11105001103590002;LOJA;01;10359;0002;13,17;1; ; ; ;REGIÓN SIERRA; ; ; ;TOTAL NACIONAL;28,2056689367247
11095001106340001;LOJA;01;10634;0001;25,15; ; ;2; ;REGIÓN SIERRA; ; ; ;TOTAL NACIONAL;23,217750528362
11095201107720001;LOJA;01;10772;0001;6,77;1; ; ; ;REGIÓN SIERRA; ; ; ;TOTAL NACIONAL;23,1631518225809
11095201109170001;LOJA;01;10917;0001;33,05;1; ; ; ;REGIÓN SIERRA; ; ; ;TOTAL NACIONAL;18,0150606924363
11095201110880001;LOJA;01;11088;0001;28; ; ;1; ;REGIÓN SIERRA; ; ; ;TOTAL NACIONAL;21,2642055673222
11095201111030001;LOJA;01;11103;0001;9,39;1; ;1; ;REGIÓN SIERRA; ; ; ;TOTAL NACIONAL;38,9146787910415
11095201111110001;LOJA;01;11111;0001;12,79; ;1;1;2;REGIÓN SIERRA; ; ; ;TOTAL NACIONAL;46,5518182865537
11095201112160001;LOJA;01;11216;0001;19,86;2; ; ; ;REGIÓN SIERRA; ; ; ;TOTAL NACIONAL;29,9797460163656
11095201114380001;LOJA;01;11438;0001;24,02; ; ;1; ;REGIÓN SIERRA; ; ; ;TOTAL NACIONAL;24,7878589265463
11095201115280001;LOJA;01;11528;0001;31,29;2; ; ; ;REGIÓN SIERRA; ; ; ;TOTAL NACIONAL;,94697864017933
11095201115280002;LOJA;01;11528;0002;3,83; ;1; ; ;REGIÓN SIERRA; ; ; ;TOTAL NACIONAL;18,4509394498515
11095201115280004;LOJA;01;11528;0004;1,43;1; ; ; ;REGIÓN SIERRA; ; ; ;TOTAL NACIONAL;52,0360058911789
11095201115280005;LOJA;01;11528;0005;19,86;2; ; ; ;REGIÓN SIERRA; ; ; ;TOTAL NACIONAL;,290803536358747
11105001115480001;LOJA;01;11548;0001;15,85; ; ;1; ;REGIÓN SIERRA; ; ; ;TOTAL NACIONAL;37,5649445688102
11145201116610001;LOJA;01;11661;0001;2,07;1; ; ; ;REGIÓN SIERRA; ; ; ;TOTAL NACIONAL;3,96292655554174
11145201116610003;LOJA;01;11661;0003;12,53;1; ; ; ;REGIÓN SIERRA; ; ; ;TOTAL NACIONAL;11,6698382533711
11095001117730002;LOJA;01;11773;0002;58,72;3; ; ; ;REGIÓN SIERRA; ; ; ;TOTAL NACIONAL;7,45734337298315
11095001117730003;LOJA;01;11773;0003;35,69;2;4;4; ;REGIÓN SIERRA; ; ; ;TOTAL NACIONAL;2,7133128951916
11095001118100001;LOJA;01;11810;0001;58,72;3; ; ; ;REGIÓN SIERRA; ; ; ;TOTAL NACIONAL;2,51991780311086
11145301119490001;LOJA;01;11949;0001;12,2;2; ; ; ;REGIÓN SIERRA; ; ; ;TOTAL NACIONAL;4,74311855257403
11145301119490005;LOJA;01;11949;0005;4,05;1; ; ; ;REGIÓN SIERRA; ; ; ;TOTAL NACIONAL;15,5326125122378
11145301119490006;LOJA;01;11949;0006;3,78;1; ; ; ;REGIÓN SIERRA; ; ; ;TOTAL NACIONAL;24,8449927764367
11095001122960003;LOJA;01;12296;0003;180; ; ;1; ;REGIÓN SIERRA; ; ; ;TOTAL NACIONAL;1,24581467476757
11095001122960004;LOJA;01;12296;0004;3,01;1; ; ; ;REGIÓN SIERRA; ; ; ;TOTAL NACIONAL;7,47049454504683
11095001123020001;LOJA;01;12302;0001;13,12; ; ; ;5;REGIÓN SIERRA; ; ; ;TOTAL NACIONAL;45,3809265156266
11095001123090001;LOJA;01;12309;0001;36;1; ; ;3;REGIÓN SIERRA; ; ; ;TOTAL NACIONAL;9,80752414555049
11095001128390003;LOJA;01;12839;0003;240; ; ; ;15;REGIÓN SIERRA; ; ; ;TOTAL NACIONAL;1,4750428107833
11035101128840001;LOJA;01;12884;0001;17; ; ; ;15;REGIÓN SIERRA; ; ; ;TOTAL NACIONAL;35,0233974050012
11095001134180001;LOJA;01;13418;0001;240; ; ; ;15;REGIÓN SIERRA; ; ; ;TOTAL NACIONAL;2,40537936906457
11045501136400001;LOJA;01;13640;0001;41,02; ;1; ; ;REGIÓN SIERRA; ; ; ;TOTAL NACIONAL;14,5148160869093
11045001137680001;LOJA;01;13768;0001;96; ;4; ; ;REGIÓN SIERRA; ; ; ;TOTAL NACIONAL;6,20205995713564
11045001140330001;LOJA;01;14033;0001;25,02;3; ; ; ;REGIÓN SIERRA; ; ; ;TOTAL NACIONAL;28,1979721451097
11045001140870001;LOJA;01;14087;0001;25,02;3; ; ; ;REGIÓN SIERRA; ; ; ;TOTAL NACIONAL;1,21297948535506
11045501141060001;LOJA;01;14106;0001;20,26; ;3; ; ;REGIÓN SIERRA; ; ; ;TOTAL NACIONAL;36,7352154131072
11075301142250001;LOJA;01;14225;0001;1,07; ;1; ; ;REGIÓN SIERRA; ; ; ;TOTAL NACIONAL;44,3920652882082
11075301142250002;LOJA;01;14225;0002;7,19; ;1; ; ;REGIÓN SIERRA; ; ; ;TOTAL NACIONAL;1,00521101576941
11075301142250003;LOJA;01;14225;0003;10,31;1; ; ;1;REGIÓN SIERRA; ; ; ;TOTAL NACIONAL;46,7554712035315
11075301142250004;LOJA;01;14225;0004;,64;1; ; ; ;REGIÓN SIERRA; ; ; ;TOTAL NACIONAL;4,17346951282252
11045001144770001;LOJA;01;14477;0001;23,03; ;1;2; ;REGIÓN SIERRA; ; ; ;TOTAL NACIONAL;25,2303641119763
11045001144770002;LOJA;01;14477;0002;3,51;1; ; ; ;REGIÓN SIERRA; ; ; ;TOTAL NACIONAL;3,51885916504379
11045001144780001;LOJA;01;14478;0001;23,03; ;1;2; ;REGIÓN SIERRA; ; ; ;TOTAL NACIONAL;17,7924164624704
11045001144780002;LOJA;01;14478;0002;3,51;1; ; ; ;REGIÓN SIERRA; ; ; ;TOTAL NACIONAL;52,8884344029426
11045101147700005;LOJA;01;14770;0005;1,8;1; ; ; ;REGIÓN SIERRA; ; ; ;TOTAL NACIONAL;46,4410249590317
11145001151320001;LOJA;01;15132;0001;14,45;1; ; ; ;REGIÓN SIERRA; ; ; ;TOTAL NACIONAL;41,2039969470603
11045001153120001;LOJA;01;15312;0001;3,84;1; ; ; ;REGIÓN SIERRA; ; ; ;TOTAL NACIONAL;38,6732894216058
11045001153120003;LOJA;01;15312;0003;9,02;1; ; ; ;REGIÓN SIERRA; ; ; ;TOTAL NACIONAL;45,4021959599733
11045101153660003;LOJA;01;15366;0003;4,51; ; ;1; ;REGIÓN SIERRA; ; ; ;TOTAL NACIONAL;46,8925239224744
11045101153660005;LOJA;01;15366;0005;14,16; ;1; ; ;REGIÓN SIERRA; ; ; ;TOTAL NACIONAL;6,76643573327273
11075601154350001;LOJA;01;15435;0001;17,4;1;1; ; ;REGIÓN SIERRA; ; ; ;TOTAL NACIONAL;18,8861993140693
11075601154350002;LOJA;01;15435;0002;2,47;1; ; ; ;REGIÓN SIERRA; ; ; ;TOTAL NACIONAL;30,7153462190257
11045101154950001;LOJA;01;15495;0001;38,39; ;1;1; ;REGIÓN SIERRA; ; ; ;TOTAL NACIONAL;15,5091887440745
11045601156640002;LOJA;01;15664;0002;22,11; ;2; ; ;REGIÓN SIERRA; ; ; ;TOTAL NACIONAL;17,6836035833764
11045601157540001;LOJA;01;15754;0001;21,98;3; ; ; ;REGIÓN SIERRA; ; ; ;TOTAL NACIONAL;13,1768849219726
11045601158850001;LOJA;01;15885;0001;21,51;2; ; ; ;REGIÓN SIERRA; ; ; ;TOTAL NACIONAL;25,6200340207315
11025001159880001;LOJA;01;15988;0001;455; ;4; ; ;REGIÓN SIERRA; ; ; ;TOTAL NACIONAL;1,28371827264577
11015601160980003;LOJA;01;16098;0003;28,66; ; ; ;12;REGIÓN SIERRA; ; ; ;TOTAL NACIONAL;,742573691820622
11025101162990001;LOJA;01;16299;0001;85,87; ;1;1; ;REGIÓN SIERRA; ; ; ;TOTAL NACIONAL;3,509305174271
11025101162990003;LOJA;01;16299;0003;455; ;1; ; ;REGIÓN SIERRA; ; ; ;TOTAL NACIONAL;,382784779467276
11025001163950001;LOJA;01;16395;0001;48,59; ;1;1; ;REGIÓN SIERRA; ; ; ;TOTAL NACIONAL;,875172480581033
11025001163950003;LOJA;01;16395;0003;6,27;1; ;1; ;REGIÓN SIERRA; ; ; ;TOTAL NACIONAL;6,65245942026415
11025101169030002;LOJA;01;16903;0002;4,22; ;2; ; ;REGIÓN SIERRA; ; ; ;TOTAL NACIONAL;32,6528168966011
11025101169030004;LOJA;01;16903;0004;10,45; ;1;1; ;REGIÓN SIERRA; ; ; ;TOTAL NACIONAL;15,488571499716
11025001169770001;LOJA;01;16977;0001;73; ;1; ; ;REGIÓN SIERRA; ; ; ;TOTAL NACIONAL;5,71092477631085
11025101170920001;LOJA;01;17092;0001;6,89; ; ; ;8;REGIÓN SIERRA; ; ; ;TOTAL NACIONAL;64,0391045420212
11025101170920002;LOJA;01;17092;0002;1,3;1; ; ; ;REGIÓN SIERRA; ; ; ;TOTAL NACIONAL;67,3461017212168
11025101170920003;LOJA;01;17092;0003;5,04;1; ; ; ;REGIÓN SIERRA; ; ; ;TOTAL NACIONAL;13,2166225837881
11025001171030016;LOJA;01;17103;0016;73; ;1; ; ;REGIÓN SIERRA; ; ; ;TOTAL NACIONAL;,058778525546822
11155001172940002;LOJA;01;17294;0002;43; ;1; ; ;REGIÓN SIERRA; ; ; ;TOTAL NACIONAL;7,94309838206402
11155001172940004;LOJA;01;17294;0004;2,61; ;1; ; ;REGIÓN SIERRA; ; ; ;TOTAL NACIONAL;14,3387190508368
11155001174360002;LOJA;01;17436;0002;12,04;1;1; ; ;REGIÓN SIERRA; ; ; ;TOTAL NACIONAL;22,3422513379446
11025001177110001;LOJA;01;17711;0001;27,3; ; ; ;11;REGIÓN SIERRA; ; ; ;TOTAL NACIONAL;21,809199280381
11025001177160001;LOJA;01;17716;0001;,53;1; ; ; ;REGIÓN SIERRA; ; ; ;TOTAL NACIONAL;56,5690278757005
11025001177160002;LOJA;01;17716;0002;4,22;1; ; ; ;REGIÓN SIERRA; ; ; ;TOTAL NACIONAL;34,7785655984971
11025001177700002;LOJA;01;17770;0002;2,54;1; ; ; ;REGIÓN SIERRA; ; ; ;TOTAL NACIONAL;45,2590848819511
11025001178850003;LOJA;01;17885;0003;3,46;1; ; ; ;REGIÓN SIERRA; ; ; ;TOTAL NACIONAL;68,7881344363372
11025001180290002;LOJA;01;18029;0002;4,78; ;1; ; ;REGIÓN SIERRA; ; ; ;TOTAL NACIONAL;18,5041097075377
11025001180990001;LOJA;01;18099;0001;11,31;1; ; ; ;REGIÓN SIERRA; ; ; ;TOTAL NACIONAL;42,6347843881553
11025301185480002;LOJA;01;18548;0002;35; ;3; ; ;REGIÓN SIERRA; ; ; ;TOTAL NACIONAL;9,41219893715889
11155201186140001;LOJA;01;18614;0001;9,02;3; ; ; ;REGIÓN SIERRA; ; ; ;TOTAL NACIONAL;8,07065398590635
11155201186780003;LOJA;01;18678;0003;1,18; ;1; ; ;REGIÓN SIERRA; ; ; ;TOTAL NACIONAL;9,50842367213744
11025001186920003;LOJA;01;18692;0003;1,04; ;1;1; ;REGIÓN SIERRA; ; ; ;TOTAL NACIONAL;48,3315400557093
11025001186920004;LOJA;01;18692;0004;1,11;1; ; ; ;REGIÓN SIERRA; ; ; ;TOTAL NACIONAL;11,4967194304525
11025001186920005;LOJA;01;18692;0005;14,17;1; ; ; ;REGIÓN SIERRA; ; ; ;TOTAL NACIONAL;5,19111397136795
11025001186920014;LOJA;01;18692;0014;1,08; ;1; ; ;REGIÓN SIERRA; ; ; ;TOTAL NACIONAL;7,14232287409398
11025001187620003;LOJA;01;18762;0003;14,17;1; ; ; ;REGIÓN SIERRA; ; ; ;TOTAL NACIONAL;23,3163606401707
11025001187620005;LOJA;01;18762;0005;3,72; ;1; ; ;REGIÓN SIERRA; ; ; ;TOTAL NACIONAL;10,387450095951
11025001191390001;LOJA;01;19139;0001;700;40;20; ; ;REGIÓN SIERRA; ; ; ;TOTAL NACIONAL;,850568222692887
11025001192560002;LOJA;01;19256;0002;,65;2; ; ; ;REGIÓN SIERRA; ; ; ;TOTAL NACIONAL;55,7638342648552
11025001192560003;LOJA;01;19256;0003;4,33;5; ; ; ;REGIÓN SIERRA; ; ; ;TOTAL NACIONAL;31,6094025442782
11065501192650005;LOJA;01;19265;0005;7,04;1; ; ; ;REGIÓN SIERRA; ; ; ;TOTAL NACIONAL;10,0088091823412
11065501192650006;LOJA;01;19265;0006;51,5; ;1; ; ;REGIÓN SIERRA; ; ; ;TOTAL NACIONAL;1,79377222506547
11065501192650007;LOJA;01;19265;0007;7,02; ;2; ; ;REGIÓN SIERRA; ; ; ;TOTAL NACIONAL;8,45694754876888
11065501192650008;LOJA;01;19265;0008;1,61; ;1; ; ;REGIÓN SIERRA; ; ; ;TOTAL NACIONAL;16,1525781807041
11025001193760001;LOJA;01;19376;0001;22,85;1;1; ; ;REGIÓN SIERRA; ; ; ;TOTAL NACIONAL;25,3848187883505
11025001195030001;LOJA;01;19503;0001;391,07;4; ; ; ;REGIÓN SIERRA; ; ; ;TOTAL NACIONAL;1,52248384147345
11065101196330001;LOJA;01;19633;0001;15,95; ;4; ; ;REGIÓN SIERRA; ; ; ;TOTAL NACIONAL;37,3290129081518
11115403001000005;LOJA;03;00100;0005;2,01; ;1; ; ;REGIÓN SIERRA; ; ; ;TOTAL NACIONAL;95,3674876634769
11115403001000006;LOJA;03;00100;0006;129,5; ;1; ; ;REGIÓN SIERRA; ; ; ;TOTAL NACIONAL;58,406660305799
11115403001130001;LOJA;03;00113;0001;1,12; ;1; ; ;REGIÓN SIERRA; ; ; ;TOTAL NACIONAL;121,421753399341
11115403001130014;LOJA;03;00113;0014;6,58; ;1; ; ;REGIÓN SIERRA; ; ; ;TOTAL NACIONAL;49,8467931991646
11115403001130015;LOJA;03;00113;0015;20,51;1; ; ; ;REGIÓN SIERRA; ; ; ;TOTAL NACIONAL;29,217903431931
11115203001280002;LOJA;03;00128;0002;4,51; ;1; ; ;REGIÓN SIERRA; ; ; ;TOTAL NACIONAL;73,4324757895895
11095603004710003;LOJA;03;00471;0003;60,63; ;1;1; ;REGIÓN SIERRA; ; ; ;TOTAL NACIONAL;34,6171148883439
11095603004730001;LOJA;03;00473;0001;221,3; ;1;2; ;REGIÓN SIERRA; ; ; ;TOTAL NACIONAL;25,2196163674538
11016003005910001;LOJA;03;00591;0001;18,35; ;1; ; ;REGIÓN SIERRA; ; ; ;TOTAL NACIONAL;28,3624298789354
11016003005910004;LOJA;03;00591;0004;5,02;1; ; ; ;REGIÓN SIERRA; ; ; ;TOTAL NACIONAL;50,8442980156452
11016003005910005;LOJA;03;00591;0005;1,5;1; ; ; ;REGIÓN SIERRA; ; ; ;TOTAL NACIONAL;58,9374643051214
11016003005910007;LOJA;03;00591;0007;34,45;1; ; ; ;REGIÓN SIERRA; ; ; ;TOTAL NACIONAL;48,7842353691156
11016003005910011;LOJA;03;00591;0011;30,04;1;1; ; ;REGIÓN SIERRA; ; ; ;TOTAL NACIONAL;31,7517118438227
11016003005910013;LOJA;03;00591;0013;4,75;1; ; ; ;REGIÓN SIERRA; ; ; ;TOTAL NACIONAL;68,545454448508
11105503006510001;LOJA;03;00651;0001;55,09;1; ; ; ;REGIÓN SIERRA; ; ; ;TOTAL NACIONAL;57,3674578874037
11095003006620001;LOJA;03;00662;0001;112,28; ; ;1; ;REGIÓN SIERRA; ; ; ;TOTAL NACIONAL;51,0762471268329
11095003006620002;LOJA;03;00662;0002;38,52; ;1; ; ;REGIÓN SIERRA; ; ; ;TOTAL NACIONAL;37,1779245483905
11095003006620003;LOJA;03;00662;0003;41,1; ;1; ; ;REGIÓN SIERRA; ; ; ;TOTAL NACIONAL;48,1467344186765
11095803007590004;LOJA;03;00759;0004;3,04;1; ; ; ;REGIÓN SIERRA; ; ; ;TOTAL NACIONAL;18,7747833663694
11095803007590007;LOJA;03;00759;0007;2,99; ; ; ;7;REGIÓN SIERRA; ; ; ;TOTAL NACIONAL;66,8873818764312
11095803007590012;LOJA;03;00759;0012;3,48;1;1; ; ;REGIÓN SIERRA; ; ; ;TOTAL NACIONAL;80,2950695307001
11095803007590016;LOJA;03;00759;0016;2,67;2; ; ; ;REGIÓN SIERRA; ; ; ;TOTAL NACIONAL;39,5262831539071
11095803007590018;LOJA;03;00759;0018;3,68;1; ; ; ;REGIÓN SIERRA; ; ; ;TOTAL NACIONAL;3,2336223923792
11095803007590019;LOJA;03;00759;0019;2,04;1;1; ; ;REGIÓN SIERRA; ; ; ;TOTAL NACIONAL;,697108179413359
11095803007590030;LOJA;03;00759;0030;2,43;1; ; ; ;REGIÓN SIERRA; ; ; ;TOTAL NACIONAL;10,786015278882
11095803007590035;LOJA;03;00759;0035;1,75;1; ; ; ;REGIÓN SIERRA; ; ; ;TOTAL NACIONAL;61,8363268181658
11095803007590045;LOJA;03;00759;0045;2,84;1; ; ; ;REGIÓN SIERRA; ; ; ;TOTAL NACIONAL;4,7042584115089
11035103008300001;LOJA;03;00830;0001;24,2; ; ;2; ;REGIÓN SIERRA; ; ; ;TOTAL NACIONAL;24,1677534215488
11035103008300002;LOJA;03;00830;0002;41,02; ; ;2; ;REGIÓN SIERRA; ; ; ;TOTAL NACIONAL;31,1756615351464
11035103008300005;LOJA;03;00830;0005;21,24; ; ; ;30;REGIÓN SIERRA; ; ; ;TOTAL NACIONAL;69,6978015817751
11035103008300010;LOJA;03;00830;0010;27,02; ; ;2; ;REGIÓN SIERRA; ; ; ;TOTAL NACIONAL;59,2806682984361
11045003009570002;LOJA;03;00957;0002;92,08;7; ; ; ;REGIÓN SIERRA; ; ; ;TOTAL NACIONAL;3,86049255468988
11045003009570006;LOJA;03;00957;0006;65;1; ; ; ;REGIÓN SIERRA; ; ; ;TOTAL NACIONAL;57,2738174384392
11045003009570007;LOJA;03;00957;0007;11,85; ;1; ; ;REGIÓN SIERRA; ; ; ;TOTAL NACIONAL;48,4532960076399
11045603010000001;LOJA;03;01000;0001;45,09; ; ;2; ;REGIÓN SIERRA; ; ; ;TOTAL NACIONAL;58,6478645755665
11045603010000004;LOJA;03;01000;0004;25,11; ; ;2; ;REGIÓN SIERRA; ; ; ;TOTAL NACIONAL;58,5382481653639
11045603010000005;LOJA;03;01000;0005;56,05; ; ;1; ;REGIÓN SIERRA; ; ; ;TOTAL NACIONAL;68,5995008559562
11085003012180005;LOJA;03;01218;0005;3,27; ;2; ; ;REGIÓN SIERRA; ; ; ;TOTAL NACIONAL;24,449231055349
11085003012180006;LOJA;03;01218;0006;8,03; ;3; ; ;REGIÓN SIERRA; ; ; ;TOTAL NACIONAL;94,4097642343642
11135003012450001;LOJA;03;01245;0001;168,44;6;10;3;300;REGIÓN SIERRA; ; ; ;TOTAL NACIONAL;32,978113231981
11135003012450006;LOJA;03;01245;0006;28,44; ; ; ;57;REGIÓN SIERRA; ; ; ;TOTAL NACIONAL;58,1627310520162
11025003012520001;LOJA;03;01252;0001;18,45; ;2; ; ;REGIÓN SIERRA; ; ; ;TOTAL NACIONAL;42,50409914287
11025003012520002;LOJA;03;01252;0002;5,02; ; ;1; ;REGIÓN SIERRA; ; ; ;TOTAL NACIONAL;18,8210552075862
11025003012520006;LOJA;03;01252;0006;14,85; ;2; ; ;REGIÓN SIERRA; ; ; ;TOTAL NACIONAL;52,0366892026694
11025003012520007;LOJA;03;01252;0007;1,52; ;1; ; ;REGIÓN SIERRA; ; ; ;TOTAL NACIONAL;54,7226822471567
11025003012520014;LOJA;03;01252;0014;2,57; ;3; ; ;REGIÓN SIERRA; ; ; ;TOTAL NACIONAL;25,4488558080055
11025003012520015;LOJA;03;01252;0015;3,64; ;1; ; ;REGIÓN SIERRA; ; ; ;TOTAL NACIONAL;22,2137567812548
11025003012520018;LOJA;03;01252;0018;1,23;2; ; ; ;REGIÓN SIERRA; ; ; ;TOTAL NACIONAL;47,6123093475074
11025003012520023;LOJA;03;01252;0023;2,12; ;1; ; ;REGIÓN SIERRA; ; ; ;TOTAL NACIONAL;61,0687432015585
11115404000260001;LOJA;04;00026;0001;22,01; ;1; ; ;REGIÓN SIERRA; ; ; ;TOTAL NACIONAL;24,2465601730817
11115404000260002;LOJA;04;00026;0002;45,02; ;1; ; ;REGIÓN SIERRA; ; ; ;TOTAL NACIONAL;24,5795482982749
11115404000260003;LOJA;04;00026;0003;84,01;1; ; ; ;REGIÓN SIERRA; ; ; ;TOTAL NACIONAL;21,3118567913638
11095604000670003;LOJA;04;00067;0003;14,71; ; ;1; ;REGIÓN SIERRA; ; ; ;TOTAL NACIONAL;35,7419923145959
11095604000670005;LOJA;04;00067;0005;22,64; ; ;1; ;REGIÓN SIERRA; ; ; ;TOTAL NACIONAL;11,204078777437
11095604000670007;LOJA;04;00067;0007;102,2; ; ;2; ;REGIÓN SIERRA; ; ; ;TOTAL NACIONAL;17,1278386609292
11095604000670008;LOJA;04;00067;0008;207,87; ;6; ; ;REGIÓN SIERRA; ; ; ;TOTAL NACIONAL;14,1091806811411
11095104000780004;LOJA;04;00078;0004;117,72;1; ; ; ;REGIÓN SIERRA; ; ; ;TOTAL NACIONAL;11,8438329676519
11095204000930002;LOJA;04;00093;0002;166,02; ;1; ; ;REGIÓN SIERRA; ; ; ;TOTAL NACIONAL;7,42906460211987
11095204001130001;LOJA;04;00113;0001;300,52; ;3; ; ;REGIÓN SIERRA; ; ; ;TOTAL NACIONAL;41,4093887008239
11095804001180002;LOJA;04;00118;0002;63,29; ; ; ;6;REGIÓN SIERRA; ; ; ;TOTAL NACIONAL;21,6292149122824
11095804001180004;LOJA;04;00118;0004;14,25; ; ; ;20;REGIÓN SIERRA; ; ; ;TOTAL NACIONAL;34,5821922735379
11095804001180007;LOJA;04;00118;0007;54,24; ; ; ;5;REGIÓN SIERRA; ; ; ;TOTAL NACIONAL;17,223752370814
11095804001180008;LOJA;04;00118;0008;34,84; ; ; ;4;REGIÓN SIERRA; ; ; ;TOTAL NACIONAL;16,2746451380665
11135104001450002;LOJA;04;00145;0002;8,74;1;2; ; ;REGIÓN SIERRA; ; ; ;TOTAL NACIONAL;40,955630096998
11135104001450003;LOJA;04;00145;0003;1,52; ; ; ;40;REGIÓN SIERRA; ; ; ;TOTAL NACIONAL;11,7376459827308
11135104001450004;LOJA;04;00145;0004;1,82; ; ; ;6;REGIÓN SIERRA; ; ; ;TOTAL NACIONAL;50,8139522636656
11135104001450005;LOJA;04;00145;0005;13,32; ; ; ;20;REGIÓN SIERRA; ; ; ;TOTAL NACIONAL;26,2455825625056
11135104001450009;LOJA;04;00145;0009;12,22;1; ; ;1;REGIÓN SIERRA; ; ; ;TOTAL NACIONAL;4,90438964639008
11135104001450011;LOJA;04;00145;0011;150,48; ; ; ;6;REGIÓN SIERRA; ; ; ;TOTAL NACIONAL;26,3036106426843
11125004001850003;LOJA;04;00185;0003;73,33; ; ; ;3;REGIÓN SIERRA; ; ; ;TOTAL NACIONAL;12,0222123130143
11045604002010002;LOJA;04;00201;0002;63,9; ; ;1;50;REGIÓN SIERRA; ; ; ;TOTAL NACIONAL;26,5740741735575
11045604002010003;LOJA;04;00201;0003;1,92; ; ; ;25;REGIÓN SIERRA; ; ; ;TOTAL NACIONAL;30,410518992426
11025304002430001;LOJA;04;00243;0001;16,55; ; ;5;16;REGIÓN SIERRA; ; ; ;TOTAL NACIONAL;11,0106802255767
11025304002430002;LOJA;04;00243;0002;100,92;1;1; ; ;REGIÓN SIERRA; ; ; ;TOTAL NACIONAL;5,14873519907083
11065104002620001;LOJA;04;00262;0001;13,55; ; ;2; ;REGIÓN SIERRA; ; ; ;TOTAL NACIONAL;2,52433042695812
11065104002620002;LOJA;04;00262;0002;154; ;1; ; ;REGIÓN SIERRA; ; ; ;TOTAL NACIONAL;9,10237723674166
11065104002620008;LOJA;04;00262;0008;1,5; ;1;1; ;REGIÓN SIERRA; ; ; ;TOTAL NACIONAL;4,61132283967325
11065104002620011;LOJA;04;00262;0011;436,01; ;1; ;30;REGIÓN SIERRA; ; ; ;TOTAL NACIONAL;16,829780063509
12115001000120001;LOS RÍOS;01;00012;0001;150; ;1;2; ; ;REGIÓN COSTA; ; ;TOTAL NACIONAL;3,66989114702864
12115001001020001;LOS RÍOS;01;00102;0001;80; ;3;1; ; ;REGIÓN COSTA; ; ;TOTAL NACIONAL;4,98394154586158
12115001003620001;LOS RÍOS;01;00362;0001;142; ;4;1; ; ;REGIÓN COSTA; ; ;TOTAL NACIONAL;3,87664557784715
12115001005160004;LOS RÍOS;01;00516;0004;24; ;1; ; ; ;REGIÓN COSTA; ; ;TOTAL NACIONAL;16,9449578107491
12115001005840001;LOS RÍOS;01;00584;0001;91; ; ;2; ; ;REGIÓN COSTA; ; ;TOTAL NACIONAL;5,62064665545743
12115001005840002;LOS RÍOS;01;00584;0002;95; ;1; ; ; ;REGIÓN COSTA; ; ;TOTAL NACIONAL;,293720059872713
12115001006660001;LOS RÍOS;01;00666;0001;80; ;1;1; ; ;REGIÓN COSTA; ; ;TOTAL NACIONAL;6,8810459006787
12115001007270001;LOS RÍOS;01;00727;0001;50; ;1;1; ; ;REGIÓN COSTA; ; ;TOTAL NACIONAL;11,0096734410859
12115001009520001;LOS RÍOS;01;00952;0001;57; ;1; ; ; ;REGIÓN COSTA; ; ;TOTAL NACIONAL;9,65760828165431
12115001010230001;LOS RÍOS;01;01023;0001;300; ;2; ; ; ;REGIÓN COSTA; ; ;TOTAL NACIONAL;0
12115001013290002;LOS RÍOS;01;01329;0002;44; ;5; ; ; ;REGIÓN COSTA; ; ;TOTAL NACIONAL;8,05235282510533
12075301015770001;LOS RÍOS;01;01577;0001;60; ; ;3; ; ;REGIÓN COSTA; ; ;TOTAL NACIONAL;9,17472786757159
12075401016570001;LOS RÍOS;01;01657;0001;18,87; ;1;1; ; ;REGIÓN COSTA; ; ;TOTAL NACIONAL;15,5155166520774
12075401016570002;LOS RÍOS;01;01657;0002;21,75; ; ;1; ; ;REGIÓN COSTA; ; ;TOTAL NACIONAL;11,8485458772228
12035101019400001;LOS RÍOS;01;01940;0001;32; ; ;2; ; ;REGIÓN COSTA; ; ;TOTAL NACIONAL;17,2026147516967
12035101019660001;LOS RÍOS;01;01966;0001;14,112; ; ;1; ; ;REGIÓN COSTA; ; ;TOTAL NACIONAL;39,0077632914577
12105102002690006;LOS RÍOS;02;00269;0006;16; ;1; ; ; ;REGIÓN COSTA; ; ;TOTAL NACIONAL;65,2930377450151
12115002011960001;LOS RÍOS;02;01196;0001;430; ;6; ; ; ;REGIÓN COSTA; ; ;TOTAL NACIONAL;0
12115002014220001;LOS RÍOS;02;01422;0001;30; ; ;2; ; ;REGIÓN COSTA; ; ;TOTAL NACIONAL;3,67030757440099
12105002017500001;LOS RÍOS;02;01750;0001;400; ; ;2; ; ;REGIÓN COSTA; ; ;TOTAL NACIONAL;6,24241288244578
12115002017780003;LOS RÍOS;02;01778;0003;34; ; ;1; ; ;REGIÓN COSTA; ; ;TOTAL NACIONAL;15,4385478604776
12115002023700002;LOS RÍOS;02;02370;0002;70,5; ; ;2; ; ;REGIÓN COSTA; ; ;TOTAL NACIONAL;1,2500813031927
12115002023700003;LOS RÍOS;02;02370;0003;29; ; ;1; ; ;REGIÓN COSTA; ; ;TOTAL NACIONAL;1,86764144045205
12055502026970001;LOS RÍOS;02;02697;0001;104; ; ;7; ; ;REGIÓN COSTA; ; ;TOTAL NACIONAL;14,7640400838828
12055002030610010;LOS RÍOS;02;03061;0010;3; ;3; ; ; ;REGIÓN COSTA; ; ;TOTAL NACIONAL;50,0202232265609
12135002041870003;LOS RÍOS;02;04187;0003;1,5;1; ; ; ; ;REGIÓN COSTA; ; ;TOTAL NACIONAL;58,1071874739784
12135002041870007;LOS RÍOS;02;04187;0007;26; ;1; ; ; ;REGIÓN COSTA; ; ;TOTAL NACIONAL;49,9606903598915
12125002042890003;LOS RÍOS;02;04289;0003;50; ;4;1; ; ;REGIÓN COSTA; ; ;TOTAL NACIONAL;9,45247826208977
12125002056120011;LOS RÍOS;02;05612;0011;400; ; ;20; ; ;REGIÓN COSTA; ; ;TOTAL NACIONAL;,158938917915237
12095002064280006;LOS RÍOS;02;06428;0006;18; ;3; ; ; ;REGIÓN COSTA; ; ;TOTAL NACIONAL;26,244396792555
12085002068080001;LOS RÍOS;02;06808;0001;26,25; ;1; ; ; ;REGIÓN COSTA; ; ;TOTAL NACIONAL;46,5794996296156
12095002069090006;LOS RÍOS;02;06909;0006;7; ;1; ; ; ;REGIÓN COSTA; ; ;TOTAL NACIONAL;6,21355517941755
12095002072270009;LOS RÍOS;02;07227;0009;10; ; ;2; ; ;REGIÓN COSTA; ; ;TOTAL NACIONAL;24,1452292728061
12095002074020005;LOS RÍOS;02;07402;0005;32,05; ;1; ; ; ;REGIÓN COSTA; ; ;TOTAL NACIONAL;13,5541158360946
12095002078790004;LOS RÍOS;02;07879;0004;3,7; ;1; ; ; ;REGIÓN COSTA; ; ;TOTAL NACIONAL;90,5606848600175
12085002081030001;LOS RÍOS;02;08103;0001;50; ;1; ; ; ;REGIÓN COSTA; ; ;TOTAL NACIONAL;39,2538409148739
12085002082980005;LOS RÍOS;02;08298;0005;18; ;1; ; ; ;REGIÓN COSTA; ; ;TOTAL NACIONAL;19,3552666484878
12085002082980006;LOS RÍOS;02;08298;0006;9; ;2; ; ; ;REGIÓN COSTA; ; ;TOTAL NACIONAL;9,25287407302993
12085002084420001;LOS RÍOS;02;08442;0001;20; ;3; ; ; ;REGIÓN COSTA; ; ;TOTAL NACIONAL;32,5250319333227
12085002084420002;LOS RÍOS;02;08442;0002;50; ;3; ; ; ;REGIÓN COSTA; ; ;TOTAL NACIONAL;35,6339930111769
12085002087380001;LOS RÍOS;02;08738;0001;14; ;1; ; ; ;REGIÓN COSTA; ; ;TOTAL NACIONAL;3,12110364315154
12085002087690004;LOS RÍOS;02;08769;0004;30,45; ;1; ; ; ;REGIÓN COSTA; ; ;TOTAL NACIONAL;18,3655121899651
12085002096900011;LOS RÍOS;02;09690;0011;3,01; ;2; ; ; ;REGIÓN COSTA; ; ;TOTAL NACIONAL;32,0957592668221
12085002096900012;LOS RÍOS;02;09690;0012;4,25; ;1; ; ; ;REGIÓN COSTA; ; ;TOTAL NACIONAL;26,5921192008306
12085002098240001;LOS RÍOS;02;09824;0001;5; ;1; ;4; ;REGIÓN COSTA; ; ;TOTAL NACIONAL;74,856669934695
12085002101480002;LOS RÍOS;02;10148;0002;15; ;3; ; ; ;REGIÓN COSTA; ; ;TOTAL NACIONAL;59,8353326491437
12085002102910007;LOS RÍOS;02;10291;0007;9; ;1; ;2; ;REGIÓN COSTA; ; ;TOTAL NACIONAL;9,91373876058127
12085002104260001;LOS RÍOS;02;10426;0001;22,58; ;1; ; ; ;REGIÓN COSTA; ; ;TOTAL NACIONAL;23,8899991295378
12085102114260001;LOS RÍOS;02;11426;0001;3,5; ;1; ; ; ;REGIÓN COSTA; ; ;TOTAL NACIONAL;,460409717539923
12085102114260015;LOS RÍOS;02;11426;0015;35; ; ;1; ; ;REGIÓN COSTA; ; ;TOTAL NACIONAL;15,5260827194268
12085102114260021;LOS RÍOS;02;11426;0021;2,5; ;3; ; ; ;REGIÓN COSTA; ; ;TOTAL NACIONAL;80,2480305620487
12015202118310005;LOS RÍOS;02;11831;0005;8,82; ;1; ; ; ;REGIÓN COSTA; ; ;TOTAL NACIONAL;24,2570587439498
12025202126720001;LOS RÍOS;02;12672;0001;61,35; ;2; ; ; ;REGIÓN COSTA; ; ;TOTAL NACIONAL;2,53095144757504
12025202126720006;LOS RÍOS;02;12672;0006;,4; ;1;1; ; ;REGIÓN COSTA; ; ;TOTAL NACIONAL;61,896795193087
12015402128580003;LOS RÍOS;02;12858;0003;12,7008; ;1; ; ; ;REGIÓN COSTA; ; ;TOTAL NACIONAL;13,6248017086087
12105003000260001;LOS RÍOS;03;00026;0001;37; ;1; ; ; ;REGIÓN COSTA; ; ;TOTAL NACIONAL;18,4899257166155
12115003001060001;LOS RÍOS;03;00106;0001;16; ;1; ; ; ;REGIÓN COSTA; ; ;TOTAL NACIONAL;42,9353615291875
12115003001060003;LOS RÍOS;03;00106;0003;250; ;2;1; ; ;REGIÓN COSTA; ; ;TOTAL NACIONAL;20,9604671929655
12085103003160007;LOS RÍOS;03;00316;0007;25; ;1; ; ; ;REGIÓN COSTA; ; ;TOTAL NACIONAL;54,0294525805865
12035004000030010;LOS RÍOS;04;00003;0010;57; ; ;2; ; ;REGIÓN COSTA; ; ;TOTAL NACIONAL;1,21720756579201
12035004000030011;LOS RÍOS;04;00003;0011;8; ; ;2; ; ;REGIÓN COSTA; ; ;TOTAL NACIONAL;1,39060091012409
12025251000993411;LOS RÍOS;51;00099;3411;120; ;1; ; ; ;REGIÓN COSTA; ; ;TOTAL NACIONAL;1
12125052000990166;LOS RÍOS;52;00099;0166;290; ;2;6; ; ;REGIÓN COSTA; ; ;TOTAL NACIONAL;1
12105057000992258;LOS RÍOS;57;00099;2258;150; ; ;4; ; ;REGIÓN COSTA; ; ;TOTAL NACIONAL;1
12105060000990090;LOS RÍOS;60;00099;0090;200; ;1;1; ; ;REGIÓN COSTA; ; ;TOTAL NACIONAL;1
12115061000992346;LOS RÍOS;61;00099;2346;300; ;2; ; ; ;REGIÓN COSTA; ; ;TOTAL NACIONAL;1
12115061000992365;LOS RÍOS;61;00099;2365;120; ;2;2; ; ;REGIÓN COSTA; ; ;TOTAL NACIONAL;1
12115061000992426;LOS RÍOS;61;00099;2426;130; ;2; ; ; ;REGIÓN COSTA; ; ;TOTAL NACIONAL;1
12115061000992436;LOS RÍOS;61;00099;2436;430; ;6; ; ; ;REGIÓN COSTA; ; ;TOTAL NACIONAL;1
12015261000992509;LOS RÍOS;61;00099;2509;480; ;4; ; ; ;REGIÓN COSTA; ; ;TOTAL NACIONAL;1
12105161000993004;LOS RÍOS;61;00099;3004;600; ;18; ; ; ;REGIÓN COSTA; ; ;TOTAL NACIONAL;1
12105161000993050;LOS RÍOS;61;00099;3050;100; ;1;3; ; ;REGIÓN COSTA; ; ;TOTAL NACIONAL;1
12055061000993200;LOS RÍOS;61;00099;3200;233; ;8; ; ; ;REGIÓN COSTA; ; ;TOTAL NACIONAL;1
12105161000993290;LOS RÍOS;61;00099;3290;104,7; ;2;5; ; ;REGIÓN COSTA; ; ;TOTAL NACIONAL;1
12055062000990434;LOS RÍOS;62;00099;0434;1; ;1; ; ; ;REGIÓN COSTA; ; ;TOTAL NACIONAL;1
13175102000600001;MANABÍ;02;00060;0001;300; ;6; ; ; ;REGIÓN COSTA; ; ;TOTAL NACIONAL;7,9704728672733
13175102000690001;MANABÍ;02;00069;0001;454; ;3;3; ; ;REGIÓN COSTA; ; ;TOTAL NACIONAL;3,46506359443712
13175102000690002;MANABÍ;02;00069;0002;300; ;6; ; ; ;REGIÓN COSTA; ; ;TOTAL NACIONAL;1,96184333546969
13175102000820004;MANABÍ;02;00082;0004;100; ;1; ; ; ;REGIÓN COSTA; ; ;TOTAL NACIONAL;1,78206489190786
13175102000820005;MANABÍ;02;00082;0005;20; ;1; ; ; ;REGIÓN COSTA; ; ;TOTAL NACIONAL;11,7644179520954
13175102002240001;MANABÍ;02;00224;0001;60; ;2;2; ; ;REGIÓN COSTA; ; ;TOTAL NACIONAL;39,8523643363665
13175102002780002;MANABÍ;02;00278;0002;5,57; ;1;2; ; ;REGIÓN COSTA; ; ;TOTAL NACIONAL;46,785387862747
13175102002780003;MANABÍ;02;00278;0003;2,5; ;1; ; ; ;REGIÓN COSTA; ; ;TOTAL NACIONAL;19,7056657521887
13175102003600001;MANABÍ;02;00360;0001;600; ;6; ; ; ;REGIÓN COSTA; ; ;TOTAL NACIONAL;3,8227052077515
13175102004240001;MANABÍ;02;00424;0001;40; ; ;2; ; ;REGIÓN COSTA; ; ;TOTAL NACIONAL;10,5683488674502
13175102004710002;MANABÍ;02;00471;0002;300; ;1;5; ; ;REGIÓN COSTA; ; ;TOTAL NACIONAL;,454981159506851
13175002006180001;MANABÍ;02;00618;0001;960; ;9;2; ; ;REGIÓN COSTA; ; ;TOTAL NACIONAL;2,49077277102291
13175102006400001;MANABÍ;02;00640;0001;300; ;2; ; ; ;REGIÓN COSTA; ; ;TOTAL NACIONAL;7,83561689439952
13175102006680001;MANABÍ;02;00668;0001;500; ;5; ; ; ;REGIÓN COSTA; ; ;TOTAL NACIONAL;4,78228372036398
13175002007460001;MANABÍ;02;00746;0001;960; ;9;2; ; ;REGIÓN COSTA; ; ;TOTAL NACIONAL;2,48067822248701
13175002008250001;MANABÍ;02;00825;0001;97;1;5;2; ; ;REGIÓN COSTA; ; ;TOTAL NACIONAL;2,70578380885141
13175002008250002;MANABÍ;02;00825;0002;45; ;9;4; ; ;REGIÓN COSTA; ; ;TOTAL NACIONAL;13,0847120224243
13175002008250003;MANABÍ;02;00825;0003;15;1; ;1; ; ;REGIÓN COSTA; ; ;TOTAL NACIONAL;27,340050346892
13175002008250004;MANABÍ;02;00825;0004;60;2;1;1; ; ;REGIÓN COSTA; ; ;TOTAL NACIONAL;13,3686970186582
13175002008710003;MANABÍ;02;00871;0003;30,25; ;2; ; ; ;REGIÓN COSTA; ; ;TOTAL NACIONAL;27,5842037161692
13175002008710004;MANABÍ;02;00871;0004;4,55; ;2; ; ; ;REGIÓN COSTA; ; ;TOTAL NACIONAL;43,7485533625116
13175002008710005;MANABÍ;02;00871;0005;10,75;2;1; ; ; ;REGIÓN COSTA; ; ;TOTAL NACIONAL;58,2474742746968
13175102008790001;MANABÍ;02;00879;0001;151,5; ; ;1; ; ;REGIÓN COSTA; ; ;TOTAL NACIONAL;15,6003373533263
13175102010020001;MANABÍ;02;01002;0001;24; ;2; ; ; ;REGIÓN COSTA; ; ;TOTAL NACIONAL;53,528644116993
13175102010020002;MANABÍ;02;01002;0002;20; ;1; ; ; ;REGIÓN COSTA; ; ;TOTAL NACIONAL;55,3227200687078
13175002010630001;MANABÍ;02;01063;0001;30; ;1;2; ; ;REGIÓN COSTA; ; ;TOTAL NACIONAL;19,4100940500273
13175002010630002;MANABÍ;02;01063;0002;80; ;2;2; ; ;REGIÓN COSTA; ; ;TOTAL NACIONAL;14,8665093868864
13175002010630003;MANABÍ;02;01063;0003;20; ; ;2; ; ;REGIÓN COSTA; ; ;TOTAL NACIONAL;13,6245270574953
13175002010630004;MANABÍ;02;01063;0004;20; ; ;2; ; ;REGIÓN COSTA; ; ;TOTAL NACIONAL;16,3720154754516
13175102011070001;MANABÍ;02;01107;0001;30;1;2; ; ; ;REGIÓN COSTA; ; ;TOTAL NACIONAL;22,0655899269739
13175102011070002;MANABÍ;02;01107;0002;100; ; ;4; ; ;REGIÓN COSTA; ; ;TOTAL NACIONAL;16,9221109445079
13175002011730001;MANABÍ;02;01173;0001;160; ;2;1; ; ;REGIÓN COSTA; ; ;TOTAL NACIONAL;,712485551151102
13175002011730002;MANABÍ;02;01173;0002;25; ;1;1; ; ;REGIÓN COSTA; ; ;TOTAL NACIONAL;54,5698424857866
13175002012810001;MANABÍ;02;01281;0001;37,5; ;1; ; ; ;REGIÓN COSTA; ; ;TOTAL NACIONAL;10,0838880284356
13175002012810002;MANABÍ;02;01281;0002;15;1;1; ; ; ;REGIÓN COSTA; ; ;TOTAL NACIONAL;29,4477976162376
13175002012810003;MANABÍ;02;01281;0003;70; ;2; ; ; ;REGIÓN COSTA; ; ;TOTAL NACIONAL;16,5675767204451
13175002012810004;MANABÍ;02;01281;0004;39;1;3;2; ; ;REGIÓN COSTA; ; ;TOTAL NACIONAL;9,47038642586467
13175002013590001;MANABÍ;02;01359;0001;80; ;1; ; ; ;REGIÓN COSTA; ; ;TOTAL NACIONAL;13,0604500506176
13175002013590002;MANABÍ;02;01359;0002;160; ;1;4; ; ;REGIÓN COSTA; ; ;TOTAL NACIONAL;3,50489090474488
13175002013590003;MANABÍ;02;01359;0003;80; ;1;1; ; ;REGIÓN COSTA; ; ;TOTAL NACIONAL;9,04549039524679
13175002013910002;MANABÍ;02;01391;0002;60; ;1;1; ; ;REGIÓN COSTA; ; ;TOTAL NACIONAL;4,02398178785256
13175002014410001;MANABÍ;02;01441;0001;350; ;12; ; ; ;REGIÓN COSTA; ; ;TOTAL NACIONAL;,00208750479857158
13175002014410002;MANABÍ;02;01441;0002;180;1;5;2; ; ;REGIÓN COSTA; ; ;TOTAL NACIONAL;13,0810219886894
13175102015650001;MANABÍ;02;01565;0001;30; ; ;2; ; ;REGIÓN COSTA; ; ;TOTAL NACIONAL;6,69298318826866
13175102015650002;MANABÍ;02;01565;0002;50; ;1; ; ; ;REGIÓN COSTA; ; ;TOTAL NACIONAL;43,8070472906786
13175002016360001;MANABÍ;02;01636;0001;150; ;2;2; ; ;REGIÓN COSTA; ; ;TOTAL NACIONAL;15,9409457345466
13175002017060005;MANABÍ;02;01706;0005;24; ;1; ; ; ;REGIÓN COSTA; ; ;TOTAL NACIONAL;23,816769236521
13175002017400001;MANABÍ;02;01740;0001;25,25; ;2;1; ; ;REGIÓN COSTA; ; ;TOTAL NACIONAL;38,5407875140489
13175002017400002;MANABÍ;02;01740;0002;65; ;1;2; ; ;REGIÓN COSTA; ; ;TOTAL NACIONAL;16,9942743796216
13175002017400004;MANABÍ;02;01740;0004;24; ;2;1; ; ;REGIÓN COSTA; ; ;TOTAL NACIONAL;6,30885067647091
13175002017640001;MANABÍ;02;01764;0001;4,5; ;1; ; ; ;REGIÓN COSTA; ; ;TOTAL NACIONAL;64,3851846191349
13175002017640003;MANABÍ;02;01764;0003;98; ;5;1;2; ;REGIÓN COSTA; ; ;TOTAL NACIONAL;1,83734310339211
13175002018210001;MANABÍ;02;01821;0001;13,5; ;1; ; ; ;REGIÓN COSTA; ; ;TOTAL NACIONAL;27,9817718136071
13175002018210003;MANABÍ;02;01821;0003;15; ; ;1; ; ;REGIÓN COSTA; ; ;TOTAL NACIONAL;37,3119975119472
13175002019590001;MANABÍ;02;01959;0001;16; ;1; ; ; ;REGIÓN COSTA; ; ;TOTAL NACIONAL;63,463229690483
13175002019590002;MANABÍ;02;01959;0002;15; ;1; ; ; ;REGIÓN COSTA; ; ;TOTAL NACIONAL;30,150084836654
13175002019590003;MANABÍ;02;01959;0003;15; ; ;1; ; ;REGIÓN COSTA; ; ;TOTAL NACIONAL;19,5002046738323
13175302021950001;MANABÍ;02;02195;0001;40;1;2;1; ; ;REGIÓN COSTA; ; ;TOTAL NACIONAL;19,7465144256335
13175302021950002;MANABÍ;02;02195;0002;78; ;1; ; ; ;REGIÓN COSTA; ; ;TOTAL NACIONAL;15,427207884031
13175302021950003;MANABÍ;02;02195;0003;27; ; ;1; ; ;REGIÓN COSTA; ; ;TOTAL NACIONAL;14,7392247482309
13175002022220001;MANABÍ;02;02222;0001;13; ;1;2; ; ;REGIÓN COSTA; ; ;TOTAL NACIONAL;57,9989851586066
13175002022220002;MANABÍ;02;02222;0002;18;1;3;4; ; ;REGIÓN COSTA; ; ;TOTAL NACIONAL;50,1778167332203
13175002022220003;MANABÍ;02;02222;0003;82; ;1;1; ; ;REGIÓN COSTA; ; ;TOTAL NACIONAL;8,94879981128679
13175002022870001;MANABÍ;02;02287;0001;39; ;2; ; ; ;REGIÓN COSTA; ; ;TOTAL NACIONAL;20,8277993339812
13175002022870002;MANABÍ;02;02287;0002;400; ;2;1; ; ;REGIÓN COSTA; ; ;TOTAL NACIONAL;3,86088045175538
13175302023200001;MANABÍ;02;02320;0001;82; ;1;1; ; ;REGIÓN COSTA; ; ;TOTAL NACIONAL;29,1602665875852
13175302023280001;MANABÍ;02;02328;0001;216; ;6;6; ; ;REGIÓN COSTA; ; ;TOTAL NACIONAL;11,0701012045462
13175302024250001;MANABÍ;02;02425;0001;216; ;6;6; ; ;REGIÓN COSTA; ; ;TOTAL NACIONAL;11,0701319548274
13035402025170001;MANABÍ;02;02517;0001;126; ;4;2; ; ;REGIÓN COSTA; ; ;TOTAL NACIONAL;15,3428439808953
13035402025170002;MANABÍ;02;02517;0002;187;2; ; ; ; ;REGIÓN COSTA; ; ;TOTAL NACIONAL;1,37163881780523
13035402025170003;MANABÍ;02;02517;0003;560; ; ;7; ; ;REGIÓN COSTA; ; ;TOTAL NACIONAL;0
13175002025280001;MANABÍ;02;02528;0001;16; ; ;1; ; ;REGIÓN COSTA; ; ;TOTAL NACIONAL;0
13175002025280002;MANABÍ;02;02528;0002;14;1;1; ; ; ;REGIÓN COSTA; ; ;TOTAL NACIONAL;67,5829678537549
13175302026510001;MANABÍ;02;02651;0001;28; ;1;1; ; ;REGIÓN COSTA; ; ;TOTAL NACIONAL;3,63463051405838
13175302026650001;MANABÍ;02;02665;0001;60; ; ;5; ; ;REGIÓN COSTA; ; ;TOTAL NACIONAL;6,90276160609481
13175302026650002;MANABÍ;02;02665;0002;84; ; ;1; ; ;REGIÓN COSTA; ; ;TOTAL NACIONAL;6,392904373474
13175302026650003;MANABÍ;02;02665;0003;21; ;1;1; ; ;REGIÓN COSTA; ; ;TOTAL NACIONAL;24,2776808073875
13175302026650004;MANABÍ;02;02665;0004;21; ; ;2; ; ;REGIÓN COSTA; ; ;TOTAL NACIONAL;29,7675021390249
13175302026650005;MANABÍ;02;02665;0005;82; ;1;1; ; ;REGIÓN COSTA; ; ;TOTAL NACIONAL;3,71987800768962
13175302026710001;MANABÍ;02;02671;0001;53; ;2;4; ; ;REGIÓN COSTA; ; ;TOTAL NACIONAL;42,65894829647
13175302026710002;MANABÍ;02;02671;0002;50; ; ;4; ; ;REGIÓN COSTA; ; ;TOTAL NACIONAL;2,60435200938155
13035402027260001;MANABÍ;02;02726;0001;20; ; ;1; ; ;REGIÓN COSTA; ; ;TOTAL NACIONAL;3,32302297958069
13035402027260003;MANABÍ;02;02726;0003;15; ;1; ; ; ;REGIÓN COSTA; ; ;TOTAL NACIONAL;73,4859886200671
13035402027260004;MANABÍ;02;02726;0004;38; ; ;2; ; ;REGIÓN COSTA; ; ;TOTAL NACIONAL;23,2512327241951
13035402028250001;MANABÍ;02;02825;0001;4; ; ;2; ; ;REGIÓN COSTA; ; ;TOTAL NACIONAL;49,1196995597524
13035402028250002;MANABÍ;02;02825;0002;48; ; ;2; ; ;REGIÓN COSTA; ; ;TOTAL NACIONAL;27,9771900217196
13035402028250003;MANABÍ;02;02825;0003;30; ; ;1; ; ;REGIÓN COSTA; ; ;TOTAL NACIONAL;28,391931363348
13035402029510002;MANABÍ;02;02951;0002;7; ; ;2; ; ;REGIÓN COSTA; ; ;TOTAL NACIONAL;51,5556753298128
13035402029510008;MANABÍ;02;02951;0008;39,95;1;4;2; ; ;REGIÓN COSTA; ; ;TOTAL NACIONAL;1,86210463315521
13035402029510009;MANABÍ;02;02951;0009;18,95; ;2; ; ; ;REGIÓN COSTA; ; ;TOTAL NACIONAL;6,39986209690164
13175202030060001;MANABÍ;02;03006;0001;100; ;2;2; ; ;REGIÓN COSTA; ; ;TOTAL NACIONAL;17,5988040909394
13175202030060002;MANABÍ;02;03006;0002;150; ;7;2; ; ;REGIÓN COSTA; ; ;TOTAL NACIONAL;,533755999678402
13175202030060003;MANABÍ;02;03006;0003;50; ; ;2; ; ;REGIÓN COSTA; ; ;TOTAL NACIONAL;8,52149822483079
13035402030260001;MANABÍ;02;03026;0001;39,95;1;4;2; ; ;REGIÓN COSTA; ; ;TOTAL NACIONAL;2,01689208078624
13035402030260003;MANABÍ;02;03026;0003;43; ; ;1; ; ;REGIÓN COSTA; ; ;TOTAL NACIONAL;0
13035402030260004;MANABÍ;02;03026;0004;61; ;7;6; ; ;REGIÓN COSTA; ; ;TOTAL NACIONAL;18,6353357769056
13035402030330001;MANABÍ;02;03033;0001;58;2; ;2; ; ;REGIÓN COSTA; ; ;TOTAL NACIONAL;4,87172250354416
13175302032470001;MANABÍ;02;03247;0001;350; ;2;3; ; ;REGIÓN COSTA; ; ;TOTAL NACIONAL;6,80300734269762
13045202033030002;MANABÍ;02;03303;0002;35; ; ;1; ; ;REGIÓN COSTA; ; ;TOTAL NACIONAL;13,6350676210234
13045202033030005;MANABÍ;02;03303;0005;9,85; ; ;1; ; ;REGIÓN COSTA; ; ;TOTAL NACIONAL;72,1831605442876
13045202033030006;MANABÍ;02;03303;0006;64; ;1;1; ; ;REGIÓN COSTA; ; ;TOTAL NACIONAL;4,98305787511762
13035402033400002;MANABÍ;02;03340;0002;22; ;1;1; ; ;REGIÓN COSTA; ; ;TOTAL NACIONAL;33,9838017759855
13035402033400003;MANABÍ;02;03340;0003;90; ;2;2; ; ;REGIÓN COSTA; ; ;TOTAL NACIONAL;5,13054910425901
13035402033400004;MANABÍ;02;03340;0004;200; ;5;2; ; ;REGIÓN COSTA; ; ;TOTAL NACIONAL;2,78528174346865
13035402033400005;MANABÍ;02;03340;0005;49; ;1;4; ; ;REGIÓN COSTA; ; ;TOTAL NACIONAL;2,22034601302613
13035402033400006;MANABÍ;02;03340;0006;350; ;2;3; ; ;REGIÓN COSTA; ; ;TOTAL NACIONAL;,0230953939987419
13175202033630002;MANABÍ;02;03363;0002;6; ;1; ; ; ;REGIÓN COSTA; ; ;TOTAL NACIONAL;32,8405622334069
13175202033630004;MANABÍ;02;03363;0004;2,01;1; ; ; ; ;REGIÓN COSTA; ; ;TOTAL NACIONAL;17,9666090295875
13175202033630006;MANABÍ;02;03363;0006;1,2; ; ;1; ; ;REGIÓN COSTA; ; ;TOTAL NACIONAL;45,3209943314124
13175202033630007;MANABÍ;02;03363;0007;12,02; ; ;1; ; ;REGIÓN COSTA; ; ;TOTAL NACIONAL;17,435133105117
13175202033630008;MANABÍ;02;03363;0008;13; ; ;1; ; ;REGIÓN COSTA; ; ;TOTAL NACIONAL;29,5300910454997
13045202034410001;MANABÍ;02;03441;0001;500; ; ;10; ; ;REGIÓN COSTA; ; ;TOTAL NACIONAL;4,78228372036398
13035402036230001;MANABÍ;02;03623;0001;500; ; ;10; ; ;REGIÓN COSTA; ; ;TOTAL NACIONAL;3,5607954693329
13035402036470001;MANABÍ;02;03647;0001;15; ; ;2; ; ;REGIÓN COSTA; ; ;TOTAL NACIONAL;53,9685145883557
13035402036470002;MANABÍ;02;03647;0002;40; ;1;1; ; ;REGIÓN COSTA; ; ;TOTAL NACIONAL;34,8834387096939
13035402036470003;MANABÍ;02;03647;0003;400; ; ;4; ; ;REGIÓN COSTA; ; ;TOTAL NACIONAL;,465691482422249
13035402036530001;MANABÍ;02;03653;0001;410; ;3;7; ; ;REGIÓN COSTA; ; ;TOTAL NACIONAL;1,34216607028603
13035402036530002;MANABÍ;02;03653;0002;47; ; ;3; ; ;REGIÓN COSTA; ; ;TOTAL NACIONAL;25,5674115283927
13035402036530003;MANABÍ;02;03653;0003;12; ; ;2; ; ;REGIÓN COSTA; ; ;TOTAL NACIONAL;26,7226708027144
13035402036530004;MANABÍ;02;03653;0004;24; ;1;2; ; ;REGIÓN COSTA; ; ;TOTAL NACIONAL;8,73541686050745
13035302039420001;MANABÍ;02;03942;0001;100; ;1;6; ; ;REGIÓN COSTA; ; ;TOTAL NACIONAL;8,41960901334415
13035302039420002;MANABÍ;02;03942;0002;50; ;1;1; ; ;REGIÓN COSTA; ; ;TOTAL NACIONAL;28,3548243841103
13035302040200001;MANABÍ;02;04020;0001;220; ; ;10; ; ;REGIÓN COSTA; ; ;TOTAL NACIONAL;5,19994857508314
13035302040200002;MANABÍ;02;04020;0002;117; ;1;5; ; ;REGIÓN COSTA; ; ;TOTAL NACIONAL;10,6594288347325
13035302041020001;MANABÍ;02;04102;0001;9; ;1;1; ; ;REGIÓN COSTA; ; ;TOTAL NACIONAL;60,9792834818695
13035302041020003;MANABÍ;02;04102;0003;20; ;1;1; ; ;REGIÓN COSTA; ; ;TOTAL NACIONAL;4,33726565194122
13035302041020004;MANABÍ;02;04102;0004;100; ;1; ; ; ;REGIÓN COSTA; ; ;TOTAL NACIONAL;,624088025507499
13035302041020005;MANABÍ;02;04102;0005;25; ;2;1; ; ;REGIÓN COSTA; ; ;TOTAL NACIONAL;45,4035330059935
13205002041560001;MANABÍ;02;04156;0001;9; ; ;1; ; ;REGIÓN COSTA; ; ;TOTAL NACIONAL;70,1726335288717
13205002041560002;MANABÍ;02;04156;0002;7; ;1; ; ; ;REGIÓN COSTA; ; ;TOTAL NACIONAL;41,3686519127835
13205002041560003;MANABÍ;02;04156;0003;14; ; ;1; ; ;REGIÓN COSTA; ; ;TOTAL NACIONAL;16,1387842575021
13205002041560004;MANABÍ;02;04156;0004;35; ;1; ; ; ;REGIÓN COSTA; ; ;TOTAL NACIONAL;27,7664706452911
13205002041560005;MANABÍ;02;04156;0005;40; ;1;1; ; ;REGIÓN COSTA; ; ;TOTAL NACIONAL;6,76178386725492
13045202042340008;MANABÍ;02;04234;0008;71; ;4;2; ; ;REGIÓN COSTA; ; ;TOTAL NACIONAL;1,01969664616525
13035302042630001;MANABÍ;02;04263;0001;23; ;1;1; ; ;REGIÓN COSTA; ; ;TOTAL NACIONAL;30,8884702131722
13035302042630002;MANABÍ;02;04263;0002;22; ;1;1; ; ;REGIÓN COSTA; ; ;TOTAL NACIONAL;24,3470774028606
13035302042630003;MANABÍ;02;04263;0003;14; ; ;2; ; ;REGIÓN COSTA; ; ;TOTAL NACIONAL;17,1203859457395
13035302042630004;MANABÍ;02;04263;0004;8; ; ;2; ; ;REGIÓN COSTA; ; ;TOTAL NACIONAL;45,1161974591282
13035302042630005;MANABÍ;02;04263;0005;21; ;1;3; ; ;REGIÓN COSTA; ; ;TOTAL NACIONAL;23,5132112470621
13045002045610002;MANABÍ;02;04561;0002;437; ;10;15; ; ;REGIÓN COSTA; ; ;TOTAL NACIONAL;,0409315092135145
13055102046080001;MANABÍ;02;04608;0001;178; ; ;1; ; ;REGIÓN COSTA; ; ;TOTAL NACIONAL;7,54470931195688
13055102046080002;MANABÍ;02;04608;0002;205; ; ;3; ; ;REGIÓN COSTA; ; ;TOTAL NACIONAL;4,53212103333871
13175202046350001;MANABÍ;02;04635;0001;25; ;1;2; ; ;REGIÓN COSTA; ; ;TOTAL NACIONAL;28,1421455997686
13175202046350002;MANABÍ;02;04635;0002;50; ;1;5; ; ;REGIÓN COSTA; ; ;TOTAL NACIONAL;18,1519549079282
13175202046350003;MANABÍ;02;04635;0003;60; ;1;4; ; ;REGIÓN COSTA; ; ;TOTAL NACIONAL;6,91571362450413
13175202046350004;MANABÍ;02;04635;0004;37,5; ;1;2; ; ;REGIÓN COSTA; ; ;TOTAL NACIONAL;9,73460419522979
13035302048680001;MANABÍ;02;04868;0001;36,18; ;2;1; ; ;REGIÓN COSTA; ; ;TOTAL NACIONAL;11,8022332709431
13035302048680003;MANABÍ;02;04868;0003;14; ;1;1; ; ;REGIÓN COSTA; ; ;TOTAL NACIONAL;14,5688857623946
13035302048680004;MANABÍ;02;04868;0004;24; ;1; ; ; ;REGIÓN COSTA; ; ;TOTAL NACIONAL;9,51198446000637
13035302048680005;MANABÍ;02;04868;0005;140; ;1;3; ; ;REGIÓN COSTA; ; ;TOTAL NACIONAL;,306056669445119
13045202049020001;MANABÍ;02;04902;0001;54; ;2; ; ; ;REGIÓN COSTA; ; ;TOTAL NACIONAL;6,34735002843783
13045202049050002;MANABÍ;02;04905;0002;50; ; ;1; ; ;REGIÓN COSTA; ; ;TOTAL NACIONAL;12,8610221774177
13055102049640001;MANABÍ;02;04964;0001;60; ; ;3; ; ;REGIÓN COSTA; ; ;TOTAL NACIONAL;16,6949303275882
13055102049640002;MANABÍ;02;04964;0002;40; ; ;2; ; ;REGIÓN COSTA; ; ;TOTAL NACIONAL;11,5111893870414
13055102049640003;MANABÍ;02;04964;0003;140; ; ;3; ; ;REGIÓN COSTA; ; ;TOTAL NACIONAL;6,63570332175028
13175202049950001;MANABÍ;02;04995;0001;4; ; ;1; ; ;REGIÓN COSTA; ; ;TOTAL NACIONAL;11,7647500551315
13175202049950002;MANABÍ;02;04995;0002;15; ;1;2; ; ;REGIÓN COSTA; ; ;TOTAL NACIONAL;17,7551139199476
13175202049950003;MANABÍ;02;04995;0003;3; ;1; ; ; ;REGIÓN COSTA; ; ;TOTAL NACIONAL;74,7563934343008
13175202049950004;MANABÍ;02;04995;0004;3; ; ;1; ; ;REGIÓN COSTA; ; ;TOTAL NACIONAL;40,2398178785256
13175202049950005;MANABÍ;02;04995;0005;35; ;1; ; ; ;REGIÓN COSTA; ; ;TOTAL NACIONAL;25,0098256721956
13175202049950006;MANABÍ;02;04995;0006;38; ;1;2; ; ;REGIÓN COSTA; ; ;TOTAL NACIONAL;22,5636046483211
13055002051320001;MANABÍ;02;05132;0001;260; ;3;3; ; ;REGIÓN COSTA; ; ;TOTAL NACIONAL;8,95595030742694
13205002051830001;MANABÍ;02;05183;0001;3;1; ; ; ; ;REGIÓN COSTA; ; ;TOTAL NACIONAL;9,87010223397344
13205002051830003;MANABÍ;02;05183;0003;30; ;2; ; ; ;REGIÓN COSTA; ; ;TOTAL NACIONAL;9,20279653336339
13205002051830004;MANABÍ;02;05183;0004;49; ;2;1; ; ;REGIÓN COSTA; ; ;TOTAL NACIONAL;8,48828249912677
13175202051950002;MANABÍ;02;05195;0002;10,01; ; ;2; ; ;REGIÓN COSTA; ; ;TOTAL NACIONAL;31,9907124439711
13175202051950003;MANABÍ;02;05195;0003;12; ; ;1; ; ;REGIÓN COSTA; ; ;TOTAL NACIONAL;39,8130654770904
13175202051950004;MANABÍ;02;05195;0004;4,2336; ; ;1; ; ;REGIÓN COSTA; ; ;TOTAL NACIONAL;52,2393933967937
13175202051950006;MANABÍ;02;05195;0006;7,0701; ;1; ; ; ;REGIÓN COSTA; ; ;TOTAL NACIONAL;14,4469578125647
13175202051950008;MANABÍ;02;05195;0008;12,01; ; ;1; ; ;REGIÓN COSTA; ; ;TOTAL NACIONAL;30,8161753148304
13175202051950009;MANABÍ;02;05195;0009;15; ; ;2; ; ;REGIÓN COSTA; ; ;TOTAL NACIONAL;24,6823404497045
13055002052240003;MANABÍ;02;05224;0003;7; ; ;1; ; ;REGIÓN COSTA; ; ;TOTAL NACIONAL;8,90225910009025
13055002052240004;MANABÍ;02;05224;0004;260; ;3;3; ; ;REGIÓN COSTA; ; ;TOTAL NACIONAL;7,77146650946542
13205002053390003;MANABÍ;02;05339;0003;50; ;2; ; ; ;REGIÓN COSTA; ; ;TOTAL NACIONAL;18,1020066112933
13145702054800001;MANABÍ;02;05480;0001;65; ;2;1; ; ;REGIÓN COSTA; ; ;TOTAL NACIONAL;36,1395545779113
13145702055200001;MANABÍ;02;05520;0001;5,5; ; ;1; ; ;REGIÓN COSTA; ; ;TOTAL NACIONAL;24,9246347738869
13145702055200003;MANABÍ;02;05520;0003;12; ;2; ; ; ;REGIÓN COSTA; ; ;TOTAL NACIONAL;76,9610040891862
13145702055200004;MANABÍ;02;05520;0004;115; ;1;1; ; ;REGIÓN COSTA; ; ;TOTAL NACIONAL;1,47511505094319
13145702055200005;MANABÍ;02;05520;0005;8; ;1; ; ; ;REGIÓN COSTA; ; ;TOTAL NACIONAL;49,1246811052944
13145702055200006;MANABÍ;02;05520;0006;65; ;2;1; ; ;REGIÓN COSTA; ; ;TOTAL NACIONAL;5,82416758388601
13035302055420001;MANABÍ;02;05542;0001;22; ;1;3; ; ;REGIÓN COSTA; ; ;TOTAL NACIONAL;4,83934506020923
13035302055420002;MANABÍ;02;05542;0002;20; ;1;1; ; ;REGIÓN COSTA; ; ;TOTAL NACIONAL;16,940243770281
13035302055420003;MANABÍ;02;05542;0003;18; ; ;2; ; ;REGIÓN COSTA; ; ;TOTAL NACIONAL;18,4044122559316
13035302055420004;MANABÍ;02;05542;0004;20; ;1;2; ; ;REGIÓN COSTA; ; ;TOTAL NACIONAL;19,2427141198146
13035302055420005;MANABÍ;02;05542;0005;90; ;1;3; ; ;REGIÓN COSTA; ; ;TOTAL NACIONAL;2,60789444176701
13035302055420006;MANABÍ;02;05542;0006;92; ;1;3; ; ;REGIÓN COSTA; ; ;TOTAL NACIONAL;10,2357765552845
13055002058060001;MANABÍ;02;05806;0001;75; ; ;2; ; ;REGIÓN COSTA; ; ;TOTAL NACIONAL;9,03949040039392
13055002058060002;MANABÍ;02;05806;0002;60; ; ;2; ; ;REGIÓN COSTA; ; ;TOTAL NACIONAL;25,9164353319873
13055002058060003;MANABÍ;02;05806;0003;60; ;1;2; ; ;REGIÓN COSTA; ; ;TOTAL NACIONAL;,373394513629345
13055002058080001;MANABÍ;02;05808;0001;30; ;1; ; ; ;REGIÓN COSTA; ; ;TOTAL NACIONAL;9,79128311339707
13055002058080002;MANABÍ;02;05808;0002;400; ;4;2; ; ;REGIÓN COSTA; ; ;TOTAL NACIONAL;,209390964283992
13055002058080003;MANABÍ;02;05808;0003;20; ;1;2; ; ;REGIÓN COSTA; ; ;TOTAL NACIONAL;2,95040337303567
13055002058080004;MANABÍ;02;05808;0004;10; ;1;1; ; ;REGIÓN COSTA; ; ;TOTAL NACIONAL;38,0111851040264
13055002058080005;MANABÍ;02;05808;0005;75; ; ;2; ; ;REGIÓN COSTA; ; ;TOTAL NACIONAL;7,86189731465911
13055002058080006;MANABÍ;02;05808;0006;10; ;3; ; ; ;REGIÓN COSTA; ; ;TOTAL NACIONAL;55,016188966354
13055002058080007;MANABÍ;02;05808;0007;7;1; ;1; ; ;REGIÓN COSTA; ; ;TOTAL NACIONAL;57,0847164485749
13205002058460001;MANABÍ;02;05846;0001;3; ; ;1; ; ;REGIÓN COSTA; ; ;TOTAL NACIONAL;48,0110289241171
13205002058460002;MANABÍ;02;05846;0002;60; ;1; ; ; ;REGIÓN COSTA; ; ;TOTAL NACIONAL;,502361192662309
13205002058460003;MANABÍ;02;05846;0003;36; ; ;1; ; ;REGIÓN COSTA; ; ;TOTAL NACIONAL;3,45903762304722
13205002058460005;MANABÍ;02;05846;0005;12; ;1;1; ; ;REGIÓN COSTA; ; ;TOTAL NACIONAL;73,1218929914496
13205002058460006;MANABÍ;02;05846;0006;20; ; ;2; ; ;REGIÓN COSTA; ; ;TOTAL NACIONAL;40,7556845946575
13205002058460007;MANABÍ;02;05846;0007;15; ; ;1; ; ;REGIÓN COSTA; ; ;TOTAL NACIONAL;17,0240444363994
13205002058630001;MANABÍ;02;05863;0001;187,4; ;3;1; ; ;REGIÓN COSTA; ; ;TOTAL NACIONAL;10,39400983685
13055002059170001;MANABÍ;02;05917;0001;25; ;2;1; ; ;REGIÓN COSTA; ; ;TOTAL NACIONAL;10,0582053936411
13055002059170004;MANABÍ;02;05917;0004;13; ;2;4; ; ;REGIÓN COSTA; ; ;TOTAL NACIONAL;34,7732315944714
13055002059170005;MANABÍ;02;05917;0005;200; ;2;1; ; ;REGIÓN COSTA; ; ;TOTAL NACIONAL;2,74483159366724
13035302061030003;MANABÍ;02;06103;0003;125; ; ;3; ; ;REGIÓN COSTA; ; ;TOTAL NACIONAL;7,2081237057615
13035302061030006;MANABÍ;02;06103;0006;40; ;1;1; ; ;REGIÓN COSTA; ; ;TOTAL NACIONAL;,322472048088432
13035302062250002;MANABÍ;02;06225;0002;4; ; ;1; ; ;REGIÓN COSTA; ; ;TOTAL NACIONAL;23,0462901926846
13035302062250003;MANABÍ;02;06225;0003;23,2; ;1;3; ; ;REGIÓN COSTA; ; ;TOTAL NACIONAL;4,45762437296858
13035302062250005;MANABÍ;02;06225;0005;9,8784; ;1;2; ; ;REGIÓN COSTA; ; ;TOTAL NACIONAL;39,0425471661311
13145702062380001;MANABÍ;02;06238;0001;60; ; ;2; ; ;REGIÓN COSTA; ; ;TOTAL NACIONAL;9,35932776439567
13145702062380002;MANABÍ;02;06238;0002;280,83; ;3;4; ; ;REGIÓN COSTA; ; ;TOTAL NACIONAL;6,51491006772157
13035302062810001;MANABÍ;02;06281;0001;38; ;1;1; ; ;REGIÓN COSTA; ; ;TOTAL NACIONAL;34,8239747871183
13035302062810002;MANABÍ;02;06281;0002;10; ; ;1; ; ;REGIÓN COSTA; ; ;TOTAL NACIONAL;23,1176923454539
13035302062810003;MANABÍ;02;06281;0003;7; ;1;1; ; ;REGIÓN COSTA; ; ;TOTAL NACIONAL;64,9375299544742
13035302062810004;MANABÍ;02;06281;0004;14; ; ;1; ; ;REGIÓN COSTA; ; ;TOTAL NACIONAL;27,2927019425971
13035302064280002;MANABÍ;02;06428;0002;7,5; ;2;2; ; ;REGIÓN COSTA; ; ;TOTAL NACIONAL;,165608714020012
13035302064280003;MANABÍ;02;06428;0003;10; ;2; ; ; ;REGIÓN COSTA; ; ;TOTAL NACIONAL;3,41734024184343
13035302064280004;MANABÍ;02;06428;0004;3,6; ; ;1; ; ;REGIÓN COSTA; ; ;TOTAL NACIONAL;16,821018780308
13035302064280005;MANABÍ;02;06428;0005;15; ; ;2; ; ;REGIÓN COSTA; ; ;TOTAL NACIONAL;18,4414601946295
13035302064280006;MANABÍ;02;06428;0006;14;3; ;3; ; ;REGIÓN COSTA; ; ;TOTAL NACIONAL;26,7423597684282
13035302064290001;MANABÍ;02;06429;0001;10; ;2; ; ; ;REGIÓN COSTA; ; ;TOTAL NACIONAL;18,162715046299
13035302064290003;MANABÍ;02;06429;0003;45; ;1;2; ; ;REGIÓN COSTA; ; ;TOTAL NACIONAL;4,71940554552216
13035302064290005;MANABÍ;02;06429;0005;200; ;3;2; ; ;REGIÓN COSTA; ; ;TOTAL NACIONAL;9,75668904713286
13035302065010001;MANABÍ;02;06501;0001;14,112; ;1; ; ; ;REGIÓN COSTA; ; ;TOTAL NACIONAL;8,02723537600069
13035302065010002;MANABÍ;02;06501;0002;40,01; ; ;2; ; ;REGIÓN COSTA; ; ;TOTAL NACIONAL;,0473128544358263
13035302065010004;MANABÍ;02;06501;0004;8; ; ;2; ; ;REGIÓN COSTA; ; ;TOTAL NACIONAL;9,83606167276946
13035302065010005;MANABÍ;02;06501;0005;25,4016; ;1;3; ; ;REGIÓN COSTA; ; ;TOTAL NACIONAL;4,3094845510234
13035302065010006;MANABÍ;02;06501;0006;21; ;1; ; ; ;REGIÓN COSTA; ; ;TOTAL NACIONAL;53,7934172161604
13035302065010007;MANABÍ;02;06501;0007;30; ;1;4; ; ;REGIÓN COSTA; ; ;TOTAL NACIONAL;23,5954779134421
13055002065360001;MANABÍ;02;06536;0001;600; ;4;6; ; ;REGIÓN COSTA; ; ;TOTAL NACIONAL;3,78024029953086
13055002065360002;MANABÍ;02;06536;0002;160; ;2;1; ; ;REGIÓN COSTA; ; ;TOTAL NACIONAL;,768735502896703
13045002065570001;MANABÍ;02;06557;0001;6; ;1; ; ; ;REGIÓN COSTA; ; ;TOTAL NACIONAL;48,6497737636194
13045002065570003;MANABÍ;02;06557;0003;13,5; ;2; ; ; ;REGIÓN COSTA; ; ;TOTAL NACIONAL;10,6548494082513
13045002065570006;MANABÍ;02;06557;0006;17; ;1; ; ; ;REGIÓN COSTA; ; ;TOTAL NACIONAL;46,4948157685485
13045002065570007;MANABÍ;02;06557;0007;7,5; ; ;1; ; ;REGIÓN COSTA; ; ;TOTAL NACIONAL;62,5372157247227
13045002065570008;MANABÍ;02;06557;0008;9; ;1; ; ; ;REGIÓN COSTA; ; ;TOTAL NACIONAL;5,49962627841858
13205002066770005;MANABÍ;02;06677;0005;180; ;1; ; ; ;REGIÓN COSTA; ; ;TOTAL NACIONAL;6,00010555387611
13035302067290001;MANABÍ;02;06729;0001;14; ;1; ; ; ;REGIÓN COSTA; ; ;TOTAL NACIONAL;1,89725720215631
13035302067290002;MANABÍ;02;06729;0002;12; ;1; ; ; ;REGIÓN COSTA; ; ;TOTAL NACIONAL;20,6169564833469
13035302067290004;MANABÍ;02;06729;0004;20; ;1; ; ; ;REGIÓN COSTA; ; ;TOTAL NACIONAL;53,2500650201806
13035302067290005;MANABÍ;02;06729;0005;4,5; ;1; ; ; ;REGIÓN COSTA; ; ;TOTAL NACIONAL;19,3446328515711
13035302067290006;MANABÍ;02;06729;0006;16; ;2;1; ; ;REGIÓN COSTA; ; ;TOTAL NACIONAL;23,8383559338699
13045002068020007;MANABÍ;02;06802;0007;106; ;1;2; ; ;REGIÓN COSTA; ; ;TOTAL NACIONAL;0
13055002068270001;MANABÍ;02;06827;0001;600; ;4;6; ; ;REGIÓN COSTA; ; ;TOTAL NACIONAL;1,30618338132682
13055002068270003;MANABÍ;02;06827;0003;50; ; ;2; ; ;REGIÓN COSTA; ; ;TOTAL NACIONAL;22,271360968164
13035302068700009;MANABÍ;02;06870;0009;200; ;3;2; ; ;REGIÓN COSTA; ; ;TOTAL NACIONAL;,669785403279866
13055002070590001;MANABÍ;02;07059;0001;1200; ;23; ; ; ;REGIÓN COSTA; ; ;TOTAL NACIONAL;0
13055002070610001;MANABÍ;02;07061;0001;311; ;30;2; ; ;REGIÓN COSTA; ; ;TOTAL NACIONAL;3,1117734129353
13055002070610002;MANABÍ;02;07061;0002;1200; ;23;6; ; ;REGIÓN COSTA; ; ;TOTAL NACIONAL;0
13145702071190002;MANABÍ;02;07119;0002;6,95; ;1;1; ; ;REGIÓN COSTA; ; ;TOTAL NACIONAL;38,3500162131826
13145702071190003;MANABÍ;02;07119;0003;4; ;1; ; ; ;REGIÓN COSTA; ; ;TOTAL NACIONAL;45,2075257940657
13145702071190007;MANABÍ;02;07119;0007;12; ; ;2; ; ;REGIÓN COSTA; ; ;TOTAL NACIONAL;9,89113542626207
13145702071190008;MANABÍ;02;07119;0008;30; ;1;2; ; ;REGIÓN COSTA; ; ;TOTAL NACIONAL;31,1583496543641
13225102071680001;MANABÍ;02;07168;0001;100;1;1;1; ; ;REGIÓN COSTA; ; ;TOTAL NACIONAL;21,4949040696771
13055002072660001;MANABÍ;02;07266;0001;1200; ;23;6; ; ;REGIÓN COSTA; ; ;TOTAL NACIONAL;0
13145702073720002;MANABÍ;02;07372;0002;1; ; ;1; ; ;REGIÓN COSTA; ; ;TOTAL NACIONAL;48,2346449684489
13145702073720004;MANABÍ;02;07372;0004;19,5; ;1; ; ; ;REGIÓN COSTA; ; ;TOTAL NACIONAL;38,9115760432294
13145702073720005;MANABÍ;02;07372;0005;2,5; ; ;1; ; ;REGIÓN COSTA; ; ;TOTAL NACIONAL;8,69578589819517
13145702073910001;MANABÍ;02;07391;0001;28; ;1;1; ; ;REGIÓN COSTA; ; ;TOTAL NACIONAL;30,7826304194818
13145702073910002;MANABÍ;02;07391;0002;15; ;1; ; ; ;REGIÓN COSTA; ; ;TOTAL NACIONAL;27,4060281500711
13145702073910003;MANABÍ;02;07391;0003;2,2; ; ;1; ; ;REGIÓN COSTA; ; ;TOTAL NACIONAL;51,0049881135285
13145702073910004;MANABÍ;02;07391;0004;22; ;2; ; ; ;REGIÓN COSTA; ; ;TOTAL NACIONAL;45,7245498389599
13145702074430001;MANABÍ;02;07443;0001;4,4;1; ; ; ; ;REGIÓN COSTA; ; ;TOTAL NACIONAL;58,7173263481685
13145702074430005;MANABÍ;02;07443;0005;33,2; ; ;1; ; ;REGIÓN COSTA; ; ;TOTAL NACIONAL;40,8512742516852
13035502074660003;MANABÍ;02;07466;0003;6,3504; ; ;2; ; ;REGIÓN COSTA; ; ;TOTAL NACIONAL;10,843134843871
13035502074660005;MANABÍ;02;07466;0005;150; ;1;4; ; ;REGIÓN COSTA; ; ;TOTAL NACIONAL;12,5170519927901
13055002075850001;MANABÍ;02;07585;0001;100; ;2; ; ; ;REGIÓN COSTA; ; ;TOTAL NACIONAL;9,21087770724271
13055002075850002;MANABÍ;02;07585;0002;13,02;2;1;1; ; ;REGIÓN COSTA; ; ;TOTAL NACIONAL;31,760477455882
13055002077810001;MANABÍ;02;07781;0001;150; ;1;5; ; ;REGIÓN COSTA; ; ;TOTAL NACIONAL;3,92714054251519
13055002077810002;MANABÍ;02;07781;0002;24,6;1; ;1; ; ;REGIÓN COSTA; ; ;TOTAL NACIONAL;7,72963066545732
13055002077810003;MANABÍ;02;07781;0003;160; ;5;2; ; ;REGIÓN COSTA; ; ;TOTAL NACIONAL;0
13045002078080003;MANABÍ;02;07808;0003;31,25; ; ;2; ; ;REGIÓN COSTA; ; ;TOTAL NACIONAL;26,1390482923022
13035502079260001;MANABÍ;02;07926;0001;50; ;1;1; ; ;REGIÓN COSTA; ; ;TOTAL NACIONAL;24,444510395426
13035502079260003;MANABÍ;02;07926;0003;49,5; ;1;6; ; ;REGIÓN COSTA; ; ;TOTAL NACIONAL;10,7453782358796
13145702079390003;MANABÍ;02;07939;0003;5;1;2; ; ; ;REGIÓN COSTA; ; ;TOTAL NACIONAL;21,4511993101215
13145702079390006;MANABÍ;02;07939;0006;4,41; ;1; ; ; ;REGIÓN COSTA; ; ;TOTAL NACIONAL;85,8723564866945
13145702079390008;MANABÍ;02;07939;0008;16; ; ;1; ; ;REGIÓN COSTA; ; ;TOTAL NACIONAL;47,9208075993
13035502080200003;MANABÍ;02;08020;0003;2,9353; ;2; ; ; ;REGIÓN COSTA; ; ;TOTAL NACIONAL;67,7535015752804
13035502080200004;MANABÍ;02;08020;0004;24,696; ;2; ; ; ;REGIÓN COSTA; ; ;TOTAL NACIONAL;1,60726250724899
13035502080200005;MANABÍ;02;08020;0005;113,6016; ;2;8; ; ;REGIÓN COSTA; ; ;TOTAL NACIONAL;7,70193392473525
13045102080810001;MANABÍ;02;08081;0001;18; ; ;1; ; ;REGIÓN COSTA; ; ;TOTAL NACIONAL;27,3365079145065
13045102080810003;MANABÍ;02;08081;0003;18; ; ;1; ; ;REGIÓN COSTA; ; ;TOTAL NACIONAL;36,0287513803162
13045102080810004;MANABÍ;02;08081;0004;18; ; ;1; ; ;REGIÓN COSTA; ; ;TOTAL NACIONAL;5,22508776854583
13045102081130001;MANABÍ;02;08113;0001;171; ; ;2; ; ;REGIÓN COSTA; ; ;TOTAL NACIONAL;12,6725857494401
13145702082050002;MANABÍ;02;08205;0002;33; ;1; ; ; ;REGIÓN COSTA; ; ;TOTAL NACIONAL;,300704203628947
13145702082050008;MANABÍ;02;08205;0008;3,5;1; ; ; ; ;REGIÓN COSTA; ; ;TOTAL NACIONAL;57,5221435904574
13055002083140001;MANABÍ;02;08314;0001;20; ;1; ; ; ;REGIÓN COSTA; ; ;TOTAL NACIONAL;6,68257729313639
13055002083140002;MANABÍ;02;08314;0002;52; ;1;3; ; ;REGIÓN COSTA; ; ;TOTAL NACIONAL;27,8714918438724
13055002083140006;MANABÍ;02;08314;0006;41; ;3;2; ; ;REGIÓN COSTA; ; ;TOTAL NACIONAL;13,370468234851
13055002083140008;MANABÍ;02;08314;0008;80; ;2; ; ; ;REGIÓN COSTA; ; ;TOTAL NACIONAL;1,29337527423316
13035502084220003;MANABÍ;02;08422;0003;7; ; ;3; ; ;REGIÓN COSTA; ; ;TOTAL NACIONAL;50,4028033615108
13035502084220004;MANABÍ;02;08422;0004;4; ; ;1; ; ;REGIÓN COSTA; ; ;TOTAL NACIONAL;55,7600997672995
13035502084220005;MANABÍ;02;08422;0005;15; ;1;1; ; ;REGIÓN COSTA; ; ;TOTAL NACIONAL;61,2225305056708
13035502084220007;MANABÍ;02;08422;0007;2; ;2; ; ; ;REGIÓN COSTA; ; ;TOTAL NACIONAL;36,7671271306595
13035502084220008;MANABÍ;02;08422;0008;4; ; ;1; ; ;REGIÓN COSTA; ; ;TOTAL NACIONAL;83,218378795056
13055002085420001;MANABÍ;02;08542;0001;1000;2;29;14; ; ;REGIÓN COSTA; ; ;TOTAL NACIONAL;0
13055002085950003;MANABÍ;02;08595;0003;16; ; ;1; ; ;REGIÓN COSTA; ; ;TOTAL NACIONAL;5,83837137527769
13055002085950004;MANABÍ;02;08595;0004;67,032; ; ;2; ; ;REGIÓN COSTA; ; ;TOTAL NACIONAL;9,6836631804323
13055202087420001;MANABÍ;02;08742;0001;28; ; ;4; ; ;REGIÓN COSTA; ; ;TOTAL NACIONAL;47,5248933369346
13055202087420002;MANABÍ;02;08742;0002;57; ;3; ; ; ;REGIÓN COSTA; ; ;TOTAL NACIONAL;2,46280619955879
13055202087420003;MANABÍ;02;08742;0003;22,5792; ; ;3; ; ;REGIÓN COSTA; ; ;TOTAL NACIONAL;3,27408127143388
13055202087420004;MANABÍ;02;08742;0004;354; ;5; ; ; ;REGIÓN COSTA; ; ;TOTAL NACIONAL;1,99081698001216
13055202087420005;MANABÍ;02;08742;0005;30,1; ; ;1; ; ;REGIÓN COSTA; ; ;TOTAL NACIONAL;4,69754779619363
13045002087870002;MANABÍ;02;08787;0002;800; ; ;13; ; ;REGIÓN COSTA; ; ;TOTAL NACIONAL;0
13045002087870005;MANABÍ;02;08787;0005;6; ; ;1; ; ;REGIÓN COSTA; ; ;TOTAL NACIONAL;38,8970146024142
13055002088290001;MANABÍ;02;08829;0001;72; ; ;1; ; ;REGIÓN COSTA; ; ;TOTAL NACIONAL;8,35737290437219
13055002088290004;MANABÍ;02;08829;0004;80; ; ;1; ; ;REGIÓN COSTA; ; ;TOTAL NACIONAL;9,81630154211934
13035502088420001;MANABÍ;02;08842;0001;2; ;1; ; ; ;REGIÓN COSTA; ; ;TOTAL NACIONAL;1,53431602695011
13035502088420003;MANABÍ;02;08842;0003;354; ;5; ; ; ;REGIÓN COSTA; ; ;TOTAL NACIONAL;1,71894279958186
13035502088420010;MANABÍ;02;08842;0010;7; ;1; ; ; ;REGIÓN COSTA; ; ;TOTAL NACIONAL;42,1486196147952
13225102088880009;MANABÍ;02;08888;0009;13,25; ;1; ; ; ;REGIÓN COSTA; ; ;TOTAL NACIONAL;39,5019643027675
13225102088880011;MANABÍ;02;08888;0011;64; ;2; ; ; ;REGIÓN COSTA; ; ;TOTAL NACIONAL;1,35466904084008
13045002090250007;MANABÍ;02;09025;0007;24; ;2;1; ; ;REGIÓN COSTA; ; ;TOTAL NACIONAL;0
13045002090250009;MANABÍ;02;09025;0009;30; ;1; ; ; ;REGIÓN COSTA; ; ;TOTAL NACIONAL;10,188035540568
13055002090630001;MANABÍ;02;09063;0001;60; ; ;2; ; ;REGIÓN COSTA; ; ;TOTAL NACIONAL;7,30765361782474
13055002090630002;MANABÍ;02;09063;0002;5; ; ;1; ; ;REGIÓN COSTA; ; ;TOTAL NACIONAL;54,9432943583533
13055002090630004;MANABÍ;02;09063;0004;4,5; ; ;1; ; ;REGIÓN COSTA; ; ;TOTAL NACIONAL;50,7347384197584
13055002090630007;MANABÍ;02;09063;0007;12,5; ; ;1; ; ;REGIÓN COSTA; ; ;TOTAL NACIONAL;37,6504179336152
13055002092090001;MANABÍ;02;09209;0001;400; ;2; ; ; ;REGIÓN COSTA; ; ;TOTAL NACIONAL;4,00576040126988
13055002092090002;MANABÍ;02;09209;0002;205; ;2;6; ; ;REGIÓN COSTA; ; ;TOTAL NACIONAL;1,74987519762478
13055002092090003;MANABÍ;02;09209;0003;40; ; ;1; ; ;REGIÓN COSTA; ; ;TOTAL NACIONAL;10,752998155542
13055002092390001;MANABÍ;02;09239;0001;70; ;1;3; ; ;REGIÓN COSTA; ; ;TOTAL NACIONAL;15,4813151325338
13055002092390002;MANABÍ;02;09239;0002;70; ;2;2; ; ;REGIÓN COSTA; ; ;TOTAL NACIONAL;6,41347894728416
13055002092390004;MANABÍ;02;09239;0004;37; ;2;2; ; ;REGIÓN COSTA; ; ;TOTAL NACIONAL;13,2553990207086
13055002092440001;MANABÍ;02;09244;0001;100; ; ;2; ; ;REGIÓN COSTA; ; ;TOTAL NACIONAL;10,0822496534574
13055002092440002;MANABÍ;02;09244;0002;115;1;1;4; ; ;REGIÓN COSTA; ; ;TOTAL NACIONAL;11,5908002605083
13225102093830002;MANABÍ;02;09383;0002;20; ; ;1; ; ;REGIÓN COSTA; ; ;TOTAL NACIONAL;36,8455034471876
13225102093830003;MANABÍ;02;09383;0003;60;1; ; ; ; ;REGIÓN COSTA; ; ;TOTAL NACIONAL;23,4845554993726
13055002094880001;MANABÍ;02;09488;0001;20; ; ;2; ; ;REGIÓN COSTA; ; ;TOTAL NACIONAL;22,8988364446401
13055002094880002;MANABÍ;02;09488;0002;12; ; ;2; ; ;REGIÓN COSTA; ; ;TOTAL NACIONAL;6,35147056610841
13055002094880003;MANABÍ;02;09488;0003;90; ;2;4; ; ;REGIÓN COSTA; ; ;TOTAL NACIONAL;20,1945952220561
13055002094970001;MANABÍ;02;09497;0001;30; ; ;3; ; ;REGIÓN COSTA; ; ;TOTAL NACIONAL;39,821810857042
13055002094970002;MANABÍ;02;09497;0002;20; ; ;2; ; ;REGIÓN COSTA; ; ;TOTAL NACIONAL;29,3376501092523
13055002094970003;MANABÍ;02;09497;0003;7;3; ;3; ; ;REGIÓN COSTA; ; ;TOTAL NACIONAL;59,3705342030108
13055002094970004;MANABÍ;02;09497;0004;40; ;1;2; ; ;REGIÓN COSTA; ; ;TOTAL NACIONAL;3,46665754270968
13045002095300001;MANABÍ;02;09530;0001;25,75; ; ;1; ; ;REGIÓN COSTA; ; ;TOTAL NACIONAL;15,020601165277
13045002095300002;MANABÍ;02;09530;0002;25,55; ; ;2; ; ;REGIÓN COSTA; ; ;TOTAL NACIONAL;38,0502991727677
13035502096790002;MANABÍ;02;09679;0002;27; ; ;2; ; ;REGIÓN COSTA; ; ;TOTAL NACIONAL;14,3736654062318
13035502096790003;MANABÍ;02;09679;0003;61,05; ;3;2; ; ;REGIÓN COSTA; ; ;TOTAL NACIONAL;5,4038413437701
13035502096790005;MANABÍ;02;09679;0005;8,3; ; ;1; ; ;REGIÓN COSTA; ; ;TOTAL NACIONAL;60,4099423973488
13035502096790006;MANABÍ;02;09679;0006;22,43; ;1; ; ; ;REGIÓN COSTA; ; ;TOTAL NACIONAL;16,1822867728446
13055202097090001;MANABÍ;02;09709;0001;24; ; ;1; ; ;REGIÓN COSTA; ; ;TOTAL NACIONAL;14,6725888890357
13055202097090006;MANABÍ;02;09709;0006;12; ; ;2; ; ;REGIÓN COSTA; ; ;TOTAL NACIONAL;0
13055202097090008;MANABÍ;02;09709;0008;13; ;1; ; ; ;REGIÓN COSTA; ; ;TOTAL NACIONAL;58,2462741885913
13055002097230001;MANABÍ;02;09723;0001;20; ; ;1; ; ;REGIÓN COSTA; ; ;TOTAL NACIONAL;51,1754173534366
13055002097230003;MANABÍ;02;09723;0003;30; ; ;2; ; ;REGIÓN COSTA; ; ;TOTAL NACIONAL;5,96567753912997
13055002097230004;MANABÍ;02;09723;0004;70; ;2; ; ; ;REGIÓN COSTA; ; ;TOTAL NACIONAL;7,14429539994772
13055002097380001;MANABÍ;02;09738;0001;40; ; ;2; ; ;REGIÓN COSTA; ; ;TOTAL NACIONAL;44,7465667799084
13055002097380002;MANABÍ;02;09738;0002;22; ; ;2; ; ;REGIÓN COSTA; ; ;TOTAL NACIONAL;13,9293070711132
13055002097380003;MANABÍ;02;09738;0003;30; ; ;2; ; ;REGIÓN COSTA; ; ;TOTAL NACIONAL;7,88235486168511
13145702099360002;MANABÍ;02;09936;0002;19,25; ;1; ; ; ;REGIÓN COSTA; ; ;TOTAL NACIONAL;15,8553752899109
13145702099360005;MANABÍ;02;09936;0005;141,4; ;2;1; ; ;REGIÓN COSTA; ; ;TOTAL NACIONAL;2,0867532216864
13145702099360008;MANABÍ;02;09936;0008;18,3; ;1; ; ; ;REGIÓN COSTA; ; ;TOTAL NACIONAL;18,6496724653508
13055202099640001;MANABÍ;02;09964;0001;29; ;2; ; ; ;REGIÓN COSTA; ; ;TOTAL NACIONAL;13,5582782277005
13055202099640002;MANABÍ;02;09964;0002;8,8; ;1; ; ; ;REGIÓN COSTA; ; ;TOTAL NACIONAL;2,8183471293938
13055202099640003;MANABÍ;02;09964;0003;200; ;3; ; ; ;REGIÓN COSTA; ; ;TOTAL NACIONAL;9,72095476044458
13055202099740001;MANABÍ;02;09974;0001;150; ;2;2; ; ;REGIÓN COSTA; ; ;TOTAL NACIONAL;14,571618495949
13055002099910003;MANABÍ;02;09991;0003;50; ; ;1; ; ;REGIÓN COSTA; ; ;TOTAL NACIONAL;12,3992661159737
13055002099910005;MANABÍ;02;09991;0005;70; ; ;3; ; ;REGIÓN COSTA; ; ;TOTAL NACIONAL;14,11456880896
13045002100270001;MANABÍ;02;10027;0001;40; ; ;1; ; ;REGIÓN COSTA; ; ;TOTAL NACIONAL;6,63458840441468
13045002100270002;MANABÍ;02;10027;0002;40; ;1;1; ; ;REGIÓN COSTA; ; ;TOTAL NACIONAL;18,0982870572886
13045002100270003;MANABÍ;02;10027;0003;42,5; ; ;3; ; ;REGIÓN COSTA; ; ;TOTAL NACIONAL;2,1201457826947
13045002100270005;MANABÍ;02;10027;0005;77; ;1;5; ; ;REGIÓN COSTA; ; ;TOTAL NACIONAL;10,3332350134582
13045402100460001;MANABÍ;02;10046;0001;250; ;1;4; ; ;REGIÓN COSTA; ; ;TOTAL NACIONAL;9,03398222989334
13045402103200006;MANABÍ;02;10320;0006;65; ;1;2; ; ;REGIÓN COSTA; ; ;TOTAL NACIONAL;17,1477570750914
13055002103680001;MANABÍ;02;10368;0001;60; ; ;1; ; ;REGIÓN COSTA; ; ;TOTAL NACIONAL;28,7045510213643
13055002103680002;MANABÍ;02;10368;0002;60; ;2;3; ; ;REGIÓN COSTA; ; ;TOTAL NACIONAL;7,94744705676784
13055202105320001;MANABÍ;02;10532;0001;5;1; ; ; ; ;REGIÓN COSTA; ; ;TOTAL NACIONAL;49,067559383079
13055202105320002;MANABÍ;02;10532;0002;200;1;4;6; ; ;REGIÓN COSTA; ; ;TOTAL NACIONAL;4,765778199468
13055202105320003;MANABÍ;02;10532;0003;128; ;3;2; ; ;REGIÓN COSTA; ; ;TOTAL NACIONAL;8,92656637365032
13055002105500001;MANABÍ;02;10550;0001;400;1;5;5; ; ;REGIÓN COSTA; ; ;TOTAL NACIONAL;4,36318629391167
13045002105900002;MANABÍ;02;10590;0002;7,2; ; ;1; ; ;REGIÓN COSTA; ; ;TOTAL NACIONAL;21,7321131689595
13045002105900007;MANABÍ;02;10590;0007;49,5; ;2;1; ; ;REGIÓN COSTA; ; ;TOTAL NACIONAL;6,53466187066403
13045002105900008;MANABÍ;02;10590;0008;40; ; ;2; ; ;REGIÓN COSTA; ; ;TOTAL NACIONAL;34,6889809626089
13035602106650003;MANABÍ;02;10665;0003;3; ; ;1; ; ;REGIÓN COSTA; ; ;TOTAL NACIONAL;41,913617180653
13035602106780001;MANABÍ;02;10678;0001;3,5;1; ; ; ; ;REGIÓN COSTA; ; ;TOTAL NACIONAL;14,2652487007841
13035602106780004;MANABÍ;02;10678;0004;3; ;1; ; ; ;REGIÓN COSTA; ; ;TOTAL NACIONAL;49,9106582908172
13035602106780006;MANABÍ;02;10678;0006;60; ;2; ; ; ;REGIÓN COSTA; ; ;TOTAL NACIONAL;21,8605716526657
13035102107050001;MANABÍ;02;10705;0001;11,2896; ;1;1; ; ;REGIÓN COSTA; ; ;TOTAL NACIONAL;59,3005835890218
13035102107050002;MANABÍ;02;10705;0002;10,584; ;3; ; ; ;REGIÓN COSTA; ; ;TOTAL NACIONAL;18,45644424182
13035102107050003;MANABÍ;02;10705;0003;8; ; ;2; ; ;REGIÓN COSTA; ; ;TOTAL NACIONAL;5,75036407070155
13035102107050005;MANABÍ;02;10705;0005;106; ; ;2; ; ;REGIÓN COSTA; ; ;TOTAL NACIONAL;8,67722572474166
13035102107860001;MANABÍ;02;10786;0001;250; ;4;2; ; ;REGIÓN COSTA; ; ;TOTAL NACIONAL;0
13045002108890006;MANABÍ;02;10889;0006;46; ; ;1; ; ;REGIÓN COSTA; ; ;TOTAL NACIONAL;30,2678707134704
13045002108890007;MANABÍ;02;10889;0007;40; ; ;1; ; ;REGIÓN COSTA; ; ;TOTAL NACIONAL;6,95473573125016
13035602109600005;MANABÍ;02;10960;0005;3;3; ;3; ; ;REGIÓN COSTA; ; ;TOTAL NACIONAL;13,9679307330847
13035102109820001;MANABÍ;02;10982;0001;22;1;1; ; ; ;REGIÓN COSTA; ; ;TOTAL NACIONAL;53,3994510040718
13035102109820002;MANABÍ;02;10982;0002;2; ;1; ; ; ;REGIÓN COSTA; ; ;TOTAL NACIONAL;21,4804243773015
13035102109820003;MANABÍ;02;10982;0003;104,85; ;5; ; ; ;REGIÓN COSTA; ; ;TOTAL NACIONAL;1,23535361138688
13035102109820004;MANABÍ;02;10982;0004;12; ; ;1; ; ;REGIÓN COSTA; ; ;TOTAL NACIONAL;55,4755981663426
13035102109820005;MANABÍ;02;10982;0005;14,5; ;1; ; ; ;REGIÓN COSTA; ; ;TOTAL NACIONAL;24,7721380568548
13045002111840006;MANABÍ;02;11184;0006;60; ; ;1; ; ;REGIÓN COSTA; ; ;TOTAL NACIONAL;5,39612083215607
13045002111840007;MANABÍ;02;11184;0007;80; ; ;1; ; ;REGIÓN COSTA; ; ;TOTAL NACIONAL;1,6092882873579
13055002112210001;MANABÍ;02;11221;0001;11,8; ; ;1; ; ;REGIÓN COSTA; ; ;TOTAL NACIONAL;70,5730209519862
13055002112210004;MANABÍ;02;11221;0004;31,8;1; ;1; ; ;REGIÓN COSTA; ; ;TOTAL NACIONAL;35,9345928591274
13055002112280001;MANABÍ;02;11228;0001;1036; ; ;4; ; ;REGIÓN COSTA; ; ;TOTAL NACIONAL;1,19008930661809
13055002112280002;MANABÍ;02;11228;0002;236; ;7;8; ; ;REGIÓN COSTA; ; ;TOTAL NACIONAL;4,63548292066166
13225002113030001;MANABÍ;02;11303;0001;93; ;1;1; ; ;REGIÓN COSTA; ; ;TOTAL NACIONAL;24,426571117874
13035102113440001;MANABÍ;02;11344;0001;19,7568; ;3; ; ; ;REGIÓN COSTA; ; ;TOTAL NACIONAL;8,39334750585221
13035102113440002;MANABÍ;02;11344;0002;8;1;1;1; ; ;REGIÓN COSTA; ; ;TOTAL NACIONAL;40,343046572258
13035602113660001;MANABÍ;02;11366;0001;20,5; ;2;2; ; ;REGIÓN COSTA; ; ;TOTAL NACIONAL;21,1214290953122
13035602113660006;MANABÍ;02;11366;0006;40; ; ;3; ; ;REGIÓN COSTA; ; ;TOTAL NACIONAL;13,4413722330661
13035602113660009;MANABÍ;02;11366;0009;11; ; ;4; ; ;REGIÓN COSTA; ; ;TOTAL NACIONAL;4,18630972642468
13035602113660010;MANABÍ;02;11366;0010;40; ; ;1; ; ;REGIÓN COSTA; ; ;TOTAL NACIONAL;8,278996587844
13055002114040002;MANABÍ;02;11404;0002;300;1;4; ; ; ;REGIÓN COSTA; ; ;TOTAL NACIONAL;2,60769517994532
13055002114040003;MANABÍ;02;11404;0003;45; ;2;2; ; ;REGIÓN COSTA; ; ;TOTAL NACIONAL;33,2306725998551
13055002115160001;MANABÍ;02;11516;0001;13; ;1;1; ; ;REGIÓN COSTA; ; ;TOTAL NACIONAL;39,739960231828
13055002115160002;MANABÍ;02;11516;0002;30; ;1;2; ; ;REGIÓN COSTA; ; ;TOTAL NACIONAL;8,37696698350424
13055002115160003;MANABÍ;02;11516;0003;300;1;4;8; ; ;REGIÓN COSTA; ; ;TOTAL NACIONAL;5,32529432464938
13035102116230003;MANABÍ;02;11623;0003;4; ; ;1; ; ;REGIÓN COSTA; ; ;TOTAL NACIONAL;40,5564227729756
13035102116230005;MANABÍ;02;11623;0005;5; ;1; ; ; ;REGIÓN COSTA; ; ;TOTAL NACIONAL;20,6714213812733
13035602116550001;MANABÍ;02;11655;0001;16; ;2; ; ; ;REGIÓN COSTA; ; ;TOTAL NACIONAL;68,123880673862
13035602116550002;MANABÍ;02;11655;0002;50; ;4;2; ; ;REGIÓN COSTA; ; ;TOTAL NACIONAL;11,9584989664135
13035602117980001;MANABÍ;02;11798;0001;18; ; ;1; ; ;REGIÓN COSTA; ; ;TOTAL NACIONAL;6,68265109381109
13035602117980002;MANABÍ;02;11798;0002;46; ; ;2; ; ;REGIÓN COSTA; ; ;TOTAL NACIONAL;12,0992355695706
13035602118010001;MANABÍ;02;11801;0001;12;1;2;1; ; ;REGIÓN COSTA; ; ;TOTAL NACIONAL;53,8521678246959
13035602118010002;MANABÍ;02;11801;0002;16; ; ;2; ; ;REGIÓN COSTA; ; ;TOTAL NACIONAL;45,9966856336848
13035602118010003;MANABÍ;02;11801;0003;10; ; ;2; ; ;REGIÓN COSTA; ; ;TOTAL NACIONAL;2,82221160108702
13035602118010004;MANABÍ;02;11801;0004;45,05; ;1;2; ; ;REGIÓN COSTA; ; ;TOTAL NACIONAL;11,6624560539065
13035602118010005;MANABÍ;02;11801;0005;35;1; ;3; ; ;REGIÓN COSTA; ; ;TOTAL NACIONAL;6,01220359304965
13035602118040001;MANABÍ;02;11804;0001;80; ;4; ; ; ;REGIÓN COSTA; ; ;TOTAL NACIONAL;15,0354668065207
13035602118040002;MANABÍ;02;11804;0002;100; ; ;1; ; ;REGIÓN COSTA; ; ;TOTAL NACIONAL;2,33182825792803
13035602118040003;MANABÍ;02;11804;0003;70; ; ;1; ; ;REGIÓN COSTA; ; ;TOTAL NACIONAL;12,8256294824238
13035602119770001;MANABÍ;02;11977;0001;42; ; ;1; ; ;REGIÓN COSTA; ; ;TOTAL NACIONAL;37,8822026105631
13035602120960001;MANABÍ;02;12096;0001;17,05; ;1; ; ; ;REGIÓN COSTA; ; ;TOTAL NACIONAL;36,9875130428216
13035602120960002;MANABÍ;02;12096;0002;34; ;2; ; ; ;REGIÓN COSTA; ; ;TOTAL NACIONAL;7,44438258708783
13035602120960003;MANABÍ;02;12096;0003;6,02; ;1;1; ; ;REGIÓN COSTA; ; ;TOTAL NACIONAL;10,9991201569556
13035602120960005;MANABÍ;02;12096;0005;40; ;2; ; ; ;REGIÓN COSTA; ; ;TOTAL NACIONAL;13,9885119851008
13035602120960006;MANABÍ;02;12096;0006;21,6; ; ;2; ; ;REGIÓN COSTA; ; ;TOTAL NACIONAL;33,052554671474
13035602121070004;MANABÍ;02;12107;0004;14;2; ;2; ; ;REGIÓN COSTA; ; ;TOTAL NACIONAL;47,7333774423423
13035602121070005;MANABÍ;02;12107;0005;12; ; ;1; ; ;REGIÓN COSTA; ; ;TOTAL NACIONAL;10,3157092537895
13035602122290001;MANABÍ;02;12229;0001;29; ;3;6; ; ;REGIÓN COSTA; ; ;TOTAL NACIONAL;59,3250540827911
13035602122290002;MANABÍ;02;12229;0002;37; ;1;1; ; ;REGIÓN COSTA; ; ;TOTAL NACIONAL;5,51380797563737
13035602122290003;MANABÍ;02;12229;0003;15; ;3;1; ; ;REGIÓN COSTA; ; ;TOTAL NACIONAL;7,03438510941687
13035602124220003;MANABÍ;02;12422;0003;14; ; ;1; ; ;REGIÓN COSTA; ; ;TOTAL NACIONAL;29,1875869802096
13035602124220004;MANABÍ;02;12422;0004;60; ;1;2; ; ;REGIÓN COSTA; ; ;TOTAL NACIONAL;19,4292453251112
13035602124220005;MANABÍ;02;12422;0005;22; ;2; ; ; ;REGIÓN COSTA; ; ;TOTAL NACIONAL;8,18332072225162
13045402125160001;MANABÍ;02;12516;0001;121; ; ;2; ; ;REGIÓN COSTA; ; ;TOTAL NACIONAL;8,28819392068775
13035602125810001;MANABÍ;02;12581;0001;35; ; ;1; ; ;REGIÓN COSTA; ; ;TOTAL NACIONAL;26,669012440733
13035102126060003;MANABÍ;02;12606;0003;26,25; ; ;1; ; ;REGIÓN COSTA; ; ;TOTAL NACIONAL;,950384002840588
13035102126060004;MANABÍ;02;12606;0004;130; ;4;2; ; ;REGIÓN COSTA; ; ;TOTAL NACIONAL;2,43773847079067
13035102126060005;MANABÍ;02;12606;0005;59; ;2; ; ; ;REGIÓN COSTA; ; ;TOTAL NACIONAL;10,4212806966595
13035602126600003;MANABÍ;02;12660;0003;37; ; ;1; ; ;REGIÓN COSTA; ; ;TOTAL NACIONAL;16,3870408938974
13035602127050002;MANABÍ;02;12705;0002;22; ; ;2; ; ;REGIÓN COSTA; ; ;TOTAL NACIONAL;30,1905812796059
13035602127050004;MANABÍ;02;12705;0004;60; ; ;1; ; ;REGIÓN COSTA; ; ;TOTAL NACIONAL;,666641494537775
13035602127050005;MANABÍ;02;12705;0005;55; ; ;6; ; ;REGIÓN COSTA; ; ;TOTAL NACIONAL;14,8386051840546
13035102128450001;MANABÍ;02;12845;0001;90; ;1;1; ; ;REGIÓN COSTA; ; ;TOTAL NACIONAL;26,568242890911
13225002128800001;MANABÍ;02;12880;0001;2000; ;8;2; ; ;REGIÓN COSTA; ; ;TOTAL NACIONAL;0
13035102129010008;MANABÍ;02;12901;0008;1,43; ;1; ; ; ;REGIÓN COSTA; ; ;TOTAL NACIONAL;1,48633526662439
13035102129010010;MANABÍ;02;12901;0010;6;1;1; ; ; ;REGIÓN COSTA; ; ;TOTAL NACIONAL;67,1479128764162
13035102129010014;MANABÍ;02;12901;0014;15,25; ; ;1; ; ;REGIÓN COSTA; ; ;TOTAL NACIONAL;3,31188391708995
13035102129010015;MANABÍ;02;12901;0015;2,25; ; ;1; ; ;REGIÓN COSTA; ; ;TOTAL NACIONAL;16,5579193750133
13035102129010018;MANABÍ;02;12901;0018;15;1;1; ; ; ;REGIÓN COSTA; ; ;TOTAL NACIONAL;2,72634452465565
13035102129010019;MANABÍ;02;12901;0019;7,02;1; ; ; ; ;REGIÓN COSTA; ; ;TOTAL NACIONAL;28,4643525331256
13035102129010022;MANABÍ;02;12901;0022;4,73;1; ; ; ; ;REGIÓN COSTA; ; ;TOTAL NACIONAL;35,7210868212999
13035102129010023;MANABÍ;02;12901;0023;60; ;1; ; ; ;REGIÓN COSTA; ; ;TOTAL NACIONAL;6,7712488037848
13035102131070001;MANABÍ;02;13107;0001;55; ; ;2; ; ;REGIÓN COSTA; ; ;TOTAL NACIONAL;24,9455619982828
13035102131070002;MANABÍ;02;13107;0002;140; ; ;3; ; ;REGIÓN COSTA; ; ;TOTAL NACIONAL;,556273458712426
13035102131070003;MANABÍ;02;13107;0003;21,3;1; ;1; ; ;REGIÓN COSTA; ; ;TOTAL NACIONAL;21,8407769489292
13035102131070004;MANABÍ;02;13107;0004;30;1; ;1; ; ;REGIÓN COSTA; ; ;TOTAL NACIONAL;13,604003000731
13035002132010011;MANABÍ;02;13201;0011;116; ;2;3; ; ;REGIÓN COSTA; ; ;TOTAL NACIONAL;3,09697533026014
13035002132010012;MANABÍ;02;13201;0012;33; ; ;2; ; ;REGIÓN COSTA; ; ;TOTAL NACIONAL;,513853970458302
13045302132130001;MANABÍ;02;13213;0001;42,51; ; ;1; ; ;REGIÓN COSTA; ; ;TOTAL NACIONAL;10,6412031409403
13045302132130002;MANABÍ;02;13213;0002;23; ; ;1; ; ;REGIÓN COSTA; ; ;TOTAL NACIONAL;14,8126617674293
13045302132130006;MANABÍ;02;13213;0006;4,5;1; ; ; ; ;REGIÓN COSTA; ; ;TOTAL NACIONAL;8,28338772798847
13045302132130007;MANABÍ;02;13213;0007;14; ; ;1; ; ;REGIÓN COSTA; ; ;TOTAL NACIONAL;37,1148864527851
13035002132500001;MANABÍ;02;13250;0001;34; ; ;3; ; ;REGIÓN COSTA; ; ;TOTAL NACIONAL;6,77880903172509
13035002132500003;MANABÍ;02;13250;0003;30; ; ;1; ; ;REGIÓN COSTA; ; ;TOTAL NACIONAL;7,55711528829554
13035002132500004;MANABÍ;02;13250;0004;33; ; ;2; ; ;REGIÓN COSTA; ; ;TOTAL NACIONAL;43,194125978168
13035102133510001;MANABÍ;02;13351;0001;10; ; ;1; ; ;REGIÓN COSTA; ; ;TOTAL NACIONAL;66,4259208758557
13035102133510002;MANABÍ;02;13351;0002;1,45; ; ;1; ; ;REGIÓN COSTA; ; ;TOTAL NACIONAL;89,159358556671
13035102133510009;MANABÍ;02;13351;0009;1,43; ; ;1; ; ;REGIÓN COSTA; ; ;TOTAL NACIONAL;78,8640202875486
13035102133510010;MANABÍ;02;13351;0010;1,44; ; ;1; ; ;REGIÓN COSTA; ; ;TOTAL NACIONAL;88,6484479375727
13035002134930001;MANABÍ;02;13493;0001;60; ;1;1; ; ;REGIÓN COSTA; ; ;TOTAL NACIONAL;12,1393622798934
13035002134930002;MANABÍ;02;13493;0002;35; ; ;1; ; ;REGIÓN COSTA; ; ;TOTAL NACIONAL;37,007664615404
13035002134930003;MANABÍ;02;13493;0003;25; ; ;2; ; ;REGIÓN COSTA; ; ;TOTAL NACIONAL;14,70047447397
13035602135080001;MANABÍ;02;13508;0001;25; ;1;2; ; ;REGIÓN COSTA; ; ;TOTAL NACIONAL;5,64468888460295
13035002136320001;MANABÍ;02;13632;0001;26; ; ;2; ; ;REGIÓN COSTA; ; ;TOTAL NACIONAL;44,7128200021595
13035002136320002;MANABÍ;02;13632;0002;30; ; ;1; ; ;REGIÓN COSTA; ; ;TOTAL NACIONAL;39,766017546971
13035002136950001;MANABÍ;02;13695;0001;300; ;3; ; ; ;REGIÓN COSTA; ; ;TOTAL NACIONAL;3,66216660008317
13035002136950002;MANABÍ;02;13695;0002;17; ;1;1; ; ;REGIÓN COSTA; ; ;TOTAL NACIONAL;39,2225406960702
13035002136950003;MANABÍ;02;13695;0003;30; ;2;1; ; ;REGIÓN COSTA; ; ;TOTAL NACIONAL;16,2252259334793
13035002136950004;MANABÍ;02;13695;0004;150; ;1;2; ; ;REGIÓN COSTA; ; ;TOTAL NACIONAL;,424161997753394
13035002138870001;MANABÍ;02;13887;0001;35,28; ; ;2; ; ;REGIÓN COSTA; ; ;TOTAL NACIONAL;40,9019530134982
13035002138870002;MANABÍ;02;13887;0002;4,9392; ; ;1; ; ;REGIÓN COSTA; ; ;TOTAL NACIONAL;19,8419999116958
13035002138870003;MANABÍ;02;13887;0003;5; ; ;1; ; ;REGIÓN COSTA; ; ;TOTAL NACIONAL;59,3826796854752
13035002138870005;MANABÍ;02;13887;0005;1,4112; ; ;1; ; ;REGIÓN COSTA; ; ;TOTAL NACIONAL;63,9637225211665
13035002138870006;MANABÍ;02;13887;0006;1,4465; ; ;1; ; ;REGIÓN COSTA; ; ;TOTAL NACIONAL;70,6230946266473
13035002138870007;MANABÍ;02;13887;0007;76,5; ; ;2; ; ;REGIÓN COSTA; ; ;TOTAL NACIONAL;2,8606877999011
13035002139160001;MANABÍ;02;13916;0001;13,5; ; ;2; ; ;REGIÓN COSTA; ; ;TOTAL NACIONAL;26,5997311787817
13035002139160002;MANABÍ;02;13916;0002;18; ; ;1; ; ;REGIÓN COSTA; ; ;TOTAL NACIONAL;63,3504991598833
13035002139160003;MANABÍ;02;13916;0003;25,04; ; ;2; ; ;REGIÓN COSTA; ; ;TOTAL NACIONAL;32,950085499861
13045302139430001;MANABÍ;02;13943;0001;13; ;1; ; ; ;REGIÓN COSTA; ; ;TOTAL NACIONAL;45,8940849553093
13035702140670001;MANABÍ;02;14067;0001;35; ; ;2; ; ;REGIÓN COSTA; ; ;TOTAL NACIONAL;43,0946388348752
13035702140670002;MANABÍ;02;14067;0002;20; ; ;2; ; ;REGIÓN COSTA; ; ;TOTAL NACIONAL;32,7852117273842
13035702140960006;MANABÍ;02;14096;0006;33;1;3;1; ; ;REGIÓN COSTA; ; ;TOTAL NACIONAL;17,3488613331975
13035002141300001;MANABÍ;02;14130;0001;382; ;1; ; ; ;REGIÓN COSTA; ; ;TOTAL NACIONAL;0
13115102141670001;MANABÍ;02;14167;0001;33,75; ; ;1; ; ;REGIÓN COSTA; ; ;TOTAL NACIONAL;25,5310974091695
13115102141670003;MANABÍ;02;14167;0003;87; ; ;1; ; ;REGIÓN COSTA; ; ;TOTAL NACIONAL;3,64145253209133
13115102141670005;MANABÍ;02;14167;0005;9; ; ;1; ; ;REGIÓN COSTA; ; ;TOTAL NACIONAL;57,0626816757011
13035002144770011;MANABÍ;02;14477;0011;2; ;1; ; ; ;REGIÓN COSTA; ; ;TOTAL NACIONAL;50,489624583815
13045402145030001;MANABÍ;02;14503;0001;10; ; ;1; ; ;REGIÓN COSTA; ; ;TOTAL NACIONAL;13,7922390907442
13045402145030008;MANABÍ;02;14503;0008;8; ; ;1; ; ;REGIÓN COSTA; ; ;TOTAL NACIONAL;40,2575300404529
13035002145940001;MANABÍ;02;14594;0001;38; ; ;1; ; ;REGIÓN COSTA; ; ;TOTAL NACIONAL;31,2405830272067
13035002145940002;MANABÍ;02;14594;0002;40;1; ; ; ; ;REGIÓN COSTA; ; ;TOTAL NACIONAL;29,9282953590209
13035002146030001;MANABÍ;02;14603;0001;88,05; ; ;1; ; ;REGIÓN COSTA; ; ;TOTAL NACIONAL;,794180752854943
13035002146030002;MANABÍ;02;14603;0002;28; ;1; ; ; ;REGIÓN COSTA; ; ;TOTAL NACIONAL;34,8226638540809
13035002146030003;MANABÍ;02;14603;0003;45;1;2; ; ; ;REGIÓN COSTA; ; ;TOTAL NACIONAL;29,9149558870694
13035702146340002;MANABÍ;02;14634;0002;23; ; ;1; ; ;REGIÓN COSTA; ; ;TOTAL NACIONAL;10,3751876341496
13035702146340004;MANABÍ;02;14634;0004;7,056;1;1; ; ; ;REGIÓN COSTA; ; ;TOTAL NACIONAL;25,8631828737167
13035702146340008;MANABÍ;02;14634;0008;11; ;1; ; ; ;REGIÓN COSTA; ; ;TOTAL NACIONAL;46,8216975056141
13035002147640001;MANABÍ;02;14764;0001;40; ; ;3; ; ;REGIÓN COSTA; ; ;TOTAL NACIONAL;15,4637136716186
13035002147640002;MANABÍ;02;14764;0002;40; ; ;3; ; ;REGIÓN COSTA; ; ;TOTAL NACIONAL;9,70205809768843
13035002148220003;MANABÍ;02;14822;0003;2,84; ;1; ; ; ;REGIÓN COSTA; ; ;TOTAL NACIONAL;92,9958663795153
13115102149310001;MANABÍ;02;14931;0001;242; ;2;6; ; ;REGIÓN COSTA; ; ;TOTAL NACIONAL;5,39579604819511
13045302149860005;MANABÍ;02;14986;0005;40; ; ;2; ; ;REGIÓN COSTA; ; ;TOTAL NACIONAL;26,9373754155766
13115102150250001;MANABÍ;02;15025;0001;242; ;2;6; ; ;REGIÓN COSTA; ; ;TOTAL NACIONAL;9,76931856879221
13035702151200001;MANABÍ;02;15120;0001;180; ;1; ; ; ;REGIÓN COSTA; ; ;TOTAL NACIONAL;0
13035702151200002;MANABÍ;02;15120;0002;80; ;2;1; ; ;REGIÓN COSTA; ; ;TOTAL NACIONAL;1,94977692515673
13035002151430002;MANABÍ;02;15143;0002;20; ; ;2; ; ;REGIÓN COSTA; ; ;TOTAL NACIONAL;39,3781212007637
13035002151430003;MANABÍ;02;15143;0003;40; ; ;1; ; ;REGIÓN COSTA; ; ;TOTAL NACIONAL;15,4579018684862
13115102152510001;MANABÍ;02;15251;0001;18; ;1;1; ; ;REGIÓN COSTA; ; ;TOTAL NACIONAL;46,5051261569253
13115102152510002;MANABÍ;02;15251;0002;12; ; ;1; ; ;REGIÓN COSTA; ; ;TOTAL NACIONAL;45,2744999063533
13115102152510003;MANABÍ;02;15251;0003;10; ;1;2; ; ;REGIÓN COSTA; ; ;TOTAL NACIONAL;25,22654662492
13115102152510004;MANABÍ;02;15251;0004;10;1; ;2; ; ;REGIÓN COSTA; ; ;TOTAL NACIONAL;31,4368734006704
13115102152510005;MANABÍ;02;15251;0005;60; ;1;1; ; ;REGIÓN COSTA; ; ;TOTAL NACIONAL;6,57541871347638
13035002152890001;MANABÍ;02;15289;0001;19; ; ;2; ; ;REGIÓN COSTA; ; ;TOTAL NACIONAL;4,70747314169747
13115102154230001;MANABÍ;02;15423;0001;400; ;2;5; ; ;REGIÓN COSTA; ; ;TOTAL NACIONAL;5,88205952968143
13035002154380001;MANABÍ;02;15438;0001;70; ; ;2; ; ;REGIÓN COSTA; ; ;TOTAL NACIONAL;6,70999951526308
13035002154380002;MANABÍ;02;15438;0002;4; ; ;2; ; ;REGIÓN COSTA; ; ;TOTAL NACIONAL;32,4481271457057
13035002154380004;MANABÍ;02;15438;0004;35; ; ;1; ; ;REGIÓN COSTA; ; ;TOTAL NACIONAL;27,282359305186
13035002154380005;MANABÍ;02;15438;0005;50; ; ;3; ; ;REGIÓN COSTA; ; ;TOTAL NACIONAL;15,5323261588844
13035002154840001;MANABÍ;02;15484;0001;52; ; ;3; ; ;REGIÓN COSTA; ; ;TOTAL NACIONAL;37,8338165363421
13035002154840002;MANABÍ;02;15484;0002;35; ; ;1; ; ;REGIÓN COSTA; ; ;TOTAL NACIONAL;,895539558587207
13035002154890001;MANABÍ;02;15489;0001;500; ;7;4; ; ;REGIÓN COSTA; ; ;TOTAL NACIONAL;3,95318184858877
13115102156560001;MANABÍ;02;15656;0001;18; ; ;3; ; ;REGIÓN COSTA; ; ;TOTAL NACIONAL;23,5475812755638
13115102156560002;MANABÍ;02;15656;0002;15;1; ; ; ; ;REGIÓN COSTA; ; ;TOTAL NACIONAL;72,9143285938643
13115102156560005;MANABÍ;02;15656;0005;13; ; ;1; ; ;REGIÓN COSTA; ; ;TOTAL NACIONAL;17,3935133218324
13115102157060002;MANABÍ;02;15706;0002;33; ; ;2; ; ;REGIÓN COSTA; ; ;TOTAL NACIONAL;17,6586228923575
13115102157060003;MANABÍ;02;15706;0003;29;1;1;3; ; ;REGIÓN COSTA; ; ;TOTAL NACIONAL;42,0016435716105
13155002158200001;MANABÍ;02;15820;0001;24;2; ; ; ; ;REGIÓN COSTA; ; ;TOTAL NACIONAL;8,55082292292164
13155002158230001;MANABÍ;02;15823;0001;28; ;2;1; ; ;REGIÓN COSTA; ; ;TOTAL NACIONAL;5,54208802375316
13155002158230002;MANABÍ;02;15823;0002;89;1;2;1; ; ;REGIÓN COSTA; ; ;TOTAL NACIONAL;8,02010174795436
13155002158230003;MANABÍ;02;15823;0003;113; ;4; ; ; ;REGIÓN COSTA; ; ;TOTAL NACIONAL;13,4706281593778
13145002160390002;MANABÍ;02;16039;0002;25;1; ; ; ; ;REGIÓN COSTA; ; ;TOTAL NACIONAL;27,132552369914
13145002160390004;MANABÍ;02;16039;0004;13,5;1; ;1; ; ;REGIÓN COSTA; ; ;TOTAL NACIONAL;38,619401064429
13035702160810002;MANABÍ;02;16081;0002;50; ;3;1; ; ;REGIÓN COSTA; ; ;TOTAL NACIONAL;2,77691274695802
13035002161060003;MANABÍ;02;16106;0003;15,05; ;2; ; ; ;REGIÓN COSTA; ; ;TOTAL NACIONAL;29,4254323340299
13035002161060004;MANABÍ;02;16106;0004;25;1; ;1; ; ;REGIÓN COSTA; ; ;TOTAL NACIONAL;33,8561775983168
13045302161580013;MANABÍ;02;16158;0013;1; ;1; ; ; ;REGIÓN COSTA; ; ;TOTAL NACIONAL;42,2036538322121
13115102164240001;MANABÍ;02;16424;0001;33; ; ;2; ; ;REGIÓN COSTA; ; ;TOTAL NACIONAL;5,3172715203946
13115102164240002;MANABÍ;02;16424;0002;13; ; ;1; ; ;REGIÓN COSTA; ; ;TOTAL NACIONAL;25,3317977409878
13115102164240003;MANABÍ;02;16424;0003;24; ; ;2; ; ;REGIÓN COSTA; ; ;TOTAL NACIONAL;38,599505632542
13115102164270001;MANABÍ;02;16427;0001;400; ; ;6; ; ;REGIÓN COSTA; ; ;TOTAL NACIONAL;,665783561694423
13115102164270002;MANABÍ;02;16427;0002;10; ; ;2; ; ;REGIÓN COSTA; ; ;TOTAL NACIONAL;44,4945005754809
13115102164270004;MANABÍ;02;16427;0004;110; ; ;3; ; ;REGIÓN COSTA; ; ;TOTAL NACIONAL;11,1425399213375
13155002164940013;MANABÍ;02;16494;0013;15; ;3; ; ; ;REGIÓN COSTA; ; ;TOTAL NACIONAL;58,7592115856351
13035002166170001;MANABÍ;02;16617;0001;55;2; ;2; ; ;REGIÓN COSTA; ; ;TOTAL NACIONAL;27,4947499793613
13035002166170002;MANABÍ;02;16617;0002;24; ; ;1; ; ;REGIÓN COSTA; ; ;TOTAL NACIONAL;5,9216738868419
13035002166170003;MANABÍ;02;16617;0003;65; ; ;2; ; ;REGIÓN COSTA; ; ;TOTAL NACIONAL;7,6932434712616
13035002167190001;MANABÍ;02;16719;0001;25; ; ;1; ; ;REGIÓN COSTA; ; ;TOTAL NACIONAL;25,9752397095859
13035002167190003;MANABÍ;02;16719;0003;90; ;1; ; ; ;REGIÓN COSTA; ; ;TOTAL NACIONAL;2,60294979656231
13035002167450001;MANABÍ;02;16745;0001;55; ; ;2; ; ;REGIÓN COSTA; ; ;TOTAL NACIONAL;28,207745006761
13035002167450003;MANABÍ;02;16745;0003;100; ; ;1; ; ;REGIÓN COSTA; ; ;TOTAL NACIONAL;6,93590548910123
13035002168640001;MANABÍ;02;16864;0001;80; ; ;1; ; ;REGIÓN COSTA; ; ;TOTAL NACIONAL;28,0443578607782
13035002168640002;MANABÍ;02;16864;0002;37;1; ;5; ; ;REGIÓN COSTA; ; ;TOTAL NACIONAL;3,98900625188469
13115102168980001;MANABÍ;02;16898;0001;30; ; ;1; ; ;REGIÓN COSTA; ; ;TOTAL NACIONAL;17,0581403481094
13115102168980002;MANABÍ;02;16898;0002;1,18; ; ;1; ; ;REGIÓN COSTA; ; ;TOTAL NACIONAL;63,0714325408173
13115102168980005;MANABÍ;02;16898;0005;30; ; ;1; ; ;REGIÓN COSTA; ; ;TOTAL NACIONAL;8,66036157434062
13115102168980006;MANABÍ;02;16898;0006;49; ; ;1; ; ;REGIÓN COSTA; ; ;TOTAL NACIONAL;8,64254097060563
13115102168980007;MANABÍ;02;16898;0007;13,5; ;1;1; ; ;REGIÓN COSTA; ; ;TOTAL NACIONAL;51,014470382035
13035002170230002;MANABÍ;02;17023;0002;26; ; ;1; ; ;REGIÓN COSTA; ; ;TOTAL NACIONAL;20,1724493426721
13035002170230009;MANABÍ;02;17023;0009;1,4112; ;1; ; ; ;REGIÓN COSTA; ; ;TOTAL NACIONAL;61,3373974904961
13155002170630001;MANABÍ;02;17063;0001;7;1; ; ; ; ;REGIÓN COSTA; ; ;TOTAL NACIONAL;64,0996814375929
13155002170920001;MANABÍ;02;17092;0001;25,4016; ;1; ; ; ;REGIÓN COSTA; ; ;TOTAL NACIONAL;48,8576469191294
13155002170920005;MANABÍ;02;17092;0005;4,9392;1; ; ; ; ;REGIÓN COSTA; ; ;TOTAL NACIONAL;1,18473750743504
13155002170920007;MANABÍ;02;17092;0007;12,7008; ;1; ; ; ;REGIÓN COSTA; ; ;TOTAL NACIONAL;10,5659639425856
13035002171610001;MANABÍ;02;17161;0001;60; ;1; ; ; ;REGIÓN COSTA; ; ;TOTAL NACIONAL;15,6069607812054
13035002172530001;MANABÍ;02;17253;0001;35; ; ;2; ; ;REGIÓN COSTA; ; ;TOTAL NACIONAL;12,4739798104462
13035002172530002;MANABÍ;02;17253;0002;48; ; ;2; ; ;REGIÓN COSTA; ; ;TOTAL NACIONAL;5,57434946154927
13035002172530003;MANABÍ;02;17253;0003;80; ;1;2; ; ;REGIÓN COSTA; ; ;TOTAL NACIONAL;16,4590264709194
13035002172530004;MANABÍ;02;17253;0004;15; ; ;1; ; ;REGIÓN COSTA; ; ;TOTAL NACIONAL;24,683668861849
13155002173110007;MANABÍ;02;17311;0007;12,7008; ;1; ; ; ;REGIÓN COSTA; ; ;TOTAL NACIONAL;19,481976576576
13035202173830001;MANABÍ;02;17383;0001;39,5136; ;1;1; ; ;REGIÓN COSTA; ; ;TOTAL NACIONAL;2,73474666692121
13035202173830003;MANABÍ;02;17383;0003;42,336; ; ;1; ; ;REGIÓN COSTA; ; ;TOTAL NACIONAL;15,8348258868318
13035202173830004;MANABÍ;02;17383;0004;35,28; ; ;2; ; ;REGIÓN COSTA; ; ;TOTAL NACIONAL;26,319353880836
13115102174500001;MANABÍ;02;17450;0001;40; ;1;1; ; ;REGIÓN COSTA; ; ;TOTAL NACIONAL;0
13115102174500003;MANABÍ;02;17450;0003;145; ;1; ; ; ;REGIÓN COSTA; ; ;TOTAL NACIONAL;1,31723515960524
13115102176800001;MANABÍ;02;17680;0001;85; ; ;5; ; ;REGIÓN COSTA; ; ;TOTAL NACIONAL;5,69396516097651
13115102176800005;MANABÍ;02;17680;0005;3,1; ; ;1; ; ;REGIÓN COSTA; ; ;TOTAL NACIONAL;71,4150083707221
13115102176800006;MANABÍ;02;17680;0006;35; ; ;2; ; ;REGIÓN COSTA; ; ;TOTAL NACIONAL;9,39604887153418
13115102176800007;MANABÍ;02;17680;0007;9,5; ;1; ; ; ;REGIÓN COSTA; ; ;TOTAL NACIONAL;13,2316841239603
13115102176800008;MANABÍ;02;17680;0008;35; ; ;2; ; ;REGIÓN COSTA; ; ;TOTAL NACIONAL;19,1492508367876
13035202177540001;MANABÍ;02;17754;0001;7,056;1;1; ; ; ;REGIÓN COSTA; ; ;TOTAL NACIONAL;1,21055698546314
13035202177540002;MANABÍ;02;17754;0002;10;1; ; ; ; ;REGIÓN COSTA; ; ;TOTAL NACIONAL;45,6721379416205
13035202177540003;MANABÍ;02;17754;0003;90; ;1; ; ; ;REGIÓN COSTA; ; ;TOTAL NACIONAL;9,42287014530977
13035202177540004;MANABÍ;02;17754;0004;10,584; ; ;2; ; ;REGIÓN COSTA; ; ;TOTAL NACIONAL;,598689146776481
13035202177540005;MANABÍ;02;17754;0005;19,7568; ; ;2; ; ;REGIÓN COSTA; ; ;TOTAL NACIONAL;10,847542683002
13035202177540006;MANABÍ;02;17754;0006;63,504; ; ;2; ; ;REGIÓN COSTA; ; ;TOTAL NACIONAL;,509680679986337
13035202177540007;MANABÍ;02;17754;0007;21,168;1; ; ; ; ;REGIÓN COSTA; ; ;TOTAL NACIONAL;3,63167095638941
13035202177640001;MANABÍ;02;17764;0001;8; ;1; ; ; ;REGIÓN COSTA; ; ;TOTAL NACIONAL;58,0972748841093
13035202177640002;MANABÍ;02;17764;0002;,5; ; ;1; ; ;REGIÓN COSTA; ; ;TOTAL NACIONAL;67,2309386354503
13035202177640004;MANABÍ;02;17764;0004;10; ; ;3; ; ;REGIÓN COSTA; ; ;TOTAL NACIONAL;5,6284822564395
13035202177640005;MANABÍ;02;17764;0005;35; ;5; ; ; ;REGIÓN COSTA; ; ;TOTAL NACIONAL;2,19396754329873
13035202177640006;MANABÍ;02;17764;0006;23; ; ;1; ; ;REGIÓN COSTA; ; ;TOTAL NACIONAL;6,94788430122204
13035202177640008;MANABÍ;02;17764;0008;21; ; ;2; ; ;REGIÓN COSTA; ; ;TOTAL NACIONAL;37,7291189253345
13035202177640009;MANABÍ;02;17764;0009;128; ; ;2; ; ;REGIÓN COSTA; ; ;TOTAL NACIONAL;1,13875017625204
13035202180210002;MANABÍ;02;18021;0002;40; ; ;1; ; ;REGIÓN COSTA; ; ;TOTAL NACIONAL;48,0647742654652
13035202180280007;MANABÍ;02;18028;0007;67;1; ; ; ; ;REGIÓN COSTA; ; ;TOTAL NACIONAL;6,09800655487208
13035202180280008;MANABÍ;02;18028;0008;16; ; ;1; ; ;REGIÓN COSTA; ; ;TOTAL NACIONAL;31,7033860871699
13035202180280010;MANABÍ;02;18028;0010;12; ; ;3; ; ;REGIÓN COSTA; ; ;TOTAL NACIONAL;4,54316953434578
13035202181640002;MANABÍ;02;18164;0002;44; ; ;2; ; ;REGIÓN COSTA; ; ;TOTAL NACIONAL;13,7534434178864
13035202181640003;MANABÍ;02;18164;0003;3;1; ; ; ; ;REGIÓN COSTA; ; ;TOTAL NACIONAL;37,0560567720981
13035202181640004;MANABÍ;02;18164;0004;75,4992; ;1;2; ; ;REGIÓN COSTA; ; ;TOTAL NACIONAL;0
13035202181640009;MANABÍ;02;18164;0009;128; ; ;2; ; ;REGIÓN COSTA; ; ;TOTAL NACIONAL;7,64947452640772
13035202182480003;MANABÍ;02;18248;0003;,25; ; ;1; ; ;REGIÓN COSTA; ; ;TOTAL NACIONAL;98,3822034250434
13035202182480006;MANABÍ;02;18248;0006;3,5; ; ;1; ; ;REGIÓN COSTA; ; ;TOTAL NACIONAL;60,3611501165147
13035202182480011;MANABÍ;02;18248;0011;8,71; ; ;2; ; ;REGIÓN COSTA; ; ;TOTAL NACIONAL;49,1626880291085
13035202182480013;MANABÍ;02;18248;0013;9,5; ;1; ; ; ;REGIÓN COSTA; ; ;TOTAL NACIONAL;22,3543797355552
13035202183400003;MANABÍ;02;18340;0003;5; ; ;1; ; ;REGIÓN COSTA; ; ;TOTAL NACIONAL;71,5801599966924
13035202183630001;MANABÍ;02;18363;0001;27; ;1; ; ; ;REGIÓN COSTA; ; ;TOTAL NACIONAL;37,1702018156294
13035202183630006;MANABÍ;02;18363;0006;10;1; ; ; ; ;REGIÓN COSTA; ; ;TOTAL NACIONAL;27,2390910239065
13035202183630008;MANABÍ;02;18363;0008;2; ;1; ; ; ;REGIÓN COSTA; ; ;TOTAL NACIONAL;15,8545989451511
13115102183710001;MANABÍ;02;18371;0001;20; ; ;1; ; ;REGIÓN COSTA; ; ;TOTAL NACIONAL;14,5647107527974
13115102183710003;MANABÍ;02;18371;0003;20; ;1;1; ; ;REGIÓN COSTA; ; ;TOTAL NACIONAL;15,2422009465156
13115102183710004;MANABÍ;02;18371;0004;20; ; ;1; ; ;REGIÓN COSTA; ; ;TOTAL NACIONAL;50,6367462288234
13115102183710005;MANABÍ;02;18371;0005;15; ;1;1; ; ;REGIÓN COSTA; ; ;TOTAL NACIONAL;4,71187787670307
13035202184260003;MANABÍ;02;18426;0003;10;1; ; ; ; ;REGIÓN COSTA; ; ;TOTAL NACIONAL;13,8805784983565
13155202184580001;MANABÍ;02;18458;0001;28,5; ;1; ; ; ;REGIÓN COSTA; ; ;TOTAL NACIONAL;40,3268638322077
13155202186320014;MANABÍ;02;18632;0014;29,6352; ;2; ; ; ;REGIÓN COSTA; ; ;TOTAL NACIONAL;1,59265651504879
13155002186340001;MANABÍ;02;18634;0001;60; ;2; ; ; ;REGIÓN COSTA; ; ;TOTAL NACIONAL;1,27239743245055
13155002186340003;MANABÍ;02;18634;0003;3,1752;1; ; ; ; ;REGIÓN COSTA; ; ;TOTAL NACIONAL;33,5910213799327
13155002186340005;MANABÍ;02;18634;0005;29,6352;1; ; ; ; ;REGIÓN COSTA; ; ;TOTAL NACIONAL;43,079306009569
13155002186340006;MANABÍ;02;18634;0006;24,696; ;1; ; ; ;REGIÓN COSTA; ; ;TOTAL NACIONAL;,742309993307766
13035202187020001;MANABÍ;02;18702;0001;32,4576; ; ;2; ; ;REGIÓN COSTA; ; ;TOTAL NACIONAL;35,4840372442901
13115002188710002;MANABÍ;02;18871;0002;55; ; ;2; ; ;REGIÓN COSTA; ; ;TOTAL NACIONAL;5,10146492927615
13115002188710003;MANABÍ;02;18871;0003;21; ; ;1; ; ;REGIÓN COSTA; ; ;TOTAL NACIONAL;14,5840676154751
13155202189780004;MANABÍ;02;18978;0004;2,8;1; ; ; ; ;REGIÓN COSTA; ; ;TOTAL NACIONAL;63,614336571925
13155202189780005;MANABÍ;02;18978;0005;2,8224;1; ; ; ; ;REGIÓN COSTA; ; ;TOTAL NACIONAL;64,0531493591284
13155202189780010;MANABÍ;02;18978;0010;21;1; ; ; ; ;REGIÓN COSTA; ; ;TOTAL NACIONAL;23,9111023132141
13155202189780012;MANABÍ;02;18978;0012;6,5;1; ; ; ; ;REGIÓN COSTA; ; ;TOTAL NACIONAL;38,4861435384762
13115002190390008;MANABÍ;02;19039;0008;67; ; ;4; ; ;REGIÓN COSTA; ; ;TOTAL NACIONAL;,387618767550231
13075002191380001;MANABÍ;02;19138;0001;9,8784; ;1; ; ; ;REGIÓN COSTA; ; ;TOTAL NACIONAL;,519751471763499
13075002191380002;MANABÍ;02;19138;0002;171; ;1; ; ; ;REGIÓN COSTA; ; ;TOTAL NACIONAL;12,2025531365411
13115002191900003;MANABÍ;02;19190;0003;67; ; ;4; ; ;REGIÓN COSTA; ; ;TOTAL NACIONAL;23,8894105797237
13125002192740002;MANABÍ;02;19274;0002;16,9344; ;1; ; ; ;REGIÓN COSTA; ; ;TOTAL NACIONAL;40,5668377049252
13125002192740003;MANABÍ;02;19274;0003;14; ;1; ; ; ;REGIÓN COSTA; ; ;TOTAL NACIONAL;29,8034008957882
13125002192740005;MANABÍ;02;19274;0005;9,8784;1; ; ; ; ;REGIÓN COSTA; ; ;TOTAL NACIONAL;4,96218093352474
13125002192740007;MANABÍ;02;19274;0007;7,4229; ;1; ; ; ;REGIÓN COSTA; ; ;TOTAL NACIONAL;6,33522126045849
13125002192740010;MANABÍ;02;19274;0010;9,8784; ;1; ; ; ;REGIÓN COSTA; ; ;TOTAL NACIONAL;13,7972835712639
13125002192740011;MANABÍ;02;19274;0011;171; ;1; ; ; ;REGIÓN COSTA; ; ;TOTAL NACIONAL;2,51532120597474
13075002193220003;MANABÍ;02;19322;0003;16; ;3; ; ; ;REGIÓN COSTA; ; ;TOTAL NACIONAL;52,466883035212
13075002193220006;MANABÍ;02;19322;0006;8; ;1; ; ; ;REGIÓN COSTA; ; ;TOTAL NACIONAL;20,5895579828657
13075002193220007;MANABÍ;02;19322;0007;63,5;1;2; ; ; ;REGIÓN COSTA; ; ;TOTAL NACIONAL;14,478437182969
13075002193220008;MANABÍ;02;19322;0008;10,23; ; ;1; ; ;REGIÓN COSTA; ; ;TOTAL NACIONAL;10,0150329079253
13115002193710001;MANABÍ;02;19371;0001;8; ; ;1; ; ;REGIÓN COSTA; ; ;TOTAL NACIONAL;35,5615931094844
13115002193710002;MANABÍ;02;19371;0002;12; ; ;2; ; ;REGIÓN COSTA; ; ;TOTAL NACIONAL;28,7612299395316
13115002193710003;MANABÍ;02;19371;0003;6; ;1; ; ; ;REGIÓN COSTA; ; ;TOTAL NACIONAL;73,0504908386802
13115002193710004;MANABÍ;02;19371;0004;15,5; ; ;1; ; ;REGIÓN COSTA; ; ;TOTAL NACIONAL;53,0353550508179
13115002193710005;MANABÍ;02;19371;0005;7; ; ;1; ; ;REGIÓN COSTA; ; ;TOTAL NACIONAL;55,5371163001793
13115002193730001;MANABÍ;02;19373;0001;8;1; ; ; ; ;REGIÓN COSTA; ; ;TOTAL NACIONAL;8,1448269612449
13115002193730002;MANABÍ;02;19373;0002;32; ; ;3; ; ;REGIÓN COSTA; ; ;TOTAL NACIONAL;54,9645054313552
13115002193730004;MANABÍ;02;19373;0004;16; ; ;1; ; ;REGIÓN COSTA; ; ;TOTAL NACIONAL;17,6533520146248
13115002193730005;MANABÍ;02;19373;0005;13; ; ;1; ; ;REGIÓN COSTA; ; ;TOTAL NACIONAL;3,99034571111567
13025202197350003;MANABÍ;02;19735;0003;21,02; ;2; ; ; ;REGIÓN COSTA; ; ;TOTAL NACIONAL;23,782495634414
13025202197350007;MANABÍ;02;19735;0007;10; ; ;1; ; ;REGIÓN COSTA; ; ;TOTAL NACIONAL;17,1564428468058
13115002198070001;MANABÍ;02;19807;0001;15,55; ;1; ; ; ;REGIÓN COSTA; ; ;TOTAL NACIONAL;58,6906154009621
13115002198070007;MANABÍ;02;19807;0007;8;1; ; ; ; ;REGIÓN COSTA; ; ;TOTAL NACIONAL;44,8081718931117
13115002198070008;MANABÍ;02;19807;0008;29,04; ;1;1; ; ;REGIÓN COSTA; ; ;TOTAL NACIONAL;1,54409614115479
13075002198780001;MANABÍ;02;19878;0001;6; ;2; ; ; ;REGIÓN COSTA; ; ;TOTAL NACIONAL;54,2051619369568
13075002198780003;MANABÍ;02;19878;0003;6,25; ;1; ; ; ;REGIÓN COSTA; ; ;TOTAL NACIONAL;209,453794588126
13115002199130001;MANABÍ;02;19913;0001;220,5; ;1;5; ; ;REGIÓN COSTA; ; ;TOTAL NACIONAL;10,5763596294613
13015402199640003;MANABÍ;02;19964;0003;8,4672; ; ;1; ; ;REGIÓN COSTA; ; ;TOTAL NACIONAL;66,1264399971397
13115002200020001;MANABÍ;02;20002;0001;20,6; ; ;1; ; ;REGIÓN COSTA; ; ;TOTAL NACIONAL;29,8979788658435
13115002200020002;MANABÍ;02;20002;0002;7; ; ;1; ; ;REGIÓN COSTA; ; ;TOTAL NACIONAL;29,0504758695761
13115002200020006;MANABÍ;02;20002;0006;27,01; ;1;1; ; ;REGIÓN COSTA; ; ;TOTAL NACIONAL;19,7004357134086
13115002200020007;MANABÍ;02;20002;0007;30,5; ; ;1; ; ;REGIÓN COSTA; ; ;TOTAL NACIONAL;11,9343675976041
13115002201250005;MANABÍ;02;20125;0005;21; ; ;1; ; ;REGIÓN COSTA; ; ;TOTAL NACIONAL;51,2675364098887
13115002202310007;MANABÍ;02;20231;0007;10; ; ;2; ; ;REGIÓN COSTA; ; ;TOTAL NACIONAL;8,39622895960015
13115002202540001;MANABÍ;02;20254;0001;10; ; ;2; ; ;REGIÓN COSTA; ; ;TOTAL NACIONAL;,371955400472754
13025002203730003;MANABÍ;02;20373;0003;35; ; ;1; ; ;REGIÓN COSTA; ; ;TOTAL NACIONAL;35,3692105649797
13025002203730004;MANABÍ;02;20373;0004;50;1; ; ; ; ;REGIÓN COSTA; ; ;TOTAL NACIONAL;22,7347775447887
13025002204730007;MANABÍ;02;20473;0007;26; ;2;2; ; ;REGIÓN COSTA; ; ;TOTAL NACIONAL;31,587788684207
13025002204730009;MANABÍ;02;20473;0009;4,5; ; ;1; ; ;REGIÓN COSTA; ; ;TOTAL NACIONAL;49,110658977102
13025002204730011;MANABÍ;02;20473;0011;7; ; ;3; ; ;REGIÓN COSTA; ; ;TOTAL NACIONAL;77,3942404070413
13025002204730012;MANABÍ;02;20473;0012;8,11; ; ;3; ; ;REGIÓN COSTA; ; ;TOTAL NACIONAL;9,3508912825825
13115002206900001;MANABÍ;02;20690;0001;400; ; ;2; ; ;REGIÓN COSTA; ; ;TOTAL NACIONAL;5,28605081587927
13115002206900002;MANABÍ;02;20690;0002;45; ; ;1; ; ;REGIÓN COSTA; ; ;TOTAL NACIONAL;4,36752392856698
13025002207450001;MANABÍ;02;20745;0001;30; ; ;2; ; ;REGIÓN COSTA; ; ;TOTAL NACIONAL;41,0074186960489
13025002207450002;MANABÍ;02;20745;0002;18; ; ;1; ; ;REGIÓN COSTA; ; ;TOTAL NACIONAL;17,7040438530573
13115002208710007;MANABÍ;02;20871;0007;14; ; ;1; ; ;REGIÓN COSTA; ; ;TOTAL NACIONAL;26,7784166694945
13115202209200002;MANABÍ;02;20920;0002;85; ; ;4; ; ;REGIÓN COSTA; ; ;TOTAL NACIONAL;12,1805235209016
13115202209200003;MANABÍ;02;20920;0003;34; ;1;3; ; ;REGIÓN COSTA; ; ;TOTAL NACIONAL;25,4199478047877
13135202210990002;MANABÍ;02;21099;0002;100; ;1;3; ; ;REGIÓN COSTA; ; ;TOTAL NACIONAL;8,42565328860183
13135202210990004;MANABÍ;02;21099;0004;20; ; ;1; ; ;REGIÓN COSTA; ; ;TOTAL NACIONAL;31,3887184604307
13115202214350001;MANABÍ;02;21435;0001;7; ; ;1; ; ;REGIÓN COSTA; ; ;TOTAL NACIONAL;46,2541047845971
13115202214350002;MANABÍ;02;21435;0002;14;1; ; ; ; ;REGIÓN COSTA; ; ;TOTAL NACIONAL;53,8164910415626
13115202214350008;MANABÍ;02;21435;0008;14; ; ;1; ; ;REGIÓN COSTA; ; ;TOTAL NACIONAL;3,89424105914415
13115202214350009;MANABÍ;02;21435;0009;14; ; ;1; ; ;REGIÓN COSTA; ; ;TOTAL NACIONAL;41,0136946431835
13135202214480001;MANABÍ;02;21448;0001;100; ;1;2; ; ;REGIÓN COSTA; ; ;TOTAL NACIONAL;9,32365409651459
13135202214480002;MANABÍ;02;21448;0002;30; ;2;2; ; ;REGIÓN COSTA; ; ;TOTAL NACIONAL;39,6020933555801
13135202215070001;MANABÍ;02;21507;0001;120; ;1;1; ; ;REGIÓN COSTA; ; ;TOTAL NACIONAL;2,05719641909965
13135202215070003;MANABÍ;02;21507;0003;15; ; ;1; ; ;REGIÓN COSTA; ; ;TOTAL NACIONAL;49,974879549022
13135202215730001;MANABÍ;02;21573;0001;12; ; ;1; ; ;REGIÓN COSTA; ; ;TOTAL NACIONAL;,705377863741865
13135202215730004;MANABÍ;02;21573;0004;10; ;2; ; ; ;REGIÓN COSTA; ; ;TOTAL NACIONAL;1,54902995843805
13135202215730005;MANABÍ;02;21573;0005;3,5; ;3; ; ; ;REGIÓN COSTA; ; ;TOTAL NACIONAL;59,6099921506072
13135202215730006;MANABÍ;02;21573;0006;10; ;1; ; ; ;REGIÓN COSTA; ; ;TOTAL NACIONAL;62,1669288788772
13135202215730007;MANABÍ;02;21573;0007;47; ;5; ; ; ;REGIÓN COSTA; ; ;TOTAL NACIONAL;9,16475060738117
13135202215730009;MANABÍ;02;21573;0009;120; ;1;1; ; ;REGIÓN COSTA; ; ;TOTAL NACIONAL;,845108792429095
13135502216140003;MANABÍ;02;21614;0003;120; ;2; ; ; ;REGIÓN COSTA; ; ;TOTAL NACIONAL;1,10086137945274
13135502216140005;MANABÍ;02;21614;0005;3,5; ;1; ; ; ;REGIÓN COSTA; ; ;TOTAL NACIONAL;25,3435486394927
13135502217960001;MANABÍ;02;21796;0001;20; ;1;1; ; ;REGIÓN COSTA; ; ;TOTAL NACIONAL;28,874806510396
13135502217960002;MANABÍ;02;21796;0002;18; ;2; ; ; ;REGIÓN COSTA; ; ;TOTAL NACIONAL;9,32789956924301
13135502217960003;MANABÍ;02;21796;0003;90;3;1;3; ; ;REGIÓN COSTA; ; ;TOTAL NACIONAL;3,60762172178706
13135002218530005;MANABÍ;02;21853;0005;104; ;2; ; ; ;REGIÓN COSTA; ; ;TOTAL NACIONAL;18,4124397765323
13135502219060002;MANABÍ;02;21906;0002;40; ;2; ; ; ;REGIÓN COSTA; ; ;TOTAL NACIONAL;12,6837176680694
13135502219060003;MANABÍ;02;21906;0003;25; ;1; ; ; ;REGIÓN COSTA; ; ;TOTAL NACIONAL;30,9432714589299
13135502219060005;MANABÍ;02;21906;0005;70; ;4;1; ; ;REGIÓN COSTA; ; ;TOTAL NACIONAL;1,54237109749268
13135502219060006;MANABÍ;02;21906;0006;25; ;8; ; ; ;REGIÓN COSTA; ; ;TOTAL NACIONAL;9,81335502795294
13135302221470005;MANABÍ;02;22147;0005;7,5; ;1; ; ; ;REGIÓN COSTA; ; ;TOTAL NACIONAL;32,7703371830165
13135302221940001;MANABÍ;02;22194;0001;59; ;1;2; ; ;REGIÓN COSTA; ; ;TOTAL NACIONAL;20,5778660503177
13135302221940003;MANABÍ;02;22194;0003;14; ;1;1; ; ;REGIÓN COSTA; ; ;TOTAL NACIONAL;13,6849486606533
13135302221940004;MANABÍ;02;22194;0004;4; ; ;3; ; ;REGIÓN COSTA; ; ;TOTAL NACIONAL;48,3062321786329
13135302221940005;MANABÍ;02;22194;0005;37; ; ;2; ; ;REGIÓN COSTA; ; ;TOTAL NACIONAL;18,9888308110835
13135302224850003;MANABÍ;02;22485;0003;150; ;6;2; ; ;REGIÓN COSTA; ; ;TOTAL NACIONAL;12,4534357222848
13135302224860003;MANABÍ;02;22486;0003;31,5; ;3;2; ; ;REGIÓN COSTA; ; ;TOTAL NACIONAL;15,5387034771524
13135302224880004;MANABÍ;02;22488;0004;1; ;1;1; ; ;REGIÓN COSTA; ; ;TOTAL NACIONAL;70,0944470490188
13135302224880014;MANABÍ;02;22488;0014;2; ;1; ; ; ;REGIÓN COSTA; ; ;TOTAL NACIONAL;30,5773367263906
13135302224880015;MANABÍ;02;22488;0015;17;1; ; ; ; ;REGIÓN COSTA; ; ;TOTAL NACIONAL;15,1847605371911
13135002225370004;MANABÍ;02;22537;0004;,4;1;1; ; ; ;REGIÓN COSTA; ; ;TOTAL NACIONAL;63,008848717186
13135002225370007;MANABÍ;02;22537;0007;38; ; ;1; ; ;REGIÓN COSTA; ; ;TOTAL NACIONAL;38,5985616554592
13135002226230003;MANABÍ;02;22623;0003;10; ; ;2; ; ;REGIÓN COSTA; ; ;TOTAL NACIONAL;111,026028216207
13135002228310004;MANABÍ;02;22831;0004;21; ;1; ; ; ;REGIÓN COSTA; ; ;TOTAL NACIONAL;39,5475402398076
13135002228310006;MANABÍ;02;22831;0006;45; ;1; ; ; ;REGIÓN COSTA; ; ;TOTAL NACIONAL;,246193271218199
13135302228590002;MANABÍ;02;22859;0002;8; ;1; ; ; ;REGIÓN COSTA; ; ;TOTAL NACIONAL;68,9488316177972
13135302228590003;MANABÍ;02;22859;0003;22; ;2; ; ; ;REGIÓN COSTA; ; ;TOTAL NACIONAL;22,6254532629089
13135302228590004;MANABÍ;02;22859;0004;6; ;1; ; ; ;REGIÓN COSTA; ; ;TOTAL NACIONAL;139,065352181868
13135302228590005;MANABÍ;02;22859;0005;26; ; ;1; ; ;REGIÓN COSTA; ; ;TOTAL NACIONAL;11,8455820566215
13135502230870001;MANABÍ;02;23087;0001;39; ;3; ; ; ;REGIÓN COSTA; ; ;TOTAL NACIONAL;48,5652696809229
13185002230950001;MANABÍ;02;23095;0001;15; ;2;1; ; ;REGIÓN COSTA; ; ;TOTAL NACIONAL;8,32083223416725
13185002230950005;MANABÍ;02;23095;0005;15;1;1; ; ; ;REGIÓN COSTA; ; ;TOTAL NACIONAL;23,9740446984536
13185002230950007;MANABÍ;02;23095;0007;14; ; ;1; ; ;REGIÓN COSTA; ; ;TOTAL NACIONAL;5,50008927920906
13185002231280002;MANABÍ;02;23128;0002;70; ;1; ; ; ;REGIÓN COSTA; ; ;TOTAL NACIONAL;11,7240637177664
13185002232240002;MANABÍ;02;23224;0002;12; ;2; ; ; ;REGIÓN COSTA; ; ;TOTAL NACIONAL;18,8369859078748
13185002232240005;MANABÍ;02;23224;0005;12; ;1; ; ; ;REGIÓN COSTA; ; ;TOTAL NACIONAL;47,2753990256841
13185002233610002;MANABÍ;02;23361;0002;110; ;2;2; ; ;REGIÓN COSTA; ; ;TOTAL NACIONAL;12,8474479659708
13185002233610003;MANABÍ;02;23361;0003;5,4; ; ;1; ; ;REGIÓN COSTA; ; ;TOTAL NACIONAL;81,0380052894611
13185002234070001;MANABÍ;02;23407;0001;27; ;1; ; ; ;REGIÓN COSTA; ; ;TOTAL NACIONAL;69,2915220704974
13185002234480003;MANABÍ;02;23448;0003;40; ; ;2; ; ;REGIÓN COSTA; ; ;TOTAL NACIONAL;17,6044389677274
13185002234480004;MANABÍ;02;23448;0004;42,5;1;2;3; ; ;REGIÓN COSTA; ; ;TOTAL NACIONAL;19,2806550522734
13185002237400002;MANABÍ;02;23740;0002;50; ;2; ; ; ;REGIÓN COSTA; ; ;TOTAL NACIONAL;19,5790312633926
13185002237400004;MANABÍ;02;23740;0004;92; ; ;1; ; ;REGIÓN COSTA; ; ;TOTAL NACIONAL;6,07631084901118
13185002237400005;MANABÍ;02;23740;0005;73,03; ;4;2; ; ;REGIÓN COSTA; ; ;TOTAL NACIONAL;1,07487106982722
13165102237430003;MANABÍ;02;23743;0003;24,8; ; ;2; ; ;REGIÓN COSTA; ; ;TOTAL NACIONAL;24,1328493982784
13165102237430004;MANABÍ;02;23743;0004;37,02; ;4; ; ; ;REGIÓN COSTA; ; ;TOTAL NACIONAL;13,6540968475101
13165102237430005;MANABÍ;02;23743;0005;2; ;1; ; ; ;REGIÓN COSTA; ; ;TOTAL NACIONAL;67,6177986601352
13165102237430006;MANABÍ;02;23743;0006;40; ;4;1; ; ;REGIÓN COSTA; ; ;TOTAL NACIONAL;1,91079383051435
13165102237430007;MANABÍ;02;23743;0007;8; ;1; ; ; ;REGIÓN COSTA; ; ;TOTAL NACIONAL;48,9162889508947
13165102237430008;MANABÍ;02;23743;0008;4; ; ;1; ; ;REGIÓN COSTA; ; ;TOTAL NACIONAL;45,5762902045226
13165102237430009;MANABÍ;02;23743;0009;92; ; ;1; ; ;REGIÓN COSTA; ; ;TOTAL NACIONAL;1,86597979636767
13185002237870001;MANABÍ;02;23787;0001;23,02; ; ;1; ; ;REGIÓN COSTA; ; ;TOTAL NACIONAL;1,67737618945399
13185002237870003;MANABÍ;02;23787;0003;66; ; ;1; ; ;REGIÓN COSTA; ; ;TOTAL NACIONAL;25,5836052824137
13185002237870004;MANABÍ;02;23787;0004;33,4; ;2;1; ; ;REGIÓN COSTA; ; ;TOTAL NACIONAL;18,1127069562627
13165102239560002;MANABÍ;02;23956;0002;6; ;1; ; ; ;REGIÓN COSTA; ; ;TOTAL NACIONAL;56,8470269902977
13165102239560005;MANABÍ;02;23956;0005;16; ;1; ; ; ;REGIÓN COSTA; ; ;TOTAL NACIONAL;33,6160319922969
13165102239560010;MANABÍ;02;23956;0010;730; ;3;2; ; ;REGIÓN COSTA; ; ;TOTAL NACIONAL;0
13065402240580004;MANABÍ;02;24058;0004;8,6; ;2;3; ; ;REGIÓN COSTA; ; ;TOTAL NACIONAL;51,5627044873779
13065102240660001;MANABÍ;02;24066;0001;15; ;1;1; ; ;REGIÓN COSTA; ; ;TOTAL NACIONAL;36,6036270708568
13065102240660003;MANABÍ;02;24066;0003;11;1; ; ; ; ;REGIÓN COSTA; ; ;TOTAL NACIONAL;48,6197262594572
13165302241130005;MANABÍ;02;24113;0005;730; ;3;2; ; ;REGIÓN COSTA; ; ;TOTAL NACIONAL;0
13165302241150001;MANABÍ;02;24115;0001;8; ;5; ; ; ;REGIÓN COSTA; ; ;TOTAL NACIONAL;64,7628654070404
13165302241150009;MANABÍ;02;24115;0009;730; ;2;2; ; ;REGIÓN COSTA; ; ;TOTAL NACIONAL;0
13165202243060001;MANABÍ;02;24306;0001;47; ;1; ; ; ;REGIÓN COSTA; ; ;TOTAL NACIONAL;34,5381002480712
13105002243660002;MANABÍ;02;24366;0002;6,5; ; ;1; ; ;REGIÓN COSTA; ; ;TOTAL NACIONAL;31,7563171245952
13165202243800003;MANABÍ;02;24380;0003;100; ;3; ; ; ;REGIÓN COSTA; ; ;TOTAL NACIONAL;21,4664492414664
13105402244030004;MANABÍ;02;24403;0004;1; ;1; ; ; ;REGIÓN COSTA; ; ;TOTAL NACIONAL;35,5339445314157
13105402244030006;MANABÍ;02;24403;0006;12; ;1; ; ; ;REGIÓN COSTA; ; ;TOTAL NACIONAL;39,7621263397103
13105402244030009;MANABÍ;02;24403;0009;4; ;2; ; ; ;REGIÓN COSTA; ; ;TOTAL NACIONAL;28,3539819227337
13105402244030011;MANABÍ;02;24403;0011;,55; ;1; ; ; ;REGIÓN COSTA; ; ;TOTAL NACIONAL;95,4779860177299
13105402244030022;MANABÍ;02;24403;0022;4,75; ;1;1; ; ;REGIÓN COSTA; ; ;TOTAL NACIONAL;7,8279654959648
13105402245220003;MANABÍ;02;24522;0003;2,72; ;1; ; ; ;REGIÓN COSTA; ; ;TOTAL NACIONAL;63,255228098433
13105402245220006;MANABÍ;02;24522;0006;13; ;1; ; ; ;REGIÓN COSTA; ; ;TOTAL NACIONAL;3,81379401225249
13105402247010008;MANABÍ;02;24701;0008;16; ;2; ; ; ;REGIÓN COSTA; ; ;TOTAL NACIONAL;50,9240131043831
13105402247010010;MANABÍ;02;24701;0010;14; ;4; ; ; ;REGIÓN COSTA; ; ;TOTAL NACIONAL;44,1213302266376
13105402247240001;MANABÍ;02;24724;0001;4,5; ;2; ; ; ;REGIÓN COSTA; ; ;TOTAL NACIONAL;1,04628461348559
13105402247240002;MANABÍ;02;24724;0002;12; ;2; ; ; ;REGIÓN COSTA; ; ;TOTAL NACIONAL;52,694998808934
13105402247240005;MANABÍ;02;24724;0005;16,53; ;2; ; ; ;REGIÓN COSTA; ; ;TOTAL NACIONAL;20,1630142668655
13105402247240007;MANABÍ;02;24724;0007;7,5; ;1; ; ; ;REGIÓN COSTA; ; ;TOTAL NACIONAL;11,1850915473717
13105402247240009;MANABÍ;02;24724;0009;40; ;12;1; ; ;REGIÓN COSTA; ; ;TOTAL NACIONAL;7,25578513288709
13105102250140001;MANABÍ;02;25014;0001;300;1;10;4; ; ;REGIÓN COSTA; ; ;TOTAL NACIONAL;7,57024442832413
13105002250180001;MANABÍ;02;25018;0001;10;1; ; ; ; ;REGIÓN COSTA; ; ;TOTAL NACIONAL;29,2323974542455
13105002250180008;MANABÍ;02;25018;0008;6; ;1; ; ; ;REGIÓN COSTA; ; ;TOTAL NACIONAL;13,9592909191622
13105302250460011;MANABÍ;02;25046;0011;3; ; ;1; ; ;REGIÓN COSTA; ; ;TOTAL NACIONAL;48,2968509347357
13105302250460012;MANABÍ;02;25046;0012;3,5; ; ;2; ; ;REGIÓN COSTA; ; ;TOTAL NACIONAL;68,7028695929272
13105102251500003;MANABÍ;02;25150;0003;,88; ;3; ; ; ;REGIÓN COSTA; ; ;TOTAL NACIONAL;30,7549281884034
13105102251500009;MANABÍ;02;25150;0009;20; ;2; ; ; ;REGIÓN COSTA; ; ;TOTAL NACIONAL;3,19249248203419
13105102251500011;MANABÍ;02;25150;0011;3,5; ;1; ; ; ;REGIÓN COSTA; ; ;TOTAL NACIONAL;59,9560815854337
13105302253210001;MANABÍ;02;25321;0001;5; ;2; ; ; ;REGIÓN COSTA; ; ;TOTAL NACIONAL;58,5839918897741
13105302253210005;MANABÍ;02;25321;0005;20; ;1;1; ; ;REGIÓN COSTA; ; ;TOTAL NACIONAL;44,3796849535299
13105302253210006;MANABÍ;02;25321;0006;30; ;3; ; ; ;REGIÓN COSTA; ; ;TOTAL NACIONAL;12,7732809553946
13105102253630004;MANABÍ;02;25363;0004;7;1; ; ; ; ;REGIÓN COSTA; ; ;TOTAL NACIONAL;62,9189779773296
13105102253630005;MANABÍ;02;25363;0005;10; ; ;1; ; ;REGIÓN COSTA; ; ;TOTAL NACIONAL;33,4334288390256
13105202255610002;MANABÍ;02;25561;0002;3; ; ;1; ; ;REGIÓN COSTA; ; ;TOTAL NACIONAL;11,2685294342699
13105202256800001;MANABÍ;02;25680;0001;11; ; ;1; ; ;REGIÓN COSTA; ; ;TOTAL NACIONAL;32,3999067306067
13105202256800002;MANABÍ;02;25680;0002;125; ;1; ; ; ;REGIÓN COSTA; ; ;TOTAL NACIONAL;15,4237715194252
13105202257230003;MANABÍ;02;25723;0003;16,05; ;3;1; ; ;REGIÓN COSTA; ; ;TOTAL NACIONAL;43,2566628995844
13105202257230004;MANABÍ;02;25723;0004;6;1;1; ; ; ;REGIÓN COSTA; ; ;TOTAL NACIONAL;20,0648251826667
13105202260190001;MANABÍ;02;26019;0001;31,5; ;4; ; ; ;REGIÓN COSTA; ; ;TOTAL NACIONAL;13,2752221764895
13105202260190003;MANABÍ;02;26019;0003;3; ;2; ; ; ;REGIÓN COSTA; ; ;TOTAL NACIONAL;27,1989852476148
13105202260190006;MANABÍ;02;26019;0006;6,02; ;1;1; ; ;REGIÓN COSTA; ; ;TOTAL NACIONAL;4,07883357879281
13105202260190007;MANABÍ;02;26019;0007;7,25; ;3;1; ; ;REGIÓN COSTA; ; ;TOTAL NACIONAL;3,42428722475554
13105202261160001;MANABÍ;02;26116;0001;50;2;5; ; ; ;REGIÓN COSTA; ; ;TOTAL NACIONAL;38,8709302429831
13105202261730003;MANABÍ;02;26173;0003;38; ;1; ; ; ;REGIÓN COSTA; ; ;TOTAL NACIONAL;4,43102579398702
13105202262070001;MANABÍ;02;26207;0001;38; ;4;4; ; ;REGIÓN COSTA; ; ;TOTAL NACIONAL;16,0811365976766
13105202262070002;MANABÍ;02;26207;0002;90; ;4;4; ; ;REGIÓN COSTA; ; ;TOTAL NACIONAL;19,4439707826251
13105202262070003;MANABÍ;02;26207;0003;100;2;4;5; ; ;REGIÓN COSTA; ; ;TOTAL NACIONAL;,228990645153998
13175103000270001;MANABÍ;03;00027;0001;460; ;1;2; ; ;REGIÓN COSTA; ; ;TOTAL NACIONAL;17,9370450313823
13175103000270002;MANABÍ;03;00027;0002;90; ;2;1; ; ;REGIÓN COSTA; ; ;TOTAL NACIONAL;20,7026749296486
13175103000270003;MANABÍ;03;00027;0003;70; ;3;1; ; ;REGIÓN COSTA; ; ;TOTAL NACIONAL;23,3220290749772
13175103000680001;MANABÍ;03;00068;0001;60; ; ;1; ; ;REGIÓN COSTA; ; ;TOTAL NACIONAL;32,8677929040406
13175103000680002;MANABÍ;03;00068;0002;34; ; ;1; ; ;REGIÓN COSTA; ; ;TOTAL NACIONAL;57,3581033966898
13175103000680003;MANABÍ;03;00068;0003;15; ;1; ; ; ;REGIÓN COSTA; ; ;TOTAL NACIONAL;41,851517914137
13175103000680007;MANABÍ;03;00068;0007;70; ;1; ; ; ;REGIÓN COSTA; ; ;TOTAL NACIONAL;45,9572183888332
13175003001880001;MANABÍ;03;00188;0001;7,75; ;1;2; ; ;REGIÓN COSTA; ; ;TOTAL NACIONAL;22,456945841148
13175003001880002;MANABÍ;03;00188;0002;35; ;2; ; ; ;REGIÓN COSTA; ; ;TOTAL NACIONAL;16,0712528294483
13175003001880003;MANABÍ;03;00188;0003;115; ;1;2; ; ;REGIÓN COSTA; ; ;TOTAL NACIONAL;5,16722981791292
13175003001880005;MANABÍ;03;00188;0005;86,35;2;1; ; ; ;REGIÓN COSTA; ; ;TOTAL NACIONAL;56,6848632659627
13175003001880006;MANABÍ;03;00188;0006;270; ;2;3; ; ;REGIÓN COSTA; ; ;TOTAL NACIONAL;16,8622098315817
13205003004380001;MANABÍ;03;00438;0001;75; ;2;2; ; ;REGIÓN COSTA; ; ;TOTAL NACIONAL;9,27123856774556
13205003004380002;MANABÍ;03;00438;0002;137; ;2; ; ; ;REGIÓN COSTA; ; ;TOTAL NACIONAL;27,9439794990599
13205003004380003;MANABÍ;03;00438;0003;20; ; ;1; ; ;REGIÓN COSTA; ; ;TOTAL NACIONAL;44,743545842652
13205003004380004;MANABÍ;03;00438;0004;18; ; ;1; ; ;REGIÓN COSTA; ; ;TOTAL NACIONAL;79,9666766096695
13205003004870001;MANABÍ;03;00487;0001;200; ; ;2; ; ;REGIÓN COSTA; ; ;TOTAL NACIONAL;35,3765254916042
13205003004870003;MANABÍ;03;00487;0003;41,5; ;1; ; ; ;REGIÓN COSTA; ; ;TOTAL NACIONAL;21,041896033182
13205003004870005;MANABÍ;03;00487;0005;70; ;1;2; ; ;REGIÓN COSTA; ; ;TOTAL NACIONAL;3,72126653604641
13205003004940001;MANABÍ;03;00494;0001;60; ;2;1; ; ;REGIÓN COSTA; ; ;TOTAL NACIONAL;37,5867000727173
13205003004940002;MANABÍ;03;00494;0002;39; ; ;1; ; ;REGIÓN COSTA; ; ;TOTAL NACIONAL;58,9758369482628
13055103005970001;MANABÍ;03;00597;0001;250; ;9;5; ; ;REGIÓN COSTA; ; ;TOTAL NACIONAL;14,4565407126616
13055103005970002;MANABÍ;03;00597;0002;110; ;1;2; ; ;REGIÓN COSTA; ; ;TOTAL NACIONAL;0
13055103005970003;MANABÍ;03;00597;0003;114; ;2;2; ; ;REGIÓN COSTA; ; ;TOTAL NACIONAL;26,5032300888813
13055003006030001;MANABÍ;03;00603;0001;450; ;4;8; ; ;REGIÓN COSTA; ; ;TOTAL NACIONAL;0
13055003006030002;MANABÍ;03;00603;0002;10; ; ;3; ; ;REGIÓN COSTA; ; ;TOTAL NACIONAL;51,4689924361398
13055003006030003;MANABÍ;03;00603;0003;10; ;2;1; ; ;REGIÓN COSTA; ; ;TOTAL NACIONAL;25,8124444017684
13055003006030004;MANABÍ;03;00603;0004;10; ; ;2; ; ;REGIÓN COSTA; ; ;TOTAL NACIONAL;15,1631764288808
13055003006030005;MANABÍ;03;00603;0005;130; ;5;3; ; ;REGIÓN COSTA; ; ;TOTAL NACIONAL;2,94325007677724
13055003006880001;MANABÍ;03;00688;0001;170; ;2;5; ; ;REGIÓN COSTA; ; ;TOTAL NACIONAL;17,154360318341
13055003006880002;MANABÍ;03;00688;0002;60; ;1;1; ; ;REGIÓN COSTA; ; ;TOTAL NACIONAL;21,8643581607765
13055003006880005;MANABÍ;03;00688;0005;126; ;1;5; ; ;REGIÓN COSTA; ; ;TOTAL NACIONAL;5,54916831567675
13055003006880006;MANABÍ;03;00688;0006;30; ; ;2; ; ;REGIÓN COSTA; ; ;TOTAL NACIONAL;27,7998009861467
13055003007850001;MANABÍ;03;00785;0001;70; ;1;1; ; ;REGIÓN COSTA; ; ;TOTAL NACIONAL;48,7957498450986
13055003007850004;MANABÍ;03;00785;0004;30; ; ;4; ; ;REGIÓN COSTA; ; ;TOTAL NACIONAL;28,2416325160765
13045003009240023;MANABÍ;03;00924;0023;5; ;1; ; ; ;REGIÓN COSTA; ; ;TOTAL NACIONAL;20,4056749325018
13045003009270004;MANABÍ;03;00927;0004;205; ;1;2; ; ;REGIÓN COSTA; ; ;TOTAL NACIONAL;0
13045003009300018;MANABÍ;03;00930;0018;75; ; ;2; ; ;REGIÓN COSTA; ; ;TOTAL NACIONAL;30,5144151013397
13045003009300023;MANABÍ;03;00930;0023;7;1; ; ; ; ;REGIÓN COSTA; ; ;TOTAL NACIONAL;55,6521135095756
13055003009870002;MANABÍ;03;00987;0002;17; ;1;1; ; ;REGIÓN COSTA; ; ;TOTAL NACIONAL;18,9701702680072
13055003009870003;MANABÍ;03;00987;0003;41; ;1;3; ; ;REGIÓN COSTA; ; ;TOTAL NACIONAL;16,8411128194325
13055003009870004;MANABÍ;03;00987;0004;30; ;3;1; ; ;REGIÓN COSTA; ; ;TOTAL NACIONAL;15,6866961860622
13045003011310007;MANABÍ;03;01131;0007;16; ;1; ; ; ;REGIÓN COSTA; ; ;TOTAL NACIONAL;59,4512762931155
13045003011310015;MANABÍ;03;01131;0015;5; ;1; ; ; ;REGIÓN COSTA; ; ;TOTAL NACIONAL;101,687392245007
13045003011310026;MANABÍ;03;01131;0026;27; ; ;1; ; ;REGIÓN COSTA; ; ;TOTAL NACIONAL;2,25117813250666
13045003011310027;MANABÍ;03;01131;0027;14; ; ;3; ; ;REGIÓN COSTA; ; ;TOTAL NACIONAL;14,8036677609628
13045003011310028;MANABÍ;03;01131;0028;24; ;2;1; ; ;REGIÓN COSTA; ; ;TOTAL NACIONAL;7,99272826606505
13045003011310029;MANABÍ;03;01131;0029;30; ;1; ; ; ;REGIÓN COSTA; ; ;TOTAL NACIONAL;7,97650084189132
13225103011960001;MANABÍ;03;01196;0001;125;1;2;3; ; ;REGIÓN COSTA; ; ;TOTAL NACIONAL;26,7912416770696
13225103011960004;MANABÍ;03;01196;0004;42; ; ;3; ; ;REGIÓN COSTA; ; ;TOTAL NACIONAL;48,5487424182887
13225003012720001;MANABÍ;03;01272;0001;3700; ;64;16; ; ;REGIÓN COSTA; ; ;TOTAL NACIONAL;0
13225003012900002;MANABÍ;03;01290;0002;600; ;5;4; ; ;REGIÓN COSTA; ; ;TOTAL NACIONAL;5,48870095546533
13225003012900003;MANABÍ;03;01290;0003;2000; ;8;2; ; ;REGIÓN COSTA; ; ;TOTAL NACIONAL;0
13035103013460001;MANABÍ;03;01346;0001;12;1;1; ; ; ;REGIÓN COSTA; ; ;TOTAL NACIONAL;19,8810815088782
13035103013460002;MANABÍ;03;01346;0002;225;2; ;2; ; ;REGIÓN COSTA; ; ;TOTAL NACIONAL;0
13035103013460003;MANABÍ;03;01346;0003;170;3; ;2; ; ;REGIÓN COSTA; ; ;TOTAL NACIONAL;33,5172642610252
13035103013460004;MANABÍ;03;01346;0004;16,93; ;2; ; ; ;REGIÓN COSTA; ; ;TOTAL NACIONAL;3,63385039184383
13035103013460005;MANABÍ;03;01346;0005;21,3;1; ;1; ; ;REGIÓN COSTA; ; ;TOTAL NACIONAL;27,050950399094
13035103013460006;MANABÍ;03;01346;0006;140; ; ;3; ; ;REGIÓN COSTA; ; ;TOTAL NACIONAL;1,73050489523733
13145003014240004;MANABÍ;03;01424;0004;160; ;1;1; ; ;REGIÓN COSTA; ; ;TOTAL NACIONAL;1,65885491557884
13145003014240005;MANABÍ;03;01424;0005;35; ; ;2; ; ;REGIÓN COSTA; ; ;TOTAL NACIONAL;18,2133707624133
13045303014660001;MANABÍ;03;01466;0001;60; ;1;1; ; ;REGIÓN COSTA; ; ;TOTAL NACIONAL;27,6366036869433
13045303014660002;MANABÍ;03;01466;0002;32; ;2;1; ; ;REGIÓN COSTA; ; ;TOTAL NACIONAL;4,05765390141103
13045303014660005;MANABÍ;03;01466;0005;29,01; ;1; ; ; ;REGIÓN COSTA; ; ;TOTAL NACIONAL;1,40564810313717
13045303014660008;MANABÍ;03;01466;0008;27,5; ;1; ; ; ;REGIÓN COSTA; ; ;TOTAL NACIONAL;40,9092682445256
13025103016620004;MANABÍ;03;01662;0004;11; ;1; ; ; ;REGIÓN COSTA; ; ;TOTAL NACIONAL;59,7097142400064
13025103016620008;MANABÍ;03;01662;0008;32; ; ;1; ; ;REGIÓN COSTA; ; ;TOTAL NACIONAL;60,9030578881662
13125003017390007;MANABÍ;03;01739;0007;2,1168; ;1; ; ; ;REGIÓN COSTA; ; ;TOTAL NACIONAL;59,1459957560982
13125003017390008;MANABÍ;03;01739;0008;6,5974;1; ; ; ; ;REGIÓN COSTA; ; ;TOTAL NACIONAL;49,230705626972
13125003017390012;MANABÍ;03;01739;0012;4,9392; ; ;1; ; ;REGIÓN COSTA; ; ;TOTAL NACIONAL;38,7886783149625
13125003017390013;MANABÍ;03;01739;0013;12,0516; ;1; ; ; ;REGIÓN COSTA; ; ;TOTAL NACIONAL;63,874506707376
13125003017390016;MANABÍ;03;01739;0016;5; ;1; ; ; ;REGIÓN COSTA; ; ;TOTAL NACIONAL;60,0510230413547
13125003017390019;MANABÍ;03;01739;0019;1,8063;1; ; ; ; ;REGIÓN COSTA; ; ;TOTAL NACIONAL;68,3737677657042
13125003017390020;MANABÍ;03;01739;0020;2,1168; ; ;1; ; ;REGIÓN COSTA; ; ;TOTAL NACIONAL;60,996305270876
13125003017390026;MANABÍ;03;01739;0026;7,056; ;1; ; ; ;REGIÓN COSTA; ; ;TOTAL NACIONAL;44,3499105095546
13025203017610001;MANABÍ;03;01761;0001;6; ;1; ; ; ;REGIÓN COSTA; ; ;TOTAL NACIONAL;61,2558915227104
13025203017610003;MANABÍ;03;01761;0003;41,5; ;1; ; ; ;REGIÓN COSTA; ; ;TOTAL NACIONAL;25,2408373237198
13025203017610004;MANABÍ;03;01761;0004;7,4; ;2; ; ; ;REGIÓN COSTA; ; ;TOTAL NACIONAL;64,6968183616579
13025203017610006;MANABÍ;03;01761;0006;60; ;2;1; ; ;REGIÓN COSTA; ; ;TOTAL NACIONAL;19,5506069779913
13025203017610008;MANABÍ;03;01761;0008;20; ;2; ; ; ;REGIÓN COSTA; ; ;TOTAL NACIONAL;25,1891810321132
13075003018350012;MANABÍ;03;01835;0012;101,25; ; ;2; ; ;REGIÓN COSTA; ; ;TOTAL NACIONAL;16,4262598921539
13075003018350024;MANABÍ;03;01835;0024;54,25;1; ;1; ; ;REGIÓN COSTA; ; ;TOTAL NACIONAL;3,13961349007045
13015603019550001;MANABÍ;03;01955;0001;15; ; ;2; ; ;REGIÓN COSTA; ; ;TOTAL NACIONAL;56,514795247563
13015603019550002;MANABÍ;03;01955;0002;26; ; ;3; ; ;REGIÓN COSTA; ; ;TOTAL NACIONAL;11,9204229685857
13015603019550004;MANABÍ;03;01955;0004;5,25; ;1; ; ; ;REGIÓN COSTA; ; ;TOTAL NACIONAL;62,288605259117
13015603019550005;MANABÍ;03;01955;0005;22; ;1;1; ; ;REGIÓN COSTA; ; ;TOTAL NACIONAL;55,672045175325
13015603019550010;MANABÍ;03;01955;0010;6; ; ;1; ; ;REGIÓN COSTA; ; ;TOTAL NACIONAL;60,4560100233253
13015603019550012;MANABÍ;03;01955;0012;80; ; ;3; ; ;REGIÓN COSTA; ; ;TOTAL NACIONAL;39,7001050974015
13015603019550013;MANABÍ;03;01955;0013;90; ;1;2; ; ;REGIÓN COSTA; ; ;TOTAL NACIONAL;20,7100235799636
13015603020640008;MANABÍ;03;02064;0008;4; ; ;1; ; ;REGIÓN COSTA; ; ;TOTAL NACIONAL;70,4174872733859
13015003021530001;MANABÍ;03;02153;0001;17; ;1;1; ; ;REGIÓN COSTA; ; ;TOTAL NACIONAL;50,2741153683809
13015003021530005;MANABÍ;03;02153;0005;24;2;1;1; ; ;REGIÓN COSTA; ; ;TOTAL NACIONAL;93,7334961472411
13015003021530008;MANABÍ;03;02153;0008;80;1;3;2; ; ;REGIÓN COSTA; ; ;TOTAL NACIONAL;14,9657291701735
13135103021750009;MANABÍ;03;02175;0009;16; ;1; ; ; ;REGIÓN COSTA; ; ;TOTAL NACIONAL;10,1739289972966
13135103021750012;MANABÍ;03;02175;0012;50; ;4; ; ; ;REGIÓN COSTA; ; ;TOTAL NACIONAL;29,0188848111961
13135103021750013;MANABÍ;03;02175;0013;33; ; ;1; ; ;REGIÓN COSTA; ; ;TOTAL NACIONAL;49,5114447364365
13135003022970009;MANABÍ;03;02297;0009;6; ;4; ; ; ;REGIÓN COSTA; ; ;TOTAL NACIONAL;51,6492278607602
13135003022970013;MANABÍ;03;02297;0013;12; ;1;1; ; ;REGIÓN COSTA; ; ;TOTAL NACIONAL;10,2090368798008
13135003024200008;MANABÍ;03;02420;0008;77,03;1; ;1; ; ;REGIÓN COSTA; ; ;TOTAL NACIONAL;38,2920600066647
13135003024200011;MANABÍ;03;02420;0011;20,03; ; ;2; ; ;REGIÓN COSTA; ; ;TOTAL NACIONAL;22,8517279042115
13165003024820008;MANABÍ;03;02482;0008;15; ; ;1; ; ;REGIÓN COSTA; ; ;TOTAL NACIONAL;19,0623034801117
13165003024820009;MANABÍ;03;02482;0009;12; ; ;1; ; ;REGIÓN COSTA; ; ;TOTAL NACIONAL;45,2990608598089
13065203025960001;MANABÍ;03;02596;0001;35; ;6; ; ; ;REGIÓN COSTA; ; ;TOTAL NACIONAL;32,7101432942813
13065203025960002;MANABÍ;03;02596;0002;2,75; ; ;1; ; ;REGIÓN COSTA; ; ;TOTAL NACIONAL;80,4920856802898
13065203025960011;MANABÍ;03;02596;0011;12; ;1; ; ; ;REGIÓN COSTA; ; ;TOTAL NACIONAL;26,9857474231623
13065203026250001;MANABÍ;03;02625;0001;1,8;1; ; ; ; ;REGIÓN COSTA; ; ;TOTAL NACIONAL;96,0801425358797
13065203026250003;MANABÍ;03;02625;0003;8,55;1; ; ; ; ;REGIÓN COSTA; ; ;TOTAL NACIONAL;45,8853238025828
13065203026250017;MANABÍ;03;02625;0017;27; ;10; ; ; ;REGIÓN COSTA; ; ;TOTAL NACIONAL;68,0557567604001
13105003027080003;MANABÍ;03;02708;0003;11; ; ;1; ; ;REGIÓN COSTA; ; ;TOTAL NACIONAL;93,7202224835856
13105003027080019;MANABÍ;03;02708;0019;10,5; ;1; ; ; ;REGIÓN COSTA; ; ;TOTAL NACIONAL;18,3938096013413
13105003027080030;MANABÍ;03;02708;0030;19,5; ;2; ; ; ;REGIÓN COSTA; ; ;TOTAL NACIONAL;19,2702586656069
13175004000450001;MANABÍ;04;00045;0001;450; ;2;1; ; ;REGIÓN COSTA; ; ;TOTAL NACIONAL;24,1307789924868
13175004000450002;MANABÍ;04;00045;0002;47; ;6; ; ; ;REGIÓN COSTA; ; ;TOTAL NACIONAL;35,5965428889467
13055004000840004;MANABÍ;04;00084;0004;9,5;1;1;1; ; ;REGIÓN COSTA; ; ;TOTAL NACIONAL;9,81307637008579
13055004000840006;MANABÍ;04;00084;0006;10; ; ;2; ; ;REGIÓN COSTA; ; ;TOTAL NACIONAL;4,6570830626947
13055004000840007;MANABÍ;04;00084;0007;6,8796; ; ;1; ; ;REGIÓN COSTA; ; ;TOTAL NACIONAL;25,1307582508878
13055004000840008;MANABÍ;04;00084;0008;7; ; ;1; ; ;REGIÓN COSTA; ; ;TOTAL NACIONAL;33,1547933366863
13055004000840016;MANABÍ;04;00084;0016;20; ; ;6; ; ;REGIÓN COSTA; ; ;TOTAL NACIONAL;40,8344491848057
13055004000840017;MANABÍ;04;00084;0017;6; ; ;1; ; ;REGIÓN COSTA; ; ;TOTAL NACIONAL;6,84518890038548
13055004000840019;MANABÍ;04;00084;0019;30; ; ;1; ; ;REGIÓN COSTA; ; ;TOTAL NACIONAL;45,4485682519452
13055004000840020;MANABÍ;04;00084;0020;18; ; ;1; ; ;REGIÓN COSTA; ; ;TOTAL NACIONAL;14,7002610414912
13055004000840022;MANABÍ;04;00084;0022;3,5; ; ;1; ; ;REGIÓN COSTA; ; ;TOTAL NACIONAL;48,1035116478476
13055004000840024;MANABÍ;04;00084;0024;30; ;2;2; ; ;REGIÓN COSTA; ; ;TOTAL NACIONAL;27,1480467003495
13055004000840027;MANABÍ;04;00084;0027;20; ; ;1; ; ;REGIÓN COSTA; ; ;TOTAL NACIONAL;44,1393131133702
13055004000840028;MANABÍ;04;00084;0028;7; ; ;1; ; ;REGIÓN COSTA; ; ;TOTAL NACIONAL;38,3176807944358
13225104001000002;MANABÍ;04;00100;0002;170; ;1;2; ; ;REGIÓN COSTA; ; ;TOTAL NACIONAL;25,0420091362202
13225004001110003;MANABÍ;04;00111;0003;5,5;1; ; ; ; ;REGIÓN COSTA; ; ;TOTAL NACIONAL;39,1999933554214
13225004001110004;MANABÍ;04;00111;0004;3;1;1; ; ; ;REGIÓN COSTA; ; ;TOTAL NACIONAL;13,9532384207568
13225004001110005;MANABÍ;04;00111;0005;43;1; ;1; ; ;REGIÓN COSTA; ; ;TOTAL NACIONAL;,483643729587517
13225004001110006;MANABÍ;04;00111;0006;8,5; ;1; ; ; ;REGIÓN COSTA; ; ;TOTAL NACIONAL;25,851231506972
13225004001110011;MANABÍ;04;00111;0011;15; ;1; ; ; ;REGIÓN COSTA; ; ;TOTAL NACIONAL;3,5041974185283
13225004001110012;MANABÍ;04;00111;0012;120; ; ;1; ; ;REGIÓN COSTA; ; ;TOTAL NACIONAL;22,1016422759727
13115004001430001;MANABÍ;04;00143;0001;17,25; ;1; ; ; ;REGIÓN COSTA; ; ;TOTAL NACIONAL;7,90235434195661
13075004001570004;MANABÍ;04;00157;0004;11; ; ;2; ; ;REGIÓN COSTA; ; ;TOTAL NACIONAL;30,5252742101752
13075004001570008;MANABÍ;04;00157;0008;30;1;1; ; ; ;REGIÓN COSTA; ; ;TOTAL NACIONAL;26,3798564433523
13075004001570014;MANABÍ;04;00157;0014;82; ; ;1; ; ;REGIÓN COSTA; ; ;TOTAL NACIONAL;28,1943283652651
13075004001570017;MANABÍ;04;00157;0017;22; ; ;1; ; ;REGIÓN COSTA; ; ;TOTAL NACIONAL;28,5185898110925
13075004001570020;MANABÍ;04;00157;0020;101,25; ; ;2; ; ;REGIÓN COSTA; ; ;TOTAL NACIONAL;15,1209520693653
13015004001950009;MANABÍ;04;00195;0009;18,2; ;2;1; ; ;REGIÓN COSTA; ; ;TOTAL NACIONAL;66,9403399047423
13015104002120001;MANABÍ;04;00212;0001;19,7;2; ; ; ; ;REGIÓN COSTA; ; ;TOTAL NACIONAL;165,604471162745
13165004002480003;MANABÍ;04;00248;0003;100; ; ;1; ; ;REGIÓN COSTA; ; ;TOTAL NACIONAL;47,0152926601016
13065704003070006;MANABÍ;04;00307;0006;2,51; ;1; ; ; ;REGIÓN COSTA; ; ;TOTAL NACIONAL;36,3557894718618
13065704003070014;MANABÍ;04;00307;0014;13,01;1; ; ; ; ;REGIÓN COSTA; ; ;TOTAL NACIONAL;,884317406401714
13065704003070016;MANABÍ;04;00307;0016;6,01; ;2; ; ; ;REGIÓN COSTA; ; ;TOTAL NACIONAL;5,12025746309911
13065704003070017;MANABÍ;04;00307;0017;95; ;1;1; ; ;REGIÓN COSTA; ; ;TOTAL NACIONAL;25,0224428799618
13065704003070023;MANABÍ;04;00307;0023;2,5; ;1;1; ; ;REGIÓN COSTA; ; ;TOTAL NACIONAL;39,6105133012312
13065704003070028;MANABÍ;04;00307;0028;4; ; ;1; ; ;REGIÓN COSTA; ; ;TOTAL NACIONAL;11,663358598075
13065704003070029;MANABÍ;04;00307;0029;7; ;1;3; ; ;REGIÓN COSTA; ; ;TOTAL NACIONAL;41,8216953282413
13195204003150004;MANABÍ;04;00315;0004;13; ;1; ; ; ;REGIÓN COSTA; ; ;TOTAL NACIONAL;7,95774891962374
13195204003150008;MANABÍ;04;00315;0008;35; ;1;1; ; ;REGIÓN COSTA; ; ;TOTAL NACIONAL;11,2943143865231
13195204003150010;MANABÍ;04;00315;0010;560; ;1; ; ; ;REGIÓN COSTA; ; ;TOTAL NACIONAL;9,6675373160658
13065704003220004;MANABÍ;04;00322;0004;80; ;473;2; ; ;REGIÓN COSTA; ; ;TOTAL NACIONAL;23,5441106432324
13195204003250002;MANABÍ;04;00325;0002;30; ;1; ; ; ;REGIÓN COSTA; ; ;TOTAL NACIONAL;9,66881578414359
13195204003250004;MANABÍ;04;00325;0004;25; ;1; ; ; ;REGIÓN COSTA; ; ;TOTAL NACIONAL;33,6741579260726
13195204003250008;MANABÍ;04;00325;0008;20;1;3; ; ; ;REGIÓN COSTA; ; ;TOTAL NACIONAL;39,5535976429478
13195204003250009;MANABÍ;04;00325;0009;70; ;3; ; ; ;REGIÓN COSTA; ; ;TOTAL NACIONAL;7,65529279583202
13195204003250010;MANABÍ;04;00325;0010;60; ;1;1; ; ;REGIÓN COSTA; ; ;TOTAL NACIONAL;31,5545399071184
13105204003410001;MANABÍ;04;00341;0001;3000; ;80; ; ; ;REGIÓN COSTA; ; ;TOTAL NACIONAL;0
13145754000994095;MANABÍ;54;00099;4095;23; ;1; ; ; ;REGIÓN COSTA; ; ;TOTAL NACIONAL;1
13165255000992187;MANABÍ;55;00099;2187;700; ; ;2; ; ;REGIÓN COSTA; ; ;TOTAL NACIONAL;1
13045059000990599;MANABÍ;59;00099;0599;49; ;1; ; ; ;REGIÓN COSTA; ; ;TOTAL NACIONAL;1
13045059000990609;MANABÍ;59;00099;0609;42; ; ;1; ; ;REGIÓN COSTA; ; ;TOTAL NACIONAL;1
13225061000992310;MANABÍ;61;00099;2310;3700; ;64;6; ; ;REGIÓN COSTA; ; ;TOTAL NACIONAL;1
13035561000992329;MANABÍ;61;00099;2329;625;1;11;22; ; ;REGIÓN COSTA; ; ;TOTAL NACIONAL;1
13035161000992345;MANABÍ;61;00099;2345;250; ;4;2; ; ;REGIÓN COSTA; ; ;TOTAL NACIONAL;1
13035361000992351;MANABÍ;61;00099;2351;240; ;2;2; ; ;REGIÓN COSTA; ; ;TOTAL NACIONAL;1
13045061000992355;MANABÍ;61;00099;2355;30; ; ;1; ; ;REGIÓN COSTA; ; ;TOTAL NACIONAL;1
13105261000992356;MANABÍ;61;00099;2356;600; ;20;20; ; ;REGIÓN COSTA; ; ;TOTAL NACIONAL;1
13045061000992369;MANABÍ;61;00099;2369;400; ;2;2; ; ;REGIÓN COSTA; ; ;TOTAL NACIONAL;1
13045061000992370;MANABÍ;61;00099;2370;370; ;1;1; ; ;REGIÓN COSTA; ; ;TOTAL NACIONAL;1
13045161000992378;MANABÍ;61;00099;2378;134; ;3;2; ; ;REGIÓN COSTA; ; ;TOTAL NACIONAL;1
13035461000992380;MANABÍ;61;00099;2380;450; ;2;5; ; ;REGIÓN COSTA; ; ;TOTAL NACIONAL;1
13055061000992383;MANABÍ;61;00099;2383;1000;2;29;14; ; ;REGIÓN COSTA; ; ;TOTAL NACIONAL;1
13165361000992388;MANABÍ;61;00099;2388;730; ;3;2; ; ;REGIÓN COSTA; ; ;TOTAL NACIONAL;1
13055061000992393;MANABÍ;61;00099;2393;1200; ;23;6; ; ;REGIÓN COSTA; ; ;TOTAL NACIONAL;1
13035461000992396;MANABÍ;61;00099;2396;560; ; ;7; ; ;REGIÓN COSTA; ; ;TOTAL NACIONAL;1
13055061000992417;MANABÍ;61;00099;2417;450; ;4;8; ; ;REGIÓN COSTA; ; ;TOTAL NACIONAL;1
13055061000992418;MANABÍ;61;00099;2418;700; ;10;8; ; ;REGIÓN COSTA; ; ;TOTAL NACIONAL;1
13035761000992428;MANABÍ;61;00099;2428;600; ;7; ; ; ;REGIÓN COSTA; ; ;TOTAL NACIONAL;1
13055061000992438;MANABÍ;61;00099;2438;500; ;2;2; ; ;REGIÓN COSTA; ; ;TOTAL NACIONAL;1
13105261000992439;MANABÍ;61;00099;2439;600; ;8; ; ; ;REGIÓN COSTA; ; ;TOTAL NACIONAL;1
13045061000992465;MANABÍ;61;00099;2465;170; ;4;5; ; ;REGIÓN COSTA; ; ;TOTAL NACIONAL;1
13015661000992467;MANABÍ;61;00099;2467;60; ;4; ; ; ;REGIÓN COSTA; ; ;TOTAL NACIONAL;1
13035461000992469;MANABÍ;61;00099;2469;300; ; ;4; ; ;REGIÓN COSTA; ; ;TOTAL NACIONAL;1
13035361000992472;MANABÍ;61;00099;2472;673; ;3;9; ; ;REGIÓN COSTA; ; ;TOTAL NACIONAL;1
13035061000992476;MANABÍ;61;00099;2476;170; ;3;2; ; ;REGIÓN COSTA; ; ;TOTAL NACIONAL;1
13035361000992483;MANABÍ;61;00099;2483;580; ;1;4; ; ;REGIÓN COSTA; ; ;TOTAL NACIONAL;1
13055061000992489;MANABÍ;61;00099;2489;320; ;2;7; ; ;REGIÓN COSTA; ; ;TOTAL NACIONAL;1
13105061000992491;MANABÍ;61;00099;2491;860; ;10; ; ; ;REGIÓN COSTA; ; ;TOTAL NACIONAL;1
13015661000992494;MANABÍ;61;00099;2494;320; ;10; ; ; ;REGIÓN COSTA; ; ;TOTAL NACIONAL;1
13045061000992523;MANABÍ;61;00099;2523;320; ;1;1; ; ;REGIÓN COSTA; ; ;TOTAL NACIONAL;1
13035361000992524;MANABÍ;61;00099;2524;600; ;2;6; ; ;REGIÓN COSTA; ; ;TOTAL NACIONAL;1
13035461000992530;MANABÍ;61;00099;2530;400; ;1;4; ; ;REGIÓN COSTA; ; ;TOTAL NACIONAL;1
13225061000992570;MANABÍ;61;00099;2570;200; ;4; ; ; ;REGIÓN COSTA; ; ;TOTAL NACIONAL;1
13185061000992574;MANABÍ;61;00099;2574;220; ;5; ; ; ;REGIÓN COSTA; ; ;TOTAL NACIONAL;1
13055261000992580;MANABÍ;61;00099;2580;190; ; ;10; ; ;REGIÓN COSTA; ; ;TOTAL NACIONAL;1
13035461000992587;MANABÍ;61;00099;2587;450; ; ;3; ; ;REGIÓN COSTA; ; ;TOTAL NACIONAL;1
13045061000992598;MANABÍ;61;00099;2598;75; ; ;2; ; ;REGIÓN COSTA; ; ;TOTAL NACIONAL;1
13045161000992602;MANABÍ;61;00099;2602;406; ; ;3; ; ;REGIÓN COSTA; ; ;TOTAL NACIONAL;1
13225061000992603;MANABÍ;61;00099;2603;150; ;2; ; ; ;REGIÓN COSTA; ; ;TOTAL NACIONAL;1
13045161000992605;MANABÍ;61;00099;2605;430;1;1;2; ; ;REGIÓN COSTA; ; ;TOTAL NACIONAL;1
13045061000992621;MANABÍ;61;00099;2621;105; ;1;1; ; ;REGIÓN COSTA; ; ;TOTAL NACIONAL;1
13035561000992622;MANABÍ;61;00099;2622;320; ; ;5; ; ;REGIÓN COSTA; ; ;TOTAL NACIONAL;1
13045161000992634;MANABÍ;61;00099;2634;100; ; ;4; ; ;REGIÓN COSTA; ; ;TOTAL NACIONAL;1
13055061000992638;MANABÍ;61;00099;2638;162; ;1;1; ; ;REGIÓN COSTA; ; ;TOTAL NACIONAL;1
13035461000992646;MANABÍ;61;00099;2646;820; ;1;8; ; ;REGIÓN COSTA; ; ;TOTAL NACIONAL;1
13045161000992647;MANABÍ;61;00099;2647;381; ;1; ; ; ;REGIÓN COSTA; ; ;TOTAL NACIONAL;1
13045061000992656;MANABÍ;61;00099;2656;315; ;2; ; ; ;REGIÓN COSTA; ; ;TOTAL NACIONAL;1
13045161000992660;MANABÍ;61;00099;2660;30; ; ;1; ; ;REGIÓN COSTA; ; ;TOTAL NACIONAL;1
13035461000992671;MANABÍ;61;00099;2671;190; ;2;1; ; ;REGIÓN COSTA; ; ;TOTAL NACIONAL;1
13035061000992681;MANABÍ;61;00099;2681;125; ;2; ; ; ;REGIÓN COSTA; ; ;TOTAL NACIONAL;1
13045061000992688;MANABÍ;61;00099;2688;40; ; ;1; ; ;REGIÓN COSTA; ; ;TOTAL NACIONAL;1
13045061000992708;MANABÍ;61;00099;2708;360; ;1;5; ; ;REGIÓN COSTA; ; ;TOTAL NACIONAL;1
13045061000992713;MANABÍ;61;00099;2713;225; ;2;2; ; ;REGIÓN COSTA; ; ;TOTAL NACIONAL;1
13105361000992714;MANABÍ;61;00099;2714;400; ;2; ; ; ;REGIÓN COSTA; ; ;TOTAL NACIONAL;1
13105261000992715;MANABÍ;61;00099;2715;3000; ;80; ; ; ;REGIÓN COSTA; ; ;TOTAL NACIONAL;1
13045061000992730;MANABÍ;61;00099;2730;760; ;1;2; ; ;REGIÓN COSTA; ; ;TOTAL NACIONAL;1
13055061000992736;MANABÍ;61;00099;2736;260;1;3;4; ; ;REGIÓN COSTA; ; ;TOTAL NACIONAL;1
13045061000992746;MANABÍ;61;00099;2746;130; ;5;1; ; ;REGIÓN COSTA; ; ;TOTAL NACIONAL;1
13035261000992750;MANABÍ;61;00099;2750;75,4992; ; ;2; ; ;REGIÓN COSTA; ; ;TOTAL NACIONAL;1
13045061000992772;MANABÍ;61;00099;2772;390; ; ;2; ; ;REGIÓN COSTA; ; ;TOTAL NACIONAL;1
13035061000992774;MANABÍ;61;00099;2774;78; ; ;2; ; ;REGIÓN COSTA; ; ;TOTAL NACIONAL;1
13045061000992787;MANABÍ;61;00099;2787;20; ; ;1; ; ;REGIÓN COSTA; ; ;TOTAL NACIONAL;1
13115161000992788;MANABÍ;61;00099;2788;400; ;2;3; ; ;REGIÓN COSTA; ; ;TOTAL NACIONAL;1
13165161000992792;MANABÍ;61;00099;2792;180; ;10; ; ; ;REGIÓN COSTA; ; ;TOTAL NACIONAL;1
13035161000992801;MANABÍ;61;00099;2801;40; ;1;1; ; ;REGIÓN COSTA; ; ;TOTAL NACIONAL;1
13045061000992808;MANABÍ;61;00099;2808;70;1; ;1; ; ;REGIÓN COSTA; ; ;TOTAL NACIONAL;1
13045061000992811;MANABÍ;61;00099;2811;220; ;2;2; ; ;REGIÓN COSTA; ; ;TOTAL NACIONAL;1
13055161000992813;MANABÍ;61;00099;2813;211; ;4;3; ; ;REGIÓN COSTA; ; ;TOTAL NACIONAL;1
13045061000992824;MANABÍ;61;00099;2824;110; ;1;2; ; ;REGIÓN COSTA; ; ;TOTAL NACIONAL;1
13045061000992832;MANABÍ;61;00099;2832;190; ;1;1; ; ;REGIÓN COSTA; ; ;TOTAL NACIONAL;1
13035061000992845;MANABÍ;61;00099;2845;210; ;1; ; ; ;REGIÓN COSTA; ; ;TOTAL NACIONAL;1
13055161000992866;MANABÍ;61;00099;2866;540; ;4;3; ; ;REGIÓN COSTA; ; ;TOTAL NACIONAL;1
13035061000992867;MANABÍ;61;00099;2867;113; ; ;3; ; ;REGIÓN COSTA; ; ;TOTAL NACIONAL;1
13035161000992881;MANABÍ;61;00099;2881;382; ;1; ; ; ;REGIÓN COSTA; ; ;TOTAL NACIONAL;1
13035461000992893;MANABÍ;61;00099;2893;105; ;3;2; ; ;REGIÓN COSTA; ; ;TOTAL NACIONAL;1
13145761000992901;MANABÍ;61;00099;2901;350; ;1; ; ; ;REGIÓN COSTA; ; ;TOTAL NACIONAL;1
13035361000992905;MANABÍ;61;00099;2905;84; ; ;4; ; ;REGIÓN COSTA; ; ;TOTAL NACIONAL;1
13055161000992915;MANABÍ;61;00099;2915;215; ;8;7; ; ;REGIÓN COSTA; ; ;TOTAL NACIONAL;1
13035461000992922;MANABÍ;61;00099;2922;300; ;1;2; ; ;REGIÓN COSTA; ; ;TOTAL NACIONAL;1
13185061000992923;MANABÍ;61;00099;2923;300; ;10;5; ; ;REGIÓN COSTA; ; ;TOTAL NACIONAL;1
13105261000992924;MANABÍ;61;00099;2924;500; ;3; ; ; ;REGIÓN COSTA; ; ;TOTAL NACIONAL;1
13165361000992932;MANABÍ;61;00099;2932;325; ;30;2; ; ;REGIÓN COSTA; ; ;TOTAL NACIONAL;1
13035461000992933;MANABÍ;61;00099;2933;280; ;3;7; ; ;REGIÓN COSTA; ; ;TOTAL NACIONAL;1
13035461000992934;MANABÍ;61;00099;2934;220; ; ;5; ; ;REGIÓN COSTA; ; ;TOTAL NACIONAL;1
13055061000992940;MANABÍ;61;00099;2940;150; ;7;2; ; ;REGIÓN COSTA; ; ;TOTAL NACIONAL;1
13045061000992946;MANABÍ;61;00099;2946;276; ;5;10; ; ;REGIÓN COSTA; ; ;TOTAL NACIONAL;1
13035361000992958;MANABÍ;61;00099;2958;160;2;2; ; ; ;REGIÓN COSTA; ; ;TOTAL NACIONAL;1
13055161000993007;MANABÍ;61;00099;3007;200; ;1;1; ; ;REGIÓN COSTA; ; ;TOTAL NACIONAL;1
13045261000993008;MANABÍ;61;00099;3008;120; ;3;3; ; ;REGIÓN COSTA; ; ;TOTAL NACIONAL;1
13045061000993009;MANABÍ;61;00099;3009;90; ;2;2; ; ;REGIÓN COSTA; ; ;TOTAL NACIONAL;1
13105261000993017;MANABÍ;61;00099;3017;200; ;7; ; ; ;REGIÓN COSTA; ; ;TOTAL NACIONAL;1
13035761000993028;MANABÍ;61;00099;3028;225;2; ;2; ; ;REGIÓN COSTA; ; ;TOTAL NACIONAL;1
13045061000993036;MANABÍ;61;00099;3036;100; ;1;1; ; ;REGIÓN COSTA; ; ;TOTAL NACIONAL;1
13105361000993048;MANABÍ;61;00099;3048;257; ;5; ; ; ;REGIÓN COSTA; ; ;TOTAL NACIONAL;1
13045061000993059;MANABÍ;61;00099;3059;250; ;2;1; ; ;REGIÓN COSTA; ; ;TOTAL NACIONAL;1
13035461000993060;MANABÍ;61;00099;3060;315; ;1;4; ; ;REGIÓN COSTA; ; ;TOTAL NACIONAL;1
13055061000993066;MANABÍ;61;00099;3066;192; ;4;1; ; ;REGIÓN COSTA; ; ;TOTAL NACIONAL;1
13045061000993068;MANABÍ;61;00099;3068;250; ; ;12; ; ;REGIÓN COSTA; ; ;TOTAL NACIONAL;1
13055061000993097;MANABÍ;61;00099;3097;99; ;1;3; ; ;REGIÓN COSTA; ; ;TOTAL NACIONAL;1
13045061000993098;MANABÍ;61;00099;3098;230; ;1;2; ; ;REGIÓN COSTA; ; ;TOTAL NACIONAL;1
13055061000993099;MANABÍ;61;00099;3099;50; ;1;2; ; ;REGIÓN COSTA; ; ;TOTAL NACIONAL;1
13055061000993100;MANABÍ;61;00099;3100;50; ;2;2; ; ;REGIÓN COSTA; ; ;TOTAL NACIONAL;1
13035461000993126;MANABÍ;61;00099;3126;16; ; ;1; ; ;REGIÓN COSTA; ; ;TOTAL NACIONAL;1
13035061000993127;MANABÍ;61;00099;3127;141,1;1;2;2; ; ;REGIÓN COSTA; ; ;TOTAL NACIONAL;1
13035061000993128;MANABÍ;61;00099;3128;125; ;3;5; ; ;REGIÓN COSTA; ; ;TOTAL NACIONAL;1
13055161000993129;MANABÍ;61;00099;3129;500; ;4;5; ; ;REGIÓN COSTA; ; ;TOTAL NACIONAL;1
13045061000993144;MANABÍ;61;00099;3144;240; ;1;1; ; ;REGIÓN COSTA; ; ;TOTAL NACIONAL;1
13045061000993157;MANABÍ;61;00099;3157;450; ;3;2; ; ;REGIÓN COSTA; ; ;TOTAL NACIONAL;1
13055261000993166;MANABÍ;61;00099;3166;430; ;2;4; ; ;REGIÓN COSTA; ; ;TOTAL NACIONAL;1
13035461000993169;MANABÍ;61;00099;3169;360; ; ;3; ; ;REGIÓN COSTA; ; ;TOTAL NACIONAL;1
13035761000993170;MANABÍ;61;00099;3170;180; ;1; ; ; ;REGIÓN COSTA; ; ;TOTAL NACIONAL;1
13145761000993171;MANABÍ;61;00099;3171;238;1;1; ; ; ;REGIÓN COSTA; ; ;TOTAL NACIONAL;1
13185061000993197;MANABÍ;61;00099;3197;300; ;2;3; ; ;REGIÓN COSTA; ; ;TOTAL NACIONAL;1
13035461000993204;MANABÍ;61;00099;3204;80; ;2;1; ; ;REGIÓN COSTA; ; ;TOTAL NACIONAL;1
13045061000993209;MANABÍ;61;00099;3209;180; ; ;3; ; ;REGIÓN COSTA; ; ;TOTAL NACIONAL;1
13045261000993227;MANABÍ;61;00099;3227;216; ;1;2; ; ;REGIÓN COSTA; ; ;TOTAL NACIONAL;1
13045061000993228;MANABÍ;61;00099;3228;230;6;40;25; ; ;REGIÓN COSTA; ; ;TOTAL NACIONAL;1
13145761000993230;MANABÍ;61;00099;3230;225; ;2;1; ; ;REGIÓN COSTA; ; ;TOTAL NACIONAL;1
13075061000993237;MANABÍ;61;00099;3237;150; ;1; ; ; ;REGIÓN COSTA; ; ;TOTAL NACIONAL;1
13055161000993246;MANABÍ;61;00099;3246;400; ;4;7; ; ;REGIÓN COSTA; ; ;TOTAL NACIONAL;1
13055161000993254;MANABÍ;61;00099;3254;400; ;2;7; ; ;REGIÓN COSTA; ; ;TOTAL NACIONAL;1
13035461000993265;MANABÍ;61;00099;3265;43; ; ;1; ; ;REGIÓN COSTA; ; ;TOTAL NACIONAL;1
13035061000993267;MANABÍ;61;00099;3267;410; ;2;2; ; ;REGIÓN COSTA; ; ;TOTAL NACIONAL;1
13035061000993269;MANABÍ;61;00099;3269;113,4; ;5; ; ; ;REGIÓN COSTA; ; ;TOTAL NACIONAL;1
13035661000993278;MANABÍ;61;00099;3278;224; ; ;3; ; ;REGIÓN COSTA; ; ;TOTAL NACIONAL;1
13055061000993287;MANABÍ;61;00099;3287;350; ;4;5; ; ;REGIÓN COSTA; ; ;TOTAL NACIONAL;1
13045061000993291;MANABÍ;61;00099;3291;136; ;1;2; ; ;REGIÓN COSTA; ; ;TOTAL NACIONAL;1
13035461000993296;MANABÍ;61;00099;3296;700; ;2;2; ; ;REGIÓN COSTA; ; ;TOTAL NACIONAL;1
13045061000993298;MANABÍ;61;00099;3298;150; ;2;1; ; ;REGIÓN COSTA; ; ;TOTAL NACIONAL;1
13165161000993314;MANABÍ;61;00099;3314;300; ;7; ; ; ;REGIÓN COSTA; ; ;TOTAL NACIONAL;1
13035461000993316;MANABÍ;61;00099;3316;120; ; ;3; ; ;REGIÓN COSTA; ; ;TOTAL NACIONAL;1
13035361000993317;MANABÍ;61;00099;3317;151; ; ;2; ; ;REGIÓN COSTA; ; ;TOTAL NACIONAL;1
13045161000993319;MANABÍ;61;00099;3319;222; ;3;2; ; ;REGIÓN COSTA; ; ;TOTAL NACIONAL;1
13055262000990387;MANABÍ;62;00099;0387;12; ; ;2; ; ;REGIÓN COSTA; ; ;TOTAL NACIONAL;1
13185062000990558;MANABÍ;62;00099;0558;66; ;1;2; ; ;REGIÓN COSTA; ; ;TOTAL NACIONAL;1
13035062000990566;MANABÍ;62;00099;0566;70; ;1;1; ; ;REGIÓN COSTA; ; ;TOTAL NACIONAL;1
13035062000990894;MANABÍ;62;00099;0894;2; ;2; ; ; ;REGIÓN COSTA; ; ;TOTAL NACIONAL;1
13035064000990863;MANABÍ;64;00099;0863;50; ;1; ; ; ;REGIÓN COSTA; ; ;TOTAL NACIONAL;1
13025064000990871;MANABÍ;64;00099;0871;5; ;2; ; ; ;REGIÓN COSTA; ; ;TOTAL NACIONAL;1
13075064000990891;MANABÍ;64;00099;0891;20; ;2; ; ; ;REGIÓN COSTA; ; ;TOTAL NACIONAL;1
13075064000990893;MANABÍ;64;00099;0893;180; ;12; ; ; ;REGIÓN COSTA; ; ;TOTAL NACIONAL;1
13155064000990925;MANABÍ;64;00099;0925;110; ;2; ; ; ;REGIÓN COSTA; ; ;TOTAL NACIONAL;1
13135064000992071;MANABÍ;64;00099;2071;40; ;1; ; ; ;REGIÓN COSTA; ; ;TOTAL NACIONAL;1
13135064000992079;MANABÍ;64;00099;2079;36; ; ;1; ; ;REGIÓN COSTA; ; ;TOTAL NACIONAL;1
14045501005190001;MORONA SANTIAGO;01;00519;0001;100; ;3; ; ; ; ;REGIÓN AMAZÓNICA; ;TOTAL NACIONAL;5,84295575762737
14045501013320001;MORONA SANTIAGO;01;01332;0001;28; ;1; ; ; ; ;REGIÓN AMAZÓNICA; ;TOTAL NACIONAL;20,8676991343835
14045401019300001;MORONA SANTIAGO;01;01930;0001;30,01; ;1; ; ; ; ;REGIÓN AMAZÓNICA; ;TOTAL NACIONAL;19,4702455160214
14045501021120004;MORONA SANTIAGO;01;02112;0004;5,09; ;2; ; ; ; ;REGIÓN AMAZÓNICA; ;TOTAL NACIONAL;1,31464077093313
14045501021120007;MORONA SANTIAGO;01;02112;0007;4; ;1; ; ; ; ;REGIÓN AMAZÓNICA; ;TOTAL NACIONAL;,544528177712093
14045501021120008;MORONA SANTIAGO;01;02112;0008;3,26; ;1; ; ; ; ;REGIÓN AMAZÓNICA; ;TOTAL NACIONAL;,507413519171769
14045501021120012;MORONA SANTIAGO;01;02112;0012;15,07; ;2; ; ; ; ;REGIÓN AMAZÓNICA; ;TOTAL NACIONAL;,532934493267456
14115001022420001;MORONA SANTIAGO;01;02242;0001;69,51; ;4; ; ; ; ;REGIÓN AMAZÓNICA; ;TOTAL NACIONAL;8,24350002595868
14075101023130001;MORONA SANTIAGO;01;02313;0001;69; ;7; ; ; ; ;REGIÓN AMAZÓNICA; ;TOTAL NACIONAL;13,9545653248521
14015601024820001;MORONA SANTIAGO;01;02482;0001;150; ;3; ; ; ; ;REGIÓN AMAZÓNICA; ;TOTAL NACIONAL;6,49217306403042
14015601026300001;MORONA SANTIAGO;01;02630;0001;250,51; ;3; ; ; ; ;REGIÓN AMAZÓNICA; ;TOTAL NACIONAL;2,3324241577691
14015601027050001;MORONA SANTIAGO;01;02705;0001;54,03; ;2; ; ; ; ;REGIÓN AMAZÓNICA; ;TOTAL NACIONAL;10,814280506436
14015601030250001;MORONA SANTIAGO;01;03025;0001;150;1; ;1; ; ; ;REGIÓN AMAZÓNICA; ;TOTAL NACIONAL;3,47504383540668
14015301032350002;MORONA SANTIAGO;01;03235;0002;108,61; ;5; ; ; ; ;REGIÓN AMAZÓNICA; ;TOTAL NACIONAL;3,00274212041712
14015301032350003;MORONA SANTIAGO;01;03235;0003;334,06; ;4; ; ; ; ;REGIÓN AMAZÓNICA; ;TOTAL NACIONAL;,437929197823329
14015301032360001;MORONA SANTIAGO;01;03236;0001;108,61; ;5; ; ; ; ;REGIÓN AMAZÓNICA; ;TOTAL NACIONAL;0
14015301032360002;MORONA SANTIAGO;01;03236;0002;334,06; ;4; ; ; ; ;REGIÓN AMAZÓNICA; ;TOTAL NACIONAL;,70907449683953
14015301032420001;MORONA SANTIAGO;01;03242;0001;108,61; ;5; ; ; ; ;REGIÓN AMAZÓNICA; ;TOTAL NACIONAL;3,81568341192632
14015301032420002;MORONA SANTIAGO;01;03242;0002;334,06; ;4; ; ; ; ;REGIÓN AMAZÓNICA; ;TOTAL NACIONAL;,508514040571813
14015301033230002;MORONA SANTIAGO;01;03323;0002;5,92; ;1; ; ; ; ;REGIÓN AMAZÓNICA; ;TOTAL NACIONAL;22,4495396611092
14015001036360001;MORONA SANTIAGO;01;03636;0001;90; ;1; ; ; ; ;REGIÓN AMAZÓNICA; ;TOTAL NACIONAL;6,49217306403041
14015001037500001;MORONA SANTIAGO;01;03750;0001;90; ;1; ; ; ; ;REGIÓN AMAZÓNICA; ;TOTAL NACIONAL;6,49217306403041
14016401038010001;MORONA SANTIAGO;01;03801;0001;97,6; ;3; ; ; ; ;REGIÓN AMAZÓNICA; ;TOTAL NACIONAL;5,98663499756903
14016401038530001;MORONA SANTIAGO;01;03853;0001;97,6; ;3; ; ; ; ;REGIÓN AMAZÓNICA; ;TOTAL NACIONAL;5,92643605676014
14016401039610001;MORONA SANTIAGO;01;03961;0001;30,03; ;2; ; ; ; ;REGIÓN AMAZÓNICA; ;TOTAL NACIONAL;19,2227126260848
14016401041970001;MORONA SANTIAGO;01;04197;0001;40,76;2; ; ; ; ; ;REGIÓN AMAZÓNICA; ;TOTAL NACIONAL;9,71723489426809
14016401043280002;MORONA SANTIAGO;01;04328;0002;35,19; ;3; ; ; ; ;REGIÓN AMAZÓNICA; ;TOTAL NACIONAL;6,58349519152956
14016401043280003;MORONA SANTIAGO;01;04328;0003;33,03; ;2; ; ; ; ;REGIÓN AMAZÓNICA; ;TOTAL NACIONAL;5,98015033221693
14065501043820004;MORONA SANTIAGO;01;04382;0004;57,83; ;3; ; ; ; ;REGIÓN AMAZÓNICA; ;TOTAL NACIONAL;4,98492914983929
14065001046490001;MORONA SANTIAGO;01;04649;0001;36,9; ;2; ; ; ; ;REGIÓN AMAZÓNICA; ;TOTAL NACIONAL;6,65931573099054
14065001049130002;MORONA SANTIAGO;01;04913;0002;8,01; ;2; ; ; ; ;REGIÓN AMAZÓNICA; ;TOTAL NACIONAL;43,4748652910771
14065101049790002;MORONA SANTIAGO;01;04979;0002;9,02; ;2; ; ; ; ;REGIÓN AMAZÓNICA; ;TOTAL NACIONAL;58,5058514060727
14065101049830001;MORONA SANTIAGO;01;04983;0001;24,52; ;2; ; ; ; ;REGIÓN AMAZÓNICA; ;TOTAL NACIONAL;7,91028395028436
14065101052080001;MORONA SANTIAGO;01;05208;0001;12,04; ;1; ; ; ; ;REGIÓN AMAZÓNICA; ;TOTAL NACIONAL;48,5284544365954
14065201055900001;MORONA SANTIAGO;01;05590;0001;10; ;1; ; ; ; ;REGIÓN AMAZÓNICA; ;TOTAL NACIONAL;58,3906045378895
14055601058020001;MORONA SANTIAGO;01;05802;0001;60,02; ;1; ; ; ; ;REGIÓN AMAZÓNICA; ;TOTAL NACIONAL;4,9406280718536
14105201062790002;MORONA SANTIAGO;01;06279;0002;2,5; ;1; ; ; ; ;REGIÓN AMAZÓNICA; ;TOTAL NACIONAL;31,7863037727539
14055101065070001;MORONA SANTIAGO;01;06507;0001;90;1;2; ; ; ; ;REGIÓN AMAZÓNICA; ;TOTAL NACIONAL;7,92844150496514
14055001066610001;MORONA SANTIAGO;01;06661;0001;37,8; ;1; ; ; ; ;REGIÓN AMAZÓNICA; ;TOTAL NACIONAL;12,106047857827
14055001066610003;MORONA SANTIAGO;01;06661;0003;2,57; ;1; ; ; ; ;REGIÓN AMAZÓNICA; ;TOTAL NACIONAL;9,10703616051146
14055001069310001;MORONA SANTIAGO;01;06931;0001;25,28; ;1; ; ; ; ;REGIÓN AMAZÓNICA; ;TOTAL NACIONAL;2,52743394914156
14055001069310003;MORONA SANTIAGO;01;06931;0003;44,25; ;1; ; ; ; ;REGIÓN AMAZÓNICA; ;TOTAL NACIONAL;1,38936498753675
14055101069320001;MORONA SANTIAGO;01;06932;0001;23,2; ;1; ; ; ; ;REGIÓN AMAZÓNICA; ;TOTAL NACIONAL;24,1945793948315
14055101072510001;MORONA SANTIAGO;01;07251;0001;118,1; ; ;1; ; ; ;REGIÓN AMAZÓNICA; ;TOTAL NACIONAL;4,93224168689186
14055401073890001;MORONA SANTIAGO;01;07389;0001;114,3; ;2; ; ; ; ;REGIÓN AMAZÓNICA; ;TOTAL NACIONAL;5,09621822591364
14055401075300001;MORONA SANTIAGO;01;07530;0001;173,64; ; ;3; ; ; ;REGIÓN AMAZÓNICA; ;TOTAL NACIONAL;3,35462879072753
14055401076830002;MORONA SANTIAGO;01;07683;0002;173,64; ;2; ; ; ; ;REGIÓN AMAZÓNICA; ;TOTAL NACIONAL;2,35640308356671
14085001085150001;MORONA SANTIAGO;01;08515;0001;250,02; ;1; ; ; ; ;REGIÓN AMAZÓNICA; ;TOTAL NACIONAL;2,3264393152261
14085001085450001;MORONA SANTIAGO;01;08545;0001;250,02; ;1; ; ; ; ;REGIÓN AMAZÓNICA; ;TOTAL NACIONAL;2,29351141037501
14025401087350001;MORONA SANTIAGO;01;08735;0001;30,02; ; ;1; ; ; ;REGIÓN AMAZÓNICA; ;TOTAL NACIONAL;16,3098505717444
14025001088700001;MORONA SANTIAGO;01;08870;0001;105,03; ;1; ; ; ; ;REGIÓN AMAZÓNICA; ;TOTAL NACIONAL;5,5460129793576
14025501090480001;MORONA SANTIAGO;01;09048;0001;26,3; ;1; ; ; ; ;REGIÓN AMAZÓNICA; ;TOTAL NACIONAL;22,1482031643319
14025501090910001;MORONA SANTIAGO;01;09091;0001;22,7; ; ;1; ; ; ;REGIÓN AMAZÓNICA; ;TOTAL NACIONAL;25,6609786528227
14025501091950002;MORONA SANTIAGO;01;09195;0002;80,02; ; ;3; ; ; ;REGIÓN AMAZÓNICA; ;TOTAL NACIONAL;2,3552100564969
14025001094610001;MORONA SANTIAGO;01;09461;0001;269,72; ;1; ; ; ; ;REGIÓN AMAZÓNICA; ;TOTAL NACIONAL;2,15963867426193
14025701094880003;MORONA SANTIAGO;01;09488;0003;12,81; ;3; ; ; ; ;REGIÓN AMAZÓNICA; ;TOTAL NACIONAL;5,17775771752826
14075102004180001;MORONA SANTIAGO;02;00418;0001;55,06; ;2;2; ; ; ;REGIÓN AMAZÓNICA; ;TOTAL NACIONAL;52,5701124355532
14016202006110001;MORONA SANTIAGO;02;00611;0001;52,03; ;3; ; ; ; ;REGIÓN AMAZÓNICA; ;TOTAL NACIONAL;40,5333136838708
14016202006110002;MORONA SANTIAGO;02;00611;0002;15,52; ;4; ; ; ; ;REGIÓN AMAZÓNICA; ;TOTAL NACIONAL;49,8405760752853
14015702010050003;MORONA SANTIAGO;02;01005;0003;33,98; ;2; ; ; ; ;REGIÓN AMAZÓNICA; ;TOTAL NACIONAL;32,0874014994324
14095002012110004;MORONA SANTIAGO;02;01211;0004;7,53; ;1; ; ; ; ;REGIÓN AMAZÓNICA; ;TOTAL NACIONAL;14,0407458438724
14035702014210001;MORONA SANTIAGO;02;01421;0001;150,07; ;1; ; ; ; ;REGIÓN AMAZÓNICA; ;TOTAL NACIONAL;15,2687282232853
14125002015390003;MORONA SANTIAGO;02;01539;0003;1000; ;2; ; ; ; ;REGIÓN AMAZÓNICA; ;TOTAL NACIONAL;1,55588295419115
14125002016530001;MORONA SANTIAGO;02;01653;0001;306; ;1; ; ; ; ;REGIÓN AMAZÓNICA; ;TOTAL NACIONAL;7,4498835504195
14125002016570004;MORONA SANTIAGO;02;01657;0004;20,23; ;1; ; ; ; ;REGIÓN AMAZÓNICA; ;TOTAL NACIONAL;43,114983687143
14125002016950001;MORONA SANTIAGO;02;01695;0001;719; ;3; ; ; ; ;REGIÓN AMAZÓNICA; ;TOTAL NACIONAL;2,0138004045371
14125002016950002;MORONA SANTIAGO;02;01695;0002;306; ;1; ; ; ; ;REGIÓN AMAZÓNICA; ;TOTAL NACIONAL;2,01418601970874
14035102018090002;MORONA SANTIAGO;02;01809;0002;24,91; ;1; ; ; ; ;REGIÓN AMAZÓNICA; ;TOTAL NACIONAL;50,1922896757097
14085402019220002;MORONA SANTIAGO;02;01922;0002;58; ; ;1;1; ; ;REGIÓN AMAZÓNICA; ;TOTAL NACIONAL;27,2924980057321
14085402019220003;MORONA SANTIAGO;02;01922;0003;80; ;1; ; ; ; ;REGIÓN AMAZÓNICA; ;TOTAL NACIONAL;4,05672223309473
14085402019500001;MORONA SANTIAGO;02;01950;0001;40,01; ;1;1; ; ; ;REGIÓN AMAZÓNICA; ;TOTAL NACIONAL;57,6960005598104
14085402020610001;MORONA SANTIAGO;02;02061;0001;152,01; ;1; ; ; ; ;REGIÓN AMAZÓNICA; ;TOTAL NACIONAL;15,1859547555951
14085002020870001;MORONA SANTIAGO;02;02087;0001;401; ;2; ; ; ; ;REGIÓN AMAZÓNICA; ;TOTAL NACIONAL;5,75665082892273
14085402021060001;MORONA SANTIAGO;02;02106;0001;130; ;1;3; ; ; ;REGIÓN AMAZÓNICA; ;TOTAL NACIONAL;17,757053710754
14085402022920001;MORONA SANTIAGO;02;02292;0001;45,1; ;2; ; ; ; ;REGIÓN AMAZÓNICA; ;TOTAL NACIONAL;12,7659610751141
14085402022920002;MORONA SANTIAGO;02;02292;0002;37; ;2; ; ; ; ;REGIÓN AMAZÓNICA; ;TOTAL NACIONAL;28,5309594140543
14085302023960001;MORONA SANTIAGO;02;02396;0001;71,08; ; ;2; ; ; ;REGIÓN AMAZÓNICA; ;TOTAL NACIONAL;32,4763222059372
14025002024470001;MORONA SANTIAGO;02;02447;0001;80,04; ;1;3; ; ; ;REGIÓN AMAZÓNICA; ;TOTAL NACIONAL;28,5520635119497
14025002025280001;MORONA SANTIAGO;02;02528;0001;110; ;1; ; ; ; ;REGIÓN AMAZÓNICA; ;TOTAL NACIONAL;20,985608930891
14025002025660002;MORONA SANTIAGO;02;02566;0002;91,02; ;5; ; ; ; ;REGIÓN AMAZÓNICA; ;TOTAL NACIONAL;10,695146847023
14025002025810001;MORONA SANTIAGO;02;02581;0001;41,02; ;1; ; ; ; ;REGIÓN AMAZÓNICA; ;TOTAL NACIONAL;26,0114286416562
14025002025810002;MORONA SANTIAGO;02;02581;0002;46,02; ;1; ; ; ; ;REGIÓN AMAZÓNICA; ;TOTAL NACIONAL;26,9758404936393
14025302028510001;MORONA SANTIAGO;02;02851;0001;84,01; ;6;1; ; ; ;REGIÓN AMAZÓNICA; ;TOTAL NACIONAL;6,91076399645871
14025302028510002;MORONA SANTIAGO;02;02851;0002;97,02; ;5;1; ; ; ;REGIÓN AMAZÓNICA; ;TOTAL NACIONAL;17,6580627831096
14045103001260001;MORONA SANTIAGO;03;00126;0001;40; ;4; ; ; ; ;REGIÓN AMAZÓNICA; ;TOTAL NACIONAL;31,1674886095608
14045103001260002;MORONA SANTIAGO;03;00126;0002;83; ;2; ; ; ; ;REGIÓN AMAZÓNICA; ;TOTAL NACIONAL;12,3317290649682
14045103001260004;MORONA SANTIAGO;03;00126;0004;20; ;2; ; ; ; ;REGIÓN AMAZÓNICA; ;TOTAL NACIONAL;80,1469451870214
14115003002230001;MORONA SANTIAGO;03;00223;0001;212,72; ;14; ; ; ; ;REGIÓN AMAZÓNICA; ;TOTAL NACIONAL;48,5200465613016
14015603005670001;MORONA SANTIAGO;03;00567;0001;342,64;3; ; ; ; ; ;REGIÓN AMAZÓNICA; ;TOTAL NACIONAL;31,3141040262219
14016203005900002;MORONA SANTIAGO;03;00590;0002;91; ;3; ; ; ; ;REGIÓN AMAZÓNICA; ;TOTAL NACIONAL;57,7170521741227
14016203005900003;MORONA SANTIAGO;03;00590;0003;69,5;1; ; ; ; ; ;REGIÓN AMAZÓNICA; ;TOTAL NACIONAL;37,0615734025017
14015703008240006;MORONA SANTIAGO;03;00824;0006;8,52; ;1; ; ; ; ;REGIÓN AMAZÓNICA; ;TOTAL NACIONAL;9,93468944772654
14015703008240013;MORONA SANTIAGO;03;00824;0013;8,01; ;2; ; ; ; ;REGIÓN AMAZÓNICA; ;TOTAL NACIONAL;36,126735400876
14015703008240015;MORONA SANTIAGO;03;00824;0015;5,09; ;1; ; ; ; ;REGIÓN AMAZÓNICA; ;TOTAL NACIONAL;5,24059747881056
14015703008240036;MORONA SANTIAGO;03;00824;0036;17,85; ;4; ; ; ; ;REGIÓN AMAZÓNICA; ;TOTAL NACIONAL;,566444268090962
14065003009090001;MORONA SANTIAGO;03;00909;0001;110,03; ; ;1; ; ; ;REGIÓN AMAZÓNICA; ;TOTAL NACIONAL;28,3423742252401
14095103009700012;MORONA SANTIAGO;03;00970;0012;5,93; ;1; ; ; ; ;REGIÓN AMAZÓNICA; ;TOTAL NACIONAL;5,94824871570878
14095103009700025;MORONA SANTIAGO;03;00970;0025;13,4; ;3; ; ; ; ;REGIÓN AMAZÓNICA; ;TOTAL NACIONAL;40,9127563536281
14095103009700028;MORONA SANTIAGO;03;00970;0028;12,15; ;3; ; ; ; ;REGIÓN AMAZÓNICA; ;TOTAL NACIONAL;4,25658515164629
14095103009700030;MORONA SANTIAGO;03;00970;0030;38,49; ;1; ; ; ; ;REGIÓN AMAZÓNICA; ;TOTAL NACIONAL;,968883879303806
14095103009700031;MORONA SANTIAGO;03;00970;0031;11,75; ;1; ; ; ; ;REGIÓN AMAZÓNICA; ;TOTAL NACIONAL;18,3352091930786
14105103014150002;MORONA SANTIAGO;03;01415;0002;8000; ;5; ; ; ; ;REGIÓN AMAZÓNICA; ;TOTAL NACIONAL;,789452723561265
14035703015950001;MORONA SANTIAGO;03;01595;0001;181,44;1;3;1; ; ; ;REGIÓN AMAZÓNICA; ;TOTAL NACIONAL;40,7863928045509
14035603017730003;MORONA SANTIAGO;03;01773;0003;60,06; ; ;1; ; ; ;REGIÓN AMAZÓNICA; ;TOTAL NACIONAL;82,7411503882726
14025103020670003;MORONA SANTIAGO;03;02067;0003;31,2; ;2; ; ; ; ;REGIÓN AMAZÓNICA; ;TOTAL NACIONAL;48,1359585207369
14025303021710005;MORONA SANTIAGO;03;02171;0005;11,56; ;2; ; ; ; ;REGIÓN AMAZÓNICA; ;TOTAL NACIONAL;58,7347691992267
14095204001100010;MORONA SANTIAGO;04;00110;0010;69,23; ;1; ; ; ; ;REGIÓN AMAZÓNICA; ;TOTAL NACIONAL;37,7857038427835
14095204001100012;MORONA SANTIAGO;04;00110;0012;6,05; ;1; ; ; ; ;REGIÓN AMAZÓNICA; ;TOTAL NACIONAL;43,7329946976398
14015704001260001;MORONA SANTIAGO;04;00126;0001;30,82; ;3; ; ; ; ;REGIÓN AMAZÓNICA; ;TOTAL NACIONAL;58,3341761368385
14065004001920001;MORONA SANTIAGO;04;00192;0001;170,02; ;2; ; ; ; ;REGIÓN AMAZÓNICA; ;TOTAL NACIONAL;7,58715927026577
14085204004400001;MORONA SANTIAGO;04;00440;0001;120,02;1; ; ; ; ; ;REGIÓN AMAZÓNICA; ;TOTAL NACIONAL;13,8290534649038
14085204004400003;MORONA SANTIAGO;04;00440;0003;115,02; ;2; ; ; ; ;REGIÓN AMAZÓNICA; ;TOTAL NACIONAL;29,0278592931026
14025304005020006;MORONA SANTIAGO;04;00502;0006;26,02; ;2; ; ; ; ;REGIÓN AMAZÓNICA; ;TOTAL NACIONAL;18,0635109485779
14025304005030002;MORONA SANTIAGO;04;00503;0002;28,01; ;2; ; ; ; ;REGIÓN AMAZÓNICA; ;TOTAL NACIONAL;51,7267423529934
14025304005030003;MORONA SANTIAGO;04;00503;0003;16,47; ;1; ; ; ; ;REGIÓN AMAZÓNICA; ;TOTAL NACIONAL;50,0922986787209
14025304005030005;MORONA SANTIAGO;04;00503;0005;33,2; ;2; ; ; ; ;REGIÓN AMAZÓNICA; ;TOTAL NACIONAL;73,1855629802416
14025304005030006;MORONA SANTIAGO;04;00503;0006;61,02; ;5; ; ; ; ;REGIÓN AMAZÓNICA; ;TOTAL NACIONAL;22,9490551038095
14015362000990514;MORONA SANTIAGO;62;00099;0514;108,61; ;5; ; ; ; ;REGIÓN AMAZÓNICA; ;TOTAL NACIONAL;1
15075201004840001;NAPO;01;00484;0001;250,45; ;2; ; ; ; ;REGIÓN AMAZÓNICA; ;TOTAL NACIONAL;2,28775283172031
15075401007680003;NAPO;01;00768;0003;13,5; ;1; ; ; ; ;REGIÓN AMAZÓNICA; ;TOTAL NACIONAL;9,64418994182301
15075101019380001;NAPO;01;01938;0001;69; ;1; ; ; ; ;REGIÓN AMAZÓNICA; ;TOTAL NACIONAL;8,4876852007856
15035201033780002;NAPO;01;03378;0002;27,1;1;2; ; ; ; ;REGIÓN AMAZÓNICA; ;TOTAL NACIONAL;,964462776566897
15035001036780041;NAPO;01;03678;0041;1,52;1;1; ; ; ; ;REGIÓN AMAZÓNICA; ;TOTAL NACIONAL;1,17793950823793
15035001036780046;NAPO;01;03678;0046;1,31; ;1; ; ; ; ;REGIÓN AMAZÓNICA; ;TOTAL NACIONAL;2,53545647441943
15035001039670015;NAPO;01;03967;0015;3; ;1; ; ; ; ;REGIÓN AMAZÓNICA; ;TOTAL NACIONAL;1,80128005766974
15015601054340004;NAPO;01;05434;0004;3,75; ;1; ; ; ; ;REGIÓN AMAZÓNICA; ;TOTAL NACIONAL;11,7651915219322
15015603014230001;NAPO;03;01423;0001;70,03; ;1; ; ; ; ;REGIÓN AMAZÓNICA; ;TOTAL NACIONAL;41,0524872436207
15015603014230004;NAPO;03;01423;0004;30,05; ;1; ; ; ; ;REGIÓN AMAZÓNICA; ;TOTAL NACIONAL;45,6592596505588
16016401006730001;PASTAZA;01;00673;0001;100; ;3; ; ; ; ;REGIÓN AMAZÓNICA; ;TOTAL NACIONAL;5,88350371293157
16016401008390001;PASTAZA;01;00839;0001;10,52; ;4; ; ; ; ;REGIÓN AMAZÓNICA; ;TOTAL NACIONAL;30,4509223114476
16016401008390002;PASTAZA;01;00839;0002;39,01; ;6; ; ; ; ;REGIÓN AMAZÓNICA; ;TOTAL NACIONAL;6,87020427010327
16016401009840001;PASTAZA;01;00984;0001;13; ;1; ; ; ; ;REGIÓN AMAZÓNICA; ;TOTAL NACIONAL;45,2577208687044
16015501011000003;PASTAZA;01;01100;0003;3,01; ;1; ; ; ; ;REGIÓN AMAZÓNICA; ;TOTAL NACIONAL;35,3509745054955
16016601011180006;PASTAZA;01;01118;0006;21,56; ;1; ; ; ; ;REGIÓN AMAZÓNICA; ;TOTAL NACIONAL;,184655419561705
16015401020710001;PASTAZA;01;02071;0001;41,01; ;3; ; ; ; ;REGIÓN AMAZÓNICA; ;TOTAL NACIONAL;4,77483730843839
16015401021430001;PASTAZA;01;02143;0001;41,01; ;3; ; ; ; ;REGIÓN AMAZÓNICA; ;TOTAL NACIONAL;4,76830167614734
16015401027080001;PASTAZA;01;02708;0001;9,98; ; ;1; ; ; ;REGIÓN AMAZÓNICA; ;TOTAL NACIONAL;58,9529430153464
16016201039390001;PASTAZA;01;03939;0001;40; ;2; ; ; ; ;REGIÓN AMAZÓNICA; ;TOTAL NACIONAL;5,99986634192067
16025203011200005;PASTAZA;03;01120;0005;29,5; ; ; ;4; ; ;REGIÓN AMAZÓNICA; ;TOTAL NACIONAL;44,3702909258723
16025203011200008;PASTAZA;03;01120;0008;11,29; ;2; ; ; ; ;REGIÓN AMAZÓNICA; ;TOTAL NACIONAL;18,390314168502
16016203017910002;PASTAZA;03;01791;0002;15,06; ;3; ; ; ; ;REGIÓN AMAZÓNICA; ;TOTAL NACIONAL;72,9247735296937
16016203017910004;PASTAZA;03;01791;0004;80,05; ;4; ; ; ; ;REGIÓN AMAZÓNICA; ;TOTAL NACIONAL;39,0930101430216
16016203022070012;PASTAZA;03;02207;0012;100; ;5; ; ; ; ;REGIÓN AMAZÓNICA; ;TOTAL NACIONAL;17,414538858482
16016604002320007;PASTAZA;04;00232;0007;21,1; ;1;1; ; ; ;REGIÓN AMAZÓNICA; ;TOTAL NACIONAL;2,85966251519135
16016604002320010;PASTAZA;04;00232;0010;54; ;1; ; ; ; ;REGIÓN AMAZÓNICA; ;TOTAL NACIONAL;3,73534329503706
16016604002320026;PASTAZA;04;00232;0026;12; ;3; ; ; ; ;REGIÓN AMAZÓNICA; ;TOTAL NACIONAL;31,3269184334107
16016604002320027;PASTAZA;04;00232;0027;50; ;1; ; ; ; ;REGIÓN AMAZÓNICA; ;TOTAL NACIONAL;,773200741906134
16016604002320031;PASTAZA;04;00232;0031;96,02; ;1; ; ; ; ;REGIÓN AMAZÓNICA; ;TOTAL NACIONAL;19,9999392213024
16016604002320032;PASTAZA;04;00232;0032;11,02; ;1; ; ; ; ;REGIÓN AMAZÓNICA; ;TOTAL NACIONAL;20,987998901388
16016604002320038;PASTAZA;04;00232;0038;1; ;1; ; ; ; ;REGIÓN AMAZÓNICA; ;TOTAL NACIONAL;86,1106244849661
16016604002320041;PASTAZA;04;00232;0041;20; ;1; ; ; ; ;REGIÓN AMAZÓNICA; ;TOTAL NACIONAL;13,9386100457124
16015204003540005;PASTAZA;04;00354;0005;62,5; ;1; ; ; ; ;REGIÓN AMAZÓNICA; ;TOTAL NACIONAL;22,3547225686938
16015204003540008;PASTAZA;04;00354;0008;95;1;3;2;3; ; ;REGIÓN AMAZÓNICA; ;TOTAL NACIONAL;15,9529530727841
17018101000430001;PICHINCHA;01;00043;0001;184;1;5; ; ;REGIÓN SIERRA; ; ; ;TOTAL NACIONAL;3,0449399323863
17095001001030003;PICHINCHA;01;00103;0003;7,2;1; ; ; ;REGIÓN SIERRA; ; ; ;TOTAL NACIONAL;3,31266721896973
17095001001270002;PICHINCHA;01;00127;0002;12; ; ;1; ;REGIÓN SIERRA; ; ; ;TOTAL NACIONAL;36,3735200381591
17085001001540001;PICHINCHA;01;00154;0001;60; ; ;1; ;REGIÓN SIERRA; ; ; ;TOTAL NACIONAL;1,86060826097893
17085001002470001;PICHINCHA;01;00247;0001;14,02; ;2; ; ;REGIÓN SIERRA; ; ; ;TOTAL NACIONAL;16,6770401382086
17017201004500003;PICHINCHA;01;00450;0003;2,5; ;1; ; ;REGIÓN SIERRA; ; ; ;TOTAL NACIONAL;24,7339068311739
17017201004500005;PICHINCHA;01;00450;0005;44,5; ; ;1; ;REGIÓN SIERRA; ; ; ;TOTAL NACIONAL;2,05732871747369
17017201004500006;PICHINCHA;01;00450;0006;20; ; ;1; ;REGIÓN SIERRA; ; ; ;TOTAL NACIONAL;2,43687178183229
17018101004810001;PICHINCHA;01;00481;0001;11,25; ;1; ; ;REGIÓN SIERRA; ; ; ;TOTAL NACIONAL;3,84905892411994
17016801006970004;PICHINCHA;01;00697;0004;10; ;1; ; ;REGIÓN SIERRA; ; ; ;TOTAL NACIONAL;7,55570208941561
17018101007660001;PICHINCHA;01;00766;0001;55; ; ;1; ;REGIÓN SIERRA; ; ; ;TOTAL NACIONAL;10,6520859363457
17085001010200002;PICHINCHA;01;01020;0002;50; ;1; ; ;REGIÓN SIERRA; ; ; ;TOTAL NACIONAL;3,30245436719422
17017201010380001;PICHINCHA;01;01038;0001;59; ; ;1; ;REGIÓN SIERRA; ; ; ;TOTAL NACIONAL;6,89477827187379
17017201012670001;PICHINCHA;01;01267;0001;9; ;2; ; ;REGIÓN SIERRA; ; ; ;TOTAL NACIONAL;40,5056745844417
17017201012670004;PICHINCHA;01;01267;0004;16; ; ;1; ;REGIÓN SIERRA; ; ; ;TOTAL NACIONAL;10,214795616813
17018101013500001;PICHINCHA;01;01350;0001;1,89; ;4; ; ;REGIÓN SIERRA; ; ; ;TOTAL NACIONAL;33,7397463890907
17018101013500014;PICHINCHA;01;01350;0014;71; ;1; ; ;REGIÓN SIERRA; ; ; ;TOTAL NACIONAL;,410196993170045
17085001014550001;PICHINCHA;01;01455;0001;35; ;1;2; ;REGIÓN SIERRA; ; ; ;TOTAL NACIONAL;16,738806196884
17015301015810001;PICHINCHA;01;01581;0001;71; ;1; ; ;REGIÓN SIERRA; ; ; ;TOTAL NACIONAL;8,17065834607396
17025301017190004;PICHINCHA;01;01719;0004;2,5; ;1; ; ;REGIÓN SIERRA; ; ; ;TOTAL NACIONAL;37,9171650990162
17015301017580001;PICHINCHA;01;01758;0001;63; ;2; ; ;REGIÓN SIERRA; ; ; ;TOTAL NACIONAL;8,93335214443125
17017201018130001;PICHINCHA;01;01813;0001;82; ; ;3; ;REGIÓN SIERRA; ; ; ;TOTAL NACIONAL;2,13737424068556
17015301019200001;PICHINCHA;01;01920;0001;1300; ;4; ; ;REGIÓN SIERRA; ; ; ;TOTAL NACIONAL;0
17085001022730001;PICHINCHA;01;02273;0001;120; ;2;2; ;REGIÓN SIERRA; ; ; ;TOTAL NACIONAL;4,88220605415844
17015301023350001;PICHINCHA;01;02335;0001;100; ;3; ; ;REGIÓN SIERRA; ; ; ;TOTAL NACIONAL;1,7710039721258
17016101027510002;PICHINCHA;01;02751;0002;55,3; ; ;1; ;REGIÓN SIERRA; ; ; ;TOTAL NACIONAL;1,83493256111445
17018101030810002;PICHINCHA;01;03081;0002;12; ; ; ;8;REGIÓN SIERRA; ; ; ;TOTAL NACIONAL;6,03169434624308
17018101030810003;PICHINCHA;01;03081;0003;35; ;2; ; ;REGIÓN SIERRA; ; ; ;TOTAL NACIONAL;0
17085001031650001;PICHINCHA;01;03165;0001;600;1;12;5; ;REGIÓN SIERRA; ; ; ;TOTAL NACIONAL;,976441210831689
17085001032020001;PICHINCHA;01;03202;0001;100; ; ;1; ;REGIÓN SIERRA; ; ; ;TOTAL NACIONAL;5,48565977833993
17085001032220001;PICHINCHA;01;03222;0001;140; ; ;2; ;REGIÓN SIERRA; ; ; ;TOTAL NACIONAL;3,74097876469878
17085001032220002;PICHINCHA;01;03222;0002;56; ;2; ; ;REGIÓN SIERRA; ; ; ;TOTAL NACIONAL;1,10942320430686
17018101033180003;PICHINCHA;01;03318;0003;10; ;1; ; ;REGIÓN SIERRA; ; ; ;TOTAL NACIONAL;7,57457995282502
17015301034660001;PICHINCHA;01;03466;0001;17; ;1; ; ;REGIÓN SIERRA; ; ; ;TOTAL NACIONAL;34,4626309705302
17018101035140001;PICHINCHA;01;03514;0001;10; ;1;2; ;REGIÓN SIERRA; ; ; ;TOTAL NACIONAL;29,2704526966979
17085001036710001;PICHINCHA;01;03671;0001;600;1;12;5; ;REGIÓN SIERRA; ; ; ;TOTAL NACIONAL;,976441210831689
17017201040680001;PICHINCHA;01;04068;0001;12; ;2; ; ;REGIÓN SIERRA; ; ; ;TOTAL NACIONAL;17,1164719585402
17017201040680002;PICHINCHA;01;04068;0002;21;2;1;1;2;REGIÓN SIERRA; ; ; ;TOTAL NACIONAL;2,15778008526965
17025601041790008;PICHINCHA;01;04179;0008;,25; ; ; ;2;REGIÓN SIERRA; ; ; ;TOTAL NACIONAL;43,7779845540796
17025301042450001;PICHINCHA;01;04245;0001;3,02; ;1; ; ;REGIÓN SIERRA; ; ; ;TOTAL NACIONAL;14,9914980603408
17025301042450003;PICHINCHA;01;04245;0003;4,5; ;2; ; ;REGIÓN SIERRA; ; ; ;TOTAL NACIONAL;3,70758344201721
17025301042450006;PICHINCHA;01;04245;0006;,81; ;1; ; ;REGIÓN SIERRA; ; ; ;TOTAL NACIONAL;58,9722272023287
17025301042450008;PICHINCHA;01;04245;0008;3,3; ;1; ; ;REGIÓN SIERRA; ; ; ;TOTAL NACIONAL;25,8056644850508
17015401043270001;PICHINCHA;01;04327;0001;520; ;3; ; ;REGIÓN SIERRA; ; ; ;TOTAL NACIONAL;1,12666293557503
17025301046240006;PICHINCHA;01;04624;0006;3,02; ; ; ;2;REGIÓN SIERRA; ; ; ;TOTAL NACIONAL;1,70068899634923
17025301046240007;PICHINCHA;01;04624;0007;4,57; ;1; ; ;REGIÓN SIERRA; ; ; ;TOTAL NACIONAL;4,96980800086326
17085001047990001;PICHINCHA;01;04799;0001;45; ;1;1; ;REGIÓN SIERRA; ; ; ;TOTAL NACIONAL;8,40347004735326
17025301049990006;PICHINCHA;01;04999;0006;5; ;1; ; ;REGIÓN SIERRA; ; ; ;TOTAL NACIONAL;27,3814872232111
17015401054410001;PICHINCHA;01;05441;0001;10; ;2; ; ;REGIÓN SIERRA; ; ; ;TOTAL NACIONAL;16,1487102251381
17015401054410003;PICHINCHA;01;05441;0003;20; ;2; ; ;REGIÓN SIERRA; ; ; ;TOTAL NACIONAL;17,6536502413324
17016101054760003;PICHINCHA;01;05476;0003;17,2; ; ;2; ;REGIÓN SIERRA; ; ; ;TOTAL NACIONAL;1,86630841895883
17045401057200001;PICHINCHA;01;05720;0001;3; ;1; ; ;REGIÓN SIERRA; ; ; ;TOTAL NACIONAL;90,1326473170455
17015401057590001;PICHINCHA;01;05759;0001;20; ;2; ; ;REGIÓN SIERRA; ; ; ;TOTAL NACIONAL;15,4481136563664
17085001061680002;PICHINCHA;01;06168;0002;50; ;1; ; ;REGIÓN SIERRA; ; ; ;TOTAL NACIONAL;7,77663818738646
17045401062940001;PICHINCHA;01;06294;0001;20;3;4;1;1;REGIÓN SIERRA; ; ; ;TOTAL NACIONAL;22,2480662781006
17045401066080001;PICHINCHA;01;06608;0001;46,5; ;3; ; ;REGIÓN SIERRA; ; ; ;TOTAL NACIONAL;15,6134349527702
17018001068650001;PICHINCHA;01;06865;0001;1160; ;15; ; ;REGIÓN SIERRA; ; ; ;TOTAL NACIONAL;,492451850662782
17017801070180003;PICHINCHA;01;07018;0003;5; ;1; ; ;REGIÓN SIERRA; ; ; ;TOTAL NACIONAL;1,69900770684714
17017801070180004;PICHINCHA;01;07018;0004;5; ;1; ; ;REGIÓN SIERRA; ; ; ;TOTAL NACIONAL;47,6841810505619
17015401070410001;PICHINCHA;01;07041;0001;340; ;13; ; ;REGIÓN SIERRA; ; ; ;TOTAL NACIONAL;0
17045201072160002;PICHINCHA;01;07216;0002;6,12; ;1; ; ;REGIÓN SIERRA; ; ; ;TOTAL NACIONAL;29,7452924410765
17018001076990001;PICHINCHA;01;07699;0001;1160; ;15; ; ;REGIÓN SIERRA; ; ; ;TOTAL NACIONAL;,497934511944291
17015401077040001;PICHINCHA;01;07704;0001;340; ;13; ; ;REGIÓN SIERRA; ; ; ;TOTAL NACIONAL;0
17015401077050001;PICHINCHA;01;07705;0001;340; ;13; ; ;REGIÓN SIERRA; ; ; ;TOTAL NACIONAL;0
17085001077710002;PICHINCHA;01;07771;0002;30,15; ; ;2; ;REGIÓN SIERRA; ; ; ;TOTAL NACIONAL;3,97377567393195
17015401080250001;PICHINCHA;01;08025;0001;340; ;13; ; ;REGIÓN SIERRA; ; ; ;TOTAL NACIONAL;0
17016901081260001;PICHINCHA;01;08126;0001;65; ;3; ; ;REGIÓN SIERRA; ; ; ;TOTAL NACIONAL;9,01330348460021
17075001083360001;PICHINCHA;01;08336;0001;60; ; ;1; ;REGIÓN SIERRA; ; ; ;TOTAL NACIONAL;9,76441210831689
17075001083510001;PICHINCHA;01;08351;0001;135; ;1; ; ;REGIÓN SIERRA; ; ; ;TOTAL NACIONAL;4,33973871480751
17085001083580001;PICHINCHA;01;08358;0001;86; ;1; ; ;REGIÓN SIERRA; ; ; ;TOTAL NACIONAL;5,0722461560159
17075001085960003;PICHINCHA;01;08596;0003;121; ;8;4; ;REGIÓN SIERRA; ; ; ;TOTAL NACIONAL;3,72809558168645
17025001092060003;PICHINCHA;01;09206;0003;393,33; ;20; ; ;REGIÓN SIERRA; ; ; ;TOTAL NACIONAL;,978501684746698
17045001092280002;PICHINCHA;01;09228;0002;,48; ; ; ;1;REGIÓN SIERRA; ; ; ;TOTAL NACIONAL;49,8527484863512
17045001092280003;PICHINCHA;01;09228;0003;,54; ; ; ;2;REGIÓN SIERRA; ; ; ;TOTAL NACIONAL;42,4571104265334
17045001092280005;PICHINCHA;01;09228;0005;,85; ; ; ;8;REGIÓN SIERRA; ; ; ;TOTAL NACIONAL;64,9812052855442
17075001093400001;PICHINCHA;01;09340;0001;270; ; ;4; ;REGIÓN SIERRA; ; ; ;TOTAL NACIONAL;0
17075001093480001;PICHINCHA;01;09348;0001;440; ; ;2; ;REGIÓN SIERRA; ; ; ;TOTAL NACIONAL;1,33151074204321
17025001094700001;PICHINCHA;01;09470;0001;54; ;3; ; ;REGIÓN SIERRA; ; ; ;TOTAL NACIONAL;10,8493467870188
17075001096490001;PICHINCHA;01;09649;0001;440; ; ;2; ;REGIÓN SIERRA; ; ; ;TOTAL NACIONAL;1,33151074204321
17075001099520001;PICHINCHA;01;09952;0001;270; ; ;4; ;REGIÓN SIERRA; ; ; ;TOTAL NACIONAL;0
17015401100090001;PICHINCHA;01;10009;0001;22; ;2; ; ;REGIÓN SIERRA; ; ; ;TOTAL NACIONAL;26,6299189495882
17015401100140001;PICHINCHA;01;10014;0001;10; ;3; ; ;REGIÓN SIERRA; ; ; ;TOTAL NACIONAL;13,7489432093174
17015401100140002;PICHINCHA;01;10014;0002;60; ;3; ; ;REGIÓN SIERRA; ; ; ;TOTAL NACIONAL;6,06424238660414
17045001101430001;PICHINCHA;01;10143;0001;200; ;7; ; ;REGIÓN SIERRA; ; ; ;TOTAL NACIONAL;2,92929108445471
17075001102870003;PICHINCHA;01;10287;0003;59; ;1; ; ;REGIÓN SIERRA; ; ; ;TOTAL NACIONAL;2,83718979612233
17015401106120001;PICHINCHA;01;10612;0001;50; ;2; ; ;REGIÓN SIERRA; ; ; ;TOTAL NACIONAL;11,7172945299803
17095001106900002;PICHINCHA;01;10690;0002;800; ;15; ; ;REGIÓN SIERRA; ; ; ;TOTAL NACIONAL;,657974909918934
17075101118580001;PICHINCHA;01;11858;0001;45;2; ; ; ;REGIÓN SIERRA; ; ; ;TOTAL NACIONAL;6,00128001075014
17075001119080001;PICHINCHA;01;11908;0001;371; ;3;1; ;REGIÓN SIERRA; ; ; ;TOTAL NACIONAL;0
17017101119650002;PICHINCHA;01;11965;0002;10; ;1; ; ;REGIÓN SIERRA; ; ; ;TOTAL NACIONAL;,990762348590554
17017101119650004;PICHINCHA;01;11965;0004;4; ;2; ; ;REGIÓN SIERRA; ; ; ;TOTAL NACIONAL;3,64049831438415
17075001122660001;PICHINCHA;01;12266;0001;371; ;3;1; ;REGIÓN SIERRA; ; ; ;TOTAL NACIONAL;0
17075001123130001;PICHINCHA;01;12313;0001;371; ;3;1; ;REGIÓN SIERRA; ; ; ;TOTAL NACIONAL;0
17075001123190001;PICHINCHA;01;12319;0001;25; ; ;1; ;REGIÓN SIERRA; ; ; ;TOTAL NACIONAL;11,6607046985557
17075001123190002;PICHINCHA;01;12319;0002;371; ;3;1; ;REGIÓN SIERRA; ; ; ;TOTAL NACIONAL;0
17075001127060001;PICHINCHA;01;12706;0001;12; ;2; ; ;REGIÓN SIERRA; ; ; ;TOTAL NACIONAL;36,0588889813356
17017101127660003;PICHINCHA;01;12766;0003;10; ;6; ; ;REGIÓN SIERRA; ; ; ;TOTAL NACIONAL;7,46196373317577
17075001130960001;PICHINCHA;01;13096;0001;14; ;2; ; ;REGIÓN SIERRA; ; ; ;TOTAL NACIONAL;36,624449930276
17075001130960002;PICHINCHA;01;13096;0002;80; ;3; ; ;REGIÓN SIERRA; ; ; ;TOTAL NACIONAL;,914030343439364
17075001131110001;PICHINCHA;01;13111;0001;90; ;1; ; ;REGIÓN SIERRA; ; ; ;TOTAL NACIONAL;6,2081408894893
17075001134590001;PICHINCHA;01;13459;0001;80,04; ;1; ; ;REGIÓN SIERRA; ; ; ;TOTAL NACIONAL;5,48412521136029
17025001135750001;PICHINCHA;01;13575;0001;141; ;4; ; ;REGIÓN SIERRA; ; ; ;TOTAL NACIONAL;4,15506898226251
17015401136500001;PICHINCHA;01;13650;0001;20; ;20; ; ;REGIÓN SIERRA; ; ; ;TOTAL NACIONAL;19,7592643423901
17015401136500002;PICHINCHA;01;13650;0002;24; ;4; ; ;REGIÓN SIERRA; ; ; ;TOTAL NACIONAL;7,37755581517276
17075001137640001;PICHINCHA;01;13764;0001;90,5; ;1; ; ;REGIÓN SIERRA; ; ; ;TOTAL NACIONAL;6,2031170225351
17075001139710001;PICHINCHA;01;13971;0001;400; ;4;2; ;REGIÓN SIERRA; ; ; ;TOTAL NACIONAL;1,46466181624753
17075001140180001;PICHINCHA;01;14018;0001;65; ;5;1; ;REGIÓN SIERRA; ; ; ;TOTAL NACIONAL;1,0370306398115
17075001140180006;PICHINCHA;01;14018;0006;14; ;1; ; ;REGIÓN SIERRA; ; ; ;TOTAL NACIONAL;8,96466025944522
17075001140490001;PICHINCHA;01;14049;0001;100; ; ;1; ;REGIÓN SIERRA; ; ; ;TOTAL NACIONAL;5,75117363571793
17025001141390001;PICHINCHA;01;14139;0001;34;1;3; ; ;REGIÓN SIERRA; ; ; ;TOTAL NACIONAL;8,84215381173331
17075001142840002;PICHINCHA;01;14284;0002;11; ;1; ; ;REGIÓN SIERRA; ; ; ;TOTAL NACIONAL;15,8088790946411
17075001142920001;PICHINCHA;01;14292;0001;60; ;1; ; ;REGIÓN SIERRA; ; ; ;TOTAL NACIONAL;6,91873693954974
17075001142920002;PICHINCHA;01;14292;0002;35; ;3; ; ;REGIÓN SIERRA; ; ; ;TOTAL NACIONAL;4,75647762396374
17075001142980001;PICHINCHA;01;14298;0001;44,3; ; ;1; ;REGIÓN SIERRA; ; ; ;TOTAL NACIONAL;8,55388950563345
17075001142980002;PICHINCHA;01;14298;0002;16; ;1; ; ;REGIÓN SIERRA; ; ; ;TOTAL NACIONAL;11,6208709604106
17025201144070001;PICHINCHA;01;14407;0001;93; ;3; ; ;REGIÓN SIERRA; ; ; ;TOTAL NACIONAL;6,08753348430337
17025201144070005;PICHINCHA;01;14407;0005;3; ;1; ; ;REGIÓN SIERRA; ; ; ;TOTAL NACIONAL;15,3626750504186
17075001145280001;PICHINCHA;01;14528;0001;88; ; ;1; ;REGIÓN SIERRA; ; ; ;TOTAL NACIONAL;8,16659921786504
17025201148610001;PICHINCHA;01;14861;0001;7; ;1; ; ;REGIÓN SIERRA; ; ; ;TOTAL NACIONAL;38,6938078392315
17017101152150001;PICHINCHA;01;15215;0001;279; ;10; ; ;REGIÓN SIERRA; ; ; ;TOTAL NACIONAL;2,62484196460132
17075001158430003;PICHINCHA;01;15843;0003;30; ; ;1; ;REGIÓN SIERRA; ; ; ;TOTAL NACIONAL;,562647124374793
17016001164910001;PICHINCHA;01;16491;0001;180; ;10; ; ;REGIÓN SIERRA; ; ; ;TOTAL NACIONAL;4,02980904159167
17025201167420008;PICHINCHA;01;16742;0008;1,4; ; ; ;3;REGIÓN SIERRA; ; ; ;TOTAL NACIONAL;,156928051740807
17016001168860003;PICHINCHA;01;16886;0003;2; ;1;2; ;REGIÓN SIERRA; ; ; ;TOTAL NACIONAL;51,1573824374903
17016001168860006;PICHINCHA;01;16886;0006;4; ;1; ; ;REGIÓN SIERRA; ; ; ;TOTAL NACIONAL;70,9710020072833
17016001169120002;PICHINCHA;01;16912;0002;13;1; ;1; ;REGIÓN SIERRA; ; ; ;TOTAL NACIONAL;24,2695714799923
17016001169900001;PICHINCHA;01;16990;0001;13;1; ;1; ;REGIÓN SIERRA; ; ; ;TOTAL NACIONAL;3,65552652142205
17015901178120001;PICHINCHA;01;17812;0001;8; ;2; ; ;REGIÓN SIERRA; ; ; ;TOTAL NACIONAL;31,5870594693961
17015901178120002;PICHINCHA;01;17812;0002;19; ;2; ; ;REGIÓN SIERRA; ; ; ;TOTAL NACIONAL;16,6193720193065
17017901178280001;PICHINCHA;01;17828;0001;7; ;23; ; ;REGIÓN SIERRA; ; ; ;TOTAL NACIONAL;36,1643965451453
17017901178810002;PICHINCHA;01;17881;0002;16; ;2; ; ;REGIÓN SIERRA; ; ; ;TOTAL NACIONAL;,48252469835266
17015901179310001;PICHINCHA;01;17931;0001;5; ;1; ; ;REGIÓN SIERRA; ; ; ;TOTAL NACIONAL;16,1776779810594
17015901181130003;PICHINCHA;01;18113;0003;4,2;1; ; ; ;REGIÓN SIERRA; ; ; ;TOTAL NACIONAL;49,1397914117757
17018501183230001;PICHINCHA;01;18323;0001;10,28; ;1; ;2;REGIÓN SIERRA; ; ; ;TOTAL NACIONAL;,0797870250095933
17017501185410002;PICHINCHA;01;18541;0002;12; ;9; ; ;REGIÓN SIERRA; ; ; ;TOTAL NACIONAL;37,8924285883418
17018501186960001;PICHINCHA;01;18696;0001;129; ;25; ; ;REGIÓN SIERRA; ; ; ;TOTAL NACIONAL;4,33590359687349
17018501187010001;PICHINCHA;01;18701;0001;13; ;3; ; ;REGIÓN SIERRA; ; ; ;TOTAL NACIONAL;45,066517423001
17018501188770001;PICHINCHA;01;18877;0001;129; ;25; ; ;REGIÓN SIERRA; ; ; ;TOTAL NACIONAL;4,01698326341322
17016601189200001;PICHINCHA;01;18920;0001;300; ;35; ; ;REGIÓN SIERRA; ; ; ;TOTAL NACIONAL;1,92782043058536
17018501191390001;PICHINCHA;01;19139;0001;123; ;3; ; ;REGIÓN SIERRA; ; ; ;TOTAL NACIONAL;2,62437760231554
17018501191390002;PICHINCHA;01;19139;0002;140; ;2; ; ;REGIÓN SIERRA; ; ; ;TOTAL NACIONAL;1,8790448672443
17016601191890001;PICHINCHA;01;19189;0001;238; ;30; ; ;REGIÓN SIERRA; ; ; ;TOTAL NACIONAL;2,46164384918944
17016601195540003;PICHINCHA;01;19554;0003;113; ;8; ; ;REGIÓN SIERRA; ; ; ;TOTAL NACIONAL;,242430893342163
17016601195810001;PICHINCHA;01;19581;0001;28; ;1; ; ;REGIÓN SIERRA; ; ; ;TOTAL NACIONAL;6,53797136452589
17016601195810002;PICHINCHA;01;19581;0002;8,05; ;1; ; ;REGIÓN SIERRA; ; ; ;TOTAL NACIONAL;13,332162520068
17016601195810003;PICHINCHA;01;19581;0003;41; ;1; ; ;REGIÓN SIERRA; ; ; ;TOTAL NACIONAL;,0306427892179701
17017501196730001;PICHINCHA;01;19673;0001;186; ;8; ; ;REGIÓN SIERRA; ; ; ;TOTAL NACIONAL;3,09584360672937
17016601197860002;PICHINCHA;01;19786;0002;238; ;30; ; ;REGIÓN SIERRA; ; ; ;TOTAL NACIONAL;1,34502725444984
17017501200400001;PICHINCHA;01;20040;0001;211; ;3; ; ;REGIÓN SIERRA; ; ; ;TOTAL NACIONAL;2,77661007819438
17017501205480006;PICHINCHA;01;20548;0006;6,5; ;3; ; ;REGIÓN SIERRA; ; ; ;TOTAL NACIONAL;6,91620820718323
17017501205690001;PICHINCHA;01;20569;0001;5,57; ;2; ; ;REGIÓN SIERRA; ; ; ;TOTAL NACIONAL;36,6112000209394
17017501205690002;PICHINCHA;01;20569;0002;6; ;2; ; ;REGIÓN SIERRA; ; ; ;TOTAL NACIONAL;39,122896025252
17015001212060001;PICHINCHA;01;21206;0001;212; ;3; ; ;REGIÓN SIERRA; ; ; ;TOTAL NACIONAL;2,7635128608444
17015001212080001;PICHINCHA;01;21208;0001;212; ;3; ; ;REGIÓN SIERRA; ; ; ;TOTAL NACIONAL;2,7635128608444
17017501212770001;PICHINCHA;01;21277;0001;900; ;10; ; ;REGIÓN SIERRA; ; ; ;TOTAL NACIONAL;,650960807221126
17017601216180003;PICHINCHA;01;21618;0003;24; ;4; ; ;REGIÓN SIERRA; ; ; ;TOTAL NACIONAL;19,5274680482854
17017601216570004;PICHINCHA;01;21657;0004;,5; ;2; ; ;REGIÓN SIERRA; ; ; ;TOTAL NACIONAL;2,3694973382849
17017601216570005;PICHINCHA;01;21657;0005;3; ;1; ; ;REGIÓN SIERRA; ; ; ;TOTAL NACIONAL;6,88933520975692
17017601216570008;PICHINCHA;01;21657;0008;,78; ;1; ; ;REGIÓN SIERRA; ; ; ;TOTAL NACIONAL;51,9683711098199
17017601216570009;PICHINCHA;01;21657;0009;1,25; ;1; ; ;REGIÓN SIERRA; ; ; ;TOTAL NACIONAL;11,3006796133587
17017601216570010;PICHINCHA;01;21657;0010;,5; ;1; ; ;REGIÓN SIERRA; ; ; ;TOTAL NACIONAL;92,0458581410672
17017601216570013;PICHINCHA;01;21657;0013;,5; ;1; ; ;REGIÓN SIERRA; ; ; ;TOTAL NACIONAL;32,6521940902117
17017601216680007;PICHINCHA;01;21668;0007;24; ;4; ; ;REGIÓN SIERRA; ; ; ;TOTAL NACIONAL;5,64627130163424
17017601219990001;PICHINCHA;01;21999;0001;95; ;40;1; ;REGIÓN SIERRA; ; ; ;TOTAL NACIONAL;4,24967771611021
17017601219990004;PICHINCHA;01;21999;0004;7; ;1; ; ;REGIÓN SIERRA; ; ; ;TOTAL NACIONAL;10,4934882124046
17017601219990005;PICHINCHA;01;21999;0005;2; ;2; ; ;REGIÓN SIERRA; ; ; ;TOTAL NACIONAL;5,40622950397145
17017601220850001;PICHINCHA;01;22085;0001;3,5; ;1; ; ;REGIÓN SIERRA; ; ; ;TOTAL NACIONAL;10,2219445613923
17017601220850002;PICHINCHA;01;22085;0002;95; ;40;1; ;REGIÓN SIERRA; ; ; ;TOTAL NACIONAL;3,41480335030156
17055001222160003;PICHINCHA;01;22216;0003;184,9; ;12; ; ;REGIÓN SIERRA; ; ; ;TOTAL NACIONAL;2,81314332557317
17015201223700014;PICHINCHA;01;22370;0014;43; ;13; ; ;REGIÓN SIERRA; ; ; ;TOTAL NACIONAL;,571841310332726
17055101224760001;PICHINCHA;01;22476;0001;184,9; ;12; ; ;REGIÓN SIERRA; ; ; ;TOTAL NACIONAL;2,76290439313681
17055101227260001;PICHINCHA;01;22726;0001;66; ;5; ; ;REGIÓN SIERRA; ; ; ;TOTAL NACIONAL;0
17055101227260006;PICHINCHA;01;22726;0006;40; ;35; ; ;REGIÓN SIERRA; ; ; ;TOTAL NACIONAL;7,08505742579474
17015201227640001;PICHINCHA;01;22764;0001;41; ;3; ; ;REGIÓN SIERRA; ; ; ;TOTAL NACIONAL;14,2893835731467
17055101228200001;PICHINCHA;01;22820;0001;66; ;5; ; ;REGIÓN SIERRA; ; ; ;TOTAL NACIONAL;0
17035701228330008;PICHINCHA;01;22833;0008;32; ;4; ; ;REGIÓN SIERRA; ; ; ;TOTAL NACIONAL;7,42706717108012
17035601228490002;PICHINCHA;01;22849;0002;130; ;22; ; ;REGIÓN SIERRA; ; ; ;TOTAL NACIONAL;,444656305240277
17015201229240001;PICHINCHA;01;22924;0001;47;5;18; ;2;REGIÓN SIERRA; ; ; ;TOTAL NACIONAL;12,4652069467875
17035601231550001;PICHINCHA;01;23155;0001;74,68; ;6; ; ;REGIÓN SIERRA; ; ; ;TOTAL NACIONAL;0
17017601231870001;PICHINCHA;01;23187;0001;268; ;10; ; ;REGIÓN SIERRA; ; ; ;TOTAL NACIONAL;1,32538535100104
17017601235180001;PICHINCHA;01;23518;0001;20; ;2; ; ;REGIÓN SIERRA; ; ; ;TOTAL NACIONAL;12,0974556413974
17017601235180002;PICHINCHA;01;23518;0002;7; ;1; ; ;REGIÓN SIERRA; ; ; ;TOTAL NACIONAL;8,57780355115381
17017601236340001;PICHINCHA;01;23634;0001;5,5; ;1; ; ;REGIÓN SIERRA; ; ; ;TOTAL NACIONAL;6,27289505140358
17017601236340005;PICHINCHA;01;23634;0005;1,75; ;5; ; ;REGIÓN SIERRA; ; ; ;TOTAL NACIONAL;54,8741361607203
17017601236340006;PICHINCHA;01;23634;0006;1,75; ;2; ; ;REGIÓN SIERRA; ; ; ;TOTAL NACIONAL;48,9596922551112
17017601236340007;PICHINCHA;01;23634;0007;9; ;5; ; ;REGIÓN SIERRA; ; ; ;TOTAL NACIONAL;2,26896005805852
17017601236340008;PICHINCHA;01;23634;0008;7; ;1; ; ;REGIÓN SIERRA; ; ; ;TOTAL NACIONAL;,47334150125079
17017601238720001;PICHINCHA;01;23872;0001;200; ;10; ; ;REGIÓN SIERRA; ; ; ;TOTAL NACIONAL;1,99913318701644
17017601238760001;PICHINCHA;01;23876;0001;400; ;4; ; ;REGIÓN SIERRA; ; ; ;TOTAL NACIONAL;0
17017601238880001;PICHINCHA;01;23888;0001;400; ;4; ; ;REGIÓN SIERRA; ; ; ;TOTAL NACIONAL;0
17035001240480001;PICHINCHA;01;24048;0001;40; ;1; ; ;REGIÓN SIERRA; ; ; ;TOTAL NACIONAL;0
17035001240480002;PICHINCHA;01;24048;0002;80;5;5; ; ;REGIÓN SIERRA; ; ; ;TOTAL NACIONAL;,0218798338103762
17035001240520003;PICHINCHA;01;24052;0003;2; ;1; ; ;REGIÓN SIERRA; ; ; ;TOTAL NACIONAL;59,6449698278161
17017601243370001;PICHINCHA;01;24337;0001;20; ;7; ; ;REGIÓN SIERRA; ; ; ;TOTAL NACIONAL;26,7878509181584
17017601243370002;PICHINCHA;01;24337;0002;350; ;12; ; ;REGIÓN SIERRA; ; ; ;TOTAL NACIONAL;,561639685030285
17035101246460004;PICHINCHA;01;24646;0004;120; ;20; ; ;REGIÓN SIERRA; ; ; ;TOTAL NACIONAL;0
17017601246930001;PICHINCHA;01;24693;0001;3200; ;30; ; ;REGIÓN SIERRA; ; ; ;TOTAL NACIONAL;0
17035001248310001;PICHINCHA;01;24831;0001;140; ;2; ; ;REGIÓN SIERRA; ; ; ;TOTAL NACIONAL;3,52625469271684
17035001248380004;PICHINCHA;01;24838;0004;13; ;2; ; ;REGIÓN SIERRA; ; ; ;TOTAL NACIONAL;6,73944731106857
17035001250160001;PICHINCHA;01;25016;0001;8; ;1; ; ;REGIÓN SIERRA; ; ; ;TOTAL NACIONAL;29,6333633467237
17035001250750002;PICHINCHA;01;25075;0002;557; ;2; ; ;REGIÓN SIERRA; ; ; ;TOTAL NACIONAL;,483019931103216
17035201251570004;PICHINCHA;01;25157;0004;86; ;1; ; ;REGIÓN SIERRA; ; ; ;TOTAL NACIONAL;2,34313732634204
17035001251690002;PICHINCHA;01;25169;0002;557; ;7; ; ;REGIÓN SIERRA; ; ; ;TOTAL NACIONAL;,694950725413506
17035001254630001;PICHINCHA;01;25463;0001;9,5; ;1;2; ;REGIÓN SIERRA; ; ; ;TOTAL NACIONAL;40,4796415236947
17035001254630003;PICHINCHA;01;25463;0003;8,5;1;1; ; ;REGIÓN SIERRA; ; ; ;TOTAL NACIONAL;2,50194707221465
17035001255190004;PICHINCHA;01;25519;0004;4; ;1; ; ;REGIÓN SIERRA; ; ; ;TOTAL NACIONAL;20,846345927108
17035001255190005;PICHINCHA;01;25519;0005;5; ;1; ; ;REGIÓN SIERRA; ; ; ;TOTAL NACIONAL;10,3925094147936
17035001256270001;PICHINCHA;01;25627;0001;50;1; ; ; ;REGIÓN SIERRA; ; ; ;TOTAL NACIONAL;4,54222879330732
17035401257790002;PICHINCHA;01;25779;0002;29; ;1; ; ;REGIÓN SIERRA; ; ; ;TOTAL NACIONAL;10,0367876332973
17035401258980002;PICHINCHA;01;25898;0002;25; ;3; ; ;REGIÓN SIERRA; ; ; ;TOTAL NACIONAL;1,673548350123
17035401258980003;PICHINCHA;01;25898;0003;45; ;5; ; ;REGIÓN SIERRA; ; ; ;TOTAL NACIONAL;3,80422693827402
17095002000020001;PICHINCHA;02;00002;0001;35; ;2;2; ;REGIÓN SIERRA; ; ; ;TOTAL NACIONAL;22,4034979492834
17095002000390005;PICHINCHA;02;00039;0005;35; ;2;2; ;REGIÓN SIERRA; ; ; ;TOTAL NACIONAL;6,82736395138896
17095002001030003;PICHINCHA;02;00103;0003;28,15; ;1; ; ;REGIÓN SIERRA; ; ; ;TOTAL NACIONAL;9,44301399768714
17095002001390002;PICHINCHA;02;00139;0002;6,75; ; ;1; ;REGIÓN SIERRA; ; ; ;TOTAL NACIONAL;33,1179305892186
17095002002410002;PICHINCHA;02;00241;0002;55;1; ; ; ;REGIÓN SIERRA; ; ; ;TOTAL NACIONAL;1,40335131870928
17095002002410003;PICHINCHA;02;00241;0003;64; ;1; ; ;REGIÓN SIERRA; ; ; ;TOTAL NACIONAL;3,79743781088586
17095002003010002;PICHINCHA;02;00301;0002;30; ;1;1; ;REGIÓN SIERRA; ; ; ;TOTAL NACIONAL;25,2891737373172
17085003000060002;PICHINCHA;03;00006;0002;16; ;2; ; ;REGIÓN SIERRA; ; ; ;TOTAL NACIONAL;25,7083217767322
17017203000780001;PICHINCHA;03;00078;0001;13,8; ; ;1; ;REGIÓN SIERRA; ; ; ;TOTAL NACIONAL;30,7329379875471
17017203000780005;PICHINCHA;03;00078;0005;30; ; ;2; ;REGIÓN SIERRA; ; ; ;TOTAL NACIONAL;37,2312307901032
17017203000780006;PICHINCHA;03;00078;0006;45;1; ; ; ;REGIÓN SIERRA; ; ; ;TOTAL NACIONAL;12,9454050873856
17017203000780007;PICHINCHA;03;00078;0007;90,1; ;1; ; ;REGIÓN SIERRA; ; ; ;TOTAL NACIONAL;23,1072891414867
17017203003600002;PICHINCHA;03;00360;0002;79; ; ;1; ;REGIÓN SIERRA; ; ; ;TOTAL NACIONAL;42,0518460267581
17017203003600003;PICHINCHA;03;00360;0003;40,2; ;1; ; ;REGIÓN SIERRA; ; ; ;TOTAL NACIONAL;9,24488760713591
17085003003990003;PICHINCHA;03;00399;0003;38; ; ;1; ;REGIÓN SIERRA; ; ; ;TOTAL NACIONAL;68,9065716519499
17085003003990005;PICHINCHA;03;00399;0005;300; ; ;1; ;REGIÓN SIERRA; ; ; ;TOTAL NACIONAL;2,19484485470857
17085003004270001;PICHINCHA;03;00427;0001;300; ; ;1; ;REGIÓN SIERRA; ; ; ;TOTAL NACIONAL;3,65869608867282
17085003004270007;PICHINCHA;03;00427;0007;19,25; ;1; ; ;REGIÓN SIERRA; ; ; ;TOTAL NACIONAL;7,51360277556604
17016903004730001;PICHINCHA;03;00473;0001;150; ;2; ; ;REGIÓN SIERRA; ; ; ;TOTAL NACIONAL;23,3199311243611
17025403005790001;PICHINCHA;03;00579;0001;222; ;32; ; ;REGIÓN SIERRA; ; ; ;TOTAL NACIONAL;13,2628875974173
17017603008210001;PICHINCHA;03;00821;0001;45; ;6; ; ;REGIÓN SIERRA; ; ; ;TOTAL NACIONAL;20,4658816330245
17017603008210002;PICHINCHA;03;00821;0002;25; ;16; ; ;REGIÓN SIERRA; ; ; ;TOTAL NACIONAL;17,5064910660017
17017603008210003;PICHINCHA;03;00821;0003;20; ;2;1; ;REGIÓN SIERRA; ; ; ;TOTAL NACIONAL;41,9277735701452
17017603008210004;PICHINCHA;03;00821;0004;6; ;1; ; ;REGIÓN SIERRA; ; ; ;TOTAL NACIONAL;35,6929731288102
17017603008210005;PICHINCHA;03;00821;0005;1000; ;10; ; ;REGIÓN SIERRA; ; ; ;TOTAL NACIONAL;0
17035003008610001;PICHINCHA;03;00861;0001;4; ;1; ; ;REGIÓN SIERRA; ; ; ;TOTAL NACIONAL;13,2139602552393
17035003008610003;PICHINCHA;03;00861;0003;4; ;1;1; ;REGIÓN SIERRA; ; ; ;TOTAL NACIONAL;8,48350195121815
17095004000610001;PICHINCHA;04;00061;0001;35; ; ;1; ;REGIÓN SIERRA; ; ; ;TOTAL NACIONAL;11,5291731310398
17095004000610003;PICHINCHA;04;00061;0003;34; ; ;1; ;REGIÓN SIERRA; ; ; ;TOTAL NACIONAL;0
17095004000610007;PICHINCHA;04;00061;0007;90,2; ;2;1; ;REGIÓN SIERRA; ; ; ;TOTAL NACIONAL;4,68246905483668
17095004000610028;PICHINCHA;04;00061;0028;50; ;2; ; ;REGIÓN SIERRA; ; ; ;TOTAL NACIONAL;23,0685436245135
17075104001120001;PICHINCHA;04;00112;0001;76,5; ;2; ; ;REGIÓN SIERRA; ; ; ;TOTAL NACIONAL;12,3287159545984
17075104001120006;PICHINCHA;04;00112;0006;50; ;5; ; ;REGIÓN SIERRA; ; ; ;TOTAL NACIONAL;33,7896726611964
17095060000990014;PICHINCHA;60;00099;0014;130; ; ;2; ;REGIÓN SIERRA; ; ; ;TOTAL NACIONAL;1
17035661000992415;PICHINCHA;61;00099;2415;74,68; ;6; ; ;REGIÓN SIERRA; ; ; ;TOTAL NACIONAL;1
17015361000992432;PICHINCHA;61;00099;2432;1300; ;4; ; ;REGIÓN SIERRA; ; ; ;TOTAL NACIONAL;1
17017661000992466;PICHINCHA;61;00099;2466;3200; ;30; ; ;REGIÓN SIERRA; ; ; ;TOTAL NACIONAL;1
17095061000992645;PICHINCHA;61;00099;2645;34; ; ;1; ;REGIÓN SIERRA; ; ; ;TOTAL NACIONAL;1
17035061000992738;PICHINCHA;61;00099;2738;40; ;1; ; ;REGIÓN SIERRA; ; ; ;TOTAL NACIONAL;1
17075061000992777;PICHINCHA;61;00099;2777;371; ;3;1; ;REGIÓN SIERRA; ; ; ;TOTAL NACIONAL;1
17035261000992791;PICHINCHA;61;00099;2791;120; ;20; ; ;REGIÓN SIERRA; ; ; ;TOTAL NACIONAL;1
17017661000992865;PICHINCHA;61;00099;2865;400; ;4; ; ;REGIÓN SIERRA; ; ; ;TOTAL NACIONAL;1
17017661000992930;PICHINCHA;61;00099;2930;1000; ;10; ; ;REGIÓN SIERRA; ; ; ;TOTAL NACIONAL;1
17055061000992957;PICHINCHA;61;00099;2957;66; ;5; ; ;REGIÓN SIERRA; ; ; ;TOTAL NACIONAL;1
17075061000993021;PICHINCHA;61;00099;3021;270; ; ;4; ;REGIÓN SIERRA; ; ; ;TOTAL NACIONAL;1
17025661000993065;PICHINCHA;61;00099;3065;67;2; ; ; ;REGIÓN SIERRA; ; ; ;TOTAL NACIONAL;1
17015463000993667;PICHINCHA;63;00099;3667;340; ;13; ; ;REGIÓN SIERRA; ; ; ;TOTAL NACIONAL;,999999999999999
17015463000993668;PICHINCHA;63;00099;3668;100; ;7; ; ;REGIÓN SIERRA; ; ; ;TOTAL NACIONAL;1
17035063000993852;PICHINCHA;63;00099;3852;180; ;50; ; ;REGIÓN SIERRA; ; ; ;TOTAL NACIONAL;1
17085064000991492;PICHINCHA;64;00099;1492;80; ;3; ; ;REGIÓN SIERRA; ; ; ;TOTAL NACIONAL;1
17045164000994440;PICHINCHA;64;00099;4440;19,75;1; ; ; ;REGIÓN SIERRA; ; ; ;TOTAL NACIONAL;1
18085501005420001;TUNGURAHUA;01;00542;0001;68,1; ;12; ; ;REGIÓN SIERRA; ; ; ;TOTAL NACIONAL;2,94200781645623
18015301007350005;TUNGURAHUA;01;00735;0005;,43;1; ; ; ;REGIÓN SIERRA; ; ; ;TOTAL NACIONAL;16,3268661010583
18015301007350009;TUNGURAHUA;01;00735;0009;,69;1; ; ; ;REGIÓN SIERRA; ; ; ;TOTAL NACIONAL;24,3700038200894
18085001008810010;TUNGURAHUA;01;00881;0010;333; ;24; ; ;REGIÓN SIERRA; ; ; ;TOTAL NACIONAL;,021750785826175
18085001008810012;TUNGURAHUA;01;00881;0012;68; ;4; ; ;REGIÓN SIERRA; ; ; ;TOTAL NACIONAL;5,22971691957172
18085301012690003;TUNGURAHUA;01;01269;0003;8,04;1;2; ; ;REGIÓN SIERRA; ; ; ;TOTAL NACIONAL;18,8051964549573
18085301012880001;TUNGURAHUA;01;01288;0001;800; ;10; ; ;REGIÓN SIERRA; ; ; ;TOTAL NACIONAL;,408662561676119
18015401014030006;TUNGURAHUA;01;01403;0006;,35;2; ; ; ;REGIÓN SIERRA; ; ; ;TOTAL NACIONAL;78,6318696076634
18085101023730001;TUNGURAHUA;01;02373;0001;44; ;2; ; ;REGIÓN SIERRA; ; ; ;TOTAL NACIONAL;16,729055063092
18055301023770001;TUNGURAHUA;01;02377;0001;3,5; ; ;1; ;REGIÓN SIERRA; ; ; ;TOTAL NACIONAL;6,37934633072573
18055301023770002;TUNGURAHUA;01;02377;0002;6,3; ;1; ; ;REGIÓN SIERRA; ; ; ;TOTAL NACIONAL;36,8636382595214
18055301023770003;TUNGURAHUA;01;02377;0003;4,35;1; ; ; ;REGIÓN SIERRA; ; ; ;TOTAL NACIONAL;75,7906955313543
18055301023770005;TUNGURAHUA;01;02377;0005;2;1; ; ; ;REGIÓN SIERRA; ; ; ;TOTAL NACIONAL;59,9331409122541
18016501030290006;TUNGURAHUA;01;03029;0006;,25;1; ; ; ;REGIÓN SIERRA; ; ; ;TOTAL NACIONAL;60,2995443938137
18016501030290008;TUNGURAHUA;01;03029;0008;,35;1; ; ; ;REGIÓN SIERRA; ; ; ;TOTAL NACIONAL;50,9226063147161
18016501030290010;TUNGURAHUA;01;03029;0010;,13;1; ; ; ;REGIÓN SIERRA; ; ; ;TOTAL NACIONAL;53,3499574798365
18016501030290012;TUNGURAHUA;01;03029;0012;,22;1; ; ; ;REGIÓN SIERRA; ; ; ;TOTAL NACIONAL;40,328175405427
18016501030290031;TUNGURAHUA;01;03029;0031;,51; ;1; ; ;REGIÓN SIERRA; ; ; ;TOTAL NACIONAL;49,2899921621885
18015901032730002;TUNGURAHUA;01;03273;0002;,23; ;1; ; ;REGIÓN SIERRA; ; ; ;TOTAL NACIONAL;53,2252262420862
18015901032730027;TUNGURAHUA;01;03273;0027;,17; ;1; ; ;REGIÓN SIERRA; ; ; ;TOTAL NACIONAL;32,2527434398079
18016101033750001;TUNGURAHUA;01;03375;0001;1; ;1; ; ;REGIÓN SIERRA; ; ; ;TOTAL NACIONAL;69,211000498889
18016101033750003;TUNGURAHUA;01;03375;0003;5,5; ;1; ; ;REGIÓN SIERRA; ; ; ;TOTAL NACIONAL;1,08136611927826
18016001036090016;TUNGURAHUA;01;03609;0016;,31;2; ; ; ;REGIÓN SIERRA; ; ; ;TOTAL NACIONAL;11,8616795297531
18016101036780001;TUNGURAHUA;01;03678;0001;10,96; ;2; ; ;REGIÓN SIERRA; ; ; ;TOTAL NACIONAL;17,228294568446
18016101036780009;TUNGURAHUA;01;03678;0009;,31;1; ; ; ;REGIÓN SIERRA; ; ; ;TOTAL NACIONAL;56,353530861994
18016101038830007;TUNGURAHUA;01;03883;0007;1,62;1; ;1; ;REGIÓN SIERRA; ; ; ;TOTAL NACIONAL;48,4983797020288
18016001041740005;TUNGURAHUA;01;04174;0005;,54; ;1; ; ;REGIÓN SIERRA; ; ; ;TOTAL NACIONAL;44,0435401940894
18016001041740006;TUNGURAHUA;01;04174;0006;1,09; ;4; ; ;REGIÓN SIERRA; ; ; ;TOTAL NACIONAL;64,7613951781861
18016001042550007;TUNGURAHUA;01;04255;0007;,77;2; ; ; ;REGIÓN SIERRA; ; ; ;TOTAL NACIONAL;59,5235711578205
18016501042710021;TUNGURAHUA;01;04271;0021;,75; ; ; ;1;REGIÓN SIERRA; ; ; ;TOTAL NACIONAL;69,7998632371098
18016101046530013;TUNGURAHUA;01;04653;0013;2,34; ;2; ; ;REGIÓN SIERRA; ; ; ;TOTAL NACIONAL;37,1883875514583
18016101046530014;TUNGURAHUA;01;04653;0014;2,2; ;3; ; ;REGIÓN SIERRA; ; ; ;TOTAL NACIONAL;10,1088103394577
18016101046530020;TUNGURAHUA;01;04653;0020;,23;2; ; ; ;REGIÓN SIERRA; ; ; ;TOTAL NACIONAL;8,07908297848877
18016101046530024;TUNGURAHUA;01;04653;0024;2,06; ;2; ; ;REGIÓN SIERRA; ; ; ;TOTAL NACIONAL;7,47353841981461
18016101048540001;TUNGURAHUA;01;04854;0001;61,49; ;5; ; ;REGIÓN SIERRA; ; ; ;TOTAL NACIONAL;9,30150092365053
18035001051530008;TUNGURAHUA;01;05153;0008;32,81; ;10; ; ;REGIÓN SIERRA; ; ; ;TOTAL NACIONAL;16,4139331234444
18025401053010001;TUNGURAHUA;01;05301;0001;54,32; ;6; ; ;REGIÓN SIERRA; ; ; ;TOTAL NACIONAL;3,38046816154635
18025401053010006;TUNGURAHUA;01;05301;0006;2,74; ;1; ; ;REGIÓN SIERRA; ; ; ;TOTAL NACIONAL;4,99315484841755
18025401053010007;TUNGURAHUA;01;05301;0007;7,5;1; ; ; ;REGIÓN SIERRA; ; ; ;TOTAL NACIONAL;19,7142520863918
18016501056150042;TUNGURAHUA;01;05615;0042;,39;12; ; ; ;REGIÓN SIERRA; ; ; ;TOTAL NACIONAL;28,5707476692332
18016501056150049;TUNGURAHUA;01;05615;0049;,35;1;1; ; ;REGIÓN SIERRA; ; ; ;TOTAL NACIONAL;18,9370778989748
18016501056150058;TUNGURAHUA;01;05615;0058;,35;1; ; ; ;REGIÓN SIERRA; ; ; ;TOTAL NACIONAL;69,5792733859668
18016501057900004;TUNGURAHUA;01;05790;0004;,65;1; ; ; ;REGIÓN SIERRA; ; ; ;TOTAL NACIONAL;55,604748135588
18025401058990002;TUNGURAHUA;01;05899;0002;7,83; ;1; ; ;REGIÓN SIERRA; ; ; ;TOTAL NACIONAL;12,2794635137721
18016101065810005;TUNGURAHUA;01;06581;0005;3,29; ;2; ; ;REGIÓN SIERRA; ; ; ;TOTAL NACIONAL;64,3453356809698
18045001067340009;TUNGURAHUA;01;06734;0009;1,3; ;1; ; ;REGIÓN SIERRA; ; ; ;TOTAL NACIONAL;39,3833412528038
18045001067340020;TUNGURAHUA;01;06734;0020;71,96;2;15;3;8;REGIÓN SIERRA; ; ; ;TOTAL NACIONAL;,21567265997465
18065001069310004;TUNGURAHUA;01;06931;0004;,87;1; ; ; ;REGIÓN SIERRA; ; ; ;TOTAL NACIONAL;63,6768940551191
18065001069310007;TUNGURAHUA;01;06931;0007;1,93; ;1; ; ;REGIÓN SIERRA; ; ; ;TOTAL NACIONAL;19,2117739637161
18065001069310008;TUNGURAHUA;01;06931;0008;1,27; ;3; ; ;REGIÓN SIERRA; ; ; ;TOTAL NACIONAL;5,87832357226574
18065001069310028;TUNGURAHUA;01;06931;0028;2,83; ;4; ; ;REGIÓN SIERRA; ; ; ;TOTAL NACIONAL;2,07385110398151
18065001069310037;TUNGURAHUA;01;06931;0037;1,15;1; ; ; ;REGIÓN SIERRA; ; ; ;TOTAL NACIONAL;6,1844811250826
18065001069310038;TUNGURAHUA;01;06931;0038;1,25;1; ; ; ;REGIÓN SIERRA; ; ; ;TOTAL NACIONAL;9,14961836808909
18025101070330003;TUNGURAHUA;01;07033;0003;20,13; ;1; ; ;REGIÓN SIERRA; ; ; ;TOTAL NACIONAL;14,3446924026606
18025101070340003;TUNGURAHUA;01;07034;0003;20,67; ;1; ; ;REGIÓN SIERRA; ; ; ;TOTAL NACIONAL;9,43611150156595
18045001074700008;TUNGURAHUA;01;07470;0008;3,81;1; ; ; ;REGIÓN SIERRA; ; ; ;TOTAL NACIONAL;11,3427774451695
18025201076170008;TUNGURAHUA;01;07617;0008;2,26; ;2; ; ;REGIÓN SIERRA; ; ; ;TOTAL NACIONAL;52,3404594114774
18075001076730011;TUNGURAHUA;01;07673;0011;2,34; ;1; ; ;REGIÓN SIERRA; ; ; ;TOTAL NACIONAL;21,6615367188833
18075201076920007;TUNGURAHUA;01;07692;0007;1,02; ; ; ;1;REGIÓN SIERRA; ; ; ;TOTAL NACIONAL;11,3089870096224
18025001079490009;TUNGURAHUA;01;07949;0009;,51;1; ; ; ;REGIÓN SIERRA; ; ; ;TOTAL NACIONAL;19,2567095875703
18075701079790013;TUNGURAHUA;01;07979;0013;5,36; ;1; ; ;REGIÓN SIERRA; ; ; ;TOTAL NACIONAL;7,58661259959059
18075701079790016;TUNGURAHUA;01;07979;0016;1,39; ;1; ; ;REGIÓN SIERRA; ; ; ;TOTAL NACIONAL;40,3119143894744
18075701079790020;TUNGURAHUA;01;07979;0020;,64; ;1; ; ;REGIÓN SIERRA; ; ; ;TOTAL NACIONAL;7,07453150779199
18045001080460014;TUNGURAHUA;01;08046;0014;,48; ;4; ; ;REGIÓN SIERRA; ; ; ;TOTAL NACIONAL;44,3691715951116
18065001084410001;TUNGURAHUA;01;08441;0001;,37; ;2; ; ;REGIÓN SIERRA; ; ; ;TOTAL NACIONAL;51,1408720400799
18065001084410004;TUNGURAHUA;01;08441;0004;1,69;1; ; ; ;REGIÓN SIERRA; ; ; ;TOTAL NACIONAL;19,4932536945556
18065001084410008;TUNGURAHUA;01;08441;0008;30,41; ;2; ; ;REGIÓN SIERRA; ; ; ;TOTAL NACIONAL;,077026146473404
18065001088280020;TUNGURAHUA;01;08828;0020;1,25;1; ; ; ;REGIÓN SIERRA; ; ; ;TOTAL NACIONAL;36,6926915104717
18065001088280025;TUNGURAHUA;01;08828;0025;1,15; ;1; ; ;REGIÓN SIERRA; ; ; ;TOTAL NACIONAL;7,55564943340358
18065001088280026;TUNGURAHUA;01;08828;0026;,3;1; ; ; ;REGIÓN SIERRA; ; ; ;TOTAL NACIONAL;22,5730716317987
18065001089050001;TUNGURAHUA;01;08905;0001;,88; ;1; ; ;REGIÓN SIERRA; ; ; ;TOTAL NACIONAL;60,7301874468156
18065001089050003;TUNGURAHUA;01;08905;0003;8,71; ;1; ; ;REGIÓN SIERRA; ; ; ;TOTAL NACIONAL;2,87407684198612
18065101090900001;TUNGURAHUA;01;09090;0001;,35; ;1; ; ;REGIÓN SIERRA; ; ; ;TOTAL NACIONAL;1,00947897980715
18065101090900009;TUNGURAHUA;01;09090;0009;8,57; ;3; ; ;REGIÓN SIERRA; ; ; ;TOTAL NACIONAL;1,15436336080631
18065101090900013;TUNGURAHUA;01;09090;0013;2,65; ;1; ; ;REGIÓN SIERRA; ; ; ;TOTAL NACIONAL;27,5370487185618
18065201092320008;TUNGURAHUA;01;09232;0008;,3; ;1; ; ;REGIÓN SIERRA; ; ; ;TOTAL NACIONAL;24,514137694823
18065201092320010;TUNGURAHUA;01;09232;0010;,17; ;1; ; ;REGIÓN SIERRA; ; ; ;TOTAL NACIONAL;13,547691755146
18065201092320015;TUNGURAHUA;01;09232;0015;1,51; ;3; ; ;REGIÓN SIERRA; ; ; ;TOTAL NACIONAL;8,7831108931099
18065001092610003;TUNGURAHUA;01;09261;0003;4,42; ;1; ; ;REGIÓN SIERRA; ; ; ;TOTAL NACIONAL;32,6494634343861
18065001092610004;TUNGURAHUA;01;09261;0004;4,92; ;1; ; ;REGIÓN SIERRA; ; ; ;TOTAL NACIONAL;2,90441784163123
18065001092610005;TUNGURAHUA;01;09261;0005;5,48; ;1; ; ;REGIÓN SIERRA; ; ; ;TOTAL NACIONAL;11,8608322009039
18065201092880003;TUNGURAHUA;01;09288;0003;6; ;1; ; ;REGIÓN SIERRA; ; ; ;TOTAL NACIONAL;17,326740828872
18065001094120001;TUNGURAHUA;01;09412;0001;3,3; ; ;1; ;REGIÓN SIERRA; ; ; ;TOTAL NACIONAL;55,2480141431771
18065001094120002;TUNGURAHUA;01;09412;0002;102,6;2;2; ; ;REGIÓN SIERRA; ; ; ;TOTAL NACIONAL;1,94999402310123
18055103001100009;TUNGURAHUA;03;00110;0009;10,7; ; ;1; ;REGIÓN SIERRA; ; ; ;TOTAL NACIONAL;14,1427529320045
18016403001120001;TUNGURAHUA;03;00112;0001;2,4;1; ; ; ;REGIÓN SIERRA; ; ; ;TOTAL NACIONAL;10,8744325594419
18016403001120003;TUNGURAHUA;03;00112;0003;,35;2; ; ; ;REGIÓN SIERRA; ; ; ;TOTAL NACIONAL;3,97096244159353
18016403001120006;TUNGURAHUA;03;00112;0006;,41;1; ; ; ;REGIÓN SIERRA; ; ; ;TOTAL NACIONAL;4,0120739307524
18016403001120016;TUNGURAHUA;03;00112;0016;,9;2; ; ; ;REGIÓN SIERRA; ; ; ;TOTAL NACIONAL;15,2566114882086
18016403001120018;TUNGURAHUA;03;00112;0018;3,13;1; ; ; ;REGIÓN SIERRA; ; ; ;TOTAL NACIONAL;13,3211200117355
18016403001120019;TUNGURAHUA;03;00112;0019;,42;1; ; ; ;REGIÓN SIERRA; ; ; ;TOTAL NACIONAL;2,56885078280269
18016403001120021;TUNGURAHUA;03;00112;0021;3,65; ;1; ; ;REGIÓN SIERRA; ; ; ;TOTAL NACIONAL;14,7367336876833
18016403001120032;TUNGURAHUA;03;00112;0032;12,03; ;2; ; ;REGIÓN SIERRA; ; ; ;TOTAL NACIONAL;7,47858313283904
18016403001120035;TUNGURAHUA;03;00112;0035;3,5; ;1; ; ;REGIÓN SIERRA; ; ; ;TOTAL NACIONAL;2,61339440228775
18016403001120038;TUNGURAHUA;03;00112;0038;5,65; ;1; ; ;REGIÓN SIERRA; ; ; ;TOTAL NACIONAL;3,22231248940762
18055103001260001;TUNGURAHUA;03;00126;0001;12,1; ;3; ; ;REGIÓN SIERRA; ; ; ;TOTAL NACIONAL;5,86655532432821
18015703001580021;TUNGURAHUA;03;00158;0021;,4;1; ; ; ;REGIÓN SIERRA; ; ; ;TOTAL NACIONAL;104,331579488757
18016103001770003;TUNGURAHUA;03;00177;0003;1,36; ;1; ; ;REGIÓN SIERRA; ; ; ;TOTAL NACIONAL;67,0494686478332
18016103001770004;TUNGURAHUA;03;00177;0004;2,19; ;1; ; ;REGIÓN SIERRA; ; ; ;TOTAL NACIONAL;93,830068509841
18016103001770009;TUNGURAHUA;03;00177;0009;,61; ;1; ; ;REGIÓN SIERRA; ; ; ;TOTAL NACIONAL;114,882508005074
18016103001770012;TUNGURAHUA;03;00177;0012;3,17; ;2; ; ;REGIÓN SIERRA; ; ; ;TOTAL NACIONAL;83,3253619090432
18016103001770025;TUNGURAHUA;03;00177;0025;3,55;1; ; ; ;REGIÓN SIERRA; ; ; ;TOTAL NACIONAL;,85879395810965
18016103001770026;TUNGURAHUA;03;00177;0026;13,4; ;2; ; ;REGIÓN SIERRA; ; ; ;TOTAL NACIONAL;10,5334540660668
18016103001770027;TUNGURAHUA;03;00177;0027;6,1; ;1; ; ;REGIÓN SIERRA; ; ; ;TOTAL NACIONAL;20,2388979554928
18016104000310003;TUNGURAHUA;04;00031;0003;1,7;1; ; ; ;REGIÓN SIERRA; ; ; ;TOTAL NACIONAL;4,42578457473795
18016104000310010;TUNGURAHUA;04;00031;0010;1,4; ;2; ; ;REGIÓN SIERRA; ; ; ;TOTAL NACIONAL;2,56631989533196
18016104000310018;TUNGURAHUA;04;00031;0018;3,42;1; ; ; ;REGIÓN SIERRA; ; ; ;TOTAL NACIONAL;3,36527976296291
18065204000510007;TUNGURAHUA;04;00051;0007;1,51; ;3; ; ;REGIÓN SIERRA; ; ; ;TOTAL NACIONAL;29,0432822128592
18065204000510009;TUNGURAHUA;04;00051;0009;,1; ;1; ; ;REGIÓN SIERRA; ; ; ;TOTAL NACIONAL;50,7939912150667
18065204000510020;TUNGURAHUA;04;00051;0020;2,68; ;1; ; ;REGIÓN SIERRA; ; ; ;TOTAL NACIONAL;34,2450537541256
18065204000510021;TUNGURAHUA;04;00051;0021;105; ;1; ; ;REGIÓN SIERRA; ; ; ;TOTAL NACIONAL;4,18603265724356
18055161000992970;TUNGURAHUA;61;00099;2970;351; ;6;1; ;REGIÓN SIERRA; ; ; ;TOTAL NACIONAL;1
19045201000030001;ZAMORA CHINCHIPE;01;00003;0001;37,01; ; ;1; ; ; ;REGIÓN AMAZÓNICA; ;TOTAL NACIONAL;15,6465359967644
19045201001040001;ZAMORA CHINCHIPE;01;00104;0001;17,01; ; ;1; ; ; ;REGIÓN AMAZÓNICA; ;TOTAL NACIONAL;10,3168938916563
19045201001040003;ZAMORA CHINCHIPE;01;00104;0003;25,01; ;1;1; ; ; ;REGIÓN AMAZÓNICA; ;TOTAL NACIONAL;,400717791604225
19045201002260001;ZAMORA CHINCHIPE;01;00226;0001;20,06; ; ;2; ; ; ;REGIÓN AMAZÓNICA; ;TOTAL NACIONAL;28,8785434679247
19045201002380001;ZAMORA CHINCHIPE;01;00238;0001;56,01; ; ;1; ; ; ;REGIÓN AMAZÓNICA; ;TOTAL NACIONAL;10,2967766947614
19045001004800001;ZAMORA CHINCHIPE;01;00480;0001;13,4; ; ;1; ; ; ;REGIÓN AMAZÓNICA; ;TOTAL NACIONAL;42,9775047944701
19045001005350001;ZAMORA CHINCHIPE;01;00535;0001;19,51; ; ;1; ; ; ;REGIÓN AMAZÓNICA; ;TOTAL NACIONAL;29,6926489987991
19045001006340001;ZAMORA CHINCHIPE;01;00634;0001;80,03; ;1; ; ; ; ;REGIÓN AMAZÓNICA; ;TOTAL NACIONAL;7,23858030696701
19055101009500001;ZAMORA CHINCHIPE;01;00950;0001;53,01; ;1; ; ; ; ;REGIÓN AMAZÓNICA; ;TOTAL NACIONAL;9,9599563215305
19055001011020001;ZAMORA CHINCHIPE;01;01102;0001;70,25; ;2; ; ; ; ;REGIÓN AMAZÓNICA; ;TOTAL NACIONAL;8,2463143340437
19015301013950001;ZAMORA CHINCHIPE;01;01395;0001;70,01; ;1; ; ; ; ;REGIÓN AMAZÓNICA; ;TOTAL NACIONAL;,575543243522469
19015301013950002;ZAMORA CHINCHIPE;01;01395;0002;13,03; ;1; ; ; ; ;REGIÓN AMAZÓNICA; ;TOTAL NACIONAL;40,2790615386631
19015301014000001;ZAMORA CHINCHIPE;01;01400;0001;28,01; ;2; ; ; ; ;REGIÓN AMAZÓNICA; ;TOTAL NACIONAL;20,6820272033763
19015301014480001;ZAMORA CHINCHIPE;01;01448;0001;5,06; ;1; ; ; ; ;REGIÓN AMAZÓNICA; ;TOTAL NACIONAL;13,3250000463325
19015301014480003;ZAMORA CHINCHIPE;01;01448;0003;48,27; ;4; ; ; ; ;REGIÓN AMAZÓNICA; ;TOTAL NACIONAL;9,10926646209983
19015301016920001;ZAMORA CHINCHIPE;01;01692;0001;267,5; ;1; ; ; ; ;REGIÓN AMAZÓNICA; ;TOTAL NACIONAL;1,42151353720694
19015201017270002;ZAMORA CHINCHIPE;01;01727;0002;30,01; ;1; ; ; ; ;REGIÓN AMAZÓNICA; ;TOTAL NACIONAL;14,6109590533321
19065302000010001;ZAMORA CHINCHIPE;02;00001;0001;124,41; ;4; ; ; ; ;REGIÓN AMAZÓNICA; ;TOTAL NACIONAL;16,5183383681274
19065102001040005;ZAMORA CHINCHIPE;02;00104;0005;18,9; ;1; ; ; ; ;REGIÓN AMAZÓNICA; ;TOTAL NACIONAL;34,9238230130415
19055002005520001;ZAMORA CHINCHIPE;02;00552;0001;42; ;2; ; ; ; ;REGIÓN AMAZÓNICA; ;TOTAL NACIONAL;54,8950824319486
19055002005600001;ZAMORA CHINCHIPE;02;00560;0001;40,26; ;1; ; ; ; ;REGIÓN AMAZÓNICA; ;TOTAL NACIONAL;30,562618755623
19055002005600002;ZAMORA CHINCHIPE;02;00560;0002;30,77; ;1;1; ; ; ;REGIÓN AMAZÓNICA; ;TOTAL NACIONAL;12,4507215984919
19055002005600003;ZAMORA CHINCHIPE;02;00560;0003;22,05; ;1;1; ; ; ;REGIÓN AMAZÓNICA; ;TOTAL NACIONAL;23,333689278697
19055002005600004;ZAMORA CHINCHIPE;02;00560;0004;36,18; ;1; ; ; ; ;REGIÓN AMAZÓNICA; ;TOTAL NACIONAL;6,04116771604326
19045203000350001;ZAMORA CHINCHIPE;03;00035;0001;61,34; ;1;1; ; ; ;REGIÓN AMAZÓNICA; ;TOTAL NACIONAL;32,353098025457
19045203000350002;ZAMORA CHINCHIPE;03;00035;0002;60,02; ;1; ; ; ; ;REGIÓN AMAZÓNICA; ;TOTAL NACIONAL;27,0787432646525
19045203000350003;ZAMORA CHINCHIPE;03;00035;0003;37,52; ;3; ; ; ; ;REGIÓN AMAZÓNICA; ;TOTAL NACIONAL;19,7381891447308
19045203000350005;ZAMORA CHINCHIPE;03;00035;0005;2,82; ;1; ; ; ; ;REGIÓN AMAZÓNICA; ;TOTAL NACIONAL;101,055768590551
19045203000350006;ZAMORA CHINCHIPE;03;00035;0006;21,51;2; ;1; ; ; ;REGIÓN AMAZÓNICA; ;TOTAL NACIONAL;34,759126542246
19045203000350007;ZAMORA CHINCHIPE;03;00035;0007;17,46; ; ;1; ; ; ;REGIÓN AMAZÓNICA; ;TOTAL NACIONAL;65,0230207472213
19045203000350008;ZAMORA CHINCHIPE;03;00035;0008;41,46; ;1; ; ; ; ;REGIÓN AMAZÓNICA; ;TOTAL NACIONAL;47,6701594184706
19055303003630002;ZAMORA CHINCHIPE;03;00363;0002;88;1; ; ; ; ; ;REGIÓN AMAZÓNICA; ;TOTAL NACIONAL;51,9003035239131
19045103003750001;ZAMORA CHINCHIPE;03;00375;0001;27,52; ;1; ; ; ; ;REGIÓN AMAZÓNICA; ;TOTAL NACIONAL;173,399321504302
19045103003750008;ZAMORA CHINCHIPE;03;00375;0008;32,01; ;1; ; ; ; ;REGIÓN AMAZÓNICA; ;TOTAL NACIONAL;29,3532399280029
19015303004800002;ZAMORA CHINCHIPE;03;00480;0002;51,29; ; ;1; ; ; ;REGIÓN AMAZÓNICA; ;TOTAL NACIONAL;68,1156701713003
19015303004800003;ZAMORA CHINCHIPE;03;00480;0003;57,17; ;3; ; ; ; ;REGIÓN AMAZÓNICA; ;TOTAL NACIONAL;63,4636803937341
19085003005930001;ZAMORA CHINCHIPE;03;00593;0001;37; ; ;1; ; ; ;REGIÓN AMAZÓNICA; ;TOTAL NACIONAL;40,5604805794064
19085003005930004;ZAMORA CHINCHIPE;03;00593;0004;4;1; ; ; ; ; ;REGIÓN AMAZÓNICA; ;TOTAL NACIONAL;30,3352908569366
19085003005930005;ZAMORA CHINCHIPE;03;00593;0005;103; ; ;1; ; ; ;REGIÓN AMAZÓNICA; ;TOTAL NACIONAL;58,3349741427373
19085203006410002;ZAMORA CHINCHIPE;03;00641;0002;54,05; ; ;2; ; ; ;REGIÓN AMAZÓNICA; ;TOTAL NACIONAL;62,2093906499923
19025903006790002;ZAMORA CHINCHIPE;03;00679;0002;101,51; ; ;1; ; ; ;REGIÓN AMAZÓNICA; ;TOTAL NACIONAL;44,1103784399941
19045204000150001;ZAMORA CHINCHIPE;04;00015;0001;67,01; ;1;1; ; ; ;REGIÓN AMAZÓNICA; ;TOTAL NACIONAL;28,007622721366
19045204000150002;ZAMORA CHINCHIPE;04;00015;0002;53,01; ;1; ; ; ; ;REGIÓN AMAZÓNICA; ;TOTAL NACIONAL;29,4654674744647
19045204000150003;ZAMORA CHINCHIPE;04;00015;0003;91,01; ;1;1; ; ; ;REGIÓN AMAZÓNICA; ;TOTAL NACIONAL;20,92277064049
19015204000790002;ZAMORA CHINCHIPE;04;00079;0002;15,14; ;1; ; ; ; ;REGIÓN AMAZÓNICA; ;TOTAL NACIONAL;7,59170239231659
19015304000950001;ZAMORA CHINCHIPE;04;00095;0001;142,03; ;1; ; ; ; ;REGIÓN AMAZÓNICA; ;TOTAL NACIONAL;16,3203163893357
19015504001070001;ZAMORA CHINCHIPE;04;00107;0001;115,86; ; ;1; ; ; ;REGIÓN AMAZÓNICA; ;TOTAL NACIONAL;39,155618764711
19015504001070002;ZAMORA CHINCHIPE;04;00107;0002;2152,57; ;3; ; ; ; ;REGIÓN AMAZÓNICA; ;TOTAL NACIONAL;1,65263843840838
19015504001070003;ZAMORA CHINCHIPE;04;00107;0003;53,85; ;1; ; ; ; ;REGIÓN AMAZÓNICA; ;TOTAL NACIONAL;3,27328544575996
19015504001070005;ZAMORA CHINCHIPE;04;00107;0005;100,09; ;1; ; ; ; ;REGIÓN AMAZÓNICA; ;TOTAL NACIONAL;,117144960613612
19015504001070007;ZAMORA CHINCHIPE;04;00107;0007;108,11; ; ;1; ; ; ;REGIÓN AMAZÓNICA; ;TOTAL NACIONAL;2,24201015681874
19095004001130002;ZAMORA CHINCHIPE;04;00113;0002;64,5; ;2; ; ; ; ;REGIÓN AMAZÓNICA; ;TOTAL NACIONAL;26,8522209449856
19095004001130003;ZAMORA CHINCHIPE;04;00113;0003;100,2; ; ; ;2; ; ;REGIÓN AMAZÓNICA; ;TOTAL NACIONAL;12,5064367759738
19035004001190002;ZAMORA CHINCHIPE;04;00119;0002;6,55; ; ; ;9; ; ;REGIÓN AMAZÓNICA; ;TOTAL NACIONAL;21,1992158494513
21055001001140002;SUCUMBÍOS;01;00114;0002;105; ;3; ; ; ; ;REGIÓN AMAZÓNICA; ;TOTAL NACIONAL;,270465241683329
21065001004680001;SUCUMBÍOS;01;00468;0001;44; ; ; ;4; ; ;REGIÓN AMAZÓNICA; ;TOTAL NACIONAL;4,39290896228684
21025001005200001;SUCUMBÍOS;01;00520;0001;6; ;3; ; ; ; ;REGIÓN AMAZÓNICA; ;TOTAL NACIONAL;1,94836187615953
21025001005200004;SUCUMBÍOS;01;00520;0004;55; ;2; ; ; ; ;REGIÓN AMAZÓNICA; ;TOTAL NACIONAL;,773738811793504
21025001009890002;SUCUMBÍOS;01;00989;0002;36; ;2; ; ; ; ;REGIÓN AMAZÓNICA; ;TOTAL NACIONAL;9,6574386785285
21025101011020001;SUCUMBÍOS;01;01102;0001;55; ;2; ; ; ; ;REGIÓN AMAZÓNICA; ;TOTAL NACIONAL;8,30263372130939
21025101011020002;SUCUMBÍOS;01;01102;0002;42,6; ;1; ; ; ; ;REGIÓN AMAZÓNICA; ;TOTAL NACIONAL;3,13993603127463
21025101011780001;SUCUMBÍOS;01;01178;0001;54; ; ;1; ; ; ;REGIÓN AMAZÓNICA; ;TOTAL NACIONAL;7,37165473533859
21025001012250001;SUCUMBÍOS;01;01225;0001;50; ;1; ; ; ; ;REGIÓN AMAZÓNICA; ;TOTAL NACIONAL;3,03760768732966
21025201014030001;SUCUMBÍOS;01;01403;0001;61; ;2; ; ; ; ;REGIÓN AMAZÓNICA; ;TOTAL NACIONAL;9,64974325033076
21025101014350001;SUCUMBÍOS;01;01435;0001;62; ;5; ; ; ; ;REGIÓN AMAZÓNICA; ;TOTAL NACIONAL;8,61389346340314
21025201017520003;SUCUMBÍOS;01;01752;0003;11; ; ;1; ; ; ;REGIÓN AMAZÓNICA; ;TOTAL NACIONAL;10,8433580071042
21015302001050008;SUCUMBÍOS;02;00105;0008;4,75; ;1; ; ; ; ;REGIÓN AMAZÓNICA; ;TOTAL NACIONAL;8,3172936907457
21015302002320002;SUCUMBÍOS;02;00232;0002;50; ;2; ; ; ; ;REGIÓN AMAZÓNICA; ;TOTAL NACIONAL;14,499525556507
21015302002320003;SUCUMBÍOS;02;00232;0003;33; ;1; ; ; ; ;REGIÓN AMAZÓNICA; ;TOTAL NACIONAL;22,6089906449897
21015302002710003;SUCUMBÍOS;02;00271;0003;14; ;2; ; ; ; ;REGIÓN AMAZÓNICA; ;TOTAL NACIONAL;40,5772045186528
21015302004300002;SUCUMBÍOS;02;00430;0002;44; ;2; ; ; ; ;REGIÓN AMAZÓNICA; ;TOTAL NACIONAL;8,13193245768297
21015702006350006;SUCUMBÍOS;02;00635;0006;54; ;1; ; ; ; ;REGIÓN AMAZÓNICA; ;TOTAL NACIONAL;13,8712600628296
21015702006360001;SUCUMBÍOS;02;00636;0001;54; ;1; ; ; ; ;REGIÓN AMAZÓNICA; ;TOTAL NACIONAL;41,3266357036367
21015302006930002;SUCUMBÍOS;02;00693;0002;65; ;1; ; ; ; ;REGIÓN AMAZÓNICA; ;TOTAL NACIONAL;4,34700234582362
21015302006930004;SUCUMBÍOS;02;00693;0004;30; ;1; ; ; ; ;REGIÓN AMAZÓNICA; ;TOTAL NACIONAL;13,9906467251937
21065202007540006;SUCUMBÍOS;02;00754;0006;13; ;3; ; ; ; ;REGIÓN AMAZÓNICA; ;TOTAL NACIONAL;59,0817059511505
21065202009720018;SUCUMBÍOS;02;00972;0018;70; ;1; ; ; ; ;REGIÓN AMAZÓNICA; ;TOTAL NACIONAL;1,1272207850258
21065202009720019;SUCUMBÍOS;02;00972;0019;6,26;1; ; ; ; ; ;REGIÓN AMAZÓNICA; ;TOTAL NACIONAL;7,05761225362632
21015602011660001;SUCUMBÍOS;02;01166;0001;80; ;3;4; ; ; ;REGIÓN AMAZÓNICA; ;TOTAL NACIONAL;14,3219002544674
21015202014240002;SUCUMBÍOS;02;01424;0002;42; ;2; ; ; ; ;REGIÓN AMAZÓNICA; ;TOTAL NACIONAL;5,60180714667992
21015202014240003;SUCUMBÍOS;02;01424;0003;51; ;2;1; ; ; ;REGIÓN AMAZÓNICA; ;TOTAL NACIONAL;11,8934054478922
21015002015270003;SUCUMBÍOS;02;01527;0003;32; ;2; ; ; ; ;REGIÓN AMAZÓNICA; ;TOTAL NACIONAL;18,9365089302696
21065302017210003;SUCUMBÍOS;02;01721;0003;10; ;1; ; ; ; ;REGIÓN AMAZÓNICA; ;TOTAL NACIONAL;45,708825697315
21015502019760001;SUCUMBÍOS;02;01976;0001;8; ; ;1; ; ; ;REGIÓN AMAZÓNICA; ;TOTAL NACIONAL;20,2265250903336
21015502019760004;SUCUMBÍOS;02;01976;0004;19; ; ;1; ; ; ;REGIÓN AMAZÓNICA; ;TOTAL NACIONAL;10,407736490024
21015502020030001;SUCUMBÍOS;02;02003;0001;45; ;2; ; ; ; ;REGIÓN AMAZÓNICA; ;TOTAL NACIONAL;5,59483600889739
21015502020030002;SUCUMBÍOS;02;02003;0002;35; ;2; ; ; ; ;REGIÓN AMAZÓNICA; ;TOTAL NACIONAL;11,4514656789517
21015502020030005;SUCUMBÍOS;02;02003;0005;53; ;1; ; ; ; ;REGIÓN AMAZÓNICA; ;TOTAL NACIONAL;9,41671330962214
21015502020030006;SUCUMBÍOS;02;02003;0006;46,5; ;1; ; ; ; ;REGIÓN AMAZÓNICA; ;TOTAL NACIONAL;6,30982049849071
21015202022280001;SUCUMBÍOS;02;02228;0001;16; ;2; ; ; ; ;REGIÓN AMAZÓNICA; ;TOTAL NACIONAL;1,93622462734172
21015202023170006;SUCUMBÍOS;02;02317;0006;34; ;2; ; ; ; ;REGIÓN AMAZÓNICA; ;TOTAL NACIONAL;22,6973927821158
21015502023720002;SUCUMBÍOS;02;02372;0002;63; ;1; ; ; ; ;REGIÓN AMAZÓNICA; ;TOTAL NACIONAL;28,259834101436
21015202024120003;SUCUMBÍOS;02;02412;0003;21; ;1; ; ; ; ;REGIÓN AMAZÓNICA; ;TOTAL NACIONAL;45,9558539602241
21015602027350001;SUCUMBÍOS;02;02735;0001;65; ;1;1; ; ; ;REGIÓN AMAZÓNICA; ;TOTAL NACIONAL;21,2550538174562
21015502028990001;SUCUMBÍOS;02;02899;0001;138; ;1; ; ; ; ;REGIÓN AMAZÓNICA; ;TOTAL NACIONAL;9,11830388968894
21015502029020001;SUCUMBÍOS;02;02902;0001;138; ;1; ; ; ; ;REGIÓN AMAZÓNICA; ;TOTAL NACIONAL;16,6104831905131
21075002029370001;SUCUMBÍOS;02;02937;0001;63; ;2; ; ; ; ;REGIÓN AMAZÓNICA; ;TOTAL NACIONAL;2,57769505818926
21075002029370002;SUCUMBÍOS;02;02937;0002;62,5; ;2; ; ; ; ;REGIÓN AMAZÓNICA; ;TOTAL NACIONAL;,0865559229978429
21045502030200002;SUCUMBÍOS;02;03020;0002;50; ;1; ; ; ; ;REGIÓN AMAZÓNICA; ;TOTAL NACIONAL;23,0571662570408
21045002030320003;SUCUMBÍOS;02;03032;0003;5; ;1; ; ; ; ;REGIÓN AMAZÓNICA; ;TOTAL NACIONAL;41,1294283807206
21045402033410002;SUCUMBÍOS;02;03341;0002;32; ;1; ; ; ; ;REGIÓN AMAZÓNICA; ;TOTAL NACIONAL;25,0342760739716
21045502033540007;SUCUMBÍOS;02;03354;0007;12,3; ;1; ; ; ; ;REGIÓN AMAZÓNICA; ;TOTAL NACIONAL;32,8660172329809
21045502033540015;SUCUMBÍOS;02;03354;0015;16; ;1; ; ; ; ;REGIÓN AMAZÓNICA; ;TOTAL NACIONAL;,0776250418897075
21045002037390002;SUCUMBÍOS;02;03739;0002;55; ;2; ; ; ; ;REGIÓN AMAZÓNICA; ;TOTAL NACIONAL;21,9555919793614
21045502038930005;SUCUMBÍOS;02;03893;0005;21,5; ;1; ; ; ; ;REGIÓN AMAZÓNICA; ;TOTAL NACIONAL;50,6090707056329
21045002039440002;SUCUMBÍOS;02;03944;0002;45,2; ;2; ; ; ; ;REGIÓN AMAZÓNICA; ;TOTAL NACIONAL;20,5245681418734
21045002039440004;SUCUMBÍOS;02;03944;0004;131,18; ;3; ; ; ; ;REGIÓN AMAZÓNICA; ;TOTAL NACIONAL;5,84985179480138
21045002039460005;SUCUMBÍOS;02;03946;0005;5,35; ;1; ; ; ; ;REGIÓN AMAZÓNICA; ;TOTAL NACIONAL;40,1927720507875
21045602043500001;SUCUMBÍOS;02;04350;0001;5; ;1; ; ; ; ;REGIÓN AMAZÓNICA; ;TOTAL NACIONAL;29,4811471807333
21045602043500003;SUCUMBÍOS;02;04350;0003;4,75; ;1; ; ; ; ;REGIÓN AMAZÓNICA; ;TOTAL NACIONAL;54,525046606118
21045602043500010;SUCUMBÍOS;02;04350;0010;12,6; ;3; ; ; ; ;REGIÓN AMAZÓNICA; ;TOTAL NACIONAL;57,4797556271008
21045602044300001;SUCUMBÍOS;02;04430;0001;42; ;1; ; ; ; ;REGIÓN AMAZÓNICA; ;TOTAL NACIONAL;1,58311577004098
21045302047220004;SUCUMBÍOS;02;04722;0004;7,75; ;1; ; ; ; ;REGIÓN AMAZÓNICA; ;TOTAL NACIONAL;24,1087896881537
21055103000310001;SUCUMBÍOS;03;00031;0001;55,02; ;1; ; ; ; ;REGIÓN AMAZÓNICA; ;TOTAL NACIONAL;48,3112952781118
21015303004230006;SUCUMBÍOS;03;00423;0006;45,9; ;1; ; ; ; ;REGIÓN AMAZÓNICA; ;TOTAL NACIONAL;23,1074014222432
21015303004230007;SUCUMBÍOS;03;00423;0007;48;1;1; ; ; ; ;REGIÓN AMAZÓNICA; ;TOTAL NACIONAL;24,3825600686416
21015303004230008;SUCUMBÍOS;03;00423;0008;45; ;1;2; ; ; ;REGIÓN AMAZÓNICA; ;TOTAL NACIONAL;5,60335409291373
21015303004230009;SUCUMBÍOS;03;00423;0009;42; ;1; ; ; ; ;REGIÓN AMAZÓNICA; ;TOTAL NACIONAL;8,44536575040209
21015303004230010;SUCUMBÍOS;03;00423;0010;130; ;3;1; ; ; ;REGIÓN AMAZÓNICA; ;TOTAL NACIONAL;31,9999020689037
21015603007660002;SUCUMBÍOS;03;00766;0002;48; ;1; ; ; ; ;REGIÓN AMAZÓNICA; ;TOTAL NACIONAL;1,02296251867124
21015603007660003;SUCUMBÍOS;03;00766;0003;24,7; ;1; ; ; ; ;REGIÓN AMAZÓNICA; ;TOTAL NACIONAL;35,3441379846436
21015603007660004;SUCUMBÍOS;03;00766;0004;130; ; ;5; ; ; ;REGIÓN AMAZÓNICA; ;TOTAL NACIONAL;2,64853593890879
21015603007660005;SUCUMBÍOS;03;00766;0005;19; ;2;2; ; ; ;REGIÓN AMAZÓNICA; ;TOTAL NACIONAL;41,3262852331998
21015603007660010;SUCUMBÍOS;03;00766;0010;30; ;1; ; ; ; ;REGIÓN AMAZÓNICA; ;TOTAL NACIONAL;47,7776484918595
21015303009040012;SUCUMBÍOS;03;00904;0012;40; ;3;1; ; ; ;REGIÓN AMAZÓNICA; ;TOTAL NACIONAL;16,9738155171665
21035003010880007;SUCUMBÍOS;03;01088;0007;50; ;1; ; ; ; ;REGIÓN AMAZÓNICA; ;TOTAL NACIONAL;26,6730254763503
21025403011200005;SUCUMBÍOS;03;01120;0005;40; ; ;1; ; ; ;REGIÓN AMAZÓNICA; ;TOTAL NACIONAL;77,1259925009839
21015603011480001;SUCUMBÍOS;03;01148;0001;53,5; ;1; ; ; ; ;REGIÓN AMAZÓNICA; ;TOTAL NACIONAL;23,7066506194768
21015603011480004;SUCUMBÍOS;03;01148;0004;30,02; ;1; ; ; ; ;REGIÓN AMAZÓNICA; ;TOTAL NACIONAL;41,1897585089065
21015603011480008;SUCUMBÍOS;03;01148;0008;35; ;1; ; ; ; ;REGIÓN AMAZÓNICA; ;TOTAL NACIONAL;32,5938369802544
21015603011480010;SUCUMBÍOS;03;01148;0010;34,03; ;1; ; ; ; ;REGIÓN AMAZÓNICA; ;TOTAL NACIONAL;2,82132177964402
21015603011600004;SUCUMBÍOS;03;01160;0004;55; ;1; ; ; ; ;REGIÓN AMAZÓNICA; ;TOTAL NACIONAL;52,5936024210624
21035503012290005;SUCUMBÍOS;03;01229;0005;51,85;4; ; ; ; ; ;REGIÓN AMAZÓNICA; ;TOTAL NACIONAL;25,3820468552428
21015003012890011;SUCUMBÍOS;03;01289;0011;5; ;2; ; ; ; ;REGIÓN AMAZÓNICA; ;TOTAL NACIONAL;68,3772190297811
21025203015150002;SUCUMBÍOS;03;01515;0002;132; ;2; ; ; ; ;REGIÓN AMAZÓNICA; ;TOTAL NACIONAL;21,2843523169138
21015503017440009;SUCUMBÍOS;03;01744;0009;55,05; ;1; ; ; ; ;REGIÓN AMAZÓNICA; ;TOTAL NACIONAL;26,8817683635284
21015503017440012;SUCUMBÍOS;03;01744;0012;1,5; ;1; ; ; ; ;REGIÓN AMAZÓNICA; ;TOTAL NACIONAL;19,8911905737488
21075003021060005;SUCUMBÍOS;03;02106;0005;22; ;3; ; ; ; ;REGIÓN AMAZÓNICA; ;TOTAL NACIONAL;138,023037549859
21045203021550006;SUCUMBÍOS;03;02155;0006;10; ;2; ; ; ; ;REGIÓN AMAZÓNICA; ;TOTAL NACIONAL;79,5176030484695
21065104001240003;SUCUMBÍOS;04;00124;0003;59; ;1; ; ; ; ;REGIÓN AMAZÓNICA; ;TOTAL NACIONAL;14,0221145038385
21065104001240005;SUCUMBÍOS;04;00124;0005;70; ;1; ; ; ; ;REGIÓN AMAZÓNICA; ;TOTAL NACIONAL;12,3302558439052
21065104001240008;SUCUMBÍOS;04;00124;0008;58; ;1; ; ; ; ;REGIÓN AMAZÓNICA; ;TOTAL NACIONAL;20,1135967055392
21015704001390005;SUCUMBÍOS;04;00139;0005;52; ;1; ; ; ; ;REGIÓN AMAZÓNICA; ;TOTAL NACIONAL;23,5863576924956
21015704001390007;SUCUMBÍOS;04;00139;0007;12; ;2; ; ; ; ;REGIÓN AMAZÓNICA; ;TOTAL NACIONAL;36,8862106269859
21015204002500005;SUCUMBÍOS;04;00250;0005;7; ;2; ; ; ; ;REGIÓN AMAZÓNICA; ;TOTAL NACIONAL;15,9167707395737
21015204002500006;SUCUMBÍOS;04;00250;0006;20; ;1;1; ; ; ;REGIÓN AMAZÓNICA; ;TOTAL NACIONAL;4,48350465316293
21075004002670004;SUCUMBÍOS;04;00267;0004;35; ;2; ; ; ; ;REGIÓN AMAZÓNICA; ;TOTAL NACIONAL;15,3319053773188
21075004002670009;SUCUMBÍOS;04;00267;0009;25; ; ;1; ; ; ;REGIÓN AMAZÓNICA; ;TOTAL NACIONAL;4,52113852226898
21045304003720004;SUCUMBÍOS;04;00372;0004;15,5; ;1; ; ; ; ;REGIÓN AMAZÓNICA; ;TOTAL NACIONAL;39,6198562046168
21045304003720008;SUCUMBÍOS;04;00372;0008;10; ;1; ; ; ; ;REGIÓN AMAZÓNICA; ;TOTAL NACIONAL;12,8212177612864
21045104003770007;SUCUMBÍOS;04;00377;0007;60; ;1; ; ; ; ;REGIÓN AMAZÓNICA; ;TOTAL NACIONAL;36,1891516879217
22045501002510001;ORELLANA;01;00251;0001;46;1; ; ; ; ; ;REGIÓN AMAZÓNICA; ;TOTAL NACIONAL;6,31975928406026
22035102000140003;ORELLANA;02;00014;0003;14; ; ;1; ; ; ;REGIÓN AMAZÓNICA; ;TOTAL NACIONAL;17,6315989694311
22035102000140004;ORELLANA;02;00014;0004;15,02; ;2; ; ; ; ;REGIÓN AMAZÓNICA; ;TOTAL NACIONAL;45,2843116306119
22035002003790006;ORELLANA;02;00379;0006;63,56; ;5; ;15; ; ;REGIÓN AMAZÓNICA; ;TOTAL NACIONAL;3,86829091382967
22016002004310019;ORELLANA;02;00431;0019;76,07; ;10; ; ; ; ;REGIÓN AMAZÓNICA; ;TOTAL NACIONAL;7,45033813786584
22015002007670002;ORELLANA;02;00767;0002;36; ;1; ; ; ; ;REGIÓN AMAZÓNICA; ;TOTAL NACIONAL;31,8405366044199
22035302008020006;ORELLANA;02;00802;0006;11,53; ;1; ; ; ; ;REGIÓN AMAZÓNICA; ;TOTAL NACIONAL;50,4735293146212
22045002012930001;ORELLANA;02;01293;0001;10; ;1; ; ; ; ;REGIÓN AMAZÓNICA; ;TOTAL NACIONAL;36,1568330789523
22045102014220001;ORELLANA;02;01422;0001;35; ;3;1; ; ; ;REGIÓN AMAZÓNICA; ;TOTAL NACIONAL;13,9509351237907
22035303002280006;ORELLANA;03;00228;0006;11,72; ;1; ; ; ; ;REGIÓN AMAZÓNICA; ;TOTAL NACIONAL;27,6689952246735
22015403005060003;ORELLANA;03;00506;0003;48; ;1; ; ; ; ;REGIÓN AMAZÓNICA; ;TOTAL NACIONAL;15,9989874311877
22045003008720003;ORELLANA;03;00872;0003;23,46; ; ;1; ; ; ;REGIÓN AMAZÓNICA; ;TOTAL NACIONAL;74,0958544582921
22045003008720005;ORELLANA;03;00872;0005;28,52; ;1; ; ; ; ;REGIÓN AMAZÓNICA; ;TOTAL NACIONAL;55,5877695919756
22045103009490002;ORELLANA;03;00949;0002;100,2; ;1; ; ; ; ;REGIÓN AMAZÓNICA; ;TOTAL NACIONAL;31,6670060304681
22015204001860005;ORELLANA;04;00186;0005;45,65;1;2; ; ; ; ;REGIÓN AMAZÓNICA; ;TOTAL NACIONAL;34,2955005087394
22045104001930006;ORELLANA;04;00193;0006;50; ; ;1; ; ; ;REGIÓN AMAZÓNICA; ;TOTAL NACIONAL;21,21042240205
22015704002980001;ORELLANA;04;00298;0001;16,2; ; ;2; ; ; ;REGIÓN AMAZÓNICA; ;TOTAL NACIONAL;29,560178147711
22015704002980002;ORELLANA;04;00298;0002;12,54; ; ;1; ; ; ;REGIÓN AMAZÓNICA; ;TOTAL NACIONAL;23,3627241546949
22015704002980003;ORELLANA;04;00298;0003;8,64; ;1;1; ; ; ;REGIÓN AMAZÓNICA; ;TOTAL NACIONAL;37,5315149976515
23015501000990001;SANTO DOMINGO DE LOS TSÁCHILAS;01;00099;0001;1500;1;8;15; ;REGIÓN SIERRA; ; ; ;TOTAL NACIONAL;,398792300062103
23015501004180001;SANTO DOMINGO DE LOS TSÁCHILAS;01;00418;0001;16;1; ; ; ;REGIÓN SIERRA; ; ; ;TOTAL NACIONAL;4,54623222070797
23015501004470001;SANTO DOMINGO DE LOS TSÁCHILAS;01;00447;0001;280; ;5; ; ;REGIÓN SIERRA; ; ; ;TOTAL NACIONAL;1,81573932240181
23015501004470002;SANTO DOMINGO DE LOS TSÁCHILAS;01;00447;0002;162; ;3; ; ;REGIÓN SIERRA; ; ; ;TOTAL NACIONAL;,554206418645976
23015501005280003;SANTO DOMINGO DE LOS TSÁCHILAS;01;00528;0003;16; ;1;3; ;REGIÓN SIERRA; ; ; ;TOTAL NACIONAL;21,1480387540225
23015501006350003;SANTO DOMINGO DE LOS TSÁCHILAS;01;00635;0003;16; ;1;3; ;REGIÓN SIERRA; ; ; ;TOTAL NACIONAL;12,3870704120332
23015501007110001;SANTO DOMINGO DE LOS TSÁCHILAS;01;00711;0001;47; ; ;4; ;REGIÓN SIERRA; ; ; ;TOTAL NACIONAL;2,20042843580366
23015501007110003;SANTO DOMINGO DE LOS TSÁCHILAS;01;00711;0003;22; ;1; ; ;REGIÓN SIERRA; ; ; ;TOTAL NACIONAL;21,0036653673617
23015501007380005;SANTO DOMINGO DE LOS TSÁCHILAS;01;00738;0005;4;1; ; ; ;REGIÓN SIERRA; ; ; ;TOTAL NACIONAL;5,64124941129516
23015501010020001;SANTO DOMINGO DE LOS TSÁCHILAS;01;01002;0001;22; ;4; ; ;REGIÓN SIERRA; ; ; ;TOTAL NACIONAL;33,6677378173642
23015501011620001;SANTO DOMINGO DE LOS TSÁCHILAS;01;01162;0001;50,5; ; ;1; ;REGIÓN SIERRA; ; ; ;TOTAL NACIONAL;14,5165990843976
23015501013970005;SANTO DOMINGO DE LOS TSÁCHILAS;01;01397;0005;47; ;2; ; ;REGIÓN SIERRA; ; ; ;TOTAL NACIONAL;2,41255199966648
23015501014060002;SANTO DOMINGO DE LOS TSÁCHILAS;01;01406;0002;25,5; ;1; ; ;REGIÓN SIERRA; ; ; ;TOTAL NACIONAL;13,3178382821393
23015501014200001;SANTO DOMINGO DE LOS TSÁCHILAS;01;01420;0001;1000; ;8;14; ;REGIÓN SIERRA; ; ; ;TOTAL NACIONAL;0
23015501014760001;SANTO DOMINGO DE LOS TSÁCHILAS;01;01476;0001;1000; ;8;14; ;REGIÓN SIERRA; ; ; ;TOTAL NACIONAL;0
23015001021460001;SANTO DOMINGO DE LOS TSÁCHILAS;01;02146;0001;189; ;3;2; ;REGIÓN SIERRA; ; ; ;TOTAL NACIONAL;3,49677370955028
23015001023730001;SANTO DOMINGO DE LOS TSÁCHILAS;01;02373;0001;47; ;1; ; ;REGIÓN SIERRA; ; ; ;TOTAL NACIONAL;11,9101724480604
23015001023730002;SANTO DOMINGO DE LOS TSÁCHILAS;01;02373;0002;17; ;1; ; ;REGIÓN SIERRA; ; ; ;TOTAL NACIONAL;,21855381934776
23015501024030001;SANTO DOMINGO DE LOS TSÁCHILAS;01;02403;0001;241,5; ;5; ; ;REGIÓN SIERRA; ; ; ;TOTAL NACIONAL;,806942045398265
23015001025340004;SANTO DOMINGO DE LOS TSÁCHILAS;01;02534;0004;96; ;1; ; ;REGIÓN SIERRA; ; ; ;TOTAL NACIONAL;1,25321864990002
23015501027390001;SANTO DOMINGO DE LOS TSÁCHILAS;01;02739;0001;200; ;4; ; ;REGIÓN SIERRA; ; ; ;TOTAL NACIONAL;1,45914779323556
23015001028230001;SANTO DOMINGO DE LOS TSÁCHILAS;01;02823;0001;60; ;1; ; ;REGIÓN SIERRA; ; ; ;TOTAL NACIONAL;2,74546343464977
23015001028230003;SANTO DOMINGO DE LOS TSÁCHILAS;01;02823;0003;50; ;2; ; ;REGIÓN SIERRA; ; ; ;TOTAL NACIONAL;,568810750655246
23015001028320001;SANTO DOMINGO DE LOS TSÁCHILAS;01;02832;0001;6; ; ;1; ;REGIÓN SIERRA; ; ; ;TOTAL NACIONAL;7,43415312699103
23015001028320002;SANTO DOMINGO DE LOS TSÁCHILAS;01;02832;0002;15; ; ;1; ;REGIÓN SIERRA; ; ; ;TOTAL NACIONAL;15,3783172955059
23015001029690001;SANTO DOMINGO DE LOS TSÁCHILAS;01;02969;0001;110; ; ;3; ;REGIÓN SIERRA; ; ; ;TOTAL NACIONAL;4,73179148638838
23015001034540001;SANTO DOMINGO DE LOS TSÁCHILAS;01;03454;0001;40; ;2; ; ;REGIÓN SIERRA; ; ; ;TOTAL NACIONAL;4,35763669547027
23015001034540002;SANTO DOMINGO DE LOS TSÁCHILAS;01;03454;0002;90;1;1;1; ;REGIÓN SIERRA; ; ; ;TOTAL NACIONAL;3,70751293333662
23015001034810001;SANTO DOMINGO DE LOS TSÁCHILAS;01;03481;0001;10;1; ; ; ;REGIÓN SIERRA; ; ; ;TOTAL NACIONAL;21,1113997114543
23015001034810002;SANTO DOMINGO DE LOS TSÁCHILAS;01;03481;0002;50;1; ; ; ;REGIÓN SIERRA; ; ; ;TOTAL NACIONAL;1,80732670388145
23015001034810003;SANTO DOMINGO DE LOS TSÁCHILAS;01;03481;0003;60; ; ;1; ;REGIÓN SIERRA; ; ; ;TOTAL NACIONAL;4,69954570495407
23015001035280001;SANTO DOMINGO DE LOS TSÁCHILAS;01;03528;0001;324; ;10; ; ;REGIÓN SIERRA; ; ; ;TOTAL NACIONAL;1,432390553078
23015001036160001;SANTO DOMINGO DE LOS TSÁCHILAS;01;03616;0001;60;1; ;1; ;REGIÓN SIERRA; ; ; ;TOTAL NACIONAL;,644160340239202
23015001036160002;SANTO DOMINGO DE LOS TSÁCHILAS;01;03616;0002;65; ; ;1; ;REGIÓN SIERRA; ; ; ;TOTAL NACIONAL;2,59664914558386
23015001036160003;SANTO DOMINGO DE LOS TSÁCHILAS;01;03616;0003;20; ;1; ; ;REGIÓN SIERRA; ; ; ;TOTAL NACIONAL;19,2423931318299
23015401037140001;SANTO DOMINGO DE LOS TSÁCHILAS;01;03714;0001;50; ;2; ; ;REGIÓN SIERRA; ; ; ;TOTAL NACIONAL;4,80332032348134
23015001037380001;SANTO DOMINGO DE LOS TSÁCHILAS;01;03738;0001;324; ;100; ; ;REGIÓN SIERRA; ; ; ;TOTAL NACIONAL;1,54874600194386
23015001040060002;SANTO DOMINGO DE LOS TSÁCHILAS;01;04006;0002;80; ;1;1; ;REGIÓN SIERRA; ; ; ;TOTAL NACIONAL;2,36841085372299
23015001040510003;SANTO DOMINGO DE LOS TSÁCHILAS;01;04051;0003;13; ;2; ; ;REGIÓN SIERRA; ; ; ;TOTAL NACIONAL;6,55706570294419
23015101041020001;SANTO DOMINGO DE LOS TSÁCHILAS;01;04102;0001;180; ; ;3; ;REGIÓN SIERRA; ; ; ;TOTAL NACIONAL;3,27792500565861
23015001041700002;SANTO DOMINGO DE LOS TSÁCHILAS;01;04170;0002;71; ;2; ; ;REGIÓN SIERRA; ; ; ;TOTAL NACIONAL;5,94668593172418
23015101043180002;SANTO DOMINGO DE LOS TSÁCHILAS;01;04318;0002;40; ;1; ; ;REGIÓN SIERRA; ; ; ;TOTAL NACIONAL;3,49574683696105
23015001043780006;SANTO DOMINGO DE LOS TSÁCHILAS;01;04378;0006;71; ;2; ; ;REGIÓN SIERRA; ; ; ;TOTAL NACIONAL;6,19574125204543
23015001047010001;SANTO DOMINGO DE LOS TSÁCHILAS;01;04701;0001;10; ;1; ; ;REGIÓN SIERRA; ; ; ;TOTAL NACIONAL;48,2492157306804
23015001047010003;SANTO DOMINGO DE LOS TSÁCHILAS;01;04701;0003;12; ;1; ; ;REGIÓN SIERRA; ; ; ;TOTAL NACIONAL;3,33379285288027
23015101047080001;SANTO DOMINGO DE LOS TSÁCHILAS;01;04708;0001;24;1;1; ; ;REGIÓN SIERRA; ; ; ;TOTAL NACIONAL;8,06668202514509
23015101047080002;SANTO DOMINGO DE LOS TSÁCHILAS;01;04708;0002;40;1;1; ; ;REGIÓN SIERRA; ; ; ;TOTAL NACIONAL;10,0994149990728
23015101047090001;SANTO DOMINGO DE LOS TSÁCHILAS;01;04709;0001;40;1;1; ; ;REGIÓN SIERRA; ; ; ;TOTAL NACIONAL;14,837732177644
23015001048730001;SANTO DOMINGO DE LOS TSÁCHILAS;01;04873;0001;29; ;1; ; ;REGIÓN SIERRA; ; ; ;TOTAL NACIONAL;20,6271879342467
23015001049960004;SANTO DOMINGO DE LOS TSÁCHILAS;01;04996;0004;700; ;30;8; ;REGIÓN SIERRA; ; ; ;TOTAL NACIONAL;,322803376790745
23015001050540001;SANTO DOMINGO DE LOS TSÁCHILAS;01;05054;0001;100; ;2; ; ;REGIÓN SIERRA; ; ; ;TOTAL NACIONAL;5,38376251622173
23015101050840001;SANTO DOMINGO DE LOS TSÁCHILAS;01;05084;0001;90; ;1;2; ;REGIÓN SIERRA; ; ; ;TOTAL NACIONAL;6,64653833436838
23015001053540001;SANTO DOMINGO DE LOS TSÁCHILAS;01;05354;0001;700; ;30;8; ;REGIÓN SIERRA; ; ; ;TOTAL NACIONAL;1,06819366088063
23015001054170001;SANTO DOMINGO DE LOS TSÁCHILAS;01;05417;0001;21; ;1; ; ;REGIÓN SIERRA; ; ; ;TOTAL NACIONAL;20,6612391651223
23015001054170002;SANTO DOMINGO DE LOS TSÁCHILAS;01;05417;0002;30;1; ; ; ;REGIÓN SIERRA; ; ; ;TOTAL NACIONAL;3,05657681651766
23015001055370001;SANTO DOMINGO DE LOS TSÁCHILAS;01;05537;0001;93,3; ;3; ; ;REGIÓN SIERRA; ; ; ;TOTAL NACIONAL;2,916231027763
23015001056530001;SANTO DOMINGO DE LOS TSÁCHILAS;01;05653;0001;700; ;30;2; ;REGIÓN SIERRA; ; ; ;TOTAL NACIONAL;1,06819366088063
23015101057740001;SANTO DOMINGO DE LOS TSÁCHILAS;01;05774;0001;80; ; ;4; ;REGIÓN SIERRA; ; ; ;TOTAL NACIONAL;9,34669453270554
23015001057900002;SANTO DOMINGO DE LOS TSÁCHILAS;01;05790;0002;300; ;3;1; ;REGIÓN SIERRA; ; ; ;TOTAL NACIONAL;2,28710153476589
23015101060270001;SANTO DOMINGO DE LOS TSÁCHILAS;01;06027;0001;20; ; ;2; ;REGIÓN SIERRA; ; ; ;TOTAL NACIONAL;20,0399777319541
23015101060320001;SANTO DOMINGO DE LOS TSÁCHILAS;01;06032;0001;40; ;1; ; ;REGIÓN SIERRA; ; ; ;TOTAL NACIONAL;14,6439855851971
23015101060460001;SANTO DOMINGO DE LOS TSÁCHILAS;01;06046;0001;40; ;1; ; ;REGIÓN SIERRA; ; ; ;TOTAL NACIONAL;14,6978225457055
23015101061530001;SANTO DOMINGO DE LOS TSÁCHILAS;01;06153;0001;60;1;1;1; ;REGIÓN SIERRA; ; ; ;TOTAL NACIONAL;9,96980750155257
23015001063560001;SANTO DOMINGO DE LOS TSÁCHILAS;01;06356;0001;64; ;2; ; ;REGIÓN SIERRA; ; ; ;TOTAL NACIONAL;9,34669453270553
23015101064640001;SANTO DOMINGO DE LOS TSÁCHILAS;01;06464;0001;80; ; ;4; ;REGIÓN SIERRA; ; ; ;TOTAL NACIONAL;7,47735562616443
23015201067430001;SANTO DOMINGO DE LOS TSÁCHILAS;01;06743;0001;840; ;2;2; ;REGIÓN SIERRA; ; ; ;TOTAL NACIONAL;,0283743886512441
23015101070440002;SANTO DOMINGO DE LOS TSÁCHILAS;01;07044;0002;13; ; ;1; ;REGIÓN SIERRA; ; ; ;TOTAL NACIONAL;23,1693213614286
23015101070500001;SANTO DOMINGO DE LOS TSÁCHILAS;01;07050;0001;25;1;2; ; ;REGIÓN SIERRA; ; ; ;TOTAL NACIONAL;1,34100557434216
23015101070500002;SANTO DOMINGO DE LOS TSÁCHILAS;01;07050;0002;75;1;2; ; ;REGIÓN SIERRA; ; ; ;TOTAL NACIONAL;7,528844143128
23015101073400001;SANTO DOMINGO DE LOS TSÁCHILAS;01;07340;0001;87; ;4; ; ;REGIÓN SIERRA; ; ; ;TOTAL NACIONAL;3,06680446386839
23015101073400002;SANTO DOMINGO DE LOS TSÁCHILAS;01;07340;0002;50; ;2; ; ;REGIÓN SIERRA; ; ; ;TOTAL NACIONAL;6,62752923473209
23015101074880001;SANTO DOMINGO DE LOS TSÁCHILAS;01;07488;0001;46; ; ;1; ;REGIÓN SIERRA; ; ; ;TOTAL NACIONAL;5,57413382311442
23015101074880002;SANTO DOMINGO DE LOS TSÁCHILAS;01;07488;0002;3; ; ;2; ;REGIÓN SIERRA; ; ; ;TOTAL NACIONAL;32,2512195111335
23015101074880003;SANTO DOMINGO DE LOS TSÁCHILAS;01;07488;0003;15;1; ;1; ;REGIÓN SIERRA; ; ; ;TOTAL NACIONAL;10,8329712799092
23015101075000001;SANTO DOMINGO DE LOS TSÁCHILAS;01;07500;0001;34;1; ;1; ;REGIÓN SIERRA; ; ; ;TOTAL NACIONAL;1,63152967466584
23015201076130002;SANTO DOMINGO DE LOS TSÁCHILAS;01;07613;0002;470; ;10; ; ;REGIÓN SIERRA; ; ; ;TOTAL NACIONAL;1,08197159140963
23015001076680005;SANTO DOMINGO DE LOS TSÁCHILAS;01;07668;0005;90; ;1; ; ;REGIÓN SIERRA; ; ; ;TOTAL NACIONAL;1,34518550845022
23015001078050002;SANTO DOMINGO DE LOS TSÁCHILAS;01;07805;0002;40; ; ;1; ;REGIÓN SIERRA; ; ; ;TOTAL NACIONAL;7,84092127305438
23015001078050003;SANTO DOMINGO DE LOS TSÁCHILAS;01;07805;0003;70; ;1;1; ;REGIÓN SIERRA; ; ; ;TOTAL NACIONAL;1,63210496327797
23015101079170001;SANTO DOMINGO DE LOS TSÁCHILAS;01;07917;0001;38; ;1;1; ;REGIÓN SIERRA; ; ; ;TOTAL NACIONAL;15,7418013182409
23015101079990001;SANTO DOMINGO DE LOS TSÁCHILAS;01;07999;0001;38; ;1;1; ;REGIÓN SIERRA; ; ; ;TOTAL NACIONAL;6,38312552564315
23015101079990002;SANTO DOMINGO DE LOS TSÁCHILAS;01;07999;0002;200; ;1;1; ;REGIÓN SIERRA; ; ; ;TOTAL NACIONAL;,107075732566675
23015101079990003;SANTO DOMINGO DE LOS TSÁCHILAS;01;07999;0003;10; ;1;1; ;REGIÓN SIERRA; ; ; ;TOTAL NACIONAL;33,0658635596493
23015201080540001;SANTO DOMINGO DE LOS TSÁCHILAS;01;08054;0001;470; ;10; ; ;REGIÓN SIERRA; ; ; ;TOTAL NACIONAL;0
23015001086170001;SANTO DOMINGO DE LOS TSÁCHILAS;01;08617;0001;18; ;1; ; ;REGIÓN SIERRA; ; ; ;TOTAL NACIONAL;12,2377540820909
23015001086170002;SANTO DOMINGO DE LOS TSÁCHILAS;01;08617;0002;3,25;1; ; ; ;REGIÓN SIERRA; ; ; ;TOTAL NACIONAL;27,3714674052881
23015101087590001;SANTO DOMINGO DE LOS TSÁCHILAS;01;08759;0001;10; ; ;1; ;REGIÓN SIERRA; ; ; ;TOTAL NACIONAL;32,1745627690104
23015101087590002;SANTO DOMINGO DE LOS TSÁCHILAS;01;08759;0002;8; ;1;1; ;REGIÓN SIERRA; ; ; ;TOTAL NACIONAL;21,8031381886037
23015101087590003;SANTO DOMINGO DE LOS TSÁCHILAS;01;08759;0003;50; ;1;1; ;REGIÓN SIERRA; ; ; ;TOTAL NACIONAL;1,99077116191002
23015301088920001;SANTO DOMINGO DE LOS TSÁCHILAS;01;08892;0001;28; ;3; ; ;REGIÓN SIERRA; ; ; ;TOTAL NACIONAL;8,69628328141377
23015101089840001;SANTO DOMINGO DE LOS TSÁCHILAS;01;08984;0001;25; ; ;1; ;REGIÓN SIERRA; ; ; ;TOTAL NACIONAL;11,9060770491208
23015101089840002;SANTO DOMINGO DE LOS TSÁCHILAS;01;08984;0002;30; ; ;1; ;REGIÓN SIERRA; ; ; ;TOTAL NACIONAL;10,0178841288378
23015001089880002;SANTO DOMINGO DE LOS TSÁCHILAS;01;08988;0002;30; ;1;1; ;REGIÓN SIERRA; ; ; ;TOTAL NACIONAL;18,5356445556087
23015001089880003;SANTO DOMINGO DE LOS TSÁCHILAS;01;08988;0003;35; ;1;1; ;REGIÓN SIERRA; ; ; ;TOTAL NACIONAL;,735107139781143
23015001091700001;SANTO DOMINGO DE LOS TSÁCHILAS;01;09170;0001;32,01; ;1; ; ;REGIÓN SIERRA; ; ; ;TOTAL NACIONAL;,40801149100387
23015001091700002;SANTO DOMINGO DE LOS TSÁCHILAS;01;09170;0002;10; ; ;1; ;REGIÓN SIERRA; ; ; ;TOTAL NACIONAL;23,6191386250115
23015001091700003;SANTO DOMINGO DE LOS TSÁCHILAS;01;09170;0003;26; ;1; ; ;REGIÓN SIERRA; ; ; ;TOTAL NACIONAL;13,4206390775387
23015001093160001;SANTO DOMINGO DE LOS TSÁCHILAS;01;09316;0001;110; ;2;1; ;REGIÓN SIERRA; ; ; ;TOTAL NACIONAL;,669548102573964
23015101094640001;SANTO DOMINGO DE LOS TSÁCHILAS;01;09464;0001;51; ; ;3; ;REGIÓN SIERRA; ; ; ;TOTAL NACIONAL;5,87853734604617
23015101094640002;SANTO DOMINGO DE LOS TSÁCHILAS;01;09464;0002;6; ;1;1; ;REGIÓN SIERRA; ; ; ;TOTAL NACIONAL;25,4551340642418
23015101094640003;SANTO DOMINGO DE LOS TSÁCHILAS;01;09464;0003;6; ;2; ; ;REGIÓN SIERRA; ; ; ;TOTAL NACIONAL;24,2753735098914
23015301098560002;SANTO DOMINGO DE LOS TSÁCHILAS;01;09856;0002;80; ; ;1; ;REGIÓN SIERRA; ; ; ;TOTAL NACIONAL;6,53354718268412
23015001099060001;SANTO DOMINGO DE LOS TSÁCHILAS;01;09906;0001;65; ;2; ; ;REGIÓN SIERRA; ; ; ;TOTAL NACIONAL;9,20289923220237
23015001099090001;SANTO DOMINGO DE LOS TSÁCHILAS;01;09909;0001;65; ;2; ; ;REGIÓN SIERRA; ; ; ;TOTAL NACIONAL;9,20289923220237
23015301099720001;SANTO DOMINGO DE LOS TSÁCHILAS;01;09972;0001;180; ; ;3; ;REGIÓN SIERRA; ; ; ;TOTAL NACIONAL;3,30528658846843
23015301099720002;SANTO DOMINGO DE LOS TSÁCHILAS;01;09972;0002;80; ; ;1; ;REGIÓN SIERRA; ; ; ;TOTAL NACIONAL;,0404608021104675
23015001102200001;SANTO DOMINGO DE LOS TSÁCHILAS;01;10220;0001;60,1; ;2; ; ;REGIÓN SIERRA; ; ; ;TOTAL NACIONAL;6,05288412839684
23015001102200002;SANTO DOMINGO DE LOS TSÁCHILAS;01;10220;0002;80; ;2;2; ;REGIÓN SIERRA; ; ; ;TOTAL NACIONAL;2,74742970224035
23015001103040001;SANTO DOMINGO DE LOS TSÁCHILAS;01;10304;0001;80; ;2;2; ;REGIÓN SIERRA; ; ; ;TOTAL NACIONAL;7,47735562616443
23015101106310001;SANTO DOMINGO DE LOS TSÁCHILAS;01;10631;0001;160; ;1; ; ;REGIÓN SIERRA; ; ; ;TOTAL NACIONAL;3,73867781308221
23015601107640001;SANTO DOMINGO DE LOS TSÁCHILAS;01;10764;0001;9; ;1; ; ;REGIÓN SIERRA; ; ; ;TOTAL NACIONAL;11,8928725929632
23015101108090001;SANTO DOMINGO DE LOS TSÁCHILAS;01;10809;0001;48; ;1; ; ;REGIÓN SIERRA; ; ; ;TOTAL NACIONAL;12,1750735330765
23015101108090002;SANTO DOMINGO DE LOS TSÁCHILAS;01;10809;0002;50; ;1; ; ;REGIÓN SIERRA; ; ; ;TOTAL NACIONAL;,2756984101096
23015101109190001;SANTO DOMINGO DE LOS TSÁCHILAS;01;10919;0001;196; ;5; ; ;REGIÓN SIERRA; ; ; ;TOTAL NACIONAL;3,05198188823038
23015601109350001;SANTO DOMINGO DE LOS TSÁCHILAS;01;10935;0001;9,5; ; ;1; ;REGIÓN SIERRA; ; ; ;TOTAL NACIONAL;1,65463822745065
23015601109350002;SANTO DOMINGO DE LOS TSÁCHILAS;01;10935;0002;32; ; ;1; ;REGIÓN SIERRA; ; ; ;TOTAL NACIONAL;3,04245292255713
23015601109350004;SANTO DOMINGO DE LOS TSÁCHILAS;01;10935;0004;34; ; ;1; ;REGIÓN SIERRA; ; ; ;TOTAL NACIONAL;11,0917040751096
23015601109370005;SANTO DOMINGO DE LOS TSÁCHILAS;01;10937;0005;40; ;2; ; ;REGIÓN SIERRA; ; ; ;TOTAL NACIONAL;6,04585743239984
23015601109370006;SANTO DOMINGO DE LOS TSÁCHILAS;01;10937;0006;32; ; ;1; ;REGIÓN SIERRA; ; ; ;TOTAL NACIONAL;1,57439876795351
23015601110270001;SANTO DOMINGO DE LOS TSÁCHILAS;01;11027;0001;38; ;1; ; ;REGIÓN SIERRA; ; ; ;TOTAL NACIONAL;15,0990110977461
23015601112900002;SANTO DOMINGO DE LOS TSÁCHILAS;01;11290;0002;130; ;2;2; ;REGIÓN SIERRA; ; ; ;TOTAL NACIONAL;,194712337419458
23015601113820001;SANTO DOMINGO DE LOS TSÁCHILAS;01;11382;0001;44; ; ;1; ;REGIÓN SIERRA; ; ; ;TOTAL NACIONAL;10,3509393670683
23015601115040003;SANTO DOMINGO DE LOS TSÁCHILAS;01;11504;0003;5; ;1; ; ;REGIÓN SIERRA; ; ; ;TOTAL NACIONAL;16,0171795972096
23015601115960001;SANTO DOMINGO DE LOS TSÁCHILAS;01;11596;0001;71; ;1; ; ;REGIÓN SIERRA; ; ; ;TOTAL NACIONAL;4,96984539632056
23015601116260004;SANTO DOMINGO DE LOS TSÁCHILAS;01;11626;0004;20; ; ;1; ;REGIÓN SIERRA; ; ; ;TOTAL NACIONAL;9,35704919295867
23015601116550001;SANTO DOMINGO DE LOS TSÁCHILAS;01;11655;0001;20; ;1; ; ;REGIÓN SIERRA; ; ; ;TOTAL NACIONAL;1,46110710788711
23015601116550003;SANTO DOMINGO DE LOS TSÁCHILAS;01;11655;0003;12; ; ;1; ;REGIÓN SIERRA; ; ; ;TOTAL NACIONAL;25,607475820543
23015601118920001;SANTO DOMINGO DE LOS TSÁCHILAS;01;11892;0001;120; ; ;1; ;REGIÓN SIERRA; ; ; ;TOTAL NACIONAL;4,24488611884375
23015601119440001;SANTO DOMINGO DE LOS TSÁCHILAS;01;11944;0001;40; ; ;2; ;REGIÓN SIERRA; ; ; ;TOTAL NACIONAL;,0879646115972852
23015601119440002;SANTO DOMINGO DE LOS TSÁCHILAS;01;11944;0002;76;1;1; ; ;REGIÓN SIERRA; ; ; ;TOTAL NACIONAL;7,80067978491179
23015601119900001;SANTO DOMINGO DE LOS TSÁCHILAS;01;11990;0001;9,58; ;1; ; ;REGIÓN SIERRA; ; ; ;TOTAL NACIONAL;29,1856212239674
23015701121920001;SANTO DOMINGO DE LOS TSÁCHILAS;01;12192;0001;33; ; ;1; ;REGIÓN SIERRA; ; ; ;TOTAL NACIONAL;18,0718257005208
23015701123350002;SANTO DOMINGO DE LOS TSÁCHILAS;01;12335;0002;20; ; ;1; ;REGIÓN SIERRA; ; ; ;TOTAL NACIONAL;5,76557503207516
23025302001660002;SANTO DOMINGO DE LOS TSÁCHILAS;02;00166;0002;80; ; ;1; ;REGIÓN SIERRA; ; ; ;TOTAL NACIONAL;13,5421905416884
23025302001660003;SANTO DOMINGO DE LOS TSÁCHILAS;02;00166;0003;20; ;1; ; ;REGIÓN SIERRA; ; ; ;TOTAL NACIONAL;1,15748353969596
23025102004120006;SANTO DOMINGO DE LOS TSÁCHILAS;02;00412;0006;120; ;1;2; ;REGIÓN SIERRA; ; ; ;TOTAL NACIONAL;2,82792020493793
23025302004440001;SANTO DOMINGO DE LOS TSÁCHILAS;02;00444;0001;86; ;2; ; ;REGIÓN SIERRA; ; ; ;TOTAL NACIONAL;10,4513409115611
23025202005100003;SANTO DOMINGO DE LOS TSÁCHILAS;02;00510;0003;200;4; ; ; ;REGIÓN SIERRA; ; ; ;TOTAL NACIONAL;4,78670347258932
23025202005250001;SANTO DOMINGO DE LOS TSÁCHILAS;02;00525;0001;150; ;3; ; ;REGIÓN SIERRA; ; ; ;TOTAL NACIONAL;2,34370544514242
23025302005460004;SANTO DOMINGO DE LOS TSÁCHILAS;02;00546;0004;150; ;3; ; ;REGIÓN SIERRA; ; ; ;TOTAL NACIONAL;3,98047766555189
23015402007990004;SANTO DOMINGO DE LOS TSÁCHILAS;02;00799;0004;23; ; ;1; ;REGIÓN SIERRA; ; ; ;TOTAL NACIONAL;,782794800669456
23015402008390001;SANTO DOMINGO DE LOS TSÁCHILAS;02;00839;0001;60; ; ;3; ;REGIÓN SIERRA; ; ; ;TOTAL NACIONAL;27,5154565696345
23015402009060001;SANTO DOMINGO DE LOS TSÁCHILAS;02;00906;0001;80; ;2;2; ;REGIÓN SIERRA; ; ; ;TOTAL NACIONAL;18,988703198044
23015402010130004;SANTO DOMINGO DE LOS TSÁCHILAS;02;01013;0004;50;1; ;4; ;REGIÓN SIERRA; ; ; ;TOTAL NACIONAL;13,1090972552824
23015002010240002;SANTO DOMINGO DE LOS TSÁCHILAS;02;01024;0002;16;2; ; ; ;REGIÓN SIERRA; ; ; ;TOTAL NACIONAL;10,2297308377794
23015002010240003;SANTO DOMINGO DE LOS TSÁCHILAS;02;01024;0003;7;1; ; ; ;REGIÓN SIERRA; ; ; ;TOTAL NACIONAL;41,1120228945438
23015202011030004;SANTO DOMINGO DE LOS TSÁCHILAS;02;01103;0004;10; ;1; ; ;REGIÓN SIERRA; ; ; ;TOTAL NACIONAL;22,6507238481231
23015302012690001;SANTO DOMINGO DE LOS TSÁCHILAS;02;01269;0001;9; ;1; ; ;REGIÓN SIERRA; ; ; ;TOTAL NACIONAL;51,4906560570925
23015503000170004;SANTO DOMINGO DE LOS TSÁCHILAS;03;00017;0004;45; ; ;1; ;REGIÓN SIERRA; ; ; ;TOTAL NACIONAL;30,6823650243172
23015103000960001;SANTO DOMINGO DE LOS TSÁCHILAS;03;00096;0001;25; ;1;1; ;REGIÓN SIERRA; ; ; ;TOTAL NACIONAL;22,8919249060754
23015103000960002;SANTO DOMINGO DE LOS TSÁCHILAS;03;00096;0002;70; ; ;1; ;REGIÓN SIERRA; ; ; ;TOTAL NACIONAL;16,8142213341725
23015103000960004;SANTO DOMINGO DE LOS TSÁCHILAS;03;00096;0004;10; ;1; ; ;REGIÓN SIERRA; ; ; ;TOTAL NACIONAL;29,2474353674524
23015103000960005;SANTO DOMINGO DE LOS TSÁCHILAS;03;00096;0005;30;1;2; ; ;REGIÓN SIERRA; ; ; ;TOTAL NACIONAL;2,3683373680598
23015103000960006;SANTO DOMINGO DE LOS TSÁCHILAS;03;00096;0006;70;1;1; ; ;REGIÓN SIERRA; ; ; ;TOTAL NACIONAL;11,5783823338302
23015103000960007;SANTO DOMINGO DE LOS TSÁCHILAS;03;00096;0007;10;1;1; ; ;REGIÓN SIERRA; ; ; ;TOTAL NACIONAL;25,7009960492891
23015003001100001;SANTO DOMINGO DE LOS TSÁCHILAS;03;00110;0001;860; ;4;1; ;REGIÓN SIERRA; ; ; ;TOTAL NACIONAL;4,7761420987454
23015103001130001;SANTO DOMINGO DE LOS TSÁCHILAS;03;00113;0001;36; ;1;1; ;REGIÓN SIERRA; ; ; ;TOTAL NACIONAL;3,29978967006245
23015103001130003;SANTO DOMINGO DE LOS TSÁCHILAS;03;00113;0003;31; ; ;1; ;REGIÓN SIERRA; ; ; ;TOTAL NACIONAL;15,4593613568247
23015103001130007;SANTO DOMINGO DE LOS TSÁCHILAS;03;00113;0007;61; ; ;1; ;REGIÓN SIERRA; ; ; ;TOTAL NACIONAL;2,73528715579694
23015103001130012;SANTO DOMINGO DE LOS TSÁCHILAS;03;00113;0012;40; ; ;2; ;REGIÓN SIERRA; ; ; ;TOTAL NACIONAL;24,519282948039
23015103001130015;SANTO DOMINGO DE LOS TSÁCHILAS;03;00113;0015;30; ; ;1; ;REGIÓN SIERRA; ; ; ;TOTAL NACIONAL;17,6903072375143
23015003001540001;SANTO DOMINGO DE LOS TSÁCHILAS;03;00154;0001;23; ; ;1; ;REGIÓN SIERRA; ; ; ;TOTAL NACIONAL;12,1707726143646
23015003001540003;SANTO DOMINGO DE LOS TSÁCHILAS;03;00154;0003;100; ;2; ; ;REGIÓN SIERRA; ; ; ;TOTAL NACIONAL;12,3671237767502
23015003001540005;SANTO DOMINGO DE LOS TSÁCHILAS;03;00154;0005;120; ;3;1; ;REGIÓN SIERRA; ; ; ;TOTAL NACIONAL;7,5663487003424
23015103002290001;SANTO DOMINGO DE LOS TSÁCHILAS;03;00229;0001;400; ; ;1; ;REGIÓN SIERRA; ; ; ;TOTAL NACIONAL;3,80826944320675
23015703002510003;SANTO DOMINGO DE LOS TSÁCHILAS;03;00251;0003;18,02; ; ;2; ;REGIÓN SIERRA; ; ; ;TOTAL NACIONAL;27,9972027372809
23015703002510005;SANTO DOMINGO DE LOS TSÁCHILAS;03;00251;0005;62; ;2; ; ;REGIÓN SIERRA; ; ; ;TOTAL NACIONAL;9,85014863176184
23015703002620002;SANTO DOMINGO DE LOS TSÁCHILAS;03;00262;0002;62; ;2; ; ;REGIÓN SIERRA; ; ; ;TOTAL NACIONAL;4,83234118963077
23015703002620003;SANTO DOMINGO DE LOS TSÁCHILAS;03;00262;0003;46; ;1; ; ;REGIÓN SIERRA; ; ; ;TOTAL NACIONAL;24,2007956113446
23015703002630001;SANTO DOMINGO DE LOS TSÁCHILAS;03;00263;0001;62; ;2; ; ;REGIÓN SIERRA; ; ; ;TOTAL NACIONAL;4,02336340728041
23025059000990586;SANTO DOMINGO DE LOS TSÁCHILAS;59;00099;0586;152; ;1; ; ;REGIÓN SIERRA; ; ; ;TOTAL NACIONAL;1
23025059000990606;SANTO DOMINGO DE LOS TSÁCHILAS;59;00099;0606;14; ; ;1; ;REGIÓN SIERRA; ; ; ;TOTAL NACIONAL;1
23015059000990611;SANTO DOMINGO DE LOS TSÁCHILAS;59;00099;0611;81; ;2; ; ;REGIÓN SIERRA; ; ; ;TOTAL NACIONAL;1
23025060000990066;SANTO DOMINGO DE LOS TSÁCHILAS;60;00099;0066;121; ;2;1; ;REGIÓN SIERRA; ; ; ;TOTAL NACIONAL;1
23015561000992312;SANTO DOMINGO DE LOS TSÁCHILAS;61;00099;2312;1400; ;8; ; ;REGIÓN SIERRA; ; ; ;TOTAL NACIONAL;1
23015061000992338;SANTO DOMINGO DE LOS TSÁCHILAS;61;00099;2338;20; ;2; ; ;REGIÓN SIERRA; ; ; ;TOTAL NACIONAL;1
23015561000992354;SANTO DOMINGO DE LOS TSÁCHILAS;61;00099;2354;1000; ;8;14; ;REGIÓN SIERRA; ; ; ;TOTAL NACIONAL;1
23015261000992390;SANTO DOMINGO DE LOS TSÁCHILAS;61;00099;2390;470; ;10; ; ;REGIÓN SIERRA; ; ; ;TOTAL NACIONAL;1
23015061000992448;SANTO DOMINGO DE LOS TSÁCHILAS;61;00099;2448;250; ;8;4; ;REGIÓN SIERRA; ; ; ;TOTAL NACIONAL;1
23025061000992536;SANTO DOMINGO DE LOS TSÁCHILAS;61;00099;2536;850; ;10; ; ;REGIÓN SIERRA; ; ; ;TOTAL NACIONAL;1
23025061000992597;SANTO DOMINGO DE LOS TSÁCHILAS;61;00099;2597;210; ;2; ; ;REGIÓN SIERRA; ; ; ;TOTAL NACIONAL;1
23025061000992615;SANTO DOMINGO DE LOS TSÁCHILAS;61;00099;2615;86; ;2; ; ;REGIÓN SIERRA; ; ; ;TOTAL NACIONAL;1
23025061000992749;SANTO DOMINGO DE LOS TSÁCHILAS;61;00099;2749;250; ;10; ; ;REGIÓN SIERRA; ; ; ;TOTAL NACIONAL;1
23015061000992805;SANTO DOMINGO DE LOS TSÁCHILAS;61;00099;2805;300; ;20; ; ;REGIÓN SIERRA; ; ; ;TOTAL NACIONAL;1
23025061000992899;SANTO DOMINGO DE LOS TSÁCHILAS;61;00099;2899;57; ;1; ; ;REGIÓN SIERRA; ; ; ;TOTAL NACIONAL;1
23015061000992954;SANTO DOMINGO DE LOS TSÁCHILAS;61;00099;2954;192; ;25; ; ;REGIÓN SIERRA; ; ; ;TOTAL NACIONAL;1
23025061000992955;SANTO DOMINGO DE LOS TSÁCHILAS;61;00099;2955;440; ;2; ; ;REGIÓN SIERRA; ; ; ;TOTAL NACIONAL;1
23015561000993011;SANTO DOMINGO DE LOS TSÁCHILAS;61;00099;3011;265; ;6; ; ;REGIÓN SIERRA; ; ; ;TOTAL NACIONAL;1
23015061000993040;SANTO DOMINGO DE LOS TSÁCHILAS;61;00099;3040;450; ;15;3; ;REGIÓN SIERRA; ; ; ;TOTAL NACIONAL;1
23025061000993096;SANTO DOMINGO DE LOS TSÁCHILAS;61;00099;3096;80; ;2; ; ;REGIÓN SIERRA; ; ; ;TOTAL NACIONAL;1
23025061000993111;SANTO DOMINGO DE LOS TSÁCHILAS;61;00099;3111;84; ;1;1; ;REGIÓN SIERRA; ; ; ;TOTAL NACIONAL;1
23015561000993155;SANTO DOMINGO DE LOS TSÁCHILAS;61;00099;3155;207; ;1; ; ;REGIÓN SIERRA; ; ; ;TOTAL NACIONAL;1
23025061000993156;SANTO DOMINGO DE LOS TSÁCHILAS;61;00099;3156;150; ;8; ; ;REGIÓN SIERRA; ; ; ;TOTAL NACIONAL;1
23015061000993286;SANTO DOMINGO DE LOS TSÁCHILAS;61;00099;3286;116; ;3; ; ;REGIÓN SIERRA; ; ; ;TOTAL NACIONAL;1
23025062000990365;SANTO DOMINGO DE LOS TSÁCHILAS;62;00099;0365;6; ; ;1; ;REGIÓN SIERRA; ; ; ;TOTAL NACIONAL;1
23015562000994219;SANTO DOMINGO DE LOS TSÁCHILAS;62;00099;4219;500; ;5; ; ;REGIÓN SIERRA; ; ; ;TOTAL NACIONAL;1
23015564000991490;SANTO DOMINGO DE LOS TSÁCHILAS;64;00099;1490;350; ;1; ; ;REGIÓN SIERRA; ; ; ;TOTAL NACIONAL;1
23015064000994378;SANTO DOMINGO DE LOS TSÁCHILAS;64;00099;4378;14; ;1; ; ;REGIÓN SIERRA; ; ; ;TOTAL NACIONAL;1
23015064000994411;SANTO DOMINGO DE LOS TSÁCHILAS;64;00099;4411;10; ;1; ; ;REGIÓN SIERRA; ; ; ;TOTAL NACIONAL;1
24015402000190001;SANTA ELENA;02;00019;0001;80; ;4; ; ; ;REGIÓN COSTA; ; ;TOTAL NACIONAL;5,40775090183879
24015402000460002;SANTA ELENA;02;00046;0002;200; ;4; ; ; ;REGIÓN COSTA; ; ;TOTAL NACIONAL;,784813390543191
24015402000530002;SANTA ELENA;02;00053;0002;200; ;4; ; ; ;REGIÓN COSTA; ; ;TOTAL NACIONAL;,673976304964317
24015402000800002;SANTA ELENA;02;00080;0002;1; ;1;1; ; ;REGIÓN COSTA; ; ;TOTAL NACIONAL;15,395094824346
24015402000800003;SANTA ELENA;02;00080;0003;52; ;15; ; ; ;REGIÓN COSTA; ; ;TOTAL NACIONAL;7,38694755116373
24015302001760001;SANTA ELENA;02;00176;0001;7500; ;300; ;500; ;REGIÓN COSTA; ; ;TOTAL NACIONAL;,105293486097773
24015302001790002;SANTA ELENA;02;00179;0002;7500; ;300; ;500; ;REGIÓN COSTA; ; ;TOTAL NACIONAL;,0783841503875318
24015403000250001;SANTA ELENA;03;00025;0001;27; ;11; ; ; ;REGIÓN COSTA; ; ;TOTAL NACIONAL;20,0017831413377
24015403000250004;SANTA ELENA;03;00025;0004;4; ;1; ; ; ;REGIÓN COSTA; ; ;TOTAL NACIONAL;27,95718389313
24015403000250006;SANTA ELENA;03;00025;0006;15; ;1; ; ; ;REGIÓN COSTA; ; ;TOTAL NACIONAL;19,2165167575026
24015203000890010;SANTA ELENA;03;00089;0010;6; ;3; ; ; ;REGIÓN COSTA; ; ;TOTAL NACIONAL;23,2328647077525
24015503001550002;SANTA ELENA;03;00155;0002;60; ; ;2; ; ;REGIÓN COSTA; ; ;TOTAL NACIONAL;17,0976215969804
24015303001800002;SANTA ELENA;03;00180;0002;40; ;4; ; ; ;REGIÓN COSTA; ; ;TOTAL NACIONAL;33,9485365933932
24015303001800003;SANTA ELENA;03;00180;0003;200;2;8; ;48; ;REGIÓN COSTA; ; ;TOTAL NACIONAL;3,98827598833008
24015404000150002;SANTA ELENA;04;00015;0002;125,31; ;5; ; ; ;REGIÓN COSTA; ; ;TOTAL NACIONAL;9,36190433272971
24015204000290005;SANTA ELENA;04;00029;0005;1,5; ; ; ;2; ;REGIÓN COSTA; ; ;TOTAL NACIONAL;1,3374746975515
24015504000440012;SANTA ELENA;04;00044;0012;45; ;1;2; ; ;REGIÓN COSTA; ; ;TOTAL NACIONAL;10,1977421113952
24015362000990413;SANTA ELENA;62;00099;0413;8; ;1;1; ; ;REGIÓN COSTA; ; ;TOTAL NACIONAL;1
90065101000270001;ZONA NO DELIMITADA;01;00027;0001;41,01;1; ; ; ; ; ; ;ZONA NO DELIMITADA;TOTAL NACIONAL;1,42822347985976
90065101000350001;ZONA NO DELIMITADA;01;00035;0001;85,03; ;1; ; ; ; ; ;ZONA NO DELIMITADA;TOTAL NACIONAL;,694978096742207
90065101000560004;ZONA NO DELIMITADA;01;00056;0004;10,41; ;2; ; ; ; ; ;ZONA NO DELIMITADA;TOTAL NACIONAL;,210382147418522
90065101000560005;ZONA NO DELIMITADA;01;00056;0005;12,08;1;1; ; ; ; ; ;ZONA NO DELIMITADA;TOTAL NACIONAL;,979400206687376
90065101000560006;ZONA NO DELIMITADA;01;00056;0006;13,52; ;1; ; ; ; ; ;ZONA NO DELIMITADA;TOTAL NACIONAL;,210409420866531
90065101000570001;ZONA NO DELIMITADA;01;00057;0001;15,01;1;2; ; ; ; ; ;ZONA NO DELIMITADA;TOTAL NACIONAL;,844969861462486
90065103000290001;ZONA NO DELIMITADA;03;00029;0001;148,62; ;1; ; ; ; ; ;ZONA NO DELIMITADA;TOTAL NACIONAL;2,91574935233313
90065103000380002;ZONA NO DELIMITADA;03;00038;0002;8,02;1; ;2; ; ; ; ;ZONA NO DELIMITADA;TOTAL NACIONAL;5,12454909441113
90065103000380003;ZONA NO DELIMITADA;03;00038;0003;37,02;1;2; ; ; ; ; ;ZONA NO DELIMITADA;TOTAL NACIONAL;5,43892257178513
90065103000380004;ZONA NO DELIMITADA;03;00038;0004;8,26; ;1; ; ; ; ; ;ZONA NO DELIMITADA;TOTAL NACIONAL;4,29157364336914
90065103000380005;ZONA NO DELIMITADA;03;00038;0005;12,01; ;2; ; ; ; ; ;ZONA NO DELIMITADA;TOTAL NACIONAL;5,4700550350724
90065103000380006;ZONA NO DELIMITADA;03;00038;0006;15,52; ;1; ; ; ; ; ;ZONA NO DELIMITADA;TOTAL NACIONAL;2,33673877373851
90065103000380009;ZONA NO DELIMITADA;03;00038;0009;39,01; ;3; ; ; ; ; ;ZONA NO DELIMITADA;TOTAL NACIONAL;3,78910064774026
90065103000470001;ZONA NO DELIMITADA;03;00047;0001;42,51; ;4;1; ; ; ; ;ZONA NO DELIMITADA;TOTAL NACIONAL;3,07503155698728
90065103000470003;ZONA NO DELIMITADA;03;00047;0003;24,01; ;1; ; ; ; ; ;ZONA NO DELIMITADA;TOTAL NACIONAL;4,31940276423927
90065103000470004;ZONA NO DELIMITADA;03;00047;0004;20,02; ;2; ; ; ; ; ;ZONA NO DELIMITADA;TOTAL NACIONAL;7,61111628045998
90065103000530001;ZONA NO DELIMITADA;03;00053;0001;45,12; ;1; ; ; ; ; ;ZONA NO DELIMITADA;TOTAL NACIONAL;5,10781299059666
90065103000530002;ZONA NO DELIMITADA;03;00053;0002;40,01;1; ; ; ; ; ; ;ZONA NO DELIMITADA;TOTAL NACIONAL;3,93244544165568
90065103000550002;ZONA NO DELIMITADA;03;00055;0002;70,08; ;2; ; ; ; ; ;ZONA NO DELIMITADA;TOTAL NACIONAL;2,07453193943434
90065103000560002;ZONA NO DELIMITADA;03;00056;0002;70,08; ;2; ; ; ; ; ;ZONA NO DELIMITADA;TOTAL NACIONAL;3,33615620253991
90065104000060001;ZONA NO DELIMITADA;04;00006;0001;41,06; ;2; ; ; ; ; ;ZONA NO DELIMITADA;TOTAL NACIONAL;1,16316154200903
90065104000060003;ZONA NO DELIMITADA;04;00006;0003;16,57;1; ; ; ; ; ; ;ZONA NO DELIMITADA;TOTAL NACIONAL;4,12584291423834
90065104000110004;ZONA NO DELIMITADA;04;00011;0004;54,26; ;2; ; ; ; ; ;ZONA NO DELIMITADA;TOTAL NACIONAL;1,96063579099106
90065104000110005;ZONA NO DELIMITADA;04;00011;0005;53,01; ;2; ; ; ; ; ;ZONA NO DELIMITADA;TOTAL NACIONAL;1,91482234896799
90065104000170003;ZONA NO DELIMITADA;04;00017;0003;50,02; ;1; ; ; ; ; ;ZONA NO DELIMITADA;TOTAL NACIONAL;,341461709956203
