Identificador;ual_prov;ual_estr;ual_segm;al_ncues;vgp_ncventmamen2mes;vgp_ncventmamay2mes;vgp_ncventhemmen2mes;vgp_ncventhemay2mes;vgp_totsacrif;ventasm2m;ventasmy2m;TOTAL;vm_trs;vm_trc;vm_tro;vm_znd;vm_tn;fact_exp_fin
01135101001690001; AZUAY;01;00169;0001; ; ; ; ; ; ; ; ;REGIÓN SIERRA; ; ; ;TOTAL NACIONAL;46,3086454010241
01015701005980003; AZUAY;01;00598;0003; ; ; ; ;0; ; ; ;REGIÓN SIERRA; ; ; ;TOTAL NACIONAL;,818349663924175
01015701009630001; AZUAY;01;00963;0001; ; ; ; ;0; ; ; ;REGIÓN SIERRA; ; ; ;TOTAL NACIONAL;26,0384250123416
01055201016620001; AZUAY;01;01662;0001; ; ; ; ; ; ; ; ;REGIÓN SIERRA; ; ; ;TOTAL NACIONAL;15,8141293282164
01015701023160001; AZUAY;01;02316;0001; ;2; ; ;0; ;2;2;REGIÓN SIERRA; ; ; ;TOTAL NACIONAL;40,3166048652292
01056101024340002; AZUAY;01;02434;0002; ; ; ; ; ; ; ; ;REGIÓN SIERRA; ; ; ;TOTAL NACIONAL;1,04990617859075
01056101024340005; AZUAY;01;02434;0005; ; ; ; ; ; ; ; ;REGIÓN SIERRA; ; ; ;TOTAL NACIONAL;8,76662330493561
01056101024340006; AZUAY;01;02434;0006; ;2; ; ; ; ;2;2;REGIÓN SIERRA; ; ; ;TOTAL NACIONAL;42,3652157418811
01056101024340007; AZUAY;01;02434;0007; ;1; ;1; ; ;2;2;REGIÓN SIERRA; ; ; ;TOTAL NACIONAL;13,3257351246505
01056101024340008; AZUAY;01;02434;0008; ; ; ; ; ; ; ; ;REGIÓN SIERRA; ; ; ;TOTAL NACIONAL;3,5081333736952
01055001025040006; AZUAY;01;02504;0006; ; ; ; ;0; ; ; ;REGIÓN SIERRA; ; ; ;TOTAL NACIONAL;38,60307908119
01056201028290003; AZUAY;01;02829;0003; ; ; ; ; ; ; ; ;REGIÓN SIERRA; ; ; ;TOTAL NACIONAL;62,781606280417
01056201028290004; AZUAY;01;02829;0004; ; ; ; ; ; ; ; ;REGIÓN SIERRA; ; ; ;TOTAL NACIONAL;85,8430755101664
01056101030190001; AZUAY;01;03019;0001; ; ; ; ; ; ; ; ;REGIÓN SIERRA; ; ; ;TOTAL NACIONAL;69,2247886591125
01125001030480001; AZUAY;01;03048;0001; ; ; ; ; ; ; ; ;REGIÓN SIERRA; ; ; ;TOTAL NACIONAL;52,0645708542698
01125001030480002; AZUAY;01;03048;0002; ; ; ; ; ; ; ; ;REGIÓN SIERRA; ; ; ;TOTAL NACIONAL;68,8544357845552
01015701031020003; AZUAY;01;03102;0003; ;5; ; ;3; ;5;5;REGIÓN SIERRA; ; ; ;TOTAL NACIONAL;,163808886860668
01015701031020013; AZUAY;01;03102;0013; ; ; ; ;0; ; ; ;REGIÓN SIERRA; ; ; ;TOTAL NACIONAL;2,71811720765946
01015701031020015; AZUAY;01;03102;0015; ; ; ; ;0; ; ; ;REGIÓN SIERRA; ; ; ;TOTAL NACIONAL;4,95534178497075
01015701031030001; AZUAY;01;03103;0001; ; ; ; ;0; ; ; ;REGIÓN SIERRA; ; ; ;TOTAL NACIONAL;24,3057232540821
01125001033490001; AZUAY;01;03349;0001; ;2; ; ;0; ;2;2;REGIÓN SIERRA; ; ; ;TOTAL NACIONAL;59,8887962122496
01135001033610003; AZUAY;01;03361;0003; ; ; ; ; ; ; ; ;REGIÓN SIERRA; ; ; ;TOTAL NACIONAL;1,19169357634661
01135001033620001; AZUAY;01;03362;0001; ; ; ; ; ; ; ; ;REGIÓN SIERRA; ; ; ;TOTAL NACIONAL;19,7923495949976
01055201034770001; AZUAY;01;03477;0001; ; ; ;8;8; ;8;8;REGIÓN SIERRA; ; ; ;TOTAL NACIONAL;72,245896577467
01145001041930001; AZUAY;01;04193;0001; ; ; ; ; ; ; ; ;REGIÓN SIERRA; ; ; ;TOTAL NACIONAL;36,719168538802
01145001041930010; AZUAY;01;04193;0010; ; ; ; ; ; ; ; ;REGIÓN SIERRA; ; ; ;TOTAL NACIONAL;46,5918037792924
01055001043540001; AZUAY;01;04354;0001; ; ; ; ; ; ; ; ;REGIÓN SIERRA; ; ; ;TOTAL NACIONAL;64,154004769256
01015901044310004; AZUAY;01;04431;0004; ; ; ; ;3; ; ; ;REGIÓN SIERRA; ; ; ;TOTAL NACIONAL;67,4779228420817
01015701045480001; AZUAY;01;04548;0001; ;1; ; ;0; ;1;1;REGIÓN SIERRA; ; ; ;TOTAL NACIONAL;39,769029140029
01125001047530007; AZUAY;01;04753;0007; ;3; ;3; ; ;6;6;REGIÓN SIERRA; ; ; ;TOTAL NACIONAL;,43995325376501
01016601049400002; AZUAY;01;04940;0002; ; ; ; ;0; ; ; ;REGIÓN SIERRA; ; ; ;TOTAL NACIONAL;25,1481099252052
01016601049400004; AZUAY;01;04940;0004; ; ; ; ;0; ; ; ;REGIÓN SIERRA; ; ; ;TOTAL NACIONAL;75,8914101650226
01016601049400005; AZUAY;01;04940;0005; ;1; ; ;0; ;1;1;REGIÓN SIERRA; ; ; ;TOTAL NACIONAL;20,2715343716992
01135001053250003; AZUAY;01;05325;0003; ; ; ; ; ; ; ; ;REGIÓN SIERRA; ; ; ;TOTAL NACIONAL;43,5587084208687
01135001053250004; AZUAY;01;05325;0004; ; ; ; ; ; ; ; ;REGIÓN SIERRA; ; ; ;TOTAL NACIONAL;70,9779990698329
01135001053250008; AZUAY;01;05325;0008; ; ; ; ; ; ; ; ;REGIÓN SIERRA; ; ; ;TOTAL NACIONAL;4,72001688304426
01125301054980001; AZUAY;01;05498;0001; ; ; ; ; ; ; ; ;REGIÓN SIERRA; ; ; ;TOTAL NACIONAL;25,4508230798141
01125301056940001; AZUAY;01;05694;0001;1;1; ; ;1;1;1;2;REGIÓN SIERRA; ; ; ;TOTAL NACIONAL;42,8641591906768
01125301056940003; AZUAY;01;05694;0003; ; ; ; ; ; ; ; ;REGIÓN SIERRA; ; ; ;TOTAL NACIONAL;32,924686871086
01125301056940004; AZUAY;01;05694;0004; ; ; ; ;1; ; ; ;REGIÓN SIERRA; ; ; ;TOTAL NACIONAL;38,8444410118032
01016701057660007; AZUAY;01;05766;0007; ; ; ; ; ; ; ; ;REGIÓN SIERRA; ; ; ;TOTAL NACIONAL;120,660825172014
01016701057660012; AZUAY;01;05766;0012; ; ; ; ; ; ; ; ;REGIÓN SIERRA; ; ; ;TOTAL NACIONAL;83,840411542923
01016701057660014; AZUAY;01;05766;0014; ; ; ; ; ; ; ; ;REGIÓN SIERRA; ; ; ;TOTAL NACIONAL;92,0420419959013
01125301058770003; AZUAY;01;05877;0003; ; ; ; ; ; ; ; ;REGIÓN SIERRA; ; ; ;TOTAL NACIONAL;34,1854531377631
01125301058770005; AZUAY;01;05877;0005; ; ; ; ; ; ; ; ;REGIÓN SIERRA; ; ; ;TOTAL NACIONAL;47,6856500867799
01055401059150001; AZUAY;01;05915;0001; ; ; ; ;0; ; ; ;REGIÓN SIERRA; ; ; ;TOTAL NACIONAL;16,9055531376011
01055401059150003; AZUAY;01;05915;0003; ;1; ; ;0; ;1;1;REGIÓN SIERRA; ; ; ;TOTAL NACIONAL;34,6965650424039
01055401059150004; AZUAY;01;05915;0004; ; ; ; ;0; ; ; ;REGIÓN SIERRA; ; ; ;TOTAL NACIONAL;21,0627888281877
01055401059150007; AZUAY;01;05915;0007;10;10;10;10;0;20;20;40;REGIÓN SIERRA; ; ; ;TOTAL NACIONAL;71,1086308390746
01035401061660003; AZUAY;01;06166;0003; ; ; ; ;0; ; ; ;REGIÓN SIERRA; ; ; ;TOTAL NACIONAL;55,4277587695248
01035401064920004; AZUAY;01;06492;0004; ; ; ; ;0; ; ; ;REGIÓN SIERRA; ; ; ;TOTAL NACIONAL;24,4443712758507
01035401067610002; AZUAY;01;06761;0002; ; ; ;1;0; ;1;1;REGIÓN SIERRA; ; ; ;TOTAL NACIONAL;25,5131128908772
01035401067610010; AZUAY;01;06761;0010;40; ; ; ;2;40; ;40;REGIÓN SIERRA; ; ; ;TOTAL NACIONAL;60,5133608803561
01035401069550002; AZUAY;01;06955;0002; ; ; ; ;0; ; ; ;REGIÓN SIERRA; ; ; ;TOTAL NACIONAL;22,4451579977943
01035401069550003; AZUAY;01;06955;0003; ; ; ; ;0; ; ; ;REGIÓN SIERRA; ; ; ;TOTAL NACIONAL;9,11374662210466
01035401069550009; AZUAY;01;06955;0009; ; ; ; ;1; ; ; ;REGIÓN SIERRA; ; ; ;TOTAL NACIONAL;22,5929207232571
01035401069550014; AZUAY;01;06955;0014; ; ; ; ;0; ; ; ;REGIÓN SIERRA; ; ; ;TOTAL NACIONAL;75,8418902602708
01035401069550018; AZUAY;01;06955;0018; ; ; ; ;0; ; ; ;REGIÓN SIERRA; ; ; ;TOTAL NACIONAL;7,81819326933635
01035401069550019; AZUAY;01;06955;0019; ; ; ; ;0; ; ; ;REGIÓN SIERRA; ; ; ;TOTAL NACIONAL;75,759826658076
01125301069780002; AZUAY;01;06978;0002;3; ;4; ;1;7; ;7;REGIÓN SIERRA; ; ; ;TOTAL NACIONAL;15,4258283490454
01055401070470001; AZUAY;01;07047;0001; ; ; ; ;0; ; ; ;REGIÓN SIERRA; ; ; ;TOTAL NACIONAL;46,2282111076591
01055401070470002; AZUAY;01;07047;0002; ; ; ; ;0; ; ; ;REGIÓN SIERRA; ; ; ;TOTAL NACIONAL;49,3627550724341
01015801070740001; AZUAY;01;07074;0001; ;2; ; ;2; ;2;2;REGIÓN SIERRA; ; ; ;TOTAL NACIONAL;37,9326684009401
01015801070740007; AZUAY;01;07074;0007; ; ; ; ;2; ; ; ;REGIÓN SIERRA; ; ; ;TOTAL NACIONAL;26,2511175139738
01125301074240002; AZUAY;01;07424;0002; ; ; ; ;0; ; ; ;REGIÓN SIERRA; ; ; ;TOTAL NACIONAL;5,28200307137617
01035201074300001; AZUAY;01;07430;0001; ; ; ; ;0; ; ; ;REGIÓN SIERRA; ; ; ;TOTAL NACIONAL;46,2669260583043
01035201075800004; AZUAY;01;07580;0004; ;5; ; ;0; ;5;5;REGIÓN SIERRA; ; ; ;TOTAL NACIONAL;77,7440086430692
01035201075800005; AZUAY;01;07580;0005; ; ; ; ;0; ; ; ;REGIÓN SIERRA; ; ; ;TOTAL NACIONAL;65,0742594488817
01035201075800006; AZUAY;01;07580;0006; ; ; ; ;0; ; ; ;REGIÓN SIERRA; ; ; ;TOTAL NACIONAL;29,4124185879087
01035201075800012; AZUAY;01;07580;0012; ; ; ; ;0; ; ; ;REGIÓN SIERRA; ; ; ;TOTAL NACIONAL;24,6341384637787
01035201075800013; AZUAY;01;07580;0013; ; ; ; ;0; ; ; ;REGIÓN SIERRA; ; ; ;TOTAL NACIONAL;1,48776808700841
01015301084280001; AZUAY;01;08428;0001; ; ; ; ;0; ; ; ;REGIÓN SIERRA; ; ; ;TOTAL NACIONAL;36,6431634292557
01015301084280002; AZUAY;01;08428;0002; ; ; ;1;1; ;1;1;REGIÓN SIERRA; ; ; ;TOTAL NACIONAL;35,2480018120709
01035601085230001; AZUAY;01;08523;0001; ; ; ; ;1; ; ; ;REGIÓN SIERRA; ; ; ;TOTAL NACIONAL;25,0097192256007
01035601085230002; AZUAY;01;08523;0002; ; ; ; ;0; ; ; ;REGIÓN SIERRA; ; ; ;TOTAL NACIONAL;,190768262590394
01035601085230003; AZUAY;01;08523;0003; ;1; ; ;0; ;1;1;REGIÓN SIERRA; ; ; ;TOTAL NACIONAL;42,4689895914258
01035601085230004; AZUAY;01;08523;0004; ; ; ; ;0; ; ; ;REGIÓN SIERRA; ; ; ;TOTAL NACIONAL;13,2774710762914
01035601085230005; AZUAY;01;08523;0005; ; ; ; ;1; ; ; ;REGIÓN SIERRA; ; ; ;TOTAL NACIONAL;10,8947784855006
01035001087250002; AZUAY;01;08725;0002; ; ; ; ;0; ; ; ;REGIÓN SIERRA; ; ; ;TOTAL NACIONAL;6,93977402496931
01035001087250004; AZUAY;01;08725;0004; ; ; ; ;0; ; ; ;REGIÓN SIERRA; ; ; ;TOTAL NACIONAL;53,0077209510905
01035001087250005; AZUAY;01;08725;0005; ; ; ; ;0; ; ; ;REGIÓN SIERRA; ; ; ;TOTAL NACIONAL;13,8379283238461
01035001087250006; AZUAY;01;08725;0006; ; ; ; ;0; ; ; ;REGIÓN SIERRA; ; ; ;TOTAL NACIONAL;49,4235007109788
01017001089340005; AZUAY;01;08934;0005; ; ; ; ; ; ; ; ;REGIÓN SIERRA; ; ; ;TOTAL NACIONAL;79,3407028948146
01035601090220003; AZUAY;01;09022;0003; ; ; ; ;0; ; ; ;REGIÓN SIERRA; ; ; ;TOTAL NACIONAL;55,9958474678925
01015301094290002; AZUAY;01;09429;0002; ; ; ; ;0; ; ; ;REGIÓN SIERRA; ; ; ;TOTAL NACIONAL;1,68877861737008
01115001097580002; AZUAY;01;09758;0002; ; ; ; ;0; ; ; ;REGIÓN SIERRA; ; ; ;TOTAL NACIONAL;26,1916209141471
01115001097580008; AZUAY;01;09758;0008; ; ; ; ;0; ; ; ;REGIÓN SIERRA; ; ; ;TOTAL NACIONAL;4,34382613093892
01017001100940005; AZUAY;01;10094;0005;1; ;1;1;1;2;1;3;REGIÓN SIERRA; ; ; ;TOTAL NACIONAL;45,4344025458087
01016401102290004; AZUAY;01;10229;0004; ; ; ; ; ; ; ; ;REGIÓN SIERRA; ; ; ;TOTAL NACIONAL;33,8487463353834
01085201108990001; AZUAY;01;10899;0001; ; ; ; ;1; ; ; ;REGIÓN SIERRA; ; ; ;TOTAL NACIONAL;5,27022911298849
01085201108990002; AZUAY;01;10899;0002; ; ; ; ;0; ; ; ;REGIÓN SIERRA; ; ; ;TOTAL NACIONAL;32,8577522197652
01016801111160002; AZUAY;01;11116;0002; ; ; ; ;1; ; ; ;REGIÓN SIERRA; ; ; ;TOTAL NACIONAL;88,7099810091274
01016401112300009; AZUAY;01;11230;0009; ; ; ; ;0; ; ; ;REGIÓN SIERRA; ; ; ;TOTAL NACIONAL;7,3760438613982
01115301117410003; AZUAY;01;11741;0003; ; ; ; ;0; ; ; ;REGIÓN SIERRA; ; ; ;TOTAL NACIONAL;75,6218580497828
01115301117410008; AZUAY;01;11741;0008; ; ; ; ;0; ; ; ;REGIÓN SIERRA; ; ; ;TOTAL NACIONAL;58,00112872381
01016101119010001; AZUAY;01;11901;0001; ; ; ; ; ; ; ; ;REGIÓN SIERRA; ; ; ;TOTAL NACIONAL;10,8903036400778
01016801120920007; AZUAY;01;12092;0007; ; ; ; ;1; ; ; ;REGIÓN SIERRA; ; ; ;TOTAL NACIONAL;34,9930582466539
01016801120920008; AZUAY;01;12092;0008; ; ; ; ;0; ; ; ;REGIÓN SIERRA; ; ; ;TOTAL NACIONAL;,225658308902556
01016801123170001; AZUAY;01;12317;0001; ; ; ; ;1; ; ; ;REGIÓN SIERRA; ; ; ;TOTAL NACIONAL;3,11323622045673
01115301124020002; AZUAY;01;12402;0002; ; ; ; ;0; ; ; ;REGIÓN SIERRA; ; ; ;TOTAL NACIONAL;41,1603814471256
01115301124160003; AZUAY;01;12416;0003; ; ; ; ;0; ; ; ;REGIÓN SIERRA; ; ; ;TOTAL NACIONAL;35,2811055054352
01115401124270001; AZUAY;01;12427;0001; ; ; ; ;0; ; ; ;REGIÓN SIERRA; ; ; ;TOTAL NACIONAL;21,5963027970331
01115401124270003; AZUAY;01;12427;0003; ; ; ; ;0; ; ; ;REGIÓN SIERRA; ; ; ;TOTAL NACIONAL;48,7739881374417
01085201127220001; AZUAY;01;12722;0001; ; ; ; ;2; ; ; ;REGIÓN SIERRA; ; ; ;TOTAL NACIONAL;36,0825456618771
01095501128480006; AZUAY;01;12848;0006; ; ;2; ;0;2; ;2;REGIÓN SIERRA; ; ; ;TOTAL NACIONAL;12,4488765006656
01095301128740002; AZUAY;01;12874;0002; ; ; ; ;0; ; ; ;REGIÓN SIERRA; ; ; ;TOTAL NACIONAL;11,2953004040328
01095301128740011; AZUAY;01;12874;0011; ; ; ; ;0; ; ; ;REGIÓN SIERRA; ; ; ;TOTAL NACIONAL;14,7998995502184
01095501130900002; AZUAY;01;13090;0002; ; ; ; ; ; ; ; ;REGIÓN SIERRA; ; ; ;TOTAL NACIONAL;23,9348670816657
01095501130900003; AZUAY;01;13090;0003; ; ; ; ; ; ; ; ;REGIÓN SIERRA; ; ; ;TOTAL NACIONAL;20,1738461622453
01095501130900004; AZUAY;01;13090;0004; ;2; ; ; ; ;2;2;REGIÓN SIERRA; ; ; ;TOTAL NACIONAL;,15981004677302
01095501130900010; AZUAY;01;13090;0010; ; ; ; ; ; ; ; ;REGIÓN SIERRA; ; ; ;TOTAL NACIONAL;19,1274914613073
01095501130900011; AZUAY;01;13090;0011; ; ; ; ;1; ; ; ;REGIÓN SIERRA; ; ; ;TOTAL NACIONAL;76,5701258691026
01016801134220004; AZUAY;01;13422;0004; ; ; ; ;0; ; ; ;REGIÓN SIERRA; ; ; ;TOTAL NACIONAL;59,5118481321446
01016801134220007; AZUAY;01;13422;0007; ; ; ; ; ; ; ; ;REGIÓN SIERRA; ; ; ;TOTAL NACIONAL;87,554706339696
01016801134220016; AZUAY;01;13422;0016; ; ; ; ; ; ; ; ;REGIÓN SIERRA; ; ; ;TOTAL NACIONAL;11,9957793839267
01016101135260002; AZUAY;01;13526;0002; ; ; ; ;0; ; ; ;REGIÓN SIERRA; ; ; ;TOTAL NACIONAL;27,7080181095507
01016101135260004; AZUAY;01;13526;0004; ; ; ; ;0; ; ; ;REGIÓN SIERRA; ; ; ;TOTAL NACIONAL;52,721081669631
01016101135390002; AZUAY;01;13539;0002; ; ; ; ;0; ; ; ;REGIÓN SIERRA; ; ; ;TOTAL NACIONAL;13,2181928606747
01095501135470001; AZUAY;01;13547;0001; ; ; ; ;0; ; ; ;REGIÓN SIERRA; ; ; ;TOTAL NACIONAL;64,2974809989636
01095501135470004; AZUAY;01;13547;0004; ;2; ; ;0; ;2;2;REGIÓN SIERRA; ; ; ;TOTAL NACIONAL;76,3809128907916
01095501135470006; AZUAY;01;13547;0006; ;2; ; ;0; ;2;2;REGIÓN SIERRA; ; ; ;TOTAL NACIONAL;2,75649974110096
01095501135470009; AZUAY;01;13547;0009; ; ; ; ;0; ; ; ;REGIÓN SIERRA; ; ; ;TOTAL NACIONAL;70,1133639778412
01095501135470010; AZUAY;01;13547;0010; ; ; ; ;0; ; ; ;REGIÓN SIERRA; ; ; ;TOTAL NACIONAL;39,6893143305084
01095501135470015; AZUAY;01;13547;0015; ; ; ; ;0; ; ; ;REGIÓN SIERRA; ; ; ;TOTAL NACIONAL;45,0140438979856
01095501135470016; AZUAY;01;13547;0016; ; ; ; ;0; ; ; ;REGIÓN SIERRA; ; ; ;TOTAL NACIONAL;41,1012844891539
01095501135470018; AZUAY;01;13547;0018; ; ; ; ;0; ; ; ;REGIÓN SIERRA; ; ; ;TOTAL NACIONAL;22,9248822014313
01085301136860002; AZUAY;01;13686;0002; ; ; ; ;0; ; ; ;REGIÓN SIERRA; ; ; ;TOTAL NACIONAL;19,4952532313584
01095001137570001; AZUAY;01;13757;0001; ; ; ; ;0; ; ; ;REGIÓN SIERRA; ; ; ;TOTAL NACIONAL;93,328197976523
01095001137570008; AZUAY;01;13757;0008; ; ; ; ;0; ; ; ;REGIÓN SIERRA; ; ; ;TOTAL NACIONAL;10,1849721994392
01095001137570009; AZUAY;01;13757;0009; ; ; ; ;0; ; ; ;REGIÓN SIERRA; ; ; ;TOTAL NACIONAL;11,0128717674158
01095001137570010; AZUAY;01;13757;0010; ;1; ; ;0; ;1;1;REGIÓN SIERRA; ; ; ;TOTAL NACIONAL;46,9083592235269
01095001137570012; AZUAY;01;13757;0012; ; ; ; ;0; ; ; ;REGIÓN SIERRA; ; ; ;TOTAL NACIONAL;5,45455528092336
01095301137800008; AZUAY;01;13780;0008; ; ; ; ;0; ; ; ;REGIÓN SIERRA; ; ; ;TOTAL NACIONAL;36,2812047158526
01115101139660005; AZUAY;01;13966;0005; ;1; ; ;0; ;1;1;REGIÓN SIERRA; ; ; ;TOTAL NACIONAL;36,9204902838684
01095001141930003; AZUAY;01;14193;0003; ; ; ; ;0; ; ; ;REGIÓN SIERRA; ; ; ;TOTAL NACIONAL;21,9188187859952
01095001143340005; AZUAY;01;14334;0005; ; ; ; ;0; ; ; ;REGIÓN SIERRA; ; ; ;TOTAL NACIONAL;85,5799379459578
01095001143340010; AZUAY;01;14334;0010; ; ; ; ;0; ; ; ;REGIÓN SIERRA; ; ; ;TOTAL NACIONAL;14,4188271354512
01095001143410001; AZUAY;01;14341;0001; ; ; ; ;0; ; ; ;REGIÓN SIERRA; ; ; ;TOTAL NACIONAL;12,3077103345545
01095001143410004; AZUAY;01;14341;0004; ; ; ; ;1; ; ; ;REGIÓN SIERRA; ; ; ;TOTAL NACIONAL;32,2449326105188
01016101143830002; AZUAY;01;14383;0002; ; ; ; ;0; ; ; ;REGIÓN SIERRA; ; ; ;TOTAL NACIONAL;2,52372501243389
01016101143830003; AZUAY;01;14383;0003; ; ; ; ;0; ; ; ;REGIÓN SIERRA; ; ; ;TOTAL NACIONAL;52,8685180857417
01016101143830004; AZUAY;01;14383;0004; ; ; ; ;0; ; ; ;REGIÓN SIERRA; ; ; ;TOTAL NACIONAL;10,4470005982241
01016101143830005; AZUAY;01;14383;0005; ; ; ; ;0; ; ; ;REGIÓN SIERRA; ; ; ;TOTAL NACIONAL;2,68868626311206
01016101143830008; AZUAY;01;14383;0008; ; ; ; ;0; ; ; ;REGIÓN SIERRA; ; ; ;TOTAL NACIONAL;4,71878332226452
01016101143830009; AZUAY;01;14383;0009; ; ; ; ;0; ; ; ;REGIÓN SIERRA; ; ; ;TOTAL NACIONAL;10,1639221259037
01016101143830012; AZUAY;01;14383;0012; ; ; ; ;0; ; ; ;REGIÓN SIERRA; ; ; ;TOTAL NACIONAL;70,8685081226654
01016101143830016; AZUAY;01;14383;0016; ; ; ; ;0; ; ; ;REGIÓN SIERRA; ; ; ;TOTAL NACIONAL;58,3275974914219
01085301144420001; AZUAY;01;14442;0001; ; ; ; ;1; ; ; ;REGIÓN SIERRA; ; ; ;TOTAL NACIONAL;15,8022270019617
01016101147510003; AZUAY;01;14751;0003; ; ; ; ;0; ; ; ;REGIÓN SIERRA; ; ; ;TOTAL NACIONAL;3,62740595346363
01016101147510004; AZUAY;01;14751;0004; ; ; ; ;0; ; ; ;REGIÓN SIERRA; ; ; ;TOTAL NACIONAL;30,3138752965157
01016101147510005; AZUAY;01;14751;0005; ; ; ; ;0; ; ; ;REGIÓN SIERRA; ; ; ;TOTAL NACIONAL;49,8085408493347
01095001148070006; AZUAY;01;14807;0006; ; ; ; ;0; ; ; ;REGIÓN SIERRA; ; ; ;TOTAL NACIONAL;24,5901186612932
01095001148070012; AZUAY;01;14807;0012; ; ; ; ;0; ; ; ;REGIÓN SIERRA; ; ; ;TOTAL NACIONAL;71,2239035221497
01095001148070013; AZUAY;01;14807;0013; ; ; ; ;0; ; ; ;REGIÓN SIERRA; ; ; ;TOTAL NACIONAL;43,9654444697963
01095001148070026; AZUAY;01;14807;0026; ; ; ; ;0; ; ; ;REGIÓN SIERRA; ; ; ;TOTAL NACIONAL;3,7099178990013
01095001148070027; AZUAY;01;14807;0027; ; ; ; ;0; ; ; ;REGIÓN SIERRA; ; ; ;TOTAL NACIONAL;59,8753033915815
01095001150110005; AZUAY;01;15011;0005; ; ; ; ; ; ; ; ;REGIÓN SIERRA; ; ; ;TOTAL NACIONAL;75,712919170689
01095001150110014; AZUAY;01;15011;0014; ; ; ; ; ; ; ; ;REGIÓN SIERRA; ; ; ;TOTAL NACIONAL;34,825449442564
01095001151920003; AZUAY;01;15192;0003; ; ; ;1;0; ;1;1;REGIÓN SIERRA; ; ; ;TOTAL NACIONAL;77,2547857536985
01095001153960002; AZUAY;01;15396;0002; ; ; ; ;0; ; ; ;REGIÓN SIERRA; ; ; ;TOTAL NACIONAL;48,1334404204624
01095401155280002; AZUAY;01;15528;0002; ;4; ; ;0; ;4;4;REGIÓN SIERRA; ; ; ;TOTAL NACIONAL;20,2428777103763
01095101157500003; AZUAY;01;15750;0003; ; ; ; ; ; ; ; ;REGIÓN SIERRA; ; ; ;TOTAL NACIONAL;6,14341001151459
01095401162900001; AZUAY;01;16290;0001; ; ; ; ;0; ; ; ;REGIÓN SIERRA; ; ; ;TOTAL NACIONAL;42,9361554622099
01075001167260001; AZUAY;01;16726;0001; ; ; ; ;2; ; ; ;REGIÓN SIERRA; ; ; ;TOTAL NACIONAL;43,4080288631701
01016101170850001; AZUAY;01;17085;0001; ; ; ; ; ; ; ; ;REGIÓN SIERRA; ; ; ;TOTAL NACIONAL;21,2751444425902
01016101170850003; AZUAY;01;17085;0003; ; ; ; ; ; ; ; ;REGIÓN SIERRA; ; ; ;TOTAL NACIONAL;8,62012610486132
01095601174830007; AZUAY;01;17483;0007;4; ;5; ;2;9; ;9;REGIÓN SIERRA; ; ; ;TOTAL NACIONAL;74,6761885186109
01095601174830009; AZUAY;01;17483;0009; ; ; ; ; ; ; ; ;REGIÓN SIERRA; ; ; ;TOTAL NACIONAL;78,2807967070191
01025001177430001; AZUAY;01;17743;0001; ; ; ; ;0; ; ; ;REGIÓN SIERRA; ; ; ;TOTAL NACIONAL;48,1787335102487
01025001177540001; AZUAY;01;17754;0001; ; ; ; ;0; ; ; ;REGIÓN SIERRA; ; ; ;TOTAL NACIONAL;5,50792427283834
01025001179590003; AZUAY;01;17959;0003; ; ; ; ;0; ; ; ;REGIÓN SIERRA; ; ; ;TOTAL NACIONAL;12,6700950376338
01075001180090004; AZUAY;01;18009;0004; ; ; ; ;0; ; ; ;REGIÓN SIERRA; ; ; ;TOTAL NACIONAL;,609567922315077
01075001180320003; AZUAY;01;18032;0003; ; ; ; ;0; ; ; ;REGIÓN SIERRA; ; ; ;TOTAL NACIONAL;1,2737628926254
01025001180700002; AZUAY;01;18070;0002; ;1; ; ;1; ;1;1;REGIÓN SIERRA; ; ; ;TOTAL NACIONAL;9,29106319266803
01025001180700003; AZUAY;01;18070;0003;3;1; ; ; ;3;1;4;REGIÓN SIERRA; ; ; ;TOTAL NACIONAL;7,12358984744922
01095601183230001; AZUAY;01;18323;0001; ;1; ; ; ; ;1;1;REGIÓN SIERRA; ; ; ;TOTAL NACIONAL;65,8971448381084
01075001184120008; AZUAY;01;18412;0008; ; ; ; ;0; ; ; ;REGIÓN SIERRA; ; ; ;TOTAL NACIONAL;7,11819224405856
01095201187530001; AZUAY;01;18753;0001; ; ; ; ; ; ; ; ;REGIÓN SIERRA; ; ; ;TOTAL NACIONAL;53,3331087217175
01025001193930001; AZUAY;01;19393;0001; ; ; ; ;0; ; ; ;REGIÓN SIERRA; ; ; ;TOTAL NACIONAL;9,23257450246119
01085401200790001; AZUAY;01;20079;0001; ; ; ; ;0; ; ; ;REGIÓN SIERRA; ; ; ;TOTAL NACIONAL;11,9621650951229
01085401200790002; AZUAY;01;20079;0002; ; ; ; ;0; ; ; ;REGIÓN SIERRA; ; ; ;TOTAL NACIONAL;14,0502205875815
01095201201900011; AZUAY;01;20190;0011; ; ; ; ;0; ; ; ;REGIÓN SIERRA; ; ; ;TOTAL NACIONAL;29,0288601258142
01065001202980002; AZUAY;01;20298;0002; ; ; ; ; ; ; ; ;REGIÓN SIERRA; ; ; ;TOTAL NACIONAL;23,5468274085755
01025001203910001; AZUAY;01;20391;0001; ; ; ; ;0; ; ; ;REGIÓN SIERRA; ; ; ;TOTAL NACIONAL;4,85743525956783
01065001206320002; AZUAY;01;20632;0002; ; ; ; ;1; ; ; ;REGIÓN SIERRA; ; ; ;TOTAL NACIONAL;4,99309783259412
01065001206320003; AZUAY;01;20632;0003; ;1; ; ; ; ;1;1;REGIÓN SIERRA; ; ; ;TOTAL NACIONAL;23,690992527219
01025001206970001; AZUAY;01;20697;0001; ; ; ; ;0; ; ; ;REGIÓN SIERRA; ; ; ;TOTAL NACIONAL;51,2803005716843
01025001207190001; AZUAY;01;20719;0001; ; ; ; ;0; ; ; ;REGIÓN SIERRA; ; ; ;TOTAL NACIONAL;32,915888050088
01095201207510004; AZUAY;01;20751;0004; ; ; ; ;0; ; ; ;REGIÓN SIERRA; ; ; ;TOTAL NACIONAL;37,8665650060874
01065001209140011; AZUAY;01;20914;0011; ; ; ; ;0; ; ; ;REGIÓN SIERRA; ; ; ;TOTAL NACIONAL;5,93056906267934
01065001209140014; AZUAY;01;20914;0014; ; ; ; ;0; ; ; ;REGIÓN SIERRA; ; ; ;TOTAL NACIONAL;37,4854883353235
01065001209140016; AZUAY;01;20914;0016; ;1; ; ;0; ;1;1;REGIÓN SIERRA; ; ; ;TOTAL NACIONAL;12,004334177062
01075001209940001; AZUAY;01;20994;0001; ; ; ; ;1; ; ; ;REGIÓN SIERRA; ; ; ;TOTAL NACIONAL;6,31051629499068
01065001212140001; AZUAY;01;21214;0001;0;0; ; ;0;0;0;0;REGIÓN SIERRA; ; ; ;TOTAL NACIONAL;38,3642143662965
01085401214130002; AZUAY;01;21413;0002; ; ; ; ;0; ; ; ;REGIÓN SIERRA; ; ; ;TOTAL NACIONAL;25,1296381390526
01085401217470001; AZUAY;01;21747;0001;4; ;4;0;15;8;0;8;REGIÓN SIERRA; ; ; ;TOTAL NACIONAL;14,0376196083496
01065201224700003; AZUAY;01;22470;0003; ; ; ; ;0; ; ; ;REGIÓN SIERRA; ; ; ;TOTAL NACIONAL;6,13939769092526
01085101226330002; AZUAY;01;22633;0002; ; ; ; ;1; ; ; ;REGIÓN SIERRA; ; ; ;TOTAL NACIONAL;108,65543061067
01085101226330008; AZUAY;01;22633;0008; ; ; ; ;1; ; ; ;REGIÓN SIERRA; ; ; ;TOTAL NACIONAL;72,1712680277652
01065201227450002; AZUAY;01;22745;0002; ; ; ; ; ; ; ; ;REGIÓN SIERRA; ; ; ;TOTAL NACIONAL;7,73230041874783
01065201227480001; AZUAY;01;22748;0001; ; ; ; ; ; ; ; ;REGIÓN SIERRA; ; ; ;TOTAL NACIONAL;31,2290000757182
01025101228920003; AZUAY;01;22892;0003; ; ; ; ;1; ; ; ;REGIÓN SIERRA; ; ; ;TOTAL NACIONAL;15,2974210673248
01025101228920020; AZUAY;01;22892;0020; ; ; ; ;0; ; ; ;REGIÓN SIERRA; ; ; ;TOTAL NACIONAL;21,4582390694882
01085101229180001; AZUAY;01;22918;0001; ;20; ;20;2; ;40;40;REGIÓN SIERRA; ; ; ;TOTAL NACIONAL;4,1134714532888
01085101229180004; AZUAY;01;22918;0004;20; ;20; ;0;40; ;40;REGIÓN SIERRA; ; ; ;TOTAL NACIONAL;14,3866954207209
01085401230770002; AZUAY;01;23077;0002; ; ; ; ; ; ; ; ;REGIÓN SIERRA; ; ; ;TOTAL NACIONAL;38,7444132794889
01045301233860001; AZUAY;01;23386;0001; ; ; ; ;0; ; ; ;REGIÓN SIERRA; ; ; ;TOTAL NACIONAL;35,9708143275381
01045001239220001; AZUAY;01;23922;0001; ; ; ; ; ; ; ; ;REGIÓN SIERRA; ; ; ;TOTAL NACIONAL;5,46565401653693
01045001239220003; AZUAY;01;23922;0003; ; ; ; ; ; ; ; ;REGIÓN SIERRA; ; ; ;TOTAL NACIONAL;50,5962222165614
01045001241710003; AZUAY;01;24171;0003; ; ; ; ; ; ; ; ;REGIÓN SIERRA; ; ; ;TOTAL NACIONAL;16,5426953178874
01045001244380001; AZUAY;01;24438;0001; ; ; ; ;0; ; ; ;REGIÓN SIERRA; ; ; ;TOTAL NACIONAL;5,75986573340989
01045001247200002; AZUAY;01;24720;0002; ; ; ; ; ; ; ; ;REGIÓN SIERRA; ; ; ;TOTAL NACIONAL;64,097430125041
01045001247200012; AZUAY;01;24720;0012; ; ; ;1;0; ;1;1;REGIÓN SIERRA; ; ; ;TOTAL NACIONAL;90,7274934323247
01045001247360001; AZUAY;01;24736;0001; ; ; ; ;0; ; ; ;REGIÓN SIERRA; ; ; ;TOTAL NACIONAL;21,5076213782543
01045001247360002; AZUAY;01;24736;0002; ; ; ; ;0; ; ; ;REGIÓN SIERRA; ; ; ;TOTAL NACIONAL;3,40739661632052
01045001250650004; AZUAY;01;25065;0004; ; ; ; ;0; ; ; ;REGIÓN SIERRA; ; ; ;TOTAL NACIONAL;25,2871640629227
01045001250650006; AZUAY;01;25065;0006; ; ; ; ; ; ; ; ;REGIÓN SIERRA; ; ; ;TOTAL NACIONAL;18,2704879399779
01045001250680005; AZUAY;01;25068;0005;3; ;2;1;0;5;1;6;REGIÓN SIERRA; ; ; ;TOTAL NACIONAL;163,197285549072
01045001250680006; AZUAY;01;25068;0006; ; ; ; ; ; ; ; ;REGIÓN SIERRA; ; ; ;TOTAL NACIONAL;60,1022240944088
01045001253920007; AZUAY;01;25392;0007; ; ; ; ;0; ; ; ;REGIÓN SIERRA; ; ; ;TOTAL NACIONAL;49,2210190878453
01045001253920008; AZUAY;01;25392;0008; ; ; ; ;0; ; ; ;REGIÓN SIERRA; ; ; ;TOTAL NACIONAL;116,694118971827
01085001257330001; AZUAY;01;25733;0001; ; ; ; ; ; ; ; ;REGIÓN SIERRA; ; ; ;TOTAL NACIONAL;10,6545688244158
01085001257640001; AZUAY;01;25764;0001;1;0;1;0;0;2;0;2;REGIÓN SIERRA; ; ; ;TOTAL NACIONAL;60,3448424149348
01045001262490002; AZUAY;01;26249;0002; ; ; ; ; ; ; ; ;REGIÓN SIERRA; ; ; ;TOTAL NACIONAL;49,6174132470055
01045001262490004; AZUAY;01;26249;0004; ; ; ; ; ; ; ; ;REGIÓN SIERRA; ; ; ;TOTAL NACIONAL;47,6716756750418
01045001269830002; AZUAY;01;26983;0002; ; ; ; ; ; ; ; ;REGIÓN SIERRA; ; ; ;TOTAL NACIONAL;3,13901061569169
01045101273510002; AZUAY;01;27351;0002; ; ; ; ; ; ; ; ;REGIÓN SIERRA; ; ; ;TOTAL NACIONAL;42,3804392049784
01045101273510003; AZUAY;01;27351;0003; ; ; ; ;0; ; ; ;REGIÓN SIERRA; ; ; ;TOTAL NACIONAL;4,77514114272028
01045301275750001; AZUAY;01;27575;0001; ; ; ; ;0; ; ; ;REGIÓN SIERRA; ; ; ;TOTAL NACIONAL;56,6076954888475
01045301275750003; AZUAY;01;27575;0003; ; ; ; ;1; ; ; ;REGIÓN SIERRA; ; ; ;TOTAL NACIONAL;68,4944172712936
01045301276490002; AZUAY;01;27649;0002; ; ; ; ; ; ; ; ;REGIÓN SIERRA; ; ; ;TOTAL NACIONAL;1,18438659031258
01045301276490003; AZUAY;01;27649;0003; ; ; ; ;1; ; ; ;REGIÓN SIERRA; ; ; ;TOTAL NACIONAL;,677025123195021
01045101277250006; AZUAY;01;27725;0006;1; ; ;1;0;1;1;2;REGIÓN SIERRA; ; ; ;TOTAL NACIONAL;69,1687227903831
01045101277270002; AZUAY;01;27727;0002; ; ; ; ;0; ; ; ;REGIÓN SIERRA; ; ; ;TOTAL NACIONAL;29,0881352773302
01045101277270008; AZUAY;01;27727;0008; ; ; ; ;0; ; ; ;REGIÓN SIERRA; ; ; ;TOTAL NACIONAL;7,42601592819965
01045101277450007; AZUAY;01;27745;0007; ; ; ; ; ; ; ; ;REGIÓN SIERRA; ; ; ;TOTAL NACIONAL;,320722908724533
01105101279050001; AZUAY;01;27905;0001; ; ; ; ;0; ; ; ;REGIÓN SIERRA; ; ; ;TOTAL NACIONAL;43,4734574089847
01045101281230006; AZUAY;01;28123;0006; ; ; ; ;0; ; ; ;REGIÓN SIERRA; ; ; ;TOTAL NACIONAL;10,6375235271712
01045101289860001; AZUAY;01;28986;0001; ; ; ; ;1; ; ; ;REGIÓN SIERRA; ; ; ;TOTAL NACIONAL;30,9001539478152
01015702000170002; AZUAY;02;00017;0002; ; ; ; ; ; ; ; ;REGIÓN SIERRA; ; ; ;TOTAL NACIONAL;,129204845379781
01015702000480001; AZUAY;02;00048;0001; ; ; ; ; ; ; ; ;REGIÓN SIERRA; ; ; ;TOTAL NACIONAL;2,94667233142776
01155002001820002; AZUAY;02;00182;0002; ;2; ;3;1; ;5;5;REGIÓN SIERRA; ; ; ;TOTAL NACIONAL;138,043685119728
01015703000150013; AZUAY;03;00015;0013;60; ; ;7;10;60;7;67;REGIÓN SIERRA; ; ; ;TOTAL NACIONAL;30,3337310259643
01015703000680001; AZUAY;03;00068;0001; ;4; ; ;0; ;4;4;REGIÓN SIERRA; ; ; ;TOTAL NACIONAL;60,1152020094372
01017103006540008; AZUAY;03;00654;0008; ; ; ; ;0; ; ; ;REGIÓN SIERRA; ; ; ;TOTAL NACIONAL;17,6779097737619
01017103006540010; AZUAY;03;00654;0010; ; ; ; ;0; ; ; ;REGIÓN SIERRA; ; ; ;TOTAL NACIONAL;57,1662277099573
01017103006540012; AZUAY;03;00654;0012; ; ; ; ;0; ; ; ;REGIÓN SIERRA; ; ; ;TOTAL NACIONAL;60,6435236989245
01065003007920001; AZUAY;03;00792;0001; ; ; ; ;0; ; ; ;REGIÓN SIERRA; ; ; ;TOTAL NACIONAL;82,7035882072792
01065003007920010; AZUAY;03;00792;0010; ; ; ; ;0; ; ; ;REGIÓN SIERRA; ; ; ;TOTAL NACIONAL;158,323246460841
01065003007920016; AZUAY;03;00792;0016; ; ; ; ;1; ; ; ;REGIÓN SIERRA; ; ; ;TOTAL NACIONAL;132,602838750836
01045003008660004; AZUAY;03;00866;0004; ; ; ; ; ; ; ; ;REGIÓN SIERRA; ; ; ;TOTAL NACIONAL;30,4637165142315
01045003008660008; AZUAY;03;00866;0008; ; ; ; ; ; ; ; ;REGIÓN SIERRA; ; ; ;TOTAL NACIONAL;66,3737122767008
01065203008890001; AZUAY;03;00889;0001; ; ; ; ;0; ; ; ;REGIÓN SIERRA; ; ; ;TOTAL NACIONAL;67,9983130222654
01065203008890008; AZUAY;03;00889;0008; ; ; ; ;0; ; ; ;REGIÓN SIERRA; ; ; ;TOTAL NACIONAL;3,06391499245423
01065203008890010; AZUAY;03;00889;0010; ; ; ; ;0; ; ; ;REGIÓN SIERRA; ; ; ;TOTAL NACIONAL;19,7583573439312
01085204000890003; AZUAY;04;00089;0003; ; ; ; ;1; ; ; ;REGIÓN SIERRA; ; ; ;TOTAL NACIONAL;21,8189270130137
01085304001500004; AZUAY;04;00150;0004; ; ; ; ;0; ; ; ;REGIÓN SIERRA; ; ; ;TOTAL NACIONAL;64,5359243576204
01085304001500006; AZUAY;04;00150;0006; ; ; ; ;0; ; ; ;REGIÓN SIERRA; ; ; ;TOTAL NACIONAL;10,1554276683412
01085304001500007; AZUAY;04;00150;0007;5; ; ;1;2;5;1;6;REGIÓN SIERRA; ; ; ;TOTAL NACIONAL;6,31986933859605
01085304001500011; AZUAY;04;00150;0011; ; ; ;1;0; ;1;1;REGIÓN SIERRA; ; ; ;TOTAL NACIONAL;39,6652780437731
01045104001820004; AZUAY;04;00182;0004; ; ; ; ; ; ; ; ;REGIÓN SIERRA; ; ; ;TOTAL NACIONAL;12,8159069261901
01015754000994062; AZUAY;54;00099;4062; ; ; ; ; ; ; ; ;REGIÓN SIERRA; ; ; ;TOTAL NACIONAL;1
01085062000990345; AZUAY;62;00099;0345;25000; ;34157; ; ;59157; ;59157;REGIÓN SIERRA; ; ; ;TOTAL NACIONAL;1
01085062000991221; AZUAY;62;00099;1221; ;60; ;60;2; ;120;120;REGIÓN SIERRA; ; ; ;TOTAL NACIONAL;1
01035364000991205; AZUAY;64;00099;1205; ; ; ; ;1; ; ; ;REGIÓN SIERRA; ; ; ;TOTAL NACIONAL;1
02016001000860004;BOLÍVAR;01;00086;0004; ; ; ; ;2; ; ; ;REGIÓN SIERRA; ; ; ;TOTAL NACIONAL;23,4996145889334
02015101002070002;BOLÍVAR;01;00207;0002; ; ; ; ; ; ; ; ;REGIÓN SIERRA; ; ; ;TOTAL NACIONAL;34,1208278912281
02015101004360001;BOLÍVAR;01;00436;0001; ; ; ; ;2; ; ; ;REGIÓN SIERRA; ; ; ;TOTAL NACIONAL;6,1254278945071
02015101004360002;BOLÍVAR;01;00436;0002; ; ; ; ; ; ; ; ;REGIÓN SIERRA; ; ; ;TOTAL NACIONAL;66,0345914600229
02015101004400002;BOLÍVAR;01;00440;0002; ; ; ; ; ; ; ; ;REGIÓN SIERRA; ; ; ;TOTAL NACIONAL;27,7758124377684
02015101004400005;BOLÍVAR;01;00440;0005; ; ; ; ; ; ; ; ;REGIÓN SIERRA; ; ; ;TOTAL NACIONAL;7,81555786739249
02015101004620003;BOLÍVAR;01;00462;0003; ; ; ; ; ; ; ; ;REGIÓN SIERRA; ; ; ;TOTAL NACIONAL;2,84242799548859
02015901006690001;BOLÍVAR;01;00669;0001; ; ; ; ;1; ; ; ;REGIÓN SIERRA; ; ; ;TOTAL NACIONAL;38,9061304219761
02015901006690002;BOLÍVAR;01;00669;0002; ; ; ; ; ; ; ; ;REGIÓN SIERRA; ; ; ;TOTAL NACIONAL;13,2118130125161
02015901006690004;BOLÍVAR;01;00669;0004; ; ; ; ;1; ; ; ;REGIÓN SIERRA; ; ; ;TOTAL NACIONAL;11,1352811299704
02015901008570001;BOLÍVAR;01;00857;0001; ; ; ;1; ; ;1;1;REGIÓN SIERRA; ; ; ;TOTAL NACIONAL;4,62305190122274
02015901008570003;BOLÍVAR;01;00857;0003; ; ; ; ; ; ; ; ;REGIÓN SIERRA; ; ; ;TOTAL NACIONAL;4,99846143540784
02015901010140001;BOLÍVAR;01;01014;0001; ;1; ; ; ; ;1;1;REGIÓN SIERRA; ; ; ;TOTAL NACIONAL;43,9756967234808
02015101012200001;BOLÍVAR;01;01220;0001; ; ; ; ; ; ; ; ;REGIÓN SIERRA; ; ; ;TOTAL NACIONAL;1,68257781219152
02015901012440001;BOLÍVAR;01;01244;0001; ; ; ; ; ; ; ; ;REGIÓN SIERRA; ; ; ;TOTAL NACIONAL;6,35365252182003
02015901012440002;BOLÍVAR;01;01244;0002; ; ; ; ; ; ; ; ;REGIÓN SIERRA; ; ; ;TOTAL NACIONAL;9,68639826762398
02015901012440003;BOLÍVAR;01;01244;0003; ; ; ; ; ; ; ; ;REGIÓN SIERRA; ; ; ;TOTAL NACIONAL;,536939924148549
02015901012860001;BOLÍVAR;01;01286;0001; ; ; ; ; ; ; ; ;REGIÓN SIERRA; ; ; ;TOTAL NACIONAL;59,6243460137255
02015901012860004;BOLÍVAR;01;01286;0004; ; ; ; ; ; ; ; ;REGIÓN SIERRA; ; ; ;TOTAL NACIONAL;32,72447529751
02015901017880002;BOLÍVAR;01;01788;0002; ; ; ; ; ; ; ; ;REGIÓN SIERRA; ; ; ;TOTAL NACIONAL;1,34061005172806
02015901019370001;BOLÍVAR;01;01937;0001; ; ; ; ; ; ; ; ;REGIÓN SIERRA; ; ; ;TOTAL NACIONAL;5,80835742765072
02015901021210003;BOLÍVAR;01;02121;0003; ; ; ; ; ; ; ; ;REGIÓN SIERRA; ; ; ;TOTAL NACIONAL;,637700780518295
02016001021690001;BOLÍVAR;01;02169;0001;3;3;3;2;1;6;5;11;REGIÓN SIERRA; ; ; ;TOTAL NACIONAL;,720779982663605
02015501024470001;BOLÍVAR;01;02447;0001; ; ; ; ; ; ; ; ;REGIÓN SIERRA; ; ; ;TOTAL NACIONAL;15,3557711701734
02015501024470002;BOLÍVAR;01;02447;0002; ; ; ; ; ; ; ; ;REGIÓN SIERRA; ; ; ;TOTAL NACIONAL;9,20720650282611
02015501024710001;BOLÍVAR;01;02471;0001; ; ; ; ; ; ; ; ;REGIÓN SIERRA; ; ; ;TOTAL NACIONAL;8,84303989875365
02015901025760002;BOLÍVAR;01;02576;0002; ; ; ; ; ; ; ; ;REGIÓN SIERRA; ; ; ;TOTAL NACIONAL;44,1873345311848
02015901025760005;BOLÍVAR;01;02576;0005; ;1; ;2; ; ;3;3;REGIÓN SIERRA; ; ; ;TOTAL NACIONAL;62,4387140726867
02015901025760006;BOLÍVAR;01;02576;0006; ;1; ;1; ; ;2;2;REGIÓN SIERRA; ; ; ;TOTAL NACIONAL;54,65542485767
02015901025760007;BOLÍVAR;01;02576;0007; ;1; ;1; ; ;2;2;REGIÓN SIERRA; ; ; ;TOTAL NACIONAL;72,61575059122
02015901025760008;BOLÍVAR;01;02576;0008; ; ; ; ; ; ; ; ;REGIÓN SIERRA; ; ; ;TOTAL NACIONAL;63,5353969436417
02015901025760009;BOLÍVAR;01;02576;0009; ; ; ; ; ; ; ; ;REGIÓN SIERRA; ; ; ;TOTAL NACIONAL;79,3910393155872
02015901025760010;BOLÍVAR;01;02576;0010; ;1; ;1; ; ;2;2;REGIÓN SIERRA; ; ; ;TOTAL NACIONAL;34,1303053975203
02015901025760013;BOLÍVAR;01;02576;0013; ; ; ; ; ; ; ; ;REGIÓN SIERRA; ; ; ;TOTAL NACIONAL;66,303860346276
02015901025760015;BOLÍVAR;01;02576;0015; ; ; ; ; ; ; ; ;REGIÓN SIERRA; ; ; ;TOTAL NACIONAL;48,7865919136786
02015901025770001;BOLÍVAR;01;02577;0001; ; ; ; ; ; ; ; ;REGIÓN SIERRA; ; ; ;TOTAL NACIONAL;56,5400946803483
02015901025770002;BOLÍVAR;01;02577;0002; ; ;2; ; ;2; ;2;REGIÓN SIERRA; ; ; ;TOTAL NACIONAL;25,4877222786771
02015901025770003;BOLÍVAR;01;02577;0003; ; ; ; ; ; ; ; ;REGIÓN SIERRA; ; ; ;TOTAL NACIONAL;43,1039787402824
02015901025770004;BOLÍVAR;01;02577;0004; ;1; ; ; ; ;1;1;REGIÓN SIERRA; ; ; ;TOTAL NACIONAL;37,6189303326982
02015901025770005;BOLÍVAR;01;02577;0005; ; ; ; ; ; ; ; ;REGIÓN SIERRA; ; ; ;TOTAL NACIONAL;38,3398649132751
02015901025770006;BOLÍVAR;01;02577;0006; ; ; ; ; ; ; ; ;REGIÓN SIERRA; ; ; ;TOTAL NACIONAL;58,4947676711954
02015901025770007;BOLÍVAR;01;02577;0007; ; ; ; ; ; ; ; ;REGIÓN SIERRA; ; ; ;TOTAL NACIONAL;53,3718997198115
02015901025770008;BOLÍVAR;01;02577;0008; ; ; ; ; ; ; ; ;REGIÓN SIERRA; ; ; ;TOTAL NACIONAL;7,26608815735638
02015901025770009;BOLÍVAR;01;02577;0009; ; ; ; ; ; ; ; ;REGIÓN SIERRA; ; ; ;TOTAL NACIONAL;43,1339363751141
02015901025770010;BOLÍVAR;01;02577;0010; ; ; ; ; ; ; ; ;REGIÓN SIERRA; ; ; ;TOTAL NACIONAL;69,3719612352573
02015901025770011;BOLÍVAR;01;02577;0011; ; ; ; ; ; ; ; ;REGIÓN SIERRA; ; ; ;TOTAL NACIONAL;63,4992921577666
02015901025770013;BOLÍVAR;01;02577;0013; ; ; ; ; ; ; ; ;REGIÓN SIERRA; ; ; ;TOTAL NACIONAL;91,9318110343786
02015901025770014;BOLÍVAR;01;02577;0014; ; ; ; ; ; ; ; ;REGIÓN SIERRA; ; ; ;TOTAL NACIONAL;15,0801953860307
02015901025770015;BOLÍVAR;01;02577;0015;2; ; ; ; ;2; ;2;REGIÓN SIERRA; ; ; ;TOTAL NACIONAL;75,4138714965374
02015901025770016;BOLÍVAR;01;02577;0016; ; ; ; ; ; ; ; ;REGIÓN SIERRA; ; ; ;TOTAL NACIONAL;77,8509445431041
02015901025770020;BOLÍVAR;01;02577;0020; ; ; ; ; ; ; ; ;REGIÓN SIERRA; ; ; ;TOTAL NACIONAL;24,212772027464
02015901027770003;BOLÍVAR;01;02777;0003; ; ; ;2; ; ;2;2;REGIÓN SIERRA; ; ; ;TOTAL NACIONAL;14,7452590242076
02015901028150001;BOLÍVAR;01;02815;0001; ; ; ; ; ; ; ; ;REGIÓN SIERRA; ; ; ;TOTAL NACIONAL;,805588034837338
02015501028550001;BOLÍVAR;01;02855;0001; ; ; ; ;2; ; ; ;REGIÓN SIERRA; ; ; ;TOTAL NACIONAL;4,67218494714484
02015501028550002;BOLÍVAR;01;02855;0002; ; ; ; ; ; ; ; ;REGIÓN SIERRA; ; ; ;TOTAL NACIONAL;13,8901217217801
02015901029830001;BOLÍVAR;01;02983;0001; ; ; ; ; ; ; ; ;REGIÓN SIERRA; ; ; ;TOTAL NACIONAL;35,5460427370809
02015901029830002;BOLÍVAR;01;02983;0002; ; ; ;2; ; ;2;2;REGIÓN SIERRA; ; ; ;TOTAL NACIONAL;13,7228864007701
02015901029830003;BOLÍVAR;01;02983;0003; ; ; ; ; ; ; ; ;REGIÓN SIERRA; ; ; ;TOTAL NACIONAL;3,3039115560472
02015901030270003;BOLÍVAR;01;03027;0003; ; ; ; ;1; ; ; ;REGIÓN SIERRA; ; ; ;TOTAL NACIONAL;2,46294277037454
02015501031110001;BOLÍVAR;01;03111;0001; ; ; ; ;1; ; ; ;REGIÓN SIERRA; ; ; ;TOTAL NACIONAL;1,67186112271915
02015901032840001;BOLÍVAR;01;03284;0001; ;1; ; ;1; ;1;1;REGIÓN SIERRA; ; ; ;TOTAL NACIONAL;51,8239070254182
02015901032840002;BOLÍVAR;01;03284;0002; ; ; ; ; ; ; ; ;REGIÓN SIERRA; ; ; ;TOTAL NACIONAL;6,95581265374256
02015901032840003;BOLÍVAR;01;03284;0003; ; ; ; ; ; ; ; ;REGIÓN SIERRA; ; ; ;TOTAL NACIONAL;37,3752230280415
02015901032840004;BOLÍVAR;01;03284;0004; ; ; ; ; ; ; ; ;REGIÓN SIERRA; ; ; ;TOTAL NACIONAL;8,18450364805329
02015901032840007;BOLÍVAR;01;03284;0007; ; ; ; ; ; ; ; ;REGIÓN SIERRA; ; ; ;TOTAL NACIONAL;3,64616355028977
02015901032840010;BOLÍVAR;01;03284;0010; ; ; ; ; ; ; ; ;REGIÓN SIERRA; ; ; ;TOTAL NACIONAL;15,7191211503555
02015901032840011;BOLÍVAR;01;03284;0011; ; ; ; ; ; ; ; ;REGIÓN SIERRA; ; ; ;TOTAL NACIONAL;31,0896054621048
02015901033000001;BOLÍVAR;01;03300;0001; ;1; ; ; ; ;1;1;REGIÓN SIERRA; ; ; ;TOTAL NACIONAL;21,9995878976551
02015901033000002;BOLÍVAR;01;03300;0002; ; ; ;2; ; ;2;2;REGIÓN SIERRA; ; ; ;TOTAL NACIONAL;1,29097174994521
02015501034570001;BOLÍVAR;01;03457;0001; ; ; ; ; ; ; ; ;REGIÓN SIERRA; ; ; ;TOTAL NACIONAL;56,9733521108491
02015901035360001;BOLÍVAR;01;03536;0001; ; ; ; ; ; ; ; ;REGIÓN SIERRA; ; ; ;TOTAL NACIONAL;12,3630684758125
02015901035360003;BOLÍVAR;01;03536;0003; ; ; ; ; ; ; ; ;REGIÓN SIERRA; ; ; ;TOTAL NACIONAL;84,1805648168261
02015901035360004;BOLÍVAR;01;03536;0004; ; ; ; ; ; ; ; ;REGIÓN SIERRA; ; ; ;TOTAL NACIONAL;76,3320049185946
02015901035360006;BOLÍVAR;01;03536;0006; ; ; ; ; ; ; ; ;REGIÓN SIERRA; ; ; ;TOTAL NACIONAL;23,8985475628951
02015501037620001;BOLÍVAR;01;03762;0001; ; ; ; ; ; ; ; ;REGIÓN SIERRA; ; ; ;TOTAL NACIONAL;23,0115716329321
02015501037920001;BOLÍVAR;01;03792;0001; ; ; ; ; ; ; ; ;REGIÓN SIERRA; ; ; ;TOTAL NACIONAL;9,45448949120862
02045001042070001;BOLÍVAR;01;04207;0001; ;6; ; ; ; ;6;6;REGIÓN SIERRA; ; ; ;TOTAL NACIONAL;30,4634130820842
02045001042920001;BOLÍVAR;01;04292;0001; ; ; ; ; ; ; ; ;REGIÓN SIERRA; ; ; ;TOTAL NACIONAL;34,8208094273809
02045001048580001;BOLÍVAR;01;04858;0001; ; ; ; ; ; ; ; ;REGIÓN SIERRA; ; ; ;TOTAL NACIONAL;46,3307895094391
02045001050110004;BOLÍVAR;01;05011;0004;6; ;6; ;1;12; ;12;REGIÓN SIERRA; ; ; ;TOTAL NACIONAL;9,49684814177991
02015501054940003;BOLÍVAR;01;05494;0003; ; ; ; ; ; ; ; ;REGIÓN SIERRA; ; ; ;TOTAL NACIONAL;59,6070906728621
02015001057170001;BOLÍVAR;01;05717;0001; ; ; ; ; ; ; ; ;REGIÓN SIERRA; ; ; ;TOTAL NACIONAL;8,97384452924685
02015001059590004;BOLÍVAR;01;05959;0004; ; ; ; ; ; ; ; ;REGIÓN SIERRA; ; ; ;TOTAL NACIONAL;59,7218289355882
02015001059590006;BOLÍVAR;01;05959;0006; ; ; ; ; ; ; ; ;REGIÓN SIERRA; ; ; ;TOTAL NACIONAL;1,95927230063365
02015001060090001;BOLÍVAR;01;06009;0001; ; ; ; ; ; ; ; ;REGIÓN SIERRA; ; ; ;TOTAL NACIONAL;8,24616046670909
02015001060090002;BOLÍVAR;01;06009;0002; ; ; ; ; ; ; ; ;REGIÓN SIERRA; ; ; ;TOTAL NACIONAL;,817565103228585
02015001060090003;BOLÍVAR;01;06009;0003; ; ; ; ; ; ; ; ;REGIÓN SIERRA; ; ; ;TOTAL NACIONAL;40,9022092982117
02015001060090005;BOLÍVAR;01;06009;0005; ; ; ; ; ; ; ; ;REGIÓN SIERRA; ; ; ;TOTAL NACIONAL;36,9690441869471
02015001061300001;BOLÍVAR;01;06130;0001; ; ; ; ; ; ; ; ;REGIÓN SIERRA; ; ; ;TOTAL NACIONAL;4,23102959473392
02015001062660002;BOLÍVAR;01;06266;0002; ; ; ; ; ; ; ; ;REGIÓN SIERRA; ; ; ;TOTAL NACIONAL;12,7184749617702
02015001062660007;BOLÍVAR;01;06266;0007; ; ; ; ; ; ; ; ;REGIÓN SIERRA; ; ; ;TOTAL NACIONAL;,917898364857553
02015001064620002;BOLÍVAR;01;06462;0002; ; ; ; ; ; ; ; ;REGIÓN SIERRA; ; ; ;TOTAL NACIONAL;9,61943545047147
02015001064620009;BOLÍVAR;01;06462;0009; ; ; ; ; ; ; ; ;REGIÓN SIERRA; ; ; ;TOTAL NACIONAL;7,92463208339388
02015001064810003;BOLÍVAR;01;06481;0003; ; ; ; ; ; ; ; ;REGIÓN SIERRA; ; ; ;TOTAL NACIONAL;2,96206610648474
02015001064810009;BOLÍVAR;01;06481;0009;1; ; ;2; ;1;2;3;REGIÓN SIERRA; ; ; ;TOTAL NACIONAL;20,4199198801585
02015001064810013;BOLÍVAR;01;06481;0013; ; ; ; ; ; ; ; ;REGIÓN SIERRA; ; ; ;TOTAL NACIONAL;,0532234343503081
02015001067530001;BOLÍVAR;01;06753;0001; ; ; ; ; ; ; ; ;REGIÓN SIERRA; ; ; ;TOTAL NACIONAL;18,6816061816928
02015001067910003;BOLÍVAR;01;06791;0003; ;2; ; ; ; ;2;2;REGIÓN SIERRA; ; ; ;TOTAL NACIONAL;8,15065541129542
02015001067910004;BOLÍVAR;01;06791;0004; ;1; ; ; ; ;1;1;REGIÓN SIERRA; ; ; ;TOTAL NACIONAL;80,9895992242885
02015001067910009;BOLÍVAR;01;06791;0009; ;2; ; ; ; ;2;2;REGIÓN SIERRA; ; ; ;TOTAL NACIONAL;21,6769749570201
02015001067910011;BOLÍVAR;01;06791;0011; ; ; ;2; ; ;2;2;REGIÓN SIERRA; ; ; ;TOTAL NACIONAL;37,4264789294178
02015001067910015;BOLÍVAR;01;06791;0015; ; ; ;1; ; ;1;1;REGIÓN SIERRA; ; ; ;TOTAL NACIONAL;51,5108621206151
02015001068920002;BOLÍVAR;01;06892;0002; ; ; ; ; ; ; ; ;REGIÓN SIERRA; ; ; ;TOTAL NACIONAL;11,3471635940402
02015001068920004;BOLÍVAR;01;06892;0004; ; ; ; ; ; ; ; ;REGIÓN SIERRA; ; ; ;TOTAL NACIONAL;5,61670206647865
02015001068950003;BOLÍVAR;01;06895;0003; ; ; ;1; ; ;1;1;REGIÓN SIERRA; ; ; ;TOTAL NACIONAL;10,3991454244969
02015001070430002;BOLÍVAR;01;07043;0002; ; ; ; ; ; ; ; ;REGIÓN SIERRA; ; ; ;TOTAL NACIONAL;6,34315956842509
02015001071170003;BOLÍVAR;01;07117;0003; ; ; ; ; ; ; ; ;REGIÓN SIERRA; ; ; ;TOTAL NACIONAL;6,38603400165173
02015001071170005;BOLÍVAR;01;07117;0005; ; ; ; ; ; ; ; ;REGIÓN SIERRA; ; ; ;TOTAL NACIONAL;42,2880598793961
02015001071170012;BOLÍVAR;01;07117;0012; ; ; ; ; ; ; ; ;REGIÓN SIERRA; ; ; ;TOTAL NACIONAL;55,6314575691592
02015001071950001;BOLÍVAR;01;07195;0001; ; ; ; ; ; ; ; ;REGIÓN SIERRA; ; ; ;TOTAL NACIONAL;46,7291832560793
02015001071950002;BOLÍVAR;01;07195;0002; ; ; ; ; ; ; ; ;REGIÓN SIERRA; ; ; ;TOTAL NACIONAL;47,0856051891397
02015001072790001;BOLÍVAR;01;07279;0001;0; ; ;3;1;0;3;3;REGIÓN SIERRA; ; ; ;TOTAL NACIONAL;34,406915259564
02015001072790002;BOLÍVAR;01;07279;0002; ; ; ; ;1; ; ; ;REGIÓN SIERRA; ; ; ;TOTAL NACIONAL;99,1752192323969
02015001072790005;BOLÍVAR;01;07279;0005; ; ; ; ;1; ; ; ;REGIÓN SIERRA; ; ; ;TOTAL NACIONAL;44,7306372700987
02015001072790006;BOLÍVAR;01;07279;0006; ; ; ; ;0; ; ; ;REGIÓN SIERRA; ; ; ;TOTAL NACIONAL;41,4582885736033
02015001072790009;BOLÍVAR;01;07279;0009; ; ; ; ;1; ; ; ;REGIÓN SIERRA; ; ; ;TOTAL NACIONAL;72,5319359097244
02015001073260001;BOLÍVAR;01;07326;0001; ; ; ; ; ; ; ; ;REGIÓN SIERRA; ; ; ;TOTAL NACIONAL;60,6334747789335
02015001073260006;BOLÍVAR;01;07326;0006; ; ; ; ; ; ; ; ;REGIÓN SIERRA; ; ; ;TOTAL NACIONAL;25,3627915139163
02015001073260008;BOLÍVAR;01;07326;0008; ; ; ; ; ; ; ; ;REGIÓN SIERRA; ; ; ;TOTAL NACIONAL;5,437976358946
02015001074690001;BOLÍVAR;01;07469;0001; ; ; ; ; ; ; ; ;REGIÓN SIERRA; ; ; ;TOTAL NACIONAL;80,9414357253449
02015001074690002;BOLÍVAR;01;07469;0002; ; ; ; ; ; ; ; ;REGIÓN SIERRA; ; ; ;TOTAL NACIONAL;112,305409859959
02015001074690004;BOLÍVAR;01;07469;0004; ; ; ; ; ; ; ; ;REGIÓN SIERRA; ; ; ;TOTAL NACIONAL;9,01978638399316
02015001074690008;BOLÍVAR;01;07469;0008; ; ; ; ; ; ; ; ;REGIÓN SIERRA; ; ; ;TOTAL NACIONAL;80,7356819680077
02015001076000002;BOLÍVAR;01;07600;0002; ; ; ; ; ; ; ; ;REGIÓN SIERRA; ; ; ;TOTAL NACIONAL;19,2616575015709
02015001076000003;BOLÍVAR;01;07600;0003; ; ; ; ; ; ; ; ;REGIÓN SIERRA; ; ; ;TOTAL NACIONAL;5,05015692427441
02015001076000005;BOLÍVAR;01;07600;0005; ; ; ; ; ; ; ; ;REGIÓN SIERRA; ; ; ;TOTAL NACIONAL;15,4728752279419
02015001076000006;BOLÍVAR;01;07600;0006; ; ; ; ;1; ; ; ;REGIÓN SIERRA; ; ; ;TOTAL NACIONAL;62,9291609198763
02015001076040001;BOLÍVAR;01;07604;0001; ;1; ; ;1; ;1;1;REGIÓN SIERRA; ; ; ;TOTAL NACIONAL;,435513979617945
02015001076040003;BOLÍVAR;01;07604;0003;2; ; ;1; ;2;1;3;REGIÓN SIERRA; ; ; ;TOTAL NACIONAL;7,68637043043329
02065001077880001;BOLÍVAR;01;07788;0001; ; ; ; ; ; ; ; ;REGIÓN SIERRA; ; ; ;TOTAL NACIONAL;12,1853652328337
02015001079620001;BOLÍVAR;01;07962;0001; ; ; ; ; ; ; ; ;REGIÓN SIERRA; ; ; ;TOTAL NACIONAL;3,04634130820842
02015001079620002;BOLÍVAR;01;07962;0002; ;2; ; ; ; ;2;2;REGIÓN SIERRA; ; ; ;TOTAL NACIONAL;38,0454181158474
02015001079620003;BOLÍVAR;01;07962;0003; ; ; ; ;1; ; ; ;REGIÓN SIERRA; ; ; ;TOTAL NACIONAL;40,7081460741333
02015001079620004;BOLÍVAR;01;07962;0004; ; ; ; ;1; ; ; ;REGIÓN SIERRA; ; ; ;TOTAL NACIONAL;29,6510553998953
02015001079620008;BOLÍVAR;01;07962;0008; ;3; ;2; ; ;5;5;REGIÓN SIERRA; ; ; ;TOTAL NACIONAL;27,2139823533286
02015001079620009;BOLÍVAR;01;07962;0009; ; ; ; ;1; ; ; ;REGIÓN SIERRA; ; ; ;TOTAL NACIONAL;26,8754999857498
02015001079620013;BOLÍVAR;01;07962;0013; ; ; ; ;1; ; ; ;REGIÓN SIERRA; ; ; ;TOTAL NACIONAL;56,6909611070405
02015001079620019;BOLÍVAR;01;07962;0019; ; ; ; ;4; ; ; ;REGIÓN SIERRA; ; ; ;TOTAL NACIONAL;20,875130742309
02015001079620023;BOLÍVAR;01;07962;0023; ; ; ; ;1; ; ; ;REGIÓN SIERRA; ; ; ;TOTAL NACIONAL;55,511108282909
02015001079620024;BOLÍVAR;01;07962;0024; ; ; ; ;1; ; ; ;REGIÓN SIERRA; ; ; ;TOTAL NACIONAL;42,9195642089809
02015001079620032;BOLÍVAR;01;07962;0032; ; ; ; ; ; ; ; ;REGIÓN SIERRA; ; ; ;TOTAL NACIONAL;52,0585881336061
02015001079620033;BOLÍVAR;01;07962;0033; ; ; ; ; ; ; ; ;REGIÓN SIERRA; ; ; ;TOTAL NACIONAL;6,17391838463573
02015001079620036;BOLÍVAR;01;07962;0036; ;1; ; ; ; ;1;1;REGIÓN SIERRA; ; ; ;TOTAL NACIONAL;1,27863778269734
02015301080860003;BOLÍVAR;01;08086;0003; ; ; ; ; ; ; ; ;REGIÓN SIERRA; ; ; ;TOTAL NACIONAL;24,0604549620535
02015301081060001;BOLÍVAR;01;08106;0001; ; ; ; ; ; ; ; ;REGIÓN SIERRA; ; ; ;TOTAL NACIONAL;33,6947914179023
02015301081530001;BOLÍVAR;01;08153;0001; ; ; ; ; ; ; ; ;REGIÓN SIERRA; ; ; ;TOTAL NACIONAL;6,26154003334953
02015301081570001;BOLÍVAR;01;08157;0001; ; ; ; ; ; ; ; ;REGIÓN SIERRA; ; ; ;TOTAL NACIONAL;1,93902041998663
02065001082680001;BOLÍVAR;01;08268;0001; ; ; ; ; ; ; ; ;REGIÓN SIERRA; ; ; ;TOTAL NACIONAL;33,7340225958504
02065001083300001;BOLÍVAR;01;08330;0001; ; ; ; ; ; ; ; ;REGIÓN SIERRA; ; ; ;TOTAL NACIONAL;27,2035877538966
02065001086450003;BOLÍVAR;01;08645;0003; ;1; ;2; ; ;3;3;REGIÓN SIERRA; ; ; ;TOTAL NACIONAL;10,8568219400872
02065001087360001;BOLÍVAR;01;08736;0001; ; ; ; ;1; ; ; ;REGIÓN SIERRA; ; ; ;TOTAL NACIONAL;10,1544710273614
02065001087860002;BOLÍVAR;01;08786;0002; ; ; ; ; ; ; ; ;REGIÓN SIERRA; ; ; ;TOTAL NACIONAL;10,0676719941921
02015701088440003;BOLÍVAR;01;08844;0003; ; ; ; ;1; ; ; ;REGIÓN SIERRA; ; ; ;TOTAL NACIONAL;15,2787179809836
02015701088440006;BOLÍVAR;01;08844;0006; ; ; ; ; ; ; ; ;REGIÓN SIERRA; ; ; ;TOTAL NACIONAL;29,4411963319965
02065001089510001;BOLÍVAR;01;08951;0001; ; ; ; ;1; ; ; ;REGIÓN SIERRA; ; ; ;TOTAL NACIONAL;4,07465074091255
02065001090900001;BOLÍVAR;01;09090;0001; ; ; ; ;1; ; ; ;REGIÓN SIERRA; ; ; ;TOTAL NACIONAL;34,6418477243174
02015701091020002;BOLÍVAR;01;09102;0002; ; ; ; ; ; ; ; ;REGIÓN SIERRA; ; ; ;TOTAL NACIONAL;10,5429283678303
02015701091060001;BOLÍVAR;01;09106;0001; ; ; ; ;0; ; ; ;REGIÓN SIERRA; ; ; ;TOTAL NACIONAL;34,752801705711
02015701091060002;BOLÍVAR;01;09106;0002; ; ; ; ; ; ; ; ;REGIÓN SIERRA; ; ; ;TOTAL NACIONAL;38,4922148410513
02015701091060004;BOLÍVAR;01;09106;0004; ; ; ; ; ; ; ; ;REGIÓN SIERRA; ; ; ;TOTAL NACIONAL;35,5960366195505
02015701091060016;BOLÍVAR;01;09106;0016; ; ; ; ; ; ; ; ;REGIÓN SIERRA; ; ; ;TOTAL NACIONAL;30,7545079182019
02035101094170002;BOLÍVAR;01;09417;0002; ; ; ; ; ; ; ; ;REGIÓN SIERRA; ; ; ;TOTAL NACIONAL;,716786190166687
02035101094180001;BOLÍVAR;01;09418;0001; ; ; ; ; ; ; ; ;REGIÓN SIERRA; ; ; ;TOTAL NACIONAL;39,1556402815056
02035101094180003;BOLÍVAR;01;09418;0003; ; ; ; ; ; ; ; ;REGIÓN SIERRA; ; ; ;TOTAL NACIONAL;2,98315793292706
02035501094330001;BOLÍVAR;01;09433;0001; ; ; ; ; ; ; ; ;REGIÓN SIERRA; ; ; ;TOTAL NACIONAL;47,970857083151
02065001097190004;BOLÍVAR;01;09719;0004; ; ; ; ; ; ; ; ;REGIÓN SIERRA; ; ; ;TOTAL NACIONAL;5,27519525057717
02035001097720003;BOLÍVAR;01;09772;0003; ; ; ; ; ; ; ; ;REGIÓN SIERRA; ; ; ;TOTAL NACIONAL;29,3931702954626
02035001097720004;BOLÍVAR;01;09772;0004; ; ; ; ;0; ; ; ;REGIÓN SIERRA; ; ; ;TOTAL NACIONAL;30,2860784271237
02065001099130001;BOLÍVAR;01;09913;0001; ; ; ; ; ; ; ; ;REGIÓN SIERRA; ; ; ;TOTAL NACIONAL;24,4036116099464
02065001099130002;BOLÍVAR;01;09913;0002; ; ; ; ; ; ; ; ;REGIÓN SIERRA; ; ; ;TOTAL NACIONAL;31,2224635280568
02065001100990001;BOLÍVAR;01;10099;0001; ;1; ;1; ; ;2;2;REGIÓN SIERRA; ; ; ;TOTAL NACIONAL;7,14834300334783
02065001100990002;BOLÍVAR;01;10099;0002; ;1; ; ; ; ;1;1;REGIÓN SIERRA; ; ; ;TOTAL NACIONAL;59,3175638118857
02065001100990003;BOLÍVAR;01;10099;0003; ; ; ; ; ; ; ; ;REGIÓN SIERRA; ; ; ;TOTAL NACIONAL;34,4379961184818
02065001101000001;BOLÍVAR;01;10100;0001; ; ; ; ; ; ; ; ;REGIÓN SIERRA; ; ; ;TOTAL NACIONAL;46,3375904902258
02035301103020005;BOLÍVAR;01;10302;0005; ; ; ; ; ; ; ; ;REGIÓN SIERRA; ; ; ;TOTAL NACIONAL;41,0936936090134
02035301103060002;BOLÍVAR;01;10306;0002; ;1; ; ;1; ;1;1;REGIÓN SIERRA; ; ; ;TOTAL NACIONAL;5,36288160924713
02035301103060004;BOLÍVAR;01;10306;0004; ; ; ; ; ; ; ; ;REGIÓN SIERRA; ; ; ;TOTAL NACIONAL;40,9693850296235
02035301103060005;BOLÍVAR;01;10306;0005; ; ; ; ; ; ; ; ;REGIÓN SIERRA; ; ; ;TOTAL NACIONAL;14,2839559118217
02035301103060006;BOLÍVAR;01;10306;0006; ; ; ; ;1; ; ; ;REGIÓN SIERRA; ; ; ;TOTAL NACIONAL;51,301032358549
02035301103060008;BOLÍVAR;01;10306;0008; ; ; ; ;1; ; ; ;REGIÓN SIERRA; ; ; ;TOTAL NACIONAL;6,49231018588074
02035301105440002;BOLÍVAR;01;10544;0002; ; ; ; ; ; ; ; ;REGIÓN SIERRA; ; ; ;TOTAL NACIONAL;70,6364346512835
02035301105440006;BOLÍVAR;01;10544;0006; ; ; ; ;1; ; ; ;REGIÓN SIERRA; ; ; ;TOTAL NACIONAL;,901007826078575
02015601105970001;BOLÍVAR;01;10597;0001; ; ; ; ;1; ; ; ;REGIÓN SIERRA; ; ; ;TOTAL NACIONAL;29,3617420499228
02035301107330001;BOLÍVAR;01;10733;0001; ; ; ; ;1; ; ; ;REGIÓN SIERRA; ; ; ;TOTAL NACIONAL;33,7619381372422
02035301107330004;BOLÍVAR;01;10733;0004; ; ; ; ; ; ; ; ;REGIÓN SIERRA; ; ; ;TOTAL NACIONAL;11,3079993847416
02035301107330005;BOLÍVAR;01;10733;0005; ; ; ; ; ; ; ; ;REGIÓN SIERRA; ; ; ;TOTAL NACIONAL;37,7686147574719
02035301107330006;BOLÍVAR;01;10733;0006; ; ; ; ;1; ; ; ;REGIÓN SIERRA; ; ; ;TOTAL NACIONAL;33,3337435591517
02035301107330007;BOLÍVAR;01;10733;0007; ; ; ; ; ; ; ; ;REGIÓN SIERRA; ; ; ;TOTAL NACIONAL;22,9937841943572
02035501107570001;BOLÍVAR;01;10757;0001; ; ; ; ;1; ; ; ;REGIÓN SIERRA; ; ; ;TOTAL NACIONAL;15,6211869186693
02015601108640002;BOLÍVAR;01;10864;0002; ; ; ; ; ; ; ; ;REGIÓN SIERRA; ; ; ;TOTAL NACIONAL;5,49199559789687
02015601108640003;BOLÍVAR;01;10864;0003; ; ; ; ; ; ; ; ;REGIÓN SIERRA; ; ; ;TOTAL NACIONAL;,750491526966391
02035301111950001;BOLÍVAR;01;11195;0001; ; ; ; ; ; ; ; ;REGIÓN SIERRA; ; ; ;TOTAL NACIONAL;24,5179702955641
02035301113020001;BOLÍVAR;01;11302;0001; ; ; ; ;1; ; ; ;REGIÓN SIERRA; ; ; ;TOTAL NACIONAL;24,3490675941423
02035301113020005;BOLÍVAR;01;11302;0005; ; ; ; ;1; ; ; ;REGIÓN SIERRA; ; ; ;TOTAL NACIONAL;60,8117864052528
02035301113020006;BOLÍVAR;01;11302;0006; ; ; ; ; ; ; ; ;REGIÓN SIERRA; ; ; ;TOTAL NACIONAL;25,8369745397697
02035501113680001;BOLÍVAR;01;11368;0001; ; ; ; ;1; ; ; ;REGIÓN SIERRA; ; ; ;TOTAL NACIONAL;51,8262031631164
02055001113940005;BOLÍVAR;01;11394;0005; ; ; ; ; ; ; ; ;REGIÓN SIERRA; ; ; ;TOTAL NACIONAL;7,32473531363471
02055001113940008;BOLÍVAR;01;11394;0008; ; ; ; ;1; ; ; ;REGIÓN SIERRA; ; ; ;TOTAL NACIONAL;59,4145423698401
02035501117260001;BOLÍVAR;01;11726;0001; ; ; ; ; ; ; ; ;REGIÓN SIERRA; ; ; ;TOTAL NACIONAL;16,9241183789357
02035501117480001;BOLÍVAR;01;11748;0001; ; ; ; ;1; ; ; ;REGIÓN SIERRA; ; ; ;TOTAL NACIONAL;31,3242352850855
02035501117480002;BOLÍVAR;01;11748;0002; ; ; ; ;1; ; ; ;REGIÓN SIERRA; ; ; ;TOTAL NACIONAL;42,2002891778761
02055001117730006;BOLÍVAR;01;11773;0006; ; ; ; ;0; ; ; ;REGIÓN SIERRA; ; ; ;TOTAL NACIONAL;42,4043188272222
02055001117730007;BOLÍVAR;01;11773;0007; ; ; ; ;1; ; ; ;REGIÓN SIERRA; ; ; ;TOTAL NACIONAL;42,885715972223
02055001120500001;BOLÍVAR;01;12050;0001; ; ; ; ;0; ; ; ;REGIÓN SIERRA; ; ; ;TOTAL NACIONAL;60,6036208717331
02055001120500002;BOLÍVAR;01;12050;0002; ; ; ; ;0; ; ; ;REGIÓN SIERRA; ; ; ;TOTAL NACIONAL;14,8549754100824
02055001120500003;BOLÍVAR;01;12050;0003; ; ; ; ;0; ; ; ;REGIÓN SIERRA; ; ; ;TOTAL NACIONAL;47,2751393897813
02055001120500007;BOLÍVAR;01;12050;0007; ;1; ;1; ; ;2;2;REGIÓN SIERRA; ; ; ;TOTAL NACIONAL;17,7430273327551
02055601122340002;BOLÍVAR;01;12234;0002; ;3; ; ; ; ;3;3;REGIÓN SIERRA; ; ; ;TOTAL NACIONAL;,0798818387485764
02055601122340004;BOLÍVAR;01;12234;0004; ;3; ;2; ; ;5;5;REGIÓN SIERRA; ; ; ;TOTAL NACIONAL;10,1680103220646
02055601122340006;BOLÍVAR;01;12234;0006; ; ; ; ; ; ; ; ;REGIÓN SIERRA; ; ; ;TOTAL NACIONAL;5,8459384606118
02055601123530001;BOLÍVAR;01;12353;0001; ; ; ; ; ; ; ; ;REGIÓN SIERRA; ; ; ;TOTAL NACIONAL;10,6973933685749
02055601123530004;BOLÍVAR;01;12353;0004; ; ; ; ; ; ; ; ;REGIÓN SIERRA; ; ; ;TOTAL NACIONAL;32,040220172897
02055601123530005;BOLÍVAR;01;12353;0005; ; ; ; ; ; ; ; ;REGIÓN SIERRA; ; ; ;TOTAL NACIONAL;34,1810777526571
02055601123530006;BOLÍVAR;01;12353;0006; ; ; ; ;1; ; ; ;REGIÓN SIERRA; ; ; ;TOTAL NACIONAL;2,71502680253137
02055101124430001;BOLÍVAR;01;12443;0001; ; ; ; ; ; ; ; ;REGIÓN SIERRA; ; ; ;TOTAL NACIONAL;3,65969668687359
02055601124880001;BOLÍVAR;01;12488;0001; ; ; ; ; ; ; ; ;REGIÓN SIERRA; ; ; ;TOTAL NACIONAL;16,7887254319042
02055601124880002;BOLÍVAR;01;12488;0002; ; ; ; ; ; ; ; ;REGIÓN SIERRA; ; ; ;TOTAL NACIONAL;31,5562275831241
02055601124880003;BOLÍVAR;01;12488;0003; ; ; ; ; ; ; ; ;REGIÓN SIERRA; ; ; ;TOTAL NACIONAL;28,6767646759443
02055601124880004;BOLÍVAR;01;12488;0004; ; ; ;3; ; ;3;3;REGIÓN SIERRA; ; ; ;TOTAL NACIONAL;9,86788928947809
02055101125470003;BOLÍVAR;01;12547;0003; ; ; ; ; ; ; ; ;REGIÓN SIERRA; ; ; ;TOTAL NACIONAL;13,9459570904824
02055101127360001;BOLÍVAR;01;12736;0001; ; ; ; ; ; ; ; ;REGIÓN SIERRA; ; ; ;TOTAL NACIONAL;57,5650284997812
02055001129470001;BOLÍVAR;01;12947;0001; ; ; ; ; ; ; ; ;REGIÓN SIERRA; ; ; ;TOTAL NACIONAL;,864580676043914
02055001129470002;BOLÍVAR;01;12947;0002; ; ; ; ; ; ; ; ;REGIÓN SIERRA; ; ; ;TOTAL NACIONAL;41,1267359353723
02055001129470007;BOLÍVAR;01;12947;0007; ; ; ; ; ; ; ; ;REGIÓN SIERRA; ; ; ;TOTAL NACIONAL;3,47580773619229
02055401130630001;BOLÍVAR;01;13063;0001; ; ; ; ; ; ; ; ;REGIÓN SIERRA; ; ; ;TOTAL NACIONAL;35,2360144649441
02055401130630003;BOLÍVAR;01;13063;0003; ; ; ; ; ; ; ; ;REGIÓN SIERRA; ; ; ;TOTAL NACIONAL;51,0800663800604
02055401130630006;BOLÍVAR;01;13063;0006; ; ; ; ; ; ; ; ;REGIÓN SIERRA; ; ; ;TOTAL NACIONAL;16,0125343588538
02055401131190001;BOLÍVAR;01;13119;0001; ; ; ; ; ; ; ; ;REGIÓN SIERRA; ; ; ;TOTAL NACIONAL;3,59806756736172
02055401131190002;BOLÍVAR;01;13119;0002; ; ; ; ; ; ; ; ;REGIÓN SIERRA; ; ; ;TOTAL NACIONAL;56,6247997009514
02055401131190003;BOLÍVAR;01;13119;0003; ; ; ; ; ; ; ; ;REGIÓN SIERRA; ; ; ;TOTAL NACIONAL;29,6577158868965
02055401131190004;BOLÍVAR;01;13119;0004; ;1; ; ; ; ;1;1;REGIÓN SIERRA; ; ; ;TOTAL NACIONAL;61,6339526944566
02055401131190005;BOLÍVAR;01;13119;0005; ; ; ; ; ; ; ; ;REGIÓN SIERRA; ; ; ;TOTAL NACIONAL;30,9955697899933
02055401131190007;BOLÍVAR;01;13119;0007; ; ; ; ; ; ; ; ;REGIÓN SIERRA; ; ; ;TOTAL NACIONAL;26,7976490412067
02055001133460002;BOLÍVAR;01;13346;0002; ; ; ; ; ; ; ; ;REGIÓN SIERRA; ; ; ;TOTAL NACIONAL;37,7058074737101
02055001133460006;BOLÍVAR;01;13346;0006; ; ; ; ; ; ; ; ;REGIÓN SIERRA; ; ; ;TOTAL NACIONAL;10,5335712790496
02055001133460007;BOLÍVAR;01;13346;0007; ; ; ; ; ; ; ; ;REGIÓN SIERRA; ; ; ;TOTAL NACIONAL;14,2754938526322
02055101134080001;BOLÍVAR;01;13408;0001; ; ; ; ; ; ; ; ;REGIÓN SIERRA; ; ; ;TOTAL NACIONAL;3,43018031304268
02055201134750002;BOLÍVAR;01;13475;0002; ; ; ; ; ; ; ; ;REGIÓN SIERRA; ; ; ;TOTAL NACIONAL;5,09035170542438
02055201135650002;BOLÍVAR;01;13565;0002; ; ; ; ;2; ; ; ;REGIÓN SIERRA; ; ; ;TOTAL NACIONAL;7,31176563278735
02055201135650003;BOLÍVAR;01;13565;0003; ; ; ; ; ; ; ; ;REGIÓN SIERRA; ; ; ;TOTAL NACIONAL;5,94219565907374
02055401136150001;BOLÍVAR;01;13615;0001; ;1; ; ; ; ;1;1;REGIÓN SIERRA; ; ; ;TOTAL NACIONAL;11,726837716131
02055401136150003;BOLÍVAR;01;13615;0003; ; ; ;2;2; ;2;2;REGIÓN SIERRA; ; ; ;TOTAL NACIONAL;33,7242453924445
02055001136960001;BOLÍVAR;01;13696;0001; ; ; ; ; ; ; ; ;REGIÓN SIERRA; ; ; ;TOTAL NACIONAL;10,5434096533524
02055001136960002;BOLÍVAR;01;13696;0002; ; ; ; ; ; ; ; ;REGIÓN SIERRA; ; ; ;TOTAL NACIONAL;39,8999574978174
02055001136960003;BOLÍVAR;01;13696;0003; ; ; ; ; ; ; ; ;REGIÓN SIERRA; ; ; ;TOTAL NACIONAL;33,0880547912774
02055001136960004;BOLÍVAR;01;13696;0004; ; ; ; ; ; ; ; ;REGIÓN SIERRA; ; ; ;TOTAL NACIONAL;34,9208594452261
02055201138860001;BOLÍVAR;01;13886;0001; ; ; ; ; ; ; ; ;REGIÓN SIERRA; ; ; ;TOTAL NACIONAL;25,5878049053512
02055201140480001;BOLÍVAR;01;14048;0001; ;2; ;3; ; ;5;5;REGIÓN SIERRA; ; ; ;TOTAL NACIONAL;6,62797050689916
02055001140930001;BOLÍVAR;01;14093;0001; ; ; ; ;0; ; ; ;REGIÓN SIERRA; ; ; ;TOTAL NACIONAL;29,2229567496883
02055001143750001;BOLÍVAR;01;14375;0001; ; ; ; ; ; ; ; ;REGIÓN SIERRA; ; ; ;TOTAL NACIONAL;172,367703046275
02055001143780004;BOLÍVAR;01;14378;0004; ; ; ; ; ; ; ; ;REGIÓN SIERRA; ; ; ;TOTAL NACIONAL;8,42279581575777
02055201144930001;BOLÍVAR;01;14493;0001; ; ; ;1; ; ;1;1;REGIÓN SIERRA; ; ; ;TOTAL NACIONAL;27,3584549062754
02055201144930002;BOLÍVAR;01;14493;0002; ; ; ; ; ; ; ; ;REGIÓN SIERRA; ; ; ;TOTAL NACIONAL;22,3391929191343
02055201145130002;BOLÍVAR;01;14513;0002; ; ; ; ;3; ; ; ;REGIÓN SIERRA; ; ; ;TOTAL NACIONAL;,259994804222038
02055401147060001;BOLÍVAR;01;14706;0001; ; ; ; ;1; ; ; ;REGIÓN SIERRA; ; ; ;TOTAL NACIONAL;3,87323308548225
02055401147060002;BOLÍVAR;01;14706;0002; ; ; ; ; ; ; ; ;REGIÓN SIERRA; ; ; ;TOTAL NACIONAL;16,1557265575492
02055401147110001;BOLÍVAR;01;14711;0001; ; ; ; ; ; ; ; ;REGIÓN SIERRA; ; ; ;TOTAL NACIONAL;26,5877609319214
02055401147110003;BOLÍVAR;01;14711;0003; ; ; ; ; ; ; ; ;REGIÓN SIERRA; ; ; ;TOTAL NACIONAL;7,53257459097122
02055301147520001;BOLÍVAR;01;14752;0001; ; ; ; ; ; ; ; ;REGIÓN SIERRA; ; ; ;TOTAL NACIONAL;12,867883725822
02055301147520002;BOLÍVAR;01;14752;0002; ; ; ; ;3; ; ; ;REGIÓN SIERRA; ; ; ;TOTAL NACIONAL;3,20971910768892
02055201148600002;BOLÍVAR;01;14860;0002; ; ; ; ; ; ; ; ;REGIÓN SIERRA; ; ; ;TOTAL NACIONAL;43,0470438788864
02055401149580001;BOLÍVAR;01;14958;0001; ; ; ; ; ; ; ; ;REGIÓN SIERRA; ; ; ;TOTAL NACIONAL;44,1152354297783
02055401149580003;BOLÍVAR;01;14958;0003; ; ; ; ; ; ; ; ;REGIÓN SIERRA; ; ; ;TOTAL NACIONAL;47,5783078695737
02055401149720003;BOLÍVAR;01;14972;0003; ; ; ; ; ; ; ; ;REGIÓN SIERRA; ; ; ;TOTAL NACIONAL;,577153538393321
02025001150380001;BOLÍVAR;01;15038;0001; ; ; ; ; ; ; ; ;REGIÓN SIERRA; ; ; ;TOTAL NACIONAL;6,73485401796906
02025001151860001;BOLÍVAR;01;15186;0001; ; ; ; ; ; ; ; ;REGIÓN SIERRA; ; ; ;TOTAL NACIONAL;15,1005990212402
02025001153620003;BOLÍVAR;01;15362;0003; ; ; ; ; ; ; ; ;REGIÓN SIERRA; ; ; ;TOTAL NACIONAL;24,3458750444742
02025001154750001;BOLÍVAR;01;15475;0001; ; ; ; ; ; ; ; ;REGIÓN SIERRA; ; ; ;TOTAL NACIONAL;1,05101207170489
02025001154750002;BOLÍVAR;01;15475;0002; ; ; ; ;0; ; ; ;REGIÓN SIERRA; ; ; ;TOTAL NACIONAL;5,97752826729096
02025001154750004;BOLÍVAR;01;15475;0004; ; ; ; ; ; ; ; ;REGIÓN SIERRA; ; ; ;TOTAL NACIONAL;26,0581794005927
02055301155070001;BOLÍVAR;01;15507;0001; ; ; ; ; ; ; ; ;REGIÓN SIERRA; ; ; ;TOTAL NACIONAL;15,1864735800363
02025001156650002;BOLÍVAR;01;15665;0002; ; ; ; ; ; ; ; ;REGIÓN SIERRA; ; ; ;TOTAL NACIONAL;49,261291664575
02055301156900001;BOLÍVAR;01;15690;0001; ; ; ; ;2; ; ; ;REGIÓN SIERRA; ; ; ;TOTAL NACIONAL;16,9790793562942
02025001157180001;BOLÍVAR;01;15718;0001; ; ; ; ; ; ; ; ;REGIÓN SIERRA; ; ; ;TOTAL NACIONAL;49,1422246479863
02025001157180003;BOLÍVAR;01;15718;0003; ; ; ; ; ; ; ; ;REGIÓN SIERRA; ; ; ;TOTAL NACIONAL;15,1530129184681
02025001157660002;BOLÍVAR;01;15766;0002; ; ; ; ; ; ; ; ;REGIÓN SIERRA; ; ; ;TOTAL NACIONAL;32,6321570691298
02025001157660006;BOLÍVAR;01;15766;0006; ; ; ; ; ; ; ; ;REGIÓN SIERRA; ; ; ;TOTAL NACIONAL;31,7957668050338
02025001157660008;BOLÍVAR;01;15766;0008; ; ; ; ; ; ; ; ;REGIÓN SIERRA; ; ; ;TOTAL NACIONAL;14,1462367926445
02025001157750002;BOLÍVAR;01;15775;0002; ; ; ; ;1; ; ; ;REGIÓN SIERRA; ; ; ;TOTAL NACIONAL;86,7704401454079
02025001159830002;BOLÍVAR;01;15983;0002; ; ; ; ; ; ; ; ;REGIÓN SIERRA; ; ; ;TOTAL NACIONAL;33,2667779447542
02025001159830003;BOLÍVAR;01;15983;0003; ;1; ;1; ; ;2;2;REGIÓN SIERRA; ; ; ;TOTAL NACIONAL;1,53891308847799
02025001159960001;BOLÍVAR;01;15996;0001; ; ; ;1; ; ;1;1;REGIÓN SIERRA; ; ; ;TOTAL NACIONAL;,130094693599703
02025001159960003;BOLÍVAR;01;15996;0003; ; ; ; ; ; ; ; ;REGIÓN SIERRA; ; ; ;TOTAL NACIONAL;,0885720953157019
02025001159960004;BOLÍVAR;01;15996;0004; ; ; ; ; ; ; ; ;REGIÓN SIERRA; ; ; ;TOTAL NACIONAL;11,351198562447
02025001159960005;BOLÍVAR;01;15996;0005; ; ; ; ; ; ; ; ;REGIÓN SIERRA; ; ; ;TOTAL NACIONAL;2,6162425514352
02025001160440002;BOLÍVAR;01;16044;0002; ; ; ; ; ; ; ; ;REGIÓN SIERRA; ; ; ;TOTAL NACIONAL;2,92033507140999
02025001161930001;BOLÍVAR;01;16193;0001; ; ; ; ; ; ; ; ;REGIÓN SIERRA; ; ; ;TOTAL NACIONAL;5,51578849080796
02025001161930005;BOLÍVAR;01;16193;0005; ; ; ; ; ; ; ; ;REGIÓN SIERRA; ; ; ;TOTAL NACIONAL;49,4184590473963
02025001161930007;BOLÍVAR;01;16193;0007; ; ; ; ; ; ; ; ;REGIÓN SIERRA; ; ; ;TOTAL NACIONAL;25,5315580819419
02025001163430001;BOLÍVAR;01;16343;0001; ; ; ; ; ; ; ; ;REGIÓN SIERRA; ; ; ;TOTAL NACIONAL;6,73780697619805
02025001163430002;BOLÍVAR;01;16343;0002; ; ; ; ;0; ; ; ;REGIÓN SIERRA; ; ; ;TOTAL NACIONAL;54,6741622267598
02025001163430003;BOLÍVAR;01;16343;0003; ; ; ; ; ; ; ; ;REGIÓN SIERRA; ; ; ;TOTAL NACIONAL;26,9204073562542
02025001163430005;BOLÍVAR;01;16343;0005; ; ; ; ; ; ; ; ;REGIÓN SIERRA; ; ; ;TOTAL NACIONAL;1,99113754868863
02025001163490001;BOLÍVAR;01;16349;0001; ; ; ; ; ; ; ; ;REGIÓN SIERRA; ; ; ;TOTAL NACIONAL;10,4275243035897
02025001163490003;BOLÍVAR;01;16349;0003; ; ; ; ; ; ; ; ;REGIÓN SIERRA; ; ; ;TOTAL NACIONAL;20,0941220831014
02025001163490004;BOLÍVAR;01;16349;0004; ; ; ; ; ; ; ; ;REGIÓN SIERRA; ; ; ;TOTAL NACIONAL;64,0694585418975
02025001163490005;BOLÍVAR;01;16349;0005; ; ; ; ; ; ; ; ;REGIÓN SIERRA; ; ; ;TOTAL NACIONAL;67,9676688167766
02025001163490007;BOLÍVAR;01;16349;0007; ; ; ; ; ; ; ; ;REGIÓN SIERRA; ; ; ;TOTAL NACIONAL;1,02227236332212
02025001164760001;BOLÍVAR;01;16476;0001; ; ; ; ; ; ; ; ;REGIÓN SIERRA; ; ; ;TOTAL NACIONAL;17,685688684581
02025001164760002;BOLÍVAR;01;16476;0002; ; ; ; ; ; ; ; ;REGIÓN SIERRA; ; ; ;TOTAL NACIONAL;23,0549745450034
02025001164760003;BOLÍVAR;01;16476;0003; ; ; ; ;0; ; ; ;REGIÓN SIERRA; ; ; ;TOTAL NACIONAL;13,3264473767147
02025001164760005;BOLÍVAR;01;16476;0005; ; ; ; ; ; ; ; ;REGIÓN SIERRA; ; ; ;TOTAL NACIONAL;19,9449556799665
02025001164990004;BOLÍVAR;01;16499;0004; ; ; ; ; ; ; ; ;REGIÓN SIERRA; ; ; ;TOTAL NACIONAL;1,88723167934438
02025001166120001;BOLÍVAR;01;16612;0001; ; ; ; ; ; ; ; ;REGIÓN SIERRA; ; ; ;TOTAL NACIONAL;33,4781092932054
02025001166120002;BOLÍVAR;01;16612;0002; ; ; ; ; ; ; ; ;REGIÓN SIERRA; ; ; ;TOTAL NACIONAL;1,54003802494618
02025001166120008;BOLÍVAR;01;16612;0008; ; ; ; ; ; ; ; ;REGIÓN SIERRA; ; ; ;TOTAL NACIONAL;31,1955109323051
02025001166120009;BOLÍVAR;01;16612;0009; ; ; ; ; ; ; ; ;REGIÓN SIERRA; ; ; ;TOTAL NACIONAL;4,83168866443191
02025001166130001;BOLÍVAR;01;16613;0001; ; ; ; ; ; ; ; ;REGIÓN SIERRA; ; ; ;TOTAL NACIONAL;34,4178639120128
02025001166130002;BOLÍVAR;01;16613;0002; ; ; ; ; ; ; ; ;REGIÓN SIERRA; ; ; ;TOTAL NACIONAL;12,8580238313622
02025001168590002;BOLÍVAR;01;16859;0002; ; ; ; ; ; ; ; ;REGIÓN SIERRA; ; ; ;TOTAL NACIONAL;16,5800452218972
02025001168590004;BOLÍVAR;01;16859;0004; ; ; ; ; ; ; ; ;REGIÓN SIERRA; ; ; ;TOTAL NACIONAL;5,90366658503838
02025001169990001;BOLÍVAR;01;16999;0001; ;1; ;1;1; ;2;2;REGIÓN SIERRA; ; ; ;TOTAL NACIONAL;4,95671035651828
02025001169990003;BOLÍVAR;01;16999;0003; ; ; ; ; ; ; ; ;REGIÓN SIERRA; ; ; ;TOTAL NACIONAL;31,8168593638123
02025001171340001;BOLÍVAR;01;17134;0001; ; ; ; ; ; ; ; ;REGIÓN SIERRA; ; ; ;TOTAL NACIONAL;10,6144505392127
02016002000230002;BOLÍVAR;02;00023;0002; ;2; ; ;3; ;2;2;REGIÓN SIERRA; ; ; ;TOTAL NACIONAL;20,1295793039401
02016002000230004;BOLÍVAR;02;00023;0004;12; ; ; ;30;12; ;12;REGIÓN SIERRA; ; ; ;TOTAL NACIONAL;13,7790751872457
02025102002040003;BOLÍVAR;02;00204;0003; ; ; ; ; ; ; ; ;REGIÓN SIERRA; ; ; ;TOTAL NACIONAL;2,39731804301901
02035503003640002;BOLÍVAR;03;00364;0002; ; ; ; ;1; ; ; ;REGIÓN SIERRA; ; ; ;TOTAL NACIONAL;43,6564810479027
02055403004160001;BOLÍVAR;03;00416;0001;4; ;4; ;1;8; ;8;REGIÓN SIERRA; ; ; ;TOTAL NACIONAL;6,89136154590325
02025003004510003;BOLÍVAR;03;00451;0003; ;1; ;2; ; ;3;3;REGIÓN SIERRA; ; ; ;TOTAL NACIONAL;98,3663276637719
02025003004510006;BOLÍVAR;03;00451;0006; ;3; ;1; ; ;4;4;REGIÓN SIERRA; ; ; ;TOTAL NACIONAL;47,0779524037984
02025003004510007;BOLÍVAR;03;00451;0007; ; ; ; ; ; ; ; ;REGIÓN SIERRA; ; ; ;TOTAL NACIONAL;33,9384510355531
02025003004510010;BOLÍVAR;03;00451;0010; ; ; ; ;1; ; ; ;REGIÓN SIERRA; ; ; ;TOTAL NACIONAL;37,5099095137572
02025003004510011;BOLÍVAR;03;00451;0011; ; ; ; ; ; ; ; ;REGIÓN SIERRA; ; ; ;TOTAL NACIONAL;58,0775657137691
02025003004510015;BOLÍVAR;03;00451;0015; ; ; ; ; ; ; ; ;REGIÓN SIERRA; ; ; ;TOTAL NACIONAL;10,7811919752079
02025003004510018;BOLÍVAR;03;00451;0018; ; ; ; ; ; ; ; ;REGIÓN SIERRA; ; ; ;TOTAL NACIONAL;4,14560015785527
02025003004710001;BOLÍVAR;03;00471;0001; ; ; ; ; ; ; ; ;REGIÓN SIERRA; ; ; ;TOTAL NACIONAL;58,6944309289151
02025003004710002;BOLÍVAR;03;00471;0002; ; ; ; ; ; ; ; ;REGIÓN SIERRA; ; ; ;TOTAL NACIONAL;72,6660823184227
02025003004710003;BOLÍVAR;03;00471;0003; ; ; ; ; ; ; ; ;REGIÓN SIERRA; ; ; ;TOTAL NACIONAL;52,6504115347649
02025003004710004;BOLÍVAR;03;00471;0004; ; ; ; ; ; ; ; ;REGIÓN SIERRA; ; ; ;TOTAL NACIONAL;12,9206130265505
02025003004710005;BOLÍVAR;03;00471;0005; ; ; ; ; ; ; ; ;REGIÓN SIERRA; ; ; ;TOTAL NACIONAL;47,4674720501597
02025003004710006;BOLÍVAR;03;00471;0006; ; ; ; ; ; ; ; ;REGIÓN SIERRA; ; ; ;TOTAL NACIONAL;51,6678169641043
02025003004710007;BOLÍVAR;03;00471;0007; ; ; ; ; ; ; ; ;REGIÓN SIERRA; ; ; ;TOTAL NACIONAL;25,2830596016062
02025003004710008;BOLÍVAR;03;00471;0008; ;2; ;2; ; ;4;4;REGIÓN SIERRA; ; ; ;TOTAL NACIONAL;63,58015739795
02025003004710009;BOLÍVAR;03;00471;0009; ; ; ; ; ; ; ; ;REGIÓN SIERRA; ; ; ;TOTAL NACIONAL;17,0693653688576
02025003004710010;BOLÍVAR;03;00471;0010; ; ; ; ; ; ; ; ;REGIÓN SIERRA; ; ; ;TOTAL NACIONAL;33,3728171459939
02025003004710011;BOLÍVAR;03;00471;0011; ;1; ; ; ; ;1;1;REGIÓN SIERRA; ; ; ;TOTAL NACIONAL;19,7281809962857
02015504000090007;BOLÍVAR;04;00009;0007; ; ; ; ; ; ; ; ;REGIÓN SIERRA; ; ; ;TOTAL NACIONAL;7,5905505452129
02065004000200001;BOLÍVAR;04;00020;0001; ; ; ; ; ; ; ; ;REGIÓN SIERRA; ; ; ;TOTAL NACIONAL;2,49946195633051
02065004000200002;BOLÍVAR;04;00020;0002; ; ; ; ;2; ; ; ;REGIÓN SIERRA; ; ; ;TOTAL NACIONAL;6,93511649320028
02065004000200005;BOLÍVAR;04;00020;0005; ; ; ;2;2; ;2;2;REGIÓN SIERRA; ; ; ;TOTAL NACIONAL;7,58195830049744
02065004000200006;BOLÍVAR;04;00020;0006; ;2; ; ; ; ;2;2;REGIÓN SIERRA; ; ; ;TOTAL NACIONAL;7,01597171911242
02065004000200010;BOLÍVAR;04;00020;0010; ; ; ; ;1; ; ; ;REGIÓN SIERRA; ; ; ;TOTAL NACIONAL;10,4700509234384
02065004000200011;BOLÍVAR;04;00020;0011; ;2; ; ;1; ;2;2;REGIÓN SIERRA; ; ; ;TOTAL NACIONAL;8,68444611067555
02065004000200015;BOLÍVAR;04;00020;0015; ;1; ; ;1; ;1;1;REGIÓN SIERRA; ; ; ;TOTAL NACIONAL;5,57665618793185
02015604000250001;BOLÍVAR;04;00025;0001; ; ; ; ; ; ; ; ;REGIÓN SIERRA; ; ; ;TOTAL NACIONAL;,699390377910057
02055104000270002;BOLÍVAR;04;00027;0002; ; ; ; ; ; ; ; ;REGIÓN SIERRA; ; ; ;TOTAL NACIONAL;1,01696650940554
02055104000270003;BOLÍVAR;04;00027;0003; ; ; ; ; ; ; ; ;REGIÓN SIERRA; ; ; ;TOTAL NACIONAL;7,44505330424158
02025104000320014;BOLÍVAR;04;00032;0014; ; ; ; ; ; ; ; ;REGIÓN SIERRA; ; ; ;TOTAL NACIONAL;9,15064448496072
02025104000320018;BOLÍVAR;04;00032;0018; ; ; ; ; ; ; ; ;REGIÓN SIERRA; ; ; ;TOTAL NACIONAL;2,98065988022542
02025104000320023;BOLÍVAR;04;00032;0023; ; ; ; ; ; ; ; ;REGIÓN SIERRA; ; ; ;TOTAL NACIONAL;7,34666730355579
02025104000350004;BOLÍVAR;04;00035;0004; ; ; ; ;0; ; ; ;REGIÓN SIERRA; ; ; ;TOTAL NACIONAL;12,7418512327889
02025104000350005;BOLÍVAR;04;00035;0005; ; ; ; ; ; ; ; ;REGIÓN SIERRA; ; ; ;TOTAL NACIONAL;,567652154976018
02025104000350007;BOLÍVAR;04;00035;0007; ; ; ; ; ; ; ; ;REGIÓN SIERRA; ; ; ;TOTAL NACIONAL;9,27970911946449
02025104000350008;BOLÍVAR;04;00035;0008; ; ; ; ;1; ; ; ;REGIÓN SIERRA; ; ; ;TOTAL NACIONAL;10,6190831410837
02025104000350015;BOLÍVAR;04;00035;0015; ;3; ;5; ; ;8;8;REGIÓN SIERRA; ; ; ;TOTAL NACIONAL;1,19599960616536
02025004000420001;BOLÍVAR;04;00042;0001; ; ; ; ;0; ; ; ;REGIÓN SIERRA; ; ; ;TOTAL NACIONAL;4,6477167444392
02025004000420009;BOLÍVAR;04;00042;0009; ; ; ; ; ; ; ; ;REGIÓN SIERRA; ; ; ;TOTAL NACIONAL;4,07472835322351
02025004000420011;BOLÍVAR;04;00042;0011; ; ; ; ; ; ; ; ;REGIÓN SIERRA; ; ; ;TOTAL NACIONAL;,78721785569277
02065055000994006;BOLÍVAR;55;00099;4006; ; ; ; ; ; ; ; ;REGIÓN SIERRA; ; ; ;TOTAL NACIONAL;1
02025064000991720;BOLÍVAR;64;00099;1720; ; ; ; ;1; ; ; ;REGIÓN SIERRA; ; ; ;TOTAL NACIONAL;1
02025064000991738;BOLÍVAR;64;00099;1738; ; ; ; ; ; ; ; ;REGIÓN SIERRA; ; ; ;TOTAL NACIONAL;1
03036201001030001;CAÑAR;01;00103;0001; ; ; ;8;4; ;8;8;REGIÓN SIERRA; ; ; ;TOTAL NACIONAL;39,5232653222121
03036201002140001;CAÑAR;01;00214;0001; ; ; ; ; ; ; ; ;REGIÓN SIERRA; ; ; ;TOTAL NACIONAL;48,477041507263
03035301003380001;CAÑAR;01;00338;0001; ; ; ; ; ; ; ; ;REGIÓN SIERRA; ; ; ;TOTAL NACIONAL;23,8616235319802
03035301003380002;CAÑAR;01;00338;0002; ; ; ; ;0; ; ; ;REGIÓN SIERRA; ; ; ;TOTAL NACIONAL;20,7756225062552
03035301004000001;CAÑAR;01;00400;0001; ; ; ; ;1; ; ; ;REGIÓN SIERRA; ; ; ;TOTAL NACIONAL;51,803059541524
03035301004000004;CAÑAR;01;00400;0004; ; ; ; ;4; ; ; ;REGIÓN SIERRA; ; ; ;TOTAL NACIONAL;,554484201497237
03035301007880001;CAÑAR;01;00788;0001; ; ; ; ;6; ; ; ;REGIÓN SIERRA; ; ; ;TOTAL NACIONAL;72,3896562726574
03035301011590003;CAÑAR;01;01159;0003; ; ; ; ;2; ; ; ;REGIÓN SIERRA; ; ; ;TOTAL NACIONAL;34,1244179998227
03035101015410001;CAÑAR;01;01541;0001; ;2; ;2;2; ;4;4;REGIÓN SIERRA; ; ; ;TOTAL NACIONAL;19,0710585216915
03075001017680001;CAÑAR;01;01768;0001; ; ; ; ; ; ; ; ;REGIÓN SIERRA; ; ; ;TOTAL NACIONAL;39,3083593688399
03035101020240002;CAÑAR;01;02024;0002; ; ; ; ;1; ; ; ;REGIÓN SIERRA; ; ; ;TOTAL NACIONAL;33,8127212063361
03075001020700002;CAÑAR;01;02070;0002; ; ; ; ; ; ; ; ;REGIÓN SIERRA; ; ; ;TOTAL NACIONAL;521,338090647299
03075001020700004;CAÑAR;01;02070;0004; ; ; ; ; ; ; ; ;REGIÓN SIERRA; ; ; ;TOTAL NACIONAL;416,558100929979
03075001023360004;CAÑAR;01;02336;0004; ; ; ; ;0; ; ; ;REGIÓN SIERRA; ; ; ;TOTAL NACIONAL;38,5042019995096
03075001024010006;CAÑAR;01;02401;0006; ; ; ;1; ; ;1;1;REGIÓN SIERRA; ; ; ;TOTAL NACIONAL;66,7440832162399
03075001024010009;CAÑAR;01;02401;0009; ; ; ; ; ; ; ; ;REGIÓN SIERRA; ; ; ;TOTAL NACIONAL;61,1838299595729
03075001024010013;CAÑAR;01;02401;0013; ; ; ; ; ; ; ; ;REGIÓN SIERRA; ; ; ;TOTAL NACIONAL;10,1711633492128
03075001024010014;CAÑAR;01;02401;0014; ; ; ; ; ; ; ; ;REGIÓN SIERRA; ; ; ;TOTAL NACIONAL;65,2905770256833
03075001024010015;CAÑAR;01;02401;0015; ; ; ; ; ; ; ; ;REGIÓN SIERRA; ; ; ;TOTAL NACIONAL;36,0889075770072
03036301026530001;CAÑAR;01;02653;0001; ; ; ; ; ; ; ; ;REGIÓN SIERRA; ; ; ;TOTAL NACIONAL;26,7305152246991
03036301026530002;CAÑAR;01;02653;0002; ; ; ; ; ; ; ; ;REGIÓN SIERRA; ; ; ;TOTAL NACIONAL;2,23618840959605
03036301026550001;CAÑAR;01;02655;0001; ; ; ; ; ; ; ; ;REGIÓN SIERRA; ; ; ;TOTAL NACIONAL;23,6633694137148
03075001027290001;CAÑAR;01;02729;0001; ; ; ; ; ; ; ; ;REGIÓN SIERRA; ; ; ;TOTAL NACIONAL;28,0242372095404
03036101030530004;CAÑAR;01;03053;0004; ; ; ; ; ; ; ; ;REGIÓN SIERRA; ; ; ;TOTAL NACIONAL;13,7248709432357
03036101031820002;CAÑAR;01;03182;0002; ; ; ; ;0; ; ; ;REGIÓN SIERRA; ; ; ;TOTAL NACIONAL;44,3057418904936
03036101031820004;CAÑAR;01;03182;0004; ; ; ; ; ; ; ; ;REGIÓN SIERRA; ; ; ;TOTAL NACIONAL;2,31762167149857
03036101031820007;CAÑAR;01;03182;0007; ; ; ; ; ; ; ; ;REGIÓN SIERRA; ; ; ;TOTAL NACIONAL;23,0313349742459
03036101031820009;CAÑAR;01;03182;0009; ; ; ; ;0; ; ; ;REGIÓN SIERRA; ; ; ;TOTAL NACIONAL;49,8117132577317
03055001032710005;CAÑAR;01;03271;0005; ; ; ; ;0; ; ; ;REGIÓN SIERRA; ; ; ;TOTAL NACIONAL;41,6510695609991
03055001032710007;CAÑAR;01;03271;0007; ; ; ; ;0; ; ; ;REGIÓN SIERRA; ; ; ;TOTAL NACIONAL;35,8795838735451
03055001032710009;CAÑAR;01;03271;0009; ; ; ; ;0; ; ; ;REGIÓN SIERRA; ; ; ;TOTAL NACIONAL;3,88509830397191
03035701033250005;CAÑAR;01;03325;0005; ; ; ; ;0; ; ; ;REGIÓN SIERRA; ; ; ;TOTAL NACIONAL;67,2895200781243
03035701033250008;CAÑAR;01;03325;0008; ; ; ; ;0; ; ; ;REGIÓN SIERRA; ; ; ;TOTAL NACIONAL;6,16695885369725
03035701033250012;CAÑAR;01;03325;0012;1; ;1; ;0;2; ;2;REGIÓN SIERRA; ; ; ;TOTAL NACIONAL;1,12708268924475
03035401035220001;CAÑAR;01;03522;0001; ; ; ; ; ; ; ; ;REGIÓN SIERRA; ; ; ;TOTAL NACIONAL;16,9100734275539
03055001038070002;CAÑAR;01;03807;0002; ; ; ; ;0; ; ; ;REGIÓN SIERRA; ; ; ;TOTAL NACIONAL;60,7309252196856
03055001038070003;CAÑAR;01;03807;0003; ; ; ; ;0; ; ; ;REGIÓN SIERRA; ; ; ;TOTAL NACIONAL;30,0357830888545
03055001038070006;CAÑAR;01;03807;0006; ; ; ; ;0; ; ; ;REGIÓN SIERRA; ; ; ;TOTAL NACIONAL;,745880474502473
03035401039120001;CAÑAR;01;03912;0001; ; ; ; ; ; ; ; ;REGIÓN SIERRA; ; ; ;TOTAL NACIONAL;6,02305269133446
03035401040410001;CAÑAR;01;04041;0001; ; ; ; ;0; ; ; ;REGIÓN SIERRA; ; ; ;TOTAL NACIONAL;6,02305269133446
03035001040520001;CAÑAR;01;04052;0001; ; ; ; ;0; ; ; ;REGIÓN SIERRA; ; ; ;TOTAL NACIONAL;10,4543669239938
03035601044830004;CAÑAR;01;04483;0004; ; ; ; ;0; ; ; ;REGIÓN SIERRA; ; ; ;TOTAL NACIONAL;4,10995000102526
03035501045060001;CAÑAR;01;04506;0001; ; ; ; ;0; ; ; ;REGIÓN SIERRA; ; ; ;TOTAL NACIONAL;29,5681084594231
03015701046200001;CAÑAR;01;04620;0001; ; ; ; ;0; ; ; ;REGIÓN SIERRA; ; ; ;TOTAL NACIONAL;49,5897832832651
03035401046980002;CAÑAR;01;04698;0002; ; ; ; ;0; ; ; ;REGIÓN SIERRA; ; ; ;TOTAL NACIONAL;20,2465519967559
03035401046980004;CAÑAR;01;04698;0004; ; ; ; ;0; ; ; ;REGIÓN SIERRA; ; ; ;TOTAL NACIONAL;32,4663637835998
03035001047070001;CAÑAR;01;04707;0001; ; ; ; ;0; ; ; ;REGIÓN SIERRA; ; ; ;TOTAL NACIONAL;,64438501408932
03035001047070002;CAÑAR;01;04707;0002; ; ; ; ;1; ; ; ;REGIÓN SIERRA; ; ; ;TOTAL NACIONAL;14,8281807554642
03035001047070003;CAÑAR;01;04707;0003; ; ; ; ;0; ; ; ;REGIÓN SIERRA; ; ; ;TOTAL NACIONAL;41,2661132543869
03035001047070005;CAÑAR;01;04707;0005; ; ; ; ;0; ; ; ;REGIÓN SIERRA; ; ; ;TOTAL NACIONAL;4,1430971115242
03035001047070007;CAÑAR;01;04707;0007; ; ; ; ;0; ; ; ;REGIÓN SIERRA; ; ; ;TOTAL NACIONAL;24,2771863899284
03035501048460010;CAÑAR;01;04846;0010; ; ; ; ;0; ; ; ;REGIÓN SIERRA; ; ; ;TOTAL NACIONAL;60,7945149464046
03035501048520001;CAÑAR;01;04852;0001; ; ; ; ; ; ; ; ;REGIÓN SIERRA; ; ; ;TOTAL NACIONAL;,619591604938813
03035501048520004;CAÑAR;01;04852;0004; ; ; ; ; ; ; ; ;REGIÓN SIERRA; ; ; ;TOTAL NACIONAL;28,6397671387339
03035501048520006;CAÑAR;01;04852;0006; ; ; ; ;0; ; ; ;REGIÓN SIERRA; ; ; ;TOTAL NACIONAL;52,7214356481607
03015701050090001;CAÑAR;01;05009;0001; ; ; ; ;1; ; ; ;REGIÓN SIERRA; ; ; ;TOTAL NACIONAL;60,0543206478927
03015701050090002;CAÑAR;01;05009;0002; ; ; ; ;0; ; ; ;REGIÓN SIERRA; ; ; ;TOTAL NACIONAL;18,9306955309719
03015701053480002;CAÑAR;01;05348;0002; ; ; ; ;0; ; ; ;REGIÓN SIERRA; ; ; ;TOTAL NACIONAL;41,7756326464127
03035501054450003;CAÑAR;01;05445;0003; ;2; ; ;0; ;2;2;REGIÓN SIERRA; ; ; ;TOTAL NACIONAL;15,9098897086726
03035501054450006;CAÑAR;01;05445;0006; ; ; ; ;0; ; ; ;REGIÓN SIERRA; ; ; ;TOTAL NACIONAL;55,707515494787
03035501054450007;CAÑAR;01;05445;0007; ; ; ; ; ; ; ; ;REGIÓN SIERRA; ; ; ;TOTAL NACIONAL;52,8172692636942
03035501054890008;CAÑAR;01;05489;0008; ; ; ; ;0; ; ; ;REGIÓN SIERRA; ; ; ;TOTAL NACIONAL;74,4258716789323
03015701055550003;CAÑAR;01;05555;0003; ; ; ; ;2; ; ; ;REGIÓN SIERRA; ; ; ;TOTAL NACIONAL;2,02089705152336
03035501056160002;CAÑAR;01;05616;0002;10; ; ; ; ;10; ;10;REGIÓN SIERRA; ; ; ;TOTAL NACIONAL;8,34102709653069
03035501056230004;CAÑAR;01;05623;0004; ; ; ; ;0; ; ; ;REGIÓN SIERRA; ; ; ;TOTAL NACIONAL;4,50241593667471
03035501056230005;CAÑAR;01;05623;0005; ; ; ; ;0; ; ; ;REGIÓN SIERRA; ; ; ;TOTAL NACIONAL;,940576914005947
03035501056230006;CAÑAR;01;05623;0006; ; ; ; ;0; ; ; ;REGIÓN SIERRA; ; ; ;TOTAL NACIONAL;54,2153134463588
03035501056250002;CAÑAR;01;05625;0002; ; ; ; ; ; ; ; ;REGIÓN SIERRA; ; ; ;TOTAL NACIONAL;44,9339215346991
03035201056780002;CAÑAR;01;05678;0002; ; ; ; ;0; ; ; ;REGIÓN SIERRA; ; ; ;TOTAL NACIONAL;56,475962866269
03035201056780007;CAÑAR;01;05678;0007; ; ; ; ;0; ; ; ;REGIÓN SIERRA; ; ; ;TOTAL NACIONAL;18,9240333574008
03035801058100001;CAÑAR;01;05810;0001; ;1; ; ;1; ;1;1;REGIÓN SIERRA; ; ; ;TOTAL NACIONAL;21,8197254157351
03035801060030001;CAÑAR;01;06003;0001;1; ; ; ; ;1; ;1;REGIÓN SIERRA; ; ; ;TOTAL NACIONAL;3,47889633748692
03035801060030002;CAÑAR;01;06003;0002;4; ; ; ;1;4; ;4;REGIÓN SIERRA; ; ; ;TOTAL NACIONAL;6,17950905748965
03035801061910001;CAÑAR;01;06191;0001; ; ; ; ;1; ; ; ;REGIÓN SIERRA; ; ; ;TOTAL NACIONAL;10,3471434734617
03035601062480002;CAÑAR;01;06248;0002; ; ; ; ; ; ; ; ;REGIÓN SIERRA; ; ; ;TOTAL NACIONAL;8,07563105364332
03035801063320001;CAÑAR;01;06332;0001; ; ; ; ;1; ; ; ;REGIÓN SIERRA; ; ; ;TOTAL NACIONAL;10,3471434734617
03025001064330002;CAÑAR;01;06433;0002; ; ; ; ;0; ; ; ;REGIÓN SIERRA; ; ; ;TOTAL NACIONAL;49,5340473773771
03015301064710001;CAÑAR;01;06471;0001; ; ; ; ; ; ; ; ;REGIÓN SIERRA; ; ; ;TOTAL NACIONAL;33,8173157823631
03015301064710004;CAÑAR;01;06471;0004; ; ; ; ; ; ; ; ;REGIÓN SIERRA; ; ; ;TOTAL NACIONAL;2,8566638576184
03015601064840001;CAÑAR;01;06484;0001; ; ; ; ;0; ; ; ;REGIÓN SIERRA; ; ; ;TOTAL NACIONAL;40,431870431159
03015601064840002;CAÑAR;01;06484;0002; ; ; ; ;0; ; ; ;REGIÓN SIERRA; ; ; ;TOTAL NACIONAL;36,2608157761816
03035501066570004;CAÑAR;01;06657;0004; ; ; ; ;0; ; ; ;REGIÓN SIERRA; ; ; ;TOTAL NACIONAL;42,5648160595961
03035501066670001;CAÑAR;01;06667;0001; ; ; ; ; ; ; ; ;REGIÓN SIERRA; ; ; ;TOTAL NACIONAL;5,04919479697746
03016001067600002;CAÑAR;01;06760;0002; ; ; ; ;0; ; ; ;REGIÓN SIERRA; ; ; ;TOTAL NACIONAL;9,32194582696254
03016001067600004;CAÑAR;01;06760;0004; ; ; ; ;1; ; ; ;REGIÓN SIERRA; ; ; ;TOTAL NACIONAL;46,2650134619667
03016001068690004;CAÑAR;01;06869;0004; ; ; ; ;0; ; ; ;REGIÓN SIERRA; ; ; ;TOTAL NACIONAL;36,025142935834
03025401069900001;CAÑAR;01;06990;0001; ; ; ; ;0; ; ; ;REGIÓN SIERRA; ; ; ;TOTAL NACIONAL;74,2010301938582
03015001071090001;CAÑAR;01;07109;0001; ; ; ; ;0; ; ; ;REGIÓN SIERRA; ; ; ;TOTAL NACIONAL;15,3858589386582
03025001072200001;CAÑAR;01;07220;0001; ; ; ; ; ; ; ; ;REGIÓN SIERRA; ; ; ;TOTAL NACIONAL;21,8400985748125
03025001073470004;CAÑAR;01;07347;0004; ; ; ; ;0; ; ; ;REGIÓN SIERRA; ; ; ;TOTAL NACIONAL;20,8682323498492
03025001073470006;CAÑAR;01;07347;0006; ; ; ; ; ; ; ; ;REGIÓN SIERRA; ; ; ;TOTAL NACIONAL;21,5795211624346
03015001073600002;CAÑAR;01;07360;0002; ; ; ; ; ; ; ; ;REGIÓN SIERRA; ; ; ;TOTAL NACIONAL;57,2821012627612
03025101076380001;CAÑAR;01;07638;0001; ; ; ; ; ; ; ; ;REGIÓN SIERRA; ; ; ;TOTAL NACIONAL;4,382667744755
03015501079040002;CAÑAR;01;07904;0002; ; ; ; ;0; ; ; ;REGIÓN SIERRA; ; ; ;TOTAL NACIONAL;61,8129196340881
03015501079040003;CAÑAR;01;07904;0003; ; ; ; ;0; ; ; ;REGIÓN SIERRA; ; ; ;TOTAL NACIONAL;25,5267817180354
03015101079610002;CAÑAR;01;07961;0002; ; ; ; ;0; ; ; ;REGIÓN SIERRA; ; ; ;TOTAL NACIONAL;54,336338695102
03015101079610003;CAÑAR;01;07961;0003; ; ; ; ;0; ; ; ;REGIÓN SIERRA; ; ; ;TOTAL NACIONAL;85,9857975672466
03065001080620002;CAÑAR;01;08062;0002; ; ; ; ;0; ; ; ;REGIÓN SIERRA; ; ; ;TOTAL NACIONAL;19,3967759371652
03065001081980003;CAÑAR;01;08198;0003; ; ; ; ;0; ; ; ;REGIÓN SIERRA; ; ; ;TOTAL NACIONAL;24,1893875148253
03065001082640005;CAÑAR;01;08264;0005; ; ; ; ;0; ; ; ;REGIÓN SIERRA; ; ; ;TOTAL NACIONAL;83,8268620416034
03015101082920005;CAÑAR;01;08292;0005; ; ; ; ;0; ; ; ;REGIÓN SIERRA; ; ; ;TOTAL NACIONAL;26,8677840218221
03065001084280002;CAÑAR;01;08428;0002; ; ; ; ;0; ; ; ;REGIÓN SIERRA; ; ; ;TOTAL NACIONAL;10,6224793743483
03015801085720002;CAÑAR;01;08572;0002; ; ; ; ;2; ; ; ;REGIÓN SIERRA; ; ; ;TOTAL NACIONAL;62,2420193638739
03065101086170006;CAÑAR;01;08617;0006; ; ; ; ;0; ; ; ;REGIÓN SIERRA; ; ; ;TOTAL NACIONAL;40,636981489587
03065001086220003;CAÑAR;01;08622;0003; ; ; ; ;0; ; ; ;REGIÓN SIERRA; ; ; ;TOTAL NACIONAL;59,1091248480085
03065001086220004;CAÑAR;01;08622;0004; ; ; ; ;0; ; ; ;REGIÓN SIERRA; ; ; ;TOTAL NACIONAL;53,5899431979974
03065001086220005;CAÑAR;01;08622;0005; ; ; ; ;0; ; ; ;REGIÓN SIERRA; ; ; ;TOTAL NACIONAL;48,7438719456422
03065101088780001;CAÑAR;01;08878;0001; ; ; ; ;0; ; ; ;REGIÓN SIERRA; ; ; ;TOTAL NACIONAL;26,0493208406695
03015801090330001;CAÑAR;01;09033;0001; ; ; ; ;0; ; ; ;REGIÓN SIERRA; ; ; ;TOTAL NACIONAL;68,9625659836448
03045202004350003;CAÑAR;02;00435;0003; ;35; ;40;1; ;75;75;REGIÓN SIERRA; ; ; ;TOTAL NACIONAL;18,8045493047316
03045002004520008;CAÑAR;02;00452;0008; ; ; ; ;2; ; ; ;REGIÓN SIERRA; ; ; ;TOTAL NACIONAL;12,2898354794987
03045202005710001;CAÑAR;02;00571;0001; ; ; ; ; ; ; ; ;REGIÓN SIERRA; ; ; ;TOTAL NACIONAL;26,7422884208746
03035103000790002;CAÑAR;03;00079;0002; ; ; ; ; ; ; ; ;REGIÓN SIERRA; ; ; ;TOTAL NACIONAL;41,8444836302512
03035103000790004;CAÑAR;03;00079;0004; ; ; ; ; ; ; ; ;REGIÓN SIERRA; ; ; ;TOTAL NACIONAL;23,3597856987974
03036303001070001;CAÑAR;03;00107;0001; ; ; ; ;0; ; ; ;REGIÓN SIERRA; ; ; ;TOTAL NACIONAL;56,5062549763518
03036303001070007;CAÑAR;03;00107;0007; ; ; ; ;2; ; ; ;REGIÓN SIERRA; ; ; ;TOTAL NACIONAL;45,7513139401838
03036303001070008;CAÑAR;03;00107;0008; ; ; ; ; ; ; ; ;REGIÓN SIERRA; ; ; ;TOTAL NACIONAL;25,5132910081864
03035703001230008;CAÑAR;03;00123;0008; ; ; ; ; ; ; ; ;REGIÓN SIERRA; ; ; ;TOTAL NACIONAL;38,0229488931655
03035703001230012;CAÑAR;03;00123;0012; ; ; ; ; ; ; ; ;REGIÓN SIERRA; ; ; ;TOTAL NACIONAL;41,3747539360152
03035403002270004;CAÑAR;03;00227;0004; ; ; ; ; ; ; ; ;REGIÓN SIERRA; ; ; ;TOTAL NACIONAL;96,7372363436603
03035403002270005;CAÑAR;03;00227;0005; ; ; ; ;2; ; ; ;REGIÓN SIERRA; ; ; ;TOTAL NACIONAL;68,8911349253536
03035803002580002;CAÑAR;03;00258;0002; ; ; ; ; ; ; ; ;REGIÓN SIERRA; ; ; ;TOTAL NACIONAL;15,6521964076044
03035403003110001;CAÑAR;03;00311;0001; ; ; ; ; ; ; ; ;REGIÓN SIERRA; ; ; ;TOTAL NACIONAL;38,8729246619599
03035403003110002;CAÑAR;03;00311;0002; ;1; ; ;1; ;1;1;REGIÓN SIERRA; ; ; ;TOTAL NACIONAL;1,09642664248357
03035403003110005;CAÑAR;03;00311;0005; ; ; ; ;0; ; ; ;REGIÓN SIERRA; ; ; ;TOTAL NACIONAL;49,4333705079637
03035403003110007;CAÑAR;03;00311;0007; ; ; ; ; ; ; ; ;REGIÓN SIERRA; ; ; ;TOTAL NACIONAL;45,108359958892
03035403003110008;CAÑAR;03;00311;0008; ; ; ; ; ; ; ; ;REGIÓN SIERRA; ; ; ;TOTAL NACIONAL;61,5592193711721
03035403003110009;CAÑAR;03;00311;0009; ; ; ; ; ; ; ; ;REGIÓN SIERRA; ; ; ;TOTAL NACIONAL;7,07673887637113
03035403003110010;CAÑAR;03;00311;0010; ; ; ; ; ; ; ; ;REGIÓN SIERRA; ; ; ;TOTAL NACIONAL;32,214726376943
03035403003110011;CAÑAR;03;00311;0011; ; ; ; ; ; ; ; ;REGIÓN SIERRA; ; ; ;TOTAL NACIONAL;31,8006354730093
03035403003110012;CAÑAR;03;00311;0012; ; ; ; ; ; ; ; ;REGIÓN SIERRA; ; ; ;TOTAL NACIONAL;30,5254200282416
03035403003110013;CAÑAR;03;00311;0013; ; ; ; ; ; ; ; ;REGIÓN SIERRA; ; ; ;TOTAL NACIONAL;56,6626429863627
03035403003110015;CAÑAR;03;00311;0015;4; ; ; ; ;4; ;4;REGIÓN SIERRA; ; ; ;TOTAL NACIONAL;15,7490750572184
03035803003430001;CAÑAR;03;00343;0001;4; ; ; ;1;4; ;4;REGIÓN SIERRA; ; ; ;TOTAL NACIONAL;28,1223958462761
03035803003430002;CAÑAR;03;00343;0002;3;2; ; ; ;3;2;5;REGIÓN SIERRA; ; ; ;TOTAL NACIONAL;15,3706367617633
03065003004620005;CAÑAR;03;00462;0005; ; ; ; ;0; ; ; ;REGIÓN SIERRA; ; ; ;TOTAL NACIONAL;35,5443588121305
03065003004620015;CAÑAR;03;00462;0015; ; ; ; ;0; ; ; ;REGIÓN SIERRA; ; ; ;TOTAL NACIONAL;33,9820013571911
03065003004620016;CAÑAR;03;00462;0016; ; ; ; ;0; ; ; ;REGIÓN SIERRA; ; ; ;TOTAL NACIONAL;53,6269419866738
03035304000050001;CAÑAR;04;00005;0001; ; ; ; ; ; ; ; ;REGIÓN SIERRA; ; ; ;TOTAL NACIONAL;11,3404451222954
03035104000090003;CAÑAR;04;00009;0003; ; ; ; ;6; ; ; ;REGIÓN SIERRA; ; ; ;TOTAL NACIONAL;9,94195096768031
03045062000990360;CAÑAR;62;00099;0360; ; ;28000;7000;0;28000;7000;35000;REGIÓN SIERRA; ; ; ;TOTAL NACIONAL;1
03036362000990402;CAÑAR;62;00099;0402; ; ; ; ; ; ; ; ;REGIÓN SIERRA; ; ; ;TOTAL NACIONAL;1
03045062000991154;CAÑAR;62;00099;1154; ; ;10;17;0;10;17;27;REGIÓN SIERRA; ; ; ;TOTAL NACIONAL;1
03045264000991124;CAÑAR;64;00099;1124; ; ; ; ; ; ; ; ;REGIÓN SIERRA; ; ; ;TOTAL NACIONAL;1
03045064000991137;CAÑAR;64;00099;1137; ; ; ; ; ; ; ; ;REGIÓN SIERRA; ; ; ;TOTAL NACIONAL;1
03045064000991547;CAÑAR;64;00099;1547;78;1; ; ;1;78;1;79;REGIÓN SIERRA; ; ; ;TOTAL NACIONAL;1
04015901001040001;CARCHI;01;00104;0001; ;1; ; ;1; ;1;1;REGIÓN SIERRA; ; ; ;TOTAL NACIONAL;39,5721601115727
04045201006640001;CARCHI;01;00664;0001; ; ; ;5;1; ;5;5;REGIÓN SIERRA; ; ; ;TOTAL NACIONAL;16,6775784073502
04015801010390004;CARCHI;01;01039;0004; ; ; ; ;0; ; ; ;REGIÓN SIERRA; ; ; ;TOTAL NACIONAL;11,5340855161564
04015001011170004;CARCHI;01;01117;0004; ; ; ; ; ; ; ; ;REGIÓN SIERRA; ; ; ;TOTAL NACIONAL;17,8833186904216
04015401012100001;CARCHI;01;01210;0001; ; ; ; ;0; ; ; ;REGIÓN SIERRA; ; ; ;TOTAL NACIONAL;7,91443202231454
04015001013690004;CARCHI;01;01369;0004;5; ;5; ;1;10; ;10;REGIÓN SIERRA; ; ; ;TOTAL NACIONAL;,67743769333859
04015001017700001;CARCHI;01;01770;0001; ; ; ; ;0; ; ; ;REGIÓN SIERRA; ; ; ;TOTAL NACIONAL;8,02886433716709
04015001017700002;CARCHI;01;01770;0002; ; ; ; ;0; ; ; ;REGIÓN SIERRA; ; ; ;TOTAL NACIONAL;61,6178678606865
04045201018780001;CARCHI;01;01878;0001; ; ; ; ;0; ; ; ;REGIÓN SIERRA; ; ; ;TOTAL NACIONAL;8,82591077688443
04015001020050001;CARCHI;01;02005;0001; ; ; ; ;0; ; ; ;REGIÓN SIERRA; ; ; ;TOTAL NACIONAL;1,5113325705756
04015001020050002;CARCHI;01;02005;0002; ; ; ; ;0; ; ; ;REGIÓN SIERRA; ; ; ;TOTAL NACIONAL;3,96861077076778
04015001020690002;CARCHI;01;02069;0002; ; ; ; ;0; ; ; ;REGIÓN SIERRA; ; ; ;TOTAL NACIONAL;30,3513642182578
04015001021070001;CARCHI;01;02107;0001; ; ; ; ;0; ; ; ;REGIÓN SIERRA; ; ; ;TOTAL NACIONAL;,860700514768187
04015001021070002;CARCHI;01;02107;0002; ; ; ; ;0; ; ; ;REGIÓN SIERRA; ; ; ;TOTAL NACIONAL;16,6686296534196
04015001021070003;CARCHI;01;02107;0003; ; ; ; ;0; ; ; ;REGIÓN SIERRA; ; ; ;TOTAL NACIONAL;18,9339084101084
04015301023010007;CARCHI;01;02301;0007; ; ; ; ;1; ; ; ;REGIÓN SIERRA; ; ; ;TOTAL NACIONAL;25,0501982328691
04035201023410004;CARCHI;01;02341;0004; ; ; ; ;0; ; ; ;REGIÓN SIERRA; ; ; ;TOTAL NACIONAL;10,0113694329829
04015301027270001;CARCHI;01;02727;0001; ; ; ; ;0; ; ; ;REGIÓN SIERRA; ; ; ;TOTAL NACIONAL;242,68708139639
04015301027270002;CARCHI;01;02727;0002; ;2; ; ;0; ;2;2;REGIÓN SIERRA; ; ; ;TOTAL NACIONAL;12,2502169077354
04035201028430003;CARCHI;01;02843;0003; ; ; ;12;0; ;12;12;REGIÓN SIERRA; ; ; ;TOTAL NACIONAL;49,3403815977002
04035201028430007;CARCHI;01;02843;0007; ; ; ; ;0; ; ; ;REGIÓN SIERRA; ; ; ;TOTAL NACIONAL;,142295223965713
04035201028430011;CARCHI;01;02843;0011;3; ;3;1;1;6;1;7;REGIÓN SIERRA; ; ; ;TOTAL NACIONAL;19,767390614134
04015301029980004;CARCHI;01;02998;0004; ;1; ;1;2; ;2;2;REGIÓN SIERRA; ; ; ;TOTAL NACIONAL;16,1546027211787
04045101031190001;CARCHI;01;03119;0001; ; ; ; ; ; ; ; ;REGIÓN SIERRA; ; ; ;TOTAL NACIONAL;3,1770423196006
04055201036450005;CARCHI;01;03645;0005; ; ; ; ;0; ; ; ;REGIÓN SIERRA; ; ; ;TOTAL NACIONAL;20,631388045877
04045101040260003;CARCHI;01;04026;0003; ; ; ; ;0; ; ; ;REGIÓN SIERRA; ; ; ;TOTAL NACIONAL;47,8859180590375
04055001045230006;CARCHI;01;04523;0006; ; ; ; ; ; ; ; ;REGIÓN SIERRA; ; ; ;TOTAL NACIONAL;4,43015755583774
04055001046890003;CARCHI;01;04689;0003; ;3; ; ; ; ;3;3;REGIÓN SIERRA; ; ; ;TOTAL NACIONAL;,706839612968526
04055001046890006;CARCHI;01;04689;0006;0;4; ; ; ;0;4;4;REGIÓN SIERRA; ; ; ;TOTAL NACIONAL;10,2059349577255
04055001046890009;CARCHI;01;04689;0009; ; ; ;1; ; ;1;1;REGIÓN SIERRA; ; ; ;TOTAL NACIONAL;32,2648779677351
04055001050170005;CARCHI;01;05017;0005; ; ; ; ; ; ; ; ;REGIÓN SIERRA; ; ; ;TOTAL NACIONAL;41,4240889460625
04045001053430001;CARCHI;01;05343;0001; ; ; ; ;0; ; ; ;REGIÓN SIERRA; ; ; ;TOTAL NACIONAL;20,9003357864224
04035301057840002;CARCHI;01;05784;0002; ; ; ; ;0; ; ; ;REGIÓN SIERRA; ; ; ;TOTAL NACIONAL;40,9375202822516
04035301057840007;CARCHI;01;05784;0007; ; ; ; ;0; ; ; ;REGIÓN SIERRA; ; ; ;TOTAL NACIONAL;7,45107580852032
04045001058580003;CARCHI;01;05858;0003; ; ; ; ;0; ; ; ;REGIÓN SIERRA; ; ; ;TOTAL NACIONAL;18,4019391952984
04045001058580006;CARCHI;01;05858;0006; ;5; ;4;0; ;9;9;REGIÓN SIERRA; ; ; ;TOTAL NACIONAL;84,7681515385139
04045001063230002;CARCHI;01;06323;0002; ;20; ; ;20; ;20;20;REGIÓN SIERRA; ; ; ;TOTAL NACIONAL;27,4705270483793
04045301067130001;CARCHI;01;06713;0001; ; ; ; ;0; ; ; ;REGIÓN SIERRA; ; ; ;TOTAL NACIONAL;11,2129794660404
04045001074490001;CARCHI;01;07449;0001; ; ; ; ;0; ; ; ;REGIÓN SIERRA; ; ; ;TOTAL NACIONAL;31,8549893839103
04055001079580003;CARCHI;01;07958;0003; ; ; ; ;0; ; ; ;REGIÓN SIERRA; ; ; ;TOTAL NACIONAL;44,8195491891969
04055401082840001;CARCHI;01;08284;0001; ; ; ; ; ; ; ; ;REGIÓN SIERRA; ; ; ;TOTAL NACIONAL;26,289053850618
04055401082840002;CARCHI;01;08284;0002; ; ; ; ;1; ; ; ;REGIÓN SIERRA; ; ; ;TOTAL NACIONAL;61,9870943689174
04025201085880001;CARCHI;01;08588;0001; ; ; ; ; ; ; ; ;REGIÓN SIERRA; ; ; ;TOTAL NACIONAL;47,5498669330799
04055401086180006;CARCHI;01;08618;0006; ;2; ;2;0; ;4;4;REGIÓN SIERRA; ; ; ;TOTAL NACIONAL;2,55131041671286
04055401086180007;CARCHI;01;08618;0007; ; ; ; ; ; ; ; ;REGIÓN SIERRA; ; ; ;TOTAL NACIONAL;1,12962833030691
04025201092670008;CARCHI;01;09267;0008; ; ; ; ; ; ; ; ;REGIÓN SIERRA; ; ; ;TOTAL NACIONAL;60,5122453723866
04025001093270002;CARCHI;01;09327;0002; ; ; ; ;1; ; ; ;REGIÓN SIERRA; ; ; ;TOTAL NACIONAL;,629032461773541
04025001093270003;CARCHI;01;09327;0003; ; ; ; ; ; ; ; ;REGIÓN SIERRA; ; ; ;TOTAL NACIONAL;2,66432423585654
04025001093270005;CARCHI;01;09327;0005; ; ; ; ;1; ; ; ;REGIÓN SIERRA; ; ; ;TOTAL NACIONAL;,507233742196683
04025001093270006;CARCHI;01;09327;0006; ; ; ; ; ; ; ; ;REGIÓN SIERRA; ; ; ;TOTAL NACIONAL;7,40243112721104
04025301099390001;CARCHI;01;09939;0001; ; ; ; ; ; ; ; ;REGIÓN SIERRA; ; ; ;TOTAL NACIONAL;39,1876264931227
04015603000230001;CARCHI;03;00023;0001; ; ; ; ;0; ; ; ;REGIÓN SIERRA; ; ; ;TOTAL NACIONAL;29,0833478163747
04045103001990051;CARCHI;03;00199;0051; ; ; ; ; ; ; ; ;REGIÓN SIERRA; ; ; ;TOTAL NACIONAL;2,04402394054568
04045103001990052;CARCHI;03;00199;0052; ; ; ; ;0; ; ; ;REGIÓN SIERRA; ; ; ;TOTAL NACIONAL;2,19478925063259
04035003003120008;CARCHI;03;00312;0008; ; ; ; ;0; ; ; ;REGIÓN SIERRA; ; ; ;TOTAL NACIONAL;30,7600191595076
04035003003120018;CARCHI;03;00312;0018; ; ; ; ;0; ; ; ;REGIÓN SIERRA; ; ; ;TOTAL NACIONAL;17,8170031497468
04015904000130001;CARCHI;04;00013;0001; ; ; ; ;0; ; ; ;REGIÓN SIERRA; ; ; ;TOTAL NACIONAL;4,02094228525814
04035104000320001;CARCHI;04;00032;0001; ; ; ; ;0; ; ; ;REGIÓN SIERRA; ; ; ;TOTAL NACIONAL;9,65202371770984
04035104000400007;CARCHI;04;00040;0007;0;1; ; ;0;0;1;1;REGIÓN SIERRA; ; ; ;TOTAL NACIONAL;19,2685948940773
05075401001840001;COTOPAXI;01;00184;0001; ; ; ; ;0; ; ; ;REGIÓN SIERRA; ; ; ;TOTAL NACIONAL;8,30566114933107
05075301002330001;COTOPAXI;01;00233;0001; ; ; ; ; ; ; ; ;REGIÓN SIERRA; ; ; ;TOTAL NACIONAL;15,3539247967137
05075301002550001;COTOPAXI;01;00255;0001; ; ; ; ; ; ; ; ;REGIÓN SIERRA; ; ; ;TOTAL NACIONAL;7,36699938860949
05075301003820001;COTOPAXI;01;00382;0001; ; ; ; ; ; ; ; ;REGIÓN SIERRA; ; ; ;TOTAL NACIONAL;2,79741127396366
05075301003820003;COTOPAXI;01;00382;0003; ; ; ; ; ; ; ; ;REGIÓN SIERRA; ; ; ;TOTAL NACIONAL;2,16409714416035
05075301004220002;COTOPAXI;01;00422;0002; ; ; ; ; ; ; ; ;REGIÓN SIERRA; ; ; ;TOTAL NACIONAL;1,85169057490237
05075001019110001;COTOPAXI;01;01911;0001; ; ; ; ; ; ; ; ;REGIÓN SIERRA; ; ; ;TOTAL NACIONAL;3,80290835621916
05015901019530008;COTOPAXI;01;01953;0008; ; ; ; ; ; ; ; ;REGIÓN SIERRA; ; ; ;TOTAL NACIONAL;47,5889949183557
05075001020980001;COTOPAXI;01;02098;0001; ; ; ; ;0; ; ; ;REGIÓN SIERRA; ; ; ;TOTAL NACIONAL;36,6130172457611
05075001021450001;COTOPAXI;01;02145;0001; ; ; ; ; ; ; ; ;REGIÓN SIERRA; ; ; ;TOTAL NACIONAL;,381673021485939
05075001024400001;COTOPAXI;01;02440;0001; ; ; ; ;0; ; ; ;REGIÓN SIERRA; ; ; ;TOTAL NACIONAL;9,64157717358722
05075001025640002;COTOPAXI;01;02564;0002; ; ; ; ;0; ; ; ;REGIÓN SIERRA; ; ; ;TOTAL NACIONAL;36,0835506874979
05075001026110002;COTOPAXI;01;02611;0002; ; ; ; ; ; ; ; ;REGIÓN SIERRA; ; ; ;TOTAL NACIONAL;15,9205257242882
05075001029470003;COTOPAXI;01;02947;0003; ; ; ; ; ; ; ; ;REGIÓN SIERRA; ; ; ;TOTAL NACIONAL;5,22923023353777
05015901037230002;COTOPAXI;01;03723;0002; ; ; ; ; ; ; ; ;REGIÓN SIERRA; ; ; ;TOTAL NACIONAL;11,5175459469445
05015901037230004;COTOPAXI;01;03723;0004; ; ; ; ; ; ; ; ;REGIÓN SIERRA; ; ; ;TOTAL NACIONAL;1,66518290254308
05015901037230005;COTOPAXI;01;03723;0005; ; ; ; ; ; ; ; ;REGIÓN SIERRA; ; ; ;TOTAL NACIONAL;23,7825719387403
05015901037230008;COTOPAXI;01;03723;0008; ; ; ; ; ; ; ; ;REGIÓN SIERRA; ; ; ;TOTAL NACIONAL;58,9655291524631
05015901037230018;COTOPAXI;01;03723;0018; ; ; ; ;0; ; ; ;REGIÓN SIERRA; ; ; ;TOTAL NACIONAL;20,7593379437226
05015901037230019;COTOPAXI;01;03723;0019; ; ; ; ;0; ; ; ;REGIÓN SIERRA; ; ; ;TOTAL NACIONAL;48,6251004024865
05015901037230020;COTOPAXI;01;03723;0020; ; ; ; ;0; ; ; ;REGIÓN SIERRA; ; ; ;TOTAL NACIONAL;81,0601003293496
05015901041060003;COTOPAXI;01;04106;0003; ; ; ; ;0; ; ; ;REGIÓN SIERRA; ; ; ;TOTAL NACIONAL;57,7737893816198
05015901043690002;COTOPAXI;01;04369;0002; ; ; ; ; ; ; ; ;REGIÓN SIERRA; ; ; ;TOTAL NACIONAL;13,6379086184476
05015901043690006;COTOPAXI;01;04369;0006; ; ; ; ; ; ; ; ;REGIÓN SIERRA; ; ; ;TOTAL NACIONAL;71,4417180768484
05015901043690015;COTOPAXI;01;04369;0015; ; ; ; ;0; ; ; ;REGIÓN SIERRA; ; ; ;TOTAL NACIONAL;94,6255364859401
05015901043690017;COTOPAXI;01;04369;0017; ; ; ; ;0; ; ; ;REGIÓN SIERRA; ; ; ;TOTAL NACIONAL;66,7126812729761
05016201044140001;COTOPAXI;01;04414;0001; ; ; ; ; ; ; ; ;REGIÓN SIERRA; ; ; ;TOTAL NACIONAL;,949422832337065
05025201044470001;COTOPAXI;01;04447;0001; ; ; ; ; ; ; ; ;REGIÓN SIERRA; ; ; ;TOTAL NACIONAL;20,2385743597866
05025101044880007;COTOPAXI;01;04488;0007; ; ; ; ; ; ; ; ;REGIÓN SIERRA; ; ; ;TOTAL NACIONAL;29,1991245102724
05025101048200001;COTOPAXI;01;04820;0001; ; ; ; ; ; ; ; ;REGIÓN SIERRA; ; ; ;TOTAL NACIONAL;7,8961898927043
05075001048530001;COTOPAXI;01;04853;0001; ; ; ; ; ; ; ; ;REGIÓN SIERRA; ; ; ;TOTAL NACIONAL;37,9506801044703
05015901049130001;COTOPAXI;01;04913;0001;6; ;4; ; ;10; ;10;REGIÓN SIERRA; ; ; ;TOTAL NACIONAL;67,5064416205818
05015901049130002;COTOPAXI;01;04913;0002; ; ; ; ; ; ; ; ;REGIÓN SIERRA; ; ; ;TOTAL NACIONAL;15,6387521239286
05015901049130003;COTOPAXI;01;04913;0003; ; ; ; ; ; ; ; ;REGIÓN SIERRA; ; ; ;TOTAL NACIONAL;22,0106293259132
05015901049130004;COTOPAXI;01;04913;0004; ; ; ; ; ; ; ; ;REGIÓN SIERRA; ; ; ;TOTAL NACIONAL;17,6183736980965
05015901049130005;COTOPAXI;01;04913;0005; ; ; ; ;0; ; ; ;REGIÓN SIERRA; ; ; ;TOTAL NACIONAL;9,21222154148835
05075001050390004;COTOPAXI;01;05039;0004; ; ; ; ;0; ; ; ;REGIÓN SIERRA; ; ; ;TOTAL NACIONAL;23,6974617838479
05025101050970003;COTOPAXI;01;05097;0003; ; ; ; ; ; ; ; ;REGIÓN SIERRA; ; ; ;TOTAL NACIONAL;56,7545959825059
05025101051160001;COTOPAXI;01;05116;0001;8; ;8;0; ;16;0;16;REGIÓN SIERRA; ; ; ;TOTAL NACIONAL;78,4430787578108
05025101051160004;COTOPAXI;01;05116;0004; ; ; ; ; ; ; ; ;REGIÓN SIERRA; ; ; ;TOTAL NACIONAL;82,2416427219185
05025101051160006;COTOPAXI;01;05116;0006; ; ; ; ; ; ; ; ;REGIÓN SIERRA; ; ; ;TOTAL NACIONAL;49,9095032864618
05016201053390001;COTOPAXI;01;05339;0001; ; ; ; ;0; ; ; ;REGIÓN SIERRA; ; ; ;TOTAL NACIONAL;9,36583920637399
05016201053390003;COTOPAXI;01;05339;0003; ; ; ; ;0; ; ; ;REGIÓN SIERRA; ; ; ;TOTAL NACIONAL;10,8753384602814
05016201053390008;COTOPAXI;01;05339;0008; ; ; ; ;0; ; ; ;REGIÓN SIERRA; ; ; ;TOTAL NACIONAL;55,6549784270775
05016201053390010;COTOPAXI;01;05339;0010; ; ; ; ;0; ; ; ;REGIÓN SIERRA; ; ; ;TOTAL NACIONAL;31,4053007096194
05016201053650001;COTOPAXI;01;05365;0001; ; ; ; ; ; ; ; ;REGIÓN SIERRA; ; ; ;TOTAL NACIONAL;3,71559602173363
05016201053650003;COTOPAXI;01;05365;0003; ; ; ; ; ; ; ; ;REGIÓN SIERRA; ; ; ;TOTAL NACIONAL;4,24984220296621
05016201053650004;COTOPAXI;01;05365;0004; ; ; ; ; ; ; ; ;REGIÓN SIERRA; ; ; ;TOTAL NACIONAL;8,25410644990498
05016201053650005;COTOPAXI;01;05365;0005; ; ; ; ; ; ; ; ;REGIÓN SIERRA; ; ; ;TOTAL NACIONAL;22,1064353438113
05016201053650008;COTOPAXI;01;05365;0008; ; ; ; ; ; ; ; ;REGIÓN SIERRA; ; ; ;TOTAL NACIONAL;3,03509799000822
05025101054230001;COTOPAXI;01;05423;0001; ; ; ; ; ; ; ; ;REGIÓN SIERRA; ; ; ;TOTAL NACIONAL;4,63522797097352
05025101054230002;COTOPAXI;01;05423;0002; ; ; ; ; ; ; ; ;REGIÓN SIERRA; ; ; ;TOTAL NACIONAL;22,1396004274941
05016201055260002;COTOPAXI;01;05526;0002; ; ; ; ; ; ; ; ;REGIÓN SIERRA; ; ; ;TOTAL NACIONAL;29,4588622920122
05016201055260005;COTOPAXI;01;05526;0005; ; ; ; ; ; ; ; ;REGIÓN SIERRA; ; ; ;TOTAL NACIONAL;27,3198955186308
05025101057520001;COTOPAXI;01;05752;0001; ; ; ; ;0; ; ; ;REGIÓN SIERRA; ; ; ;TOTAL NACIONAL;5,92214241952823
05075001058290001;COTOPAXI;01;05829;0001; ; ; ; ; ; ; ; ;REGIÓN SIERRA; ; ; ;TOTAL NACIONAL;68,8235046421314
05025101063260002;COTOPAXI;01;06326;0002; ; ; ; ; ; ; ; ;REGIÓN SIERRA; ; ; ;TOTAL NACIONAL;30,4771677173375
05015601064480002;COTOPAXI;01;06448;0002; ; ; ; ; ; ; ; ;REGIÓN SIERRA; ; ; ;TOTAL NACIONAL;7,39171109400375
05015601064480010;COTOPAXI;01;06448;0010; ; ; ; ; ; ; ; ;REGIÓN SIERRA; ; ; ;TOTAL NACIONAL;,0654725745270065
05075101069820002;COTOPAXI;01;06982;0002; ; ; ; ; ; ; ; ;REGIÓN SIERRA; ; ; ;TOTAL NACIONAL;,92307974496688
05075101069820003;COTOPAXI;01;06982;0003; ; ; ; ; ; ; ; ;REGIÓN SIERRA; ; ; ;TOTAL NACIONAL;2,26408199632408
05016201071160002;COTOPAXI;01;07116;0002; ; ; ; ;0; ; ; ;REGIÓN SIERRA; ; ; ;TOTAL NACIONAL;25,415861217142
05016201071930003;COTOPAXI;01;07193;0003; ; ; ; ;0; ; ; ;REGIÓN SIERRA; ; ; ;TOTAL NACIONAL;9,55100196592781
05016201071930006;COTOPAXI;01;07193;0006; ; ; ; ;0; ; ; ;REGIÓN SIERRA; ; ; ;TOTAL NACIONAL;14,9368718277993
05016201071930008;COTOPAXI;01;07193;0008; ; ; ; ;0; ; ; ;REGIÓN SIERRA; ; ; ;TOTAL NACIONAL;20,8623917123492
05016201074270012;COTOPAXI;01;07427;0012; ; ; ; ;0; ; ; ;REGIÓN SIERRA; ; ; ;TOTAL NACIONAL;23,5551880920875
05016201074270024;COTOPAXI;01;07427;0024; ; ; ; ;0; ; ; ;REGIÓN SIERRA; ; ; ;TOTAL NACIONAL;59,9431189704219
05016201074270026;COTOPAXI;01;07427;0026; ; ; ; ;0; ; ; ;REGIÓN SIERRA; ; ; ;TOTAL NACIONAL;49,3137995666523
05015601076330003;COTOPAXI;01;07633;0003; ; ; ; ; ; ; ; ;REGIÓN SIERRA; ; ; ;TOTAL NACIONAL;3,24826840109343
05015601076330004;COTOPAXI;01;07633;0004; ; ; ; ; ; ; ; ;REGIÓN SIERRA; ; ; ;TOTAL NACIONAL;37,4976753244049
05015601076330008;COTOPAXI;01;07633;0008; ; ; ; ; ; ; ; ;REGIÓN SIERRA; ; ; ;TOTAL NACIONAL;10,7738943818804
05015601076330009;COTOPAXI;01;07633;0009; ; ; ; ; ; ; ; ;REGIÓN SIERRA; ; ; ;TOTAL NACIONAL;9,18076212992315
05075101077850001;COTOPAXI;01;07785;0001;4; ;3; ; ;7; ;7;REGIÓN SIERRA; ; ; ;TOTAL NACIONAL;,745467640133781
05075101077850004;COTOPAXI;01;07785;0004; ; ; ; ; ; ; ; ;REGIÓN SIERRA; ; ; ;TOTAL NACIONAL;58,6393804027567
05075201077870012;COTOPAXI;01;07787;0012;4; ;3; ;2;7; ;7;REGIÓN SIERRA; ; ; ;TOTAL NACIONAL;5,81247311546289
05065101081350003;COTOPAXI;01;08135;0003; ; ; ; ; ; ; ; ;REGIÓN SIERRA; ; ; ;TOTAL NACIONAL;31,0428641860238
05065101081350005;COTOPAXI;01;08135;0005; ; ; ; ; ; ; ; ;REGIÓN SIERRA; ; ; ;TOTAL NACIONAL;31,7859710212511
05065101081350009;COTOPAXI;01;08135;0009; ; ; ; ; ; ; ; ;REGIÓN SIERRA; ; ; ;TOTAL NACIONAL;10,2584667022717
05065101081350012;COTOPAXI;01;08135;0012; ; ; ; ; ; ; ; ;REGIÓN SIERRA; ; ; ;TOTAL NACIONAL;47,5388551096781
05075101081800001;COTOPAXI;01;08180;0001; ; ; ; ; ; ; ; ;REGIÓN SIERRA; ; ; ;TOTAL NACIONAL;51,406518610297
05065101083620001;COTOPAXI;01;08362;0001; ; ; ; ; ; ; ; ;REGIÓN SIERRA; ; ; ;TOTAL NACIONAL;26,5765280185001
05065101083620021;COTOPAXI;01;08362;0021; ; ; ; ; ; ; ; ;REGIÓN SIERRA; ; ; ;TOTAL NACIONAL;24,1970364515067
05075101084440004;COTOPAXI;01;08444;0004; ; ; ; ; ; ; ; ;REGIÓN SIERRA; ; ; ;TOTAL NACIONAL;50,5027145220879
05015601087620001;COTOPAXI;01;08762;0001; ; ; ; ; ; ; ; ;REGIÓN SIERRA; ; ; ;TOTAL NACIONAL;70,5089264136993
05015601087620011;COTOPAXI;01;08762;0011; ;4; ; ;0; ;4;4;REGIÓN SIERRA; ; ; ;TOTAL NACIONAL;41,0319867638741
05015601087620018;COTOPAXI;01;08762;0018; ; ; ; ; ; ; ; ;REGIÓN SIERRA; ; ; ;TOTAL NACIONAL;57,7408885904002
05015601087620026;COTOPAXI;01;08762;0026; ; ; ; ; ; ; ; ;REGIÓN SIERRA; ; ; ;TOTAL NACIONAL;62,8875123597521
05065001087890023;COTOPAXI;01;08789;0023; ; ; ; ;0; ; ; ;REGIÓN SIERRA; ; ; ;TOTAL NACIONAL;7,18193339956082
05075101088860002;COTOPAXI;01;08886;0002; ; ; ; ; ; ; ; ;REGIÓN SIERRA; ; ; ;TOTAL NACIONAL;8,12486205862777
05075101090950004;COTOPAXI;01;09095;0004; ; ; ; ; ; ; ; ;REGIÓN SIERRA; ; ; ;TOTAL NACIONAL;39,0638144319873
05015301091380015;COTOPAXI;01;09138;0015; ; ; ; ; ; ; ; ;REGIÓN SIERRA; ; ; ;TOTAL NACIONAL;30,4880665301638
05015601091440003;COTOPAXI;01;09144;0003; ; ; ; ;0; ; ; ;REGIÓN SIERRA; ; ; ;TOTAL NACIONAL;66,9860109231082
05015601091440004;COTOPAXI;01;09144;0004; ; ; ; ; ; ; ; ;REGIÓN SIERRA; ; ; ;TOTAL NACIONAL;31,2557516586212
05015601091440005;COTOPAXI;01;09144;0005; ; ; ; ; ; ; ; ;REGIÓN SIERRA; ; ; ;TOTAL NACIONAL;51,4568374674564
05015601091440006;COTOPAXI;01;09144;0006; ; ; ; ; ; ; ; ;REGIÓN SIERRA; ; ; ;TOTAL NACIONAL;42,0264317315643
05015601091440021;COTOPAXI;01;09144;0021;3;0;3; ;0;6;0;6;REGIÓN SIERRA; ; ; ;TOTAL NACIONAL;64,119986443534
05015601091440025;COTOPAXI;01;09144;0025; ; ; ; ; ; ; ; ;REGIÓN SIERRA; ; ; ;TOTAL NACIONAL;61,1776874569883
05015601091440026;COTOPAXI;01;09144;0026; ; ; ; ; ; ; ; ;REGIÓN SIERRA; ; ; ;TOTAL NACIONAL;56,8574414187628
05015601091440028;COTOPAXI;01;09144;0028; ; ; ; ; ; ; ; ;REGIÓN SIERRA; ; ; ;TOTAL NACIONAL;16,948125528251
05015601091440029;COTOPAXI;01;09144;0029; ; ; ; ; ; ; ; ;REGIÓN SIERRA; ; ; ;TOTAL NACIONAL;20,7879284930379
05015601091440031;COTOPAXI;01;09144;0031; ; ; ; ; ; ; ; ;REGIÓN SIERRA; ; ; ;TOTAL NACIONAL;56,3770977285554
05015601091440041;COTOPAXI;01;09144;0041; ;3; ;3; ; ;6;6;REGIÓN SIERRA; ; ; ;TOTAL NACIONAL;25,991625063485
05015601091440045;COTOPAXI;01;09144;0045; ; ; ; ; ; ; ; ;REGIÓN SIERRA; ; ; ;TOTAL NACIONAL;3,4375654274273
05065001093220004;COTOPAXI;01;09322;0004; ; ; ; ; ; ; ; ;REGIÓN SIERRA; ; ; ;TOTAL NACIONAL;71,5700564925554
05025101096700001;COTOPAXI;01;09670;0001; ;3; ;2; ; ;5;5;REGIÓN SIERRA; ; ; ;TOTAL NACIONAL;6,78293678713706
05015101097610001;COTOPAXI;01;09761;0001;3; ; ; ; ;3; ;3;REGIÓN SIERRA; ; ; ;TOTAL NACIONAL;25,4262425347598
05015101097610008;COTOPAXI;01;09761;0008; ; ; ; ;0; ; ; ;REGIÓN SIERRA; ; ; ;TOTAL NACIONAL;82,5809859611991
05015101097890001;COTOPAXI;01;09789;0001; ; ; ; ;0; ; ; ;REGIÓN SIERRA; ; ; ;TOTAL NACIONAL;2,27034153046623
05015101097890003;COTOPAXI;01;09789;0003; ; ; ; ;0; ; ; ;REGIÓN SIERRA; ; ; ;TOTAL NACIONAL;1,18267960463816
05015101098240005;COTOPAXI;01;09824;0005; ; ; ; ; ; ; ; ;REGIÓN SIERRA; ; ; ;TOTAL NACIONAL;25,0158815981722
05065001098460020;COTOPAXI;01;09846;0020; ; ; ; ;0; ; ; ;REGIÓN SIERRA; ; ; ;TOTAL NACIONAL;14,9093650017083
05065001098460021;COTOPAXI;01;09846;0021; ; ; ; ; ; ; ; ;REGIÓN SIERRA; ; ; ;TOTAL NACIONAL;79,0496343702953
05075101101350001;COTOPAXI;01;10135;0001; ; ; ; ; ; ; ; ;REGIÓN SIERRA; ; ; ;TOTAL NACIONAL;19,8501440358261
05015101102830004;COTOPAXI;01;10283;0004; ; ; ; ;0; ; ; ;REGIÓN SIERRA; ; ; ;TOTAL NACIONAL;7,27683249799531
05015101103080001;COTOPAXI;01;10308;0001; ; ; ; ;0; ; ; ;REGIÓN SIERRA; ; ; ;TOTAL NACIONAL;9,46811658430747
05015101103080003;COTOPAXI;01;10308;0003; ; ; ; ;0; ; ; ;REGIÓN SIERRA; ; ; ;TOTAL NACIONAL;5,7527522073085
05015101103080004;COTOPAXI;01;10308;0004; ; ; ; ;0; ; ; ;REGIÓN SIERRA; ; ; ;TOTAL NACIONAL;52,4835596794003
05075101104340001;COTOPAXI;01;10434;0001; ; ; ; ; ; ; ; ;REGIÓN SIERRA; ; ; ;TOTAL NACIONAL;10,6444479231785
05015101105490002;COTOPAXI;01;10549;0002; ; ; ; ;0; ; ; ;REGIÓN SIERRA; ; ; ;TOTAL NACIONAL;15,2037223857498
05015101105490003;COTOPAXI;01;10549;0003; ; ; ; ;0; ; ; ;REGIÓN SIERRA; ; ; ;TOTAL NACIONAL;1,31382724066213
05065201105810001;COTOPAXI;01;10581;0001; ; ; ; ; ; ; ; ;REGIÓN SIERRA; ; ; ;TOTAL NACIONAL;13,6131445820458
05065201105810003;COTOPAXI;01;10581;0003; ; ; ; ; ; ; ; ;REGIÓN SIERRA; ; ; ;TOTAL NACIONAL;29,3639561634941
05025101106980005;COTOPAXI;01;10698;0005; ; ; ; ; ; ; ; ;REGIÓN SIERRA; ; ; ;TOTAL NACIONAL;17,8034406487067
05015801107710002;COTOPAXI;01;10771;0002; ; ; ; ;0; ; ; ;REGIÓN SIERRA; ; ; ;TOTAL NACIONAL;67,7442958255028
05015801107710004;COTOPAXI;01;10771;0004; ; ; ; ;0; ; ; ;REGIÓN SIERRA; ; ; ;TOTAL NACIONAL;8,98191600295114
05015801107710006;COTOPAXI;01;10771;0006; ; ; ; ;0; ; ; ;REGIÓN SIERRA; ; ; ;TOTAL NACIONAL;42,9330017114858
05015801107710013;COTOPAXI;01;10771;0013; ; ; ; ;0; ; ; ;REGIÓN SIERRA; ; ; ;TOTAL NACIONAL;62,0790929183562
05015801107710016;COTOPAXI;01;10771;0016; ; ; ; ;0; ; ; ;REGIÓN SIERRA; ; ; ;TOTAL NACIONAL;89,4901521173154
05015801107710028;COTOPAXI;01;10771;0028; ; ; ; ; ; ; ; ;REGIÓN SIERRA; ; ; ;TOTAL NACIONAL;35,4962980824809
05015801107710030;COTOPAXI;01;10771;0030; ; ; ; ; ; ; ; ;REGIÓN SIERRA; ; ; ;TOTAL NACIONAL;71,8059768367797
05015801107710031;COTOPAXI;01;10771;0031; ; ; ; ; ; ; ; ;REGIÓN SIERRA; ; ; ;TOTAL NACIONAL;35,5328545171693
05015801108700001;COTOPAXI;01;10870;0001; ; ; ; ;0; ; ; ;REGIÓN SIERRA; ; ; ;TOTAL NACIONAL;4,38965819693101
05015801108700004;COTOPAXI;01;10870;0004; ;2; ; ;0; ;2;2;REGIÓN SIERRA; ; ; ;TOTAL NACIONAL;55,1949940317406
05015801108700007;COTOPAXI;01;10870;0007;20; ; ; ;0;20; ;20;REGIÓN SIERRA; ; ; ;TOTAL NACIONAL;11,2376263472999
05015801108700010;COTOPAXI;01;10870;0010; ; ; ; ;0; ; ; ;REGIÓN SIERRA; ; ; ;TOTAL NACIONAL;37,1015172413896
05015801108700011;COTOPAXI;01;10870;0011; ; ; ; ;0; ; ; ;REGIÓN SIERRA; ; ; ;TOTAL NACIONAL;19,8069409766488
05045701109240001;COTOPAXI;01;10924;0001; ; ; ; ; ; ; ; ;REGIÓN SIERRA; ; ; ;TOTAL NACIONAL;30,0928183583123
05015101110970006;COTOPAXI;01;11097;0006; ; ; ; ; ; ; ; ;REGIÓN SIERRA; ; ; ;TOTAL NACIONAL;61,3639237195027
05015101110970007;COTOPAXI;01;11097;0007; ; ; ; ; ; ; ; ;REGIÓN SIERRA; ; ; ;TOTAL NACIONAL;70,7465713595086
05015101111270024;COTOPAXI;01;11127;0024; ; ; ; ; ; ; ; ;REGIÓN SIERRA; ; ; ;TOTAL NACIONAL;3,64899684435577
05015101111270039;COTOPAXI;01;11127;0039; ; ; ; ; ; ; ; ;REGIÓN SIERRA; ; ; ;TOTAL NACIONAL;62,4676355956162
05015101114050010;COTOPAXI;01;11405;0010; ; ; ; ; ; ; ; ;REGIÓN SIERRA; ; ; ;TOTAL NACIONAL;4,13780515378775
05015001116420005;COTOPAXI;01;11642;0005; ; ; ; ; ; ; ; ;REGIÓN SIERRA; ; ; ;TOTAL NACIONAL;47,6981226851975
05015001117140001;COTOPAXI;01;11714;0001; ; ; ; ; ; ; ; ;REGIÓN SIERRA; ; ; ;TOTAL NACIONAL;14,3208171235864
05015001117140015;COTOPAXI;01;11714;0015; ; ; ; ; ; ; ; ;REGIÓN SIERRA; ; ; ;TOTAL NACIONAL;67,7756299123786
05015001117140019;COTOPAXI;01;11714;0019; ; ; ; ; ; ; ; ;REGIÓN SIERRA; ; ; ;TOTAL NACIONAL;37,3388979500751
05015801117700001;COTOPAXI;01;11770;0001; ; ; ; ; ; ; ; ;REGIÓN SIERRA; ; ; ;TOTAL NACIONAL;55,914716514583
05015801117700004;COTOPAXI;01;11770;0004; ; ; ; ; ; ; ; ;REGIÓN SIERRA; ; ; ;TOTAL NACIONAL;15,6951729022598
05015801117700005;COTOPAXI;01;11770;0005; ; ; ; ; ; ; ; ;REGIÓN SIERRA; ; ; ;TOTAL NACIONAL;54,9556664371546
05015801120770003;COTOPAXI;01;12077;0003; ; ; ;2; ; ;2;2;REGIÓN SIERRA; ; ; ;TOTAL NACIONAL;12,2487532815727
05015801120780001;COTOPAXI;01;12078;0001; ; ; ; ; ; ; ; ;REGIÓN SIERRA; ; ; ;TOTAL NACIONAL;16,5199043236449
05015801120780002;COTOPAXI;01;12078;0002; ; ; ; ; ; ; ; ;REGIÓN SIERRA; ; ; ;TOTAL NACIONAL;66,0096506840696
05015801120780005;COTOPAXI;01;12078;0005; ; ; ;2; ; ;2;2;REGIÓN SIERRA; ; ; ;TOTAL NACIONAL;49,9511424339946
05015001123150003;COTOPAXI;01;12315;0003; ; ; ; ; ; ; ; ;REGIÓN SIERRA; ; ; ;TOTAL NACIONAL;4,56052533712666
05015001123150012;COTOPAXI;01;12315;0012; ; ; ; ; ; ; ; ;REGIÓN SIERRA; ; ; ;TOTAL NACIONAL;37,0182284737013
05015001123150030;COTOPAXI;01;12315;0030; ; ; ; ; ; ; ; ;REGIÓN SIERRA; ; ; ;TOTAL NACIONAL;204,927064582816
05015801123530006;COTOPAXI;01;12353;0006; ; ; ; ;0; ; ; ;REGIÓN SIERRA; ; ; ;TOTAL NACIONAL;9,42372662790007
05015801123530010;COTOPAXI;01;12353;0010; ; ; ; ;0; ; ; ;REGIÓN SIERRA; ; ; ;TOTAL NACIONAL;69,9747880623204
05015801123610001;COTOPAXI;01;12361;0001; ; ; ; ;0; ; ; ;REGIÓN SIERRA; ; ; ;TOTAL NACIONAL;59,9630552901771
05015801123610007;COTOPAXI;01;12361;0007; ; ; ; ;0; ; ; ;REGIÓN SIERRA; ; ; ;TOTAL NACIONAL;46,3956920249292
05045801125170005;COTOPAXI;01;12517;0005; ; ; ; ; ; ; ; ;REGIÓN SIERRA; ; ; ;TOTAL NACIONAL;55,3715405660035
05015001128940001;COTOPAXI;01;12894;0001; ; ; ; ; ; ; ; ;REGIÓN SIERRA; ; ; ;TOTAL NACIONAL;70,2346691286324
05015001128940003;COTOPAXI;01;12894;0003; ; ; ; ; ; ; ; ;REGIÓN SIERRA; ; ; ;TOTAL NACIONAL;,396290139111014
05015001128940005;COTOPAXI;01;12894;0005; ; ; ; ; ; ; ; ;REGIÓN SIERRA; ; ; ;TOTAL NACIONAL;8,6698768238717
05015001128940007;COTOPAXI;01;12894;0007; ; ; ; ; ; ; ; ;REGIÓN SIERRA; ; ; ;TOTAL NACIONAL;6,43087704196863
05045701131030005;COTOPAXI;01;13103;0005; ; ; ; ; ; ; ; ;REGIÓN SIERRA; ; ; ;TOTAL NACIONAL;10,1353237408497
05045801133180009;COTOPAXI;01;13318;0009; ; ; ; ; ; ; ; ;REGIÓN SIERRA; ; ; ;TOTAL NACIONAL;40,6964509169123
05045801134400002;COTOPAXI;01;13440;0002; ; ; ; ; ; ; ; ;REGIÓN SIERRA; ; ; ;TOTAL NACIONAL;53,7757759934172
05045701136240001;COTOPAXI;01;13624;0001; ; ; ; ; ; ; ; ;REGIÓN SIERRA; ; ; ;TOTAL NACIONAL;19,720753977783
05015001138180001;COTOPAXI;01;13818;0001; ; ; ; ; ; ; ; ;REGIÓN SIERRA; ; ; ;TOTAL NACIONAL;32,5852514675536
05015001138180004;COTOPAXI;01;13818;0004; ; ; ; ; ; ; ; ;REGIÓN SIERRA; ; ; ;TOTAL NACIONAL;45,1313027381922
05015001138180009;COTOPAXI;01;13818;0009; ; ; ; ; ; ; ; ;REGIÓN SIERRA; ; ; ;TOTAL NACIONAL;1,10376847962533
05045501138640001;COTOPAXI;01;13864;0001; ; ; ; ; ; ; ; ;REGIÓN SIERRA; ; ; ;TOTAL NACIONAL;35,6992938139273
05045001143550002;COTOPAXI;01;14355;0002; ; ; ; ; ; ; ; ;REGIÓN SIERRA; ; ; ;TOTAL NACIONAL;50,2743732098922
05045001143550016;COTOPAXI;01;14355;0016; ; ; ; ; ; ; ; ;REGIÓN SIERRA; ; ; ;TOTAL NACIONAL;30,7745775870345
05045701143700001;COTOPAXI;01;14370;0001; ; ;0;1; ;0;1;1;REGIÓN SIERRA; ; ; ;TOTAL NACIONAL;123,649478457356
05015001144670003;COTOPAXI;01;14467;0003; ; ; ; ; ; ; ; ;REGIÓN SIERRA; ; ; ;TOTAL NACIONAL;3,38408138258756
05015001144670007;COTOPAXI;01;14467;0007; ; ; ; ; ; ; ; ;REGIÓN SIERRA; ; ; ;TOTAL NACIONAL;27,3477796283905
05015001144670013;COTOPAXI;01;14467;0013; ; ; ; ; ; ; ; ;REGIÓN SIERRA; ; ; ;TOTAL NACIONAL;30,2120024199304
05015001144670015;COTOPAXI;01;14467;0015; ; ; ; ; ; ; ; ;REGIÓN SIERRA; ; ; ;TOTAL NACIONAL;8,08930323247153
05045001145930001;COTOPAXI;01;14593;0001; ; ; ; ;0; ; ; ;REGIÓN SIERRA; ; ; ;TOTAL NACIONAL;67,4964716838486
05045001145930004;COTOPAXI;01;14593;0004; ; ; ; ;0; ; ; ;REGIÓN SIERRA; ; ; ;TOTAL NACIONAL;62,7703947891343
05045001145930005;COTOPAXI;01;14593;0005; ; ; ; ;1; ; ; ;REGIÓN SIERRA; ; ; ;TOTAL NACIONAL;14,2168489382728
05045001145930006;COTOPAXI;01;14593;0006; ; ; ; ;0; ; ; ;REGIÓN SIERRA; ; ; ;TOTAL NACIONAL;51,6369260088689
05045001145930007;COTOPAXI;01;14593;0007; ; ; ; ;0; ; ; ;REGIÓN SIERRA; ; ; ;TOTAL NACIONAL;9,92623871263715
05045001145930008;COTOPAXI;01;14593;0008; ; ; ; ;0; ; ; ;REGIÓN SIERRA; ; ; ;TOTAL NACIONAL;15,295642349348
05045001145930023;COTOPAXI;01;14593;0023; ; ; ; ;0; ; ; ;REGIÓN SIERRA; ; ; ;TOTAL NACIONAL;,179458861197825
05045601147140002;COTOPAXI;01;14714;0002; ; ; ; ; ; ; ; ;REGIÓN SIERRA; ; ; ;TOTAL NACIONAL;80,1584651398841
05045001148020002;COTOPAXI;01;14802;0002; ; ; ; ; ; ; ; ;REGIÓN SIERRA; ; ; ;TOTAL NACIONAL;10,7604436699732
05045001148020004;COTOPAXI;01;14802;0004; ; ; ;2;0; ;2;2;REGIÓN SIERRA; ; ; ;TOTAL NACIONAL;,822056389064403
05045001148020013;COTOPAXI;01;14802;0013; ; ; ; ; ; ; ; ;REGIÓN SIERRA; ; ; ;TOTAL NACIONAL;5,28574025360163
05045001148020016;COTOPAXI;01;14802;0016; ;1; ; ;0; ;1;1;REGIÓN SIERRA; ; ; ;TOTAL NACIONAL;2,83785203029302
05015001148290011;COTOPAXI;01;14829;0011; ;1; ; ; ; ;1;1;REGIÓN SIERRA; ; ; ;TOTAL NACIONAL;70,4076932099467
05015001148290014;COTOPAXI;01;14829;0014; ; ; ; ; ; ; ; ;REGIÓN SIERRA; ; ; ;TOTAL NACIONAL;51,2618110905884
05015001148290016;COTOPAXI;01;14829;0016; ; ; ; ; ; ; ; ;REGIÓN SIERRA; ; ; ;TOTAL NACIONAL;52,7479712201823
05015001148290033;COTOPAXI;01;14829;0033; ; ; ; ; ; ; ; ;REGIÓN SIERRA; ; ; ;TOTAL NACIONAL;67,3056186092414
05015001148290034;COTOPAXI;01;14829;0034; ; ; ; ; ; ; ; ;REGIÓN SIERRA; ; ; ;TOTAL NACIONAL;53,8892269976227
05015001148590008;COTOPAXI;01;14859;0008; ; ; ; ; ; ; ; ;REGIÓN SIERRA; ; ; ;TOTAL NACIONAL;55,7058060805093
05015201150650001;COTOPAXI;01;15065;0001; ; ; ; ; ; ; ; ;REGIÓN SIERRA; ; ; ;TOTAL NACIONAL;6,76335583139303
05045801151340002;COTOPAXI;01;15134;0002; ; ; ; ; ; ; ; ;REGIÓN SIERRA; ; ; ;TOTAL NACIONAL;53,3321825669736
05045001153380002;COTOPAXI;01;15338;0002; ; ; ; ;0; ; ; ;REGIÓN SIERRA; ; ; ;TOTAL NACIONAL;69,45210335032
05045001154440001;COTOPAXI;01;15444;0001; ; ; ; ; ; ; ; ;REGIÓN SIERRA; ; ; ;TOTAL NACIONAL;17,4650560110131
05045001154440003;COTOPAXI;01;15444;0003; ; ; ; ; ; ; ; ;REGIÓN SIERRA; ; ; ;TOTAL NACIONAL;69,9470821328723
05045001154440004;COTOPAXI;01;15444;0004; ; ; ; ; ; ; ; ;REGIÓN SIERRA; ; ; ;TOTAL NACIONAL;48,1006590183401
05015201154660002;COTOPAXI;01;15466;0002; ; ; ; ; ; ; ; ;REGIÓN SIERRA; ; ; ;TOTAL NACIONAL;2,69770477883348
05015201154660004;COTOPAXI;01;15466;0004; ;2; ; ; ; ;2;2;REGIÓN SIERRA; ; ; ;TOTAL NACIONAL;46,3203260625053
05015201154660005;COTOPAXI;01;15466;0005; ; ; ; ; ; ; ; ;REGIÓN SIERRA; ; ; ;TOTAL NACIONAL;61,9324493917774
05015201154660006;COTOPAXI;01;15466;0006; ; ; ; ; ; ; ; ;REGIÓN SIERRA; ; ; ;TOTAL NACIONAL;43,5734869079109
05015201154660010;COTOPAXI;01;15466;0010; ; ; ; ; ; ; ; ;REGIÓN SIERRA; ; ; ;TOTAL NACIONAL;65,838138873891
05015201154660016;COTOPAXI;01;15466;0016; ; ; ; ; ; ; ; ;REGIÓN SIERRA; ; ; ;TOTAL NACIONAL;,976490526593062
05015201154660018;COTOPAXI;01;15466;0018; ;40; ; ;1; ;40;40;REGIÓN SIERRA; ; ; ;TOTAL NACIONAL;45,3114694264888
05015201154660020;COTOPAXI;01;15466;0020; ; ; ; ; ; ; ; ;REGIÓN SIERRA; ; ; ;TOTAL NACIONAL;63,1885920640806
05015001155010002;COTOPAXI;01;15501;0002; ; ; ; ; ; ; ; ;REGIÓN SIERRA; ; ; ;TOTAL NACIONAL;9,50200466609895
05015001155010014;COTOPAXI;01;15501;0014; ; ; ; ; ; ; ; ;REGIÓN SIERRA; ; ; ;TOTAL NACIONAL;31,0677471373663
05015001155010016;COTOPAXI;01;15501;0016; ; ; ; ; ; ; ; ;REGIÓN SIERRA; ; ; ;TOTAL NACIONAL;42,5613312348512
05015201156790003;COTOPAXI;01;15679;0003; ; ; ; ; ; ; ; ;REGIÓN SIERRA; ; ; ;TOTAL NACIONAL;,0732582229939431
05045001158380026;COTOPAXI;01;15838;0026; ; ; ; ;0; ; ; ;REGIÓN SIERRA; ; ; ;TOTAL NACIONAL;90,2715459087809
05045001158380027;COTOPAXI;01;15838;0027; ; ; ; ;0; ; ; ;REGIÓN SIERRA; ; ; ;TOTAL NACIONAL;63,6272692803419
05045001158380028;COTOPAXI;01;15838;0028; ; ; ; ;0; ; ; ;REGIÓN SIERRA; ; ; ;TOTAL NACIONAL;1,07307195977776
05045001158380029;COTOPAXI;01;15838;0029; ; ; ; ;0; ; ; ;REGIÓN SIERRA; ; ; ;TOTAL NACIONAL;15,1343639610166
05045001158380032;COTOPAXI;01;15838;0032; ; ; ; ;0; ; ; ;REGIÓN SIERRA; ; ; ;TOTAL NACIONAL;20,7744995986625
05045001158380033;COTOPAXI;01;15838;0033; ;3; ; ;0; ;3;3;REGIÓN SIERRA; ; ; ;TOTAL NACIONAL;73,6656739990096
05045001159340009;COTOPAXI;01;15934;0009; ; ; ; ;0; ; ; ;REGIÓN SIERRA; ; ; ;TOTAL NACIONAL;51,7273550841509
05045001159340020;COTOPAXI;01;15934;0020; ; ; ;1;0; ;1;1;REGIÓN SIERRA; ; ; ;TOTAL NACIONAL;69,7702403800669
05015001161120001;COTOPAXI;01;16112;0001; ; ; ; ; ; ; ; ;REGIÓN SIERRA; ; ; ;TOTAL NACIONAL;50,6166018763096
05015001161120006;COTOPAXI;01;16112;0006; ; ; ; ; ; ; ; ;REGIÓN SIERRA; ; ; ;TOTAL NACIONAL;44,2954319119898
05015001161120008;COTOPAXI;01;16112;0008; ; ; ; ; ; ; ; ;REGIÓN SIERRA; ; ; ;TOTAL NACIONAL;5,04647520706807
05015001161120019;COTOPAXI;01;16112;0019; ; ; ; ; ; ; ; ;REGIÓN SIERRA; ; ; ;TOTAL NACIONAL;10,7733963405361
05015001161120021;COTOPAXI;01;16112;0021; ; ; ; ; ; ; ; ;REGIÓN SIERRA; ; ; ;TOTAL NACIONAL;2,87449018023885
05015001161120022;COTOPAXI;01;16112;0022; ; ; ; ; ; ; ; ;REGIÓN SIERRA; ; ; ;TOTAL NACIONAL;15,7489941266575
05015001161130003;COTOPAXI;01;16113;0003; ; ; ; ; ; ; ; ;REGIÓN SIERRA; ; ; ;TOTAL NACIONAL;19,4372755114616
05015001161130022;COTOPAXI;01;16113;0022; ; ; ; ; ; ; ; ;REGIÓN SIERRA; ; ; ;TOTAL NACIONAL;73,9340494024794
05015001161130023;COTOPAXI;01;16113;0023; ; ; ; ; ; ; ; ;REGIÓN SIERRA; ; ; ;TOTAL NACIONAL;84,2931704487025
05015001161130028;COTOPAXI;01;16113;0028; ; ; ; ; ; ; ; ;REGIÓN SIERRA; ; ; ;TOTAL NACIONAL;24,3272261988723
05015001161130031;COTOPAXI;01;16113;0031; ; ; ; ; ; ; ; ;REGIÓN SIERRA; ; ; ;TOTAL NACIONAL;60,5876067419812
05015001161130032;COTOPAXI;01;16113;0032; ; ; ; ; ; ; ; ;REGIÓN SIERRA; ; ; ;TOTAL NACIONAL;22,7232332626829
05015001161130034;COTOPAXI;01;16113;0034; ; ; ; ; ; ; ; ;REGIÓN SIERRA; ; ; ;TOTAL NACIONAL;89,7619123905982
05015001161130035;COTOPAXI;01;16113;0035; ; ; ; ; ; ; ; ;REGIÓN SIERRA; ; ; ;TOTAL NACIONAL;6,9191852149346
05015001161130036;COTOPAXI;01;16113;0036; ; ; ; ; ; ; ; ;REGIÓN SIERRA; ; ; ;TOTAL NACIONAL;62,7339459487404
05015001161130041;COTOPAXI;01;16113;0041; ; ; ; ; ; ; ; ;REGIÓN SIERRA; ; ; ;TOTAL NACIONAL;35,5500357491974
05015001161130042;COTOPAXI;01;16113;0042; ; ; ; ; ; ; ; ;REGIÓN SIERRA; ; ; ;TOTAL NACIONAL;66,2862232341901
05015001161130047;COTOPAXI;01;16113;0047; ; ; ; ; ; ; ; ;REGIÓN SIERRA; ; ; ;TOTAL NACIONAL;6,24947540196595
05015001161130050;COTOPAXI;01;16113;0050; ; ; ; ; ; ; ; ;REGIÓN SIERRA; ; ; ;TOTAL NACIONAL;68,6776308845088
05015001161130052;COTOPAXI;01;16113;0052; ; ; ; ; ; ; ; ;REGIÓN SIERRA; ; ; ;TOTAL NACIONAL;3,50322633041363
05015001161130060;COTOPAXI;01;16113;0060; ; ; ; ; ; ; ; ;REGIÓN SIERRA; ; ; ;TOTAL NACIONAL;62,4773685346181
05015001161130061;COTOPAXI;01;16113;0061; ; ; ; ; ; ; ; ;REGIÓN SIERRA; ; ; ;TOTAL NACIONAL;40,7681537948135
05015001161130062;COTOPAXI;01;16113;0062; ; ; ; ; ; ; ; ;REGIÓN SIERRA; ; ; ;TOTAL NACIONAL;83,0400509673046
05015001161130063;COTOPAXI;01;16113;0063; ; ; ; ; ; ; ; ;REGIÓN SIERRA; ; ; ;TOTAL NACIONAL;65,1912708757406
05045001161360020;COTOPAXI;01;16136;0020; ; ; ; ;1; ; ; ;REGIÓN SIERRA; ; ; ;TOTAL NACIONAL;15,5889930760511
05045001161360022;COTOPAXI;01;16136;0022; ; ; ; ;0; ; ; ;REGIÓN SIERRA; ; ; ;TOTAL NACIONAL;13,7064696220859
05035101162140001;COTOPAXI;01;16214;0001; ; ; ; ; ; ; ; ;REGIÓN SIERRA; ; ; ;TOTAL NACIONAL;38,7353150207018
05045001164460002;COTOPAXI;01;16446;0002; ;1; ; ;0; ;1;1;REGIÓN SIERRA; ; ; ;TOTAL NACIONAL;39,664253871745
05045001164460009;COTOPAXI;01;16446;0009; ; ; ; ; ; ; ; ;REGIÓN SIERRA; ; ; ;TOTAL NACIONAL;31,2338177978081
05015201164840001;COTOPAXI;01;16484;0001; ; ; ; ; ; ; ; ;REGIÓN SIERRA; ; ; ;TOTAL NACIONAL;39,1727941654788
05015201164840003;COTOPAXI;01;16484;0003;25; ;15; ; ;40; ;40;REGIÓN SIERRA; ; ; ;TOTAL NACIONAL;10,9099023684198
05015201164840006;COTOPAXI;01;16484;0006; ; ; ; ; ; ; ; ;REGIÓN SIERRA; ; ; ;TOTAL NACIONAL;4,51271497631434
05015201164910001;COTOPAXI;01;16491;0001; ; ; ; ; ; ; ; ;REGIÓN SIERRA; ; ; ;TOTAL NACIONAL;19,0605250465557
05015201164910005;COTOPAXI;01;16491;0005; ; ; ; ; ; ; ; ;REGIÓN SIERRA; ; ; ;TOTAL NACIONAL;23,846493475967
05045001167810005;COTOPAXI;01;16781;0005; ; ; ; ;0; ; ; ;REGIÓN SIERRA; ; ; ;TOTAL NACIONAL;51,8430172463618
05045001167810006;COTOPAXI;01;16781;0006; ; ;2; ;0;2; ;2;REGIÓN SIERRA; ; ; ;TOTAL NACIONAL;21,8521073318552
05035101170230001;COTOPAXI;01;17023;0001; ; ; ; ;0; ; ; ;REGIÓN SIERRA; ; ; ;TOTAL NACIONAL;13,6929368438107
05035101170230002;COTOPAXI;01;17023;0002; ;1; ;1;0; ;2;2;REGIÓN SIERRA; ; ; ;TOTAL NACIONAL;47,7403640912902
05035101170230004;COTOPAXI;01;17023;0004; ;2; ;3;3; ;5;5;REGIÓN SIERRA; ; ; ;TOTAL NACIONAL;,011804935055538
05035101170230006;COTOPAXI;01;17023;0006; ; ; ; ;0; ; ; ;REGIÓN SIERRA; ; ; ;TOTAL NACIONAL;5,37269920616088
05035101172310001;COTOPAXI;01;17231;0001; ; ; ; ;0; ; ; ;REGIÓN SIERRA; ; ; ;TOTAL NACIONAL;13,2308811875072
05055401173550008;COTOPAXI;01;17355;0008; ; ; ; ; ; ; ; ;REGIÓN SIERRA; ; ; ;TOTAL NACIONAL;21,3261444439235
05055401173550009;COTOPAXI;01;17355;0009; ; ; ; ; ; ; ; ;REGIÓN SIERRA; ; ; ;TOTAL NACIONAL;61,8715153236556
05055001173760003;COTOPAXI;01;17376;0003; ; ; ; ; ; ; ; ;REGIÓN SIERRA; ; ; ;TOTAL NACIONAL;4,94564693613046
05055001173760004;COTOPAXI;01;17376;0004; ; ; ; ; ; ; ; ;REGIÓN SIERRA; ; ; ;TOTAL NACIONAL;52,3052578708214
05055401174230006;COTOPAXI;01;17423;0006; ; ; ; ; ; ; ; ;REGIÓN SIERRA; ; ; ;TOTAL NACIONAL;74,5202921123968
05055401174230015;COTOPAXI;01;17423;0015; ; ; ; ; ; ; ; ;REGIÓN SIERRA; ; ; ;TOTAL NACIONAL;70,1085951079503
05055401174230019;COTOPAXI;01;17423;0019; ; ; ; ; ; ; ; ;REGIÓN SIERRA; ; ; ;TOTAL NACIONAL;31,1460823545559
05055401174230026;COTOPAXI;01;17423;0026; ; ; ; ; ; ; ; ;REGIÓN SIERRA; ; ; ;TOTAL NACIONAL;64,8364925634275
05055001174260027;COTOPAXI;01;17426;0027; ; ; ; ; ; ; ; ;REGIÓN SIERRA; ; ; ;TOTAL NACIONAL;,721185343533659
05055401176100001;COTOPAXI;01;17610;0001; ; ; ; ; ; ; ; ;REGIÓN SIERRA; ; ; ;TOTAL NACIONAL;,710998916745669
05055401176100003;COTOPAXI;01;17610;0003; ; ; ; ; ; ; ; ;REGIÓN SIERRA; ; ; ;TOTAL NACIONAL;22,1873187602407
05055401176100008;COTOPAXI;01;17610;0008; ; ; ; ; ; ; ; ;REGIÓN SIERRA; ; ; ;TOTAL NACIONAL;1,39096098696534
05055401176100010;COTOPAXI;01;17610;0010; ; ; ; ; ; ; ; ;REGIÓN SIERRA; ; ; ;TOTAL NACIONAL;6,54990464279878
05055401176100011;COTOPAXI;01;17610;0011; ; ; ; ; ; ; ; ;REGIÓN SIERRA; ; ; ;TOTAL NACIONAL;42,95222134872
05055401176100013;COTOPAXI;01;17610;0013; ; ; ; ; ; ; ; ;REGIÓN SIERRA; ; ; ;TOTAL NACIONAL;12,4221084177379
05055401176100015;COTOPAXI;01;17610;0015; ; ; ; ; ; ; ; ;REGIÓN SIERRA; ; ; ;TOTAL NACIONAL;65,239861613502
05055401176100020;COTOPAXI;01;17610;0020; ; ; ; ; ; ; ; ;REGIÓN SIERRA; ; ; ;TOTAL NACIONAL;59,6809908027941
05045001177190005;COTOPAXI;01;17719;0005; ; ; ; ;0; ; ; ;REGIÓN SIERRA; ; ; ;TOTAL NACIONAL;44,5739919443158
05045001177190015;COTOPAXI;01;17719;0015; ; ; ; ;0; ; ; ;REGIÓN SIERRA; ; ; ;TOTAL NACIONAL;37,2377136985487
05055001179070002;COTOPAXI;01;17907;0002; ; ; ; ; ; ; ; ;REGIÓN SIERRA; ; ; ;TOTAL NACIONAL;4,77817812712255
05055001179070006;COTOPAXI;01;17907;0006; ; ; ; ; ; ; ; ;REGIÓN SIERRA; ; ; ;TOTAL NACIONAL;,981759609992901
05055001179270002;COTOPAXI;01;17927;0002; ; ; ; ; ; ; ; ;REGIÓN SIERRA; ; ; ;TOTAL NACIONAL;10,39904281021
05055401179530001;COTOPAXI;01;17953;0001; ; ; ; ; ; ; ; ;REGIÓN SIERRA; ; ; ;TOTAL NACIONAL;54,0669669042114
05055401179530003;COTOPAXI;01;17953;0003; ; ; ; ; ; ; ; ;REGIÓN SIERRA; ; ; ;TOTAL NACIONAL;5,2139920561349
05055401179530007;COTOPAXI;01;17953;0007; ; ; ; ; ; ; ; ;REGIÓN SIERRA; ; ; ;TOTAL NACIONAL;43,5851837580345
05055401179530008;COTOPAXI;01;17953;0008; ; ; ; ; ; ; ; ;REGIÓN SIERRA; ; ; ;TOTAL NACIONAL;21,6172503004615
05045001181110001;COTOPAXI;01;18111;0001; ; ; ; ;0; ; ; ;REGIÓN SIERRA; ; ; ;TOTAL NACIONAL;27,7071663199356
05045001181110004;COTOPAXI;01;18111;0004; ; ; ; ;0; ; ; ;REGIÓN SIERRA; ; ; ;TOTAL NACIONAL;68,8478086380056
05045001181110006;COTOPAXI;01;18111;0006; ; ; ; ;0; ; ; ;REGIÓN SIERRA; ; ; ;TOTAL NACIONAL;9,59763081006082
05045001181110010;COTOPAXI;01;18111;0010;1; ; ;2;3;1;2;3;REGIÓN SIERRA; ; ; ;TOTAL NACIONAL;67,8931327381629
05055401181190002;COTOPAXI;01;18119;0002; ; ; ; ; ; ; ; ;REGIÓN SIERRA; ; ; ;TOTAL NACIONAL;35,337506069303
05055401181190012;COTOPAXI;01;18119;0012; ; ; ; ;0; ; ; ;REGIÓN SIERRA; ; ; ;TOTAL NACIONAL;12,7620437520243
05055001181590002;COTOPAXI;01;18159;0002; ; ; ; ; ; ; ; ;REGIÓN SIERRA; ; ; ;TOTAL NACIONAL;33,8425763682623
05055001181590004;COTOPAXI;01;18159;0004; ; ; ; ; ; ; ; ;REGIÓN SIERRA; ; ; ;TOTAL NACIONAL;20,640640379529
05045001184510016;COTOPAXI;01;18451;0016; ; ; ; ;0; ; ; ;REGIÓN SIERRA; ; ; ;TOTAL NACIONAL;9,11252217415622
05045001185460001;COTOPAXI;01;18546;0001; ; ; ; ;0; ; ; ;REGIÓN SIERRA; ; ; ;TOTAL NACIONAL;3,07074051382945
05045001185460005;COTOPAXI;01;18546;0005; ; ; ; ;0; ; ; ;REGIÓN SIERRA; ; ; ;TOTAL NACIONAL;69,7740483420136
05045001185460019;COTOPAXI;01;18546;0019; ; ; ; ;0; ; ; ;REGIÓN SIERRA; ; ; ;TOTAL NACIONAL;10,097699626164
05045001185460022;COTOPAXI;01;18546;0022; ; ; ; ;0; ; ; ;REGIÓN SIERRA; ; ; ;TOTAL NACIONAL;6,06032574265055
05045001185460024;COTOPAXI;01;18546;0024; ; ; ; ;0; ; ; ;REGIÓN SIERRA; ; ; ;TOTAL NACIONAL;27,3238374292623
05045001185460029;COTOPAXI;01;18546;0029; ; ; ; ;0; ; ; ;REGIÓN SIERRA; ; ; ;TOTAL NACIONAL;46,1880932174122
05045001185460030;COTOPAXI;01;18546;0030; ; ; ; ;0; ; ; ;REGIÓN SIERRA; ; ; ;TOTAL NACIONAL;50,7494704562349
05045001185460032;COTOPAXI;01;18546;0032; ; ; ; ;0; ; ; ;REGIÓN SIERRA; ; ; ;TOTAL NACIONAL;70,0786852977507
05045001185460034;COTOPAXI;01;18546;0034; ; ; ; ;0; ; ; ;REGIÓN SIERRA; ; ; ;TOTAL NACIONAL;62,1226757846471
05045001185460036;COTOPAXI;01;18546;0036; ;2; ; ;0; ;2;2;REGIÓN SIERRA; ; ; ;TOTAL NACIONAL;20,9009753675067
05045001187830001;COTOPAXI;01;18783;0001; ; ; ; ;0; ; ; ;REGIÓN SIERRA; ; ; ;TOTAL NACIONAL;76,7685128457363
05045001187830014;COTOPAXI;01;18783;0014; ; ; ; ;0; ; ; ;REGIÓN SIERRA; ; ; ;TOTAL NACIONAL;69,9311989922835
05055001188320004;COTOPAXI;01;18832;0004; ; ; ; ; ; ; ; ;REGIÓN SIERRA; ; ; ;TOTAL NACIONAL;10,9340296153141
05055001188320006;COTOPAXI;01;18832;0006; ; ; ; ; ; ; ; ;REGIÓN SIERRA; ; ; ;TOTAL NACIONAL;18,0296335883415
05055401188520001;COTOPAXI;01;18852;0001; ;20; ;20; ; ;40;40;REGIÓN SIERRA; ; ; ;TOTAL NACIONAL;3,66514814186358
05055401188520003;COTOPAXI;01;18852;0003; ; ; ; ; ; ; ; ;REGIÓN SIERRA; ; ; ;TOTAL NACIONAL;59,6730036826101
05055401188520005;COTOPAXI;01;18852;0005; ; ; ; ; ; ; ; ;REGIÓN SIERRA; ; ; ;TOTAL NACIONAL;56,8635341578775
05045001188660003;COTOPAXI;01;18866;0003;7; ; ; ;0;7; ;7;REGIÓN SIERRA; ; ; ;TOTAL NACIONAL;11,3885384704114
05045001188660013;COTOPAXI;01;18866;0013;1; ;1; ;1;2; ;2;REGIÓN SIERRA; ; ; ;TOTAL NACIONAL;27,5024640287009
05045001188660014;COTOPAXI;01;18866;0014; ; ; ; ;0; ; ; ;REGIÓN SIERRA; ; ; ;TOTAL NACIONAL;29,6445805591907
05045001188660018;COTOPAXI;01;18866;0018; ; ; ; ;0; ; ; ;REGIÓN SIERRA; ; ; ;TOTAL NACIONAL;5,49054064223883
05045001188660020;COTOPAXI;01;18866;0020; ; ; ; ;0; ; ; ;REGIÓN SIERRA; ; ; ;TOTAL NACIONAL;26,5982334015964
05045001188660025;COTOPAXI;01;18866;0025; ; ; ; ;0; ; ; ;REGIÓN SIERRA; ; ; ;TOTAL NACIONAL;8,65702068965758
05035301191100001;COTOPAXI;01;19110;0001; ; ; ; ;0; ; ; ;REGIÓN SIERRA; ; ; ;TOTAL NACIONAL;12,6404839865708
05035101191430006;COTOPAXI;01;19143;0006; ; ; ; ; ; ; ; ;REGIÓN SIERRA; ; ; ;TOTAL NACIONAL;27,4611937379605
05035101191430009;COTOPAXI;01;19143;0009;6;2;6;2;0;12;4;16;REGIÓN SIERRA; ; ; ;TOTAL NACIONAL;2,42746712047572
05045001192020003;COTOPAXI;01;19202;0003; ; ; ; ;0; ; ; ;REGIÓN SIERRA; ; ; ;TOTAL NACIONAL;30,1055192726761
05045001192020006;COTOPAXI;01;19202;0006; ; ; ; ;0; ; ; ;REGIÓN SIERRA; ; ; ;TOTAL NACIONAL;62,8762729590249
05055001192460003;COTOPAXI;01;19246;0003; ; ; ; ; ; ; ; ;REGIÓN SIERRA; ; ; ;TOTAL NACIONAL;2,82559736356575
05055001192460008;COTOPAXI;01;19246;0008; ; ; ; ; ; ; ; ;REGIÓN SIERRA; ; ; ;TOTAL NACIONAL;6,21026769174722
05055001192460009;COTOPAXI;01;19246;0009; ; ; ; ; ; ; ; ;REGIÓN SIERRA; ; ; ;TOTAL NACIONAL;2,1223327293771
05055001192460021;COTOPAXI;01;19246;0021; ; ; ; ; ; ; ; ;REGIÓN SIERRA; ; ; ;TOTAL NACIONAL;3,60968680809339
05055001192780006;COTOPAXI;01;19278;0006; ;1; ; ;0; ;1;1;REGIÓN SIERRA; ; ; ;TOTAL NACIONAL;59,9708311063954
05055001192780011;COTOPAXI;01;19278;0011; ; ; ;4; ; ;4;4;REGIÓN SIERRA; ; ; ;TOTAL NACIONAL;51,3983471719549
05055001192780013;COTOPAXI;01;19278;0013;10; ; ; ;0;10; ;10;REGIÓN SIERRA; ; ; ;TOTAL NACIONAL;36,2848726021888
05055001192780018;COTOPAXI;01;19278;0018; ; ; ; ;0; ; ; ;REGIÓN SIERRA; ; ; ;TOTAL NACIONAL;53,9841553888968
05055001192780022;COTOPAXI;01;19278;0022; ; ; ;1;0; ;1;1;REGIÓN SIERRA; ; ; ;TOTAL NACIONAL;66,3534666790152
05055001192780029;COTOPAXI;01;19278;0029; ; ; ; ;0; ; ; ;REGIÓN SIERRA; ; ; ;TOTAL NACIONAL;3,63991031973816
05055001192780040;COTOPAXI;01;19278;0040;20; ; ; ;0;20; ;20;REGIÓN SIERRA; ; ; ;TOTAL NACIONAL;61,7876859104111
05045001194370001;COTOPAXI;01;19437;0001; ; ; ; ; ; ; ; ;REGIÓN SIERRA; ; ; ;TOTAL NACIONAL;5,36535979888882
05045001194370002;COTOPAXI;01;19437;0002; ; ; ; ;0; ; ; ;REGIÓN SIERRA; ; ; ;TOTAL NACIONAL;61,7383347235818
05045001194370005;COTOPAXI;01;19437;0005; ; ; ; ;0; ; ; ;REGIÓN SIERRA; ; ; ;TOTAL NACIONAL;24,2074621567763
05045001194370006;COTOPAXI;01;19437;0006; ; ; ; ;0; ; ; ;REGIÓN SIERRA; ; ; ;TOTAL NACIONAL;53,1198229145562
05045001194370010;COTOPAXI;01;19437;0010; ; ; ; ;0; ; ; ;REGIÓN SIERRA; ; ; ;TOTAL NACIONAL;7,8961898927043
05045001194370013;COTOPAXI;01;19437;0013; ; ; ; ;0; ; ; ;REGIÓN SIERRA; ; ; ;TOTAL NACIONAL;64,9092048143421
05045001194370014;COTOPAXI;01;19437;0014; ; ; ; ;0; ; ; ;REGIÓN SIERRA; ; ; ;TOTAL NACIONAL;67,3817810247863
05055001194740003;COTOPAXI;01;19474;0003; ; ; ; ; ; ; ; ;REGIÓN SIERRA; ; ; ;TOTAL NACIONAL;52,3634370477298
05055001194740014;COTOPAXI;01;19474;0014; ; ; ; ; ; ; ; ;REGIÓN SIERRA; ; ; ;TOTAL NACIONAL;47,0794655309056
05055001194740015;COTOPAXI;01;19474;0015; ; ; ; ; ; ; ; ;REGIÓN SIERRA; ; ; ;TOTAL NACIONAL;4,80817862232913
05055001195030005;COTOPAXI;01;19503;0005; ; ; ; ;0; ; ; ;REGIÓN SIERRA; ; ; ;TOTAL NACIONAL;52,4175405710687
05055201197590008;COTOPAXI;01;19759;0008; ; ; ; ;0; ; ; ;REGIÓN SIERRA; ; ; ;TOTAL NACIONAL;59,4179743765942
05055201197590011;COTOPAXI;01;19759;0011; ; ; ; ;0; ; ; ;REGIÓN SIERRA; ; ; ;TOTAL NACIONAL;30,2763792688284
05055501198730015;COTOPAXI;01;19873;0015; ; ; ; ;0; ; ; ;REGIÓN SIERRA; ; ; ;TOTAL NACIONAL;47,771948850861
05055501198730016;COTOPAXI;01;19873;0016; ; ; ; ;0; ; ; ;REGIÓN SIERRA; ; ; ;TOTAL NACIONAL;51,0410911056814
05055501198730018;COTOPAXI;01;19873;0018; ; ; ; ;0; ; ; ;REGIÓN SIERRA; ; ; ;TOTAL NACIONAL;73,8016695673371
05055501198730022;COTOPAXI;01;19873;0022; ; ; ; ;0; ; ; ;REGIÓN SIERRA; ; ; ;TOTAL NACIONAL;65,3230254760083
05055301201170017;COTOPAXI;01;20117;0017; ; ; ; ;1; ; ; ;REGIÓN SIERRA; ; ; ;TOTAL NACIONAL;,158558029973982
05055301201170019;COTOPAXI;01;20117;0019; ; ; ; ;0; ; ; ;REGIÓN SIERRA; ; ; ;TOTAL NACIONAL;53,4272292971636
05055201201470011;COTOPAXI;01;20147;0011; ; ; ; ;1; ; ; ;REGIÓN SIERRA; ; ; ;TOTAL NACIONAL;3,82949907102568
05055301202570003;COTOPAXI;01;20257;0003; ; ; ; ;0; ; ; ;REGIÓN SIERRA; ; ; ;TOTAL NACIONAL;72,9483654207937
05055301202570005;COTOPAXI;01;20257;0005; ; ; ; ;0; ; ; ;REGIÓN SIERRA; ; ; ;TOTAL NACIONAL;64,4276453978719
05055301202570009;COTOPAXI;01;20257;0009; ; ; ; ;0; ; ; ;REGIÓN SIERRA; ; ; ;TOTAL NACIONAL;48,4052890818383
05055001202900004;COTOPAXI;01;20290;0004; ; ; ; ;0; ; ; ;REGIÓN SIERRA; ; ; ;TOTAL NACIONAL;28,5477634582386
05035301203800003;COTOPAXI;01;20380;0003; ; ; ; ;0; ; ; ;REGIÓN SIERRA; ; ; ;TOTAL NACIONAL;31,5205205589372
05055301204770009;COTOPAXI;01;20477;0009; ; ; ; ; ; ; ; ;REGIÓN SIERRA; ; ; ;TOTAL NACIONAL;24,0541340249974
05055301204770019;COTOPAXI;01;20477;0019;0;0;0;6;0;0;6;6;REGIÓN SIERRA; ; ; ;TOTAL NACIONAL;64,6253791531018
05055301204820005;COTOPAXI;01;20482;0005; ; ; ; ;0; ; ; ;REGIÓN SIERRA; ; ; ;TOTAL NACIONAL;71,3337895553873
05055301204820009;COTOPAXI;01;20482;0009; ; ; ; ;0; ; ; ;REGIÓN SIERRA; ; ; ;TOTAL NACIONAL;69,8715321678495
05055501204920001;COTOPAXI;01;20492;0001; ; ; ; ;2; ; ; ;REGIÓN SIERRA; ; ; ;TOTAL NACIONAL;44,1123685352038
05055501204920002;COTOPAXI;01;20492;0002; ; ; ; ;0; ; ; ;REGIÓN SIERRA; ; ; ;TOTAL NACIONAL;45,024956092562
05055501204920003;COTOPAXI;01;20492;0003; ; ; ; ;0; ; ; ;REGIÓN SIERRA; ; ; ;TOTAL NACIONAL;57,3436717207977
05055501204920016;COTOPAXI;01;20492;0016; ; ; ; ;0; ; ; ;REGIÓN SIERRA; ; ; ;TOTAL NACIONAL;31,2047786018021
05055501204920017;COTOPAXI;01;20492;0017; ; ; ; ;0; ; ; ;REGIÓN SIERRA; ; ; ;TOTAL NACIONAL;15,1980429117642
05055501205210021;COTOPAXI;01;20521;0021; ; ; ; ;0; ; ; ;REGIÓN SIERRA; ; ; ;TOTAL NACIONAL;14,4763481366245
05055501205210031;COTOPAXI;01;20521;0031; ; ; ; ;0; ; ; ;REGIÓN SIERRA; ; ; ;TOTAL NACIONAL;97,3205404275805
05055201208650002;COTOPAXI;01;20865;0002; ; ; ; ;0; ; ; ;REGIÓN SIERRA; ; ; ;TOTAL NACIONAL;19,7751071435709
05055201208650003;COTOPAXI;01;20865;0003; ; ; ; ;0; ; ; ;REGIÓN SIERRA; ; ; ;TOTAL NACIONAL;36,3998871328388
05055201208650008;COTOPAXI;01;20865;0008; ; ; ; ;0; ; ; ;REGIÓN SIERRA; ; ; ;TOTAL NACIONAL;,0577769992149095
05055201209100001;COTOPAXI;01;20910;0001; ; ; ; ;0; ; ; ;REGIÓN SIERRA; ; ; ;TOTAL NACIONAL;38,998404525634
05055201209100005;COTOPAXI;01;20910;0005; ; ; ; ;0; ; ; ;REGIÓN SIERRA; ; ; ;TOTAL NACIONAL;68,0840748300623
05055201209100012;COTOPAXI;01;20910;0012; ; ; ; ;0; ; ; ;REGIÓN SIERRA; ; ; ;TOTAL NACIONAL;67,8590403689916
05055201209100013;COTOPAXI;01;20910;0013; ; ; ; ;0; ; ; ;REGIÓN SIERRA; ; ; ;TOTAL NACIONAL;57,7011807389283
05055201209100014;COTOPAXI;01;20910;0014; ; ; ; ;0; ; ; ;REGIÓN SIERRA; ; ; ;TOTAL NACIONAL;65,0338973107451
05055201209100015;COTOPAXI;01;20910;0015; ; ; ; ;0; ; ; ;REGIÓN SIERRA; ; ; ;TOTAL NACIONAL;32,7253203330967
05055201209100018;COTOPAXI;01;20910;0018; ; ; ; ;0; ; ; ;REGIÓN SIERRA; ; ; ;TOTAL NACIONAL;14,5797506233147
05055201209100019;COTOPAXI;01;20910;0019; ; ; ; ;0; ; ; ;REGIÓN SIERRA; ; ; ;TOTAL NACIONAL;44,5984325320789
05055201210750010;COTOPAXI;01;21075;0010; ; ; ; ; ; ; ; ;REGIÓN SIERRA; ; ; ;TOTAL NACIONAL;55,6721267182586
05055201210750012;COTOPAXI;01;21075;0012; ; ; ; ;0; ; ; ;REGIÓN SIERRA; ; ; ;TOTAL NACIONAL;63,9988932536285
05055201210750014;COTOPAXI;01;21075;0014;0;2; ;1;0;0;3;3;REGIÓN SIERRA; ; ; ;TOTAL NACIONAL;47,1600619708594
05055201210750016;COTOPAXI;01;21075;0016;0;0;0;1;0;0;1;1;REGIÓN SIERRA; ; ; ;TOTAL NACIONAL;60,4765284529189
05055301213570001;COTOPAXI;01;21357;0001; ; ; ; ;0; ; ; ;REGIÓN SIERRA; ; ; ;TOTAL NACIONAL;38,2155344166138
05035001217670001;COTOPAXI;01;21767;0001; ; ; ; ; ; ; ; ;REGIÓN SIERRA; ; ; ;TOTAL NACIONAL;22,7253990151591
05035101218100002;COTOPAXI;01;21810;0002; ; ; ; ;0; ; ; ;REGIÓN SIERRA; ; ; ;TOTAL NACIONAL;1,40770006018211
05045101221400001;COTOPAXI;01;22140;0001; ; ; ; ;1; ; ; ;REGIÓN SIERRA; ; ; ;TOTAL NACIONAL;7,71304215491519
05045101221400002;COTOPAXI;01;22140;0002; ; ; ; ;0; ; ; ;REGIÓN SIERRA; ; ; ;TOTAL NACIONAL;13,1459582871836
05035001221670001;COTOPAXI;01;22167;0001; ;1; ; ;1; ;1;1;REGIÓN SIERRA; ; ; ;TOTAL NACIONAL;57,6645587547707
05035001222170001;COTOPAXI;01;22217;0001; ; ; ; ;3; ; ; ;REGIÓN SIERRA; ; ; ;TOTAL NACIONAL;10,4093403305787
05035201222850010;COTOPAXI;01;22285;0010; ; ; ; ;0; ; ; ;REGIÓN SIERRA; ; ; ;TOTAL NACIONAL;66,17071326752
05035201224200003;COTOPAXI;01;22420;0003; ; ; ; ; ; ; ; ;REGIÓN SIERRA; ; ; ;TOTAL NACIONAL;15,6562901490002
05035201224200004;COTOPAXI;01;22420;0004; ; ; ; ;0; ; ; ;REGIÓN SIERRA; ; ; ;TOTAL NACIONAL;15,420952614093
05035101224730004;COTOPAXI;01;22473;0004; ; ; ; ;0; ; ; ;REGIÓN SIERRA; ; ; ;TOTAL NACIONAL;50,4823695098497
05035201225280002;COTOPAXI;01;22528;0002; ; ; ; ;0; ; ; ;REGIÓN SIERRA; ; ; ;TOTAL NACIONAL;20,5754099051638
05035001226910002;COTOPAXI;01;22691;0002; ; ; ; ;0; ; ; ;REGIÓN SIERRA; ; ; ;TOTAL NACIONAL;16,8005238587282
05035101227320005;COTOPAXI;01;22732;0005; ;2; ;2; ; ;4;4;REGIÓN SIERRA; ; ; ;TOTAL NACIONAL;26,1605750724505
05035001230810001;COTOPAXI;01;23081;0001; ; ; ; ;0; ; ; ;REGIÓN SIERRA; ; ; ;TOTAL NACIONAL;45,1051901734613
05035001230810002;COTOPAXI;01;23081;0002; ; ; ; ;0; ; ; ;REGIÓN SIERRA; ; ; ;TOTAL NACIONAL;36,2674394556724
05035001230980003;COTOPAXI;01;23098;0003; ; ; ; ; ; ; ; ;REGIÓN SIERRA; ; ; ;TOTAL NACIONAL;35,029027219285
05035001232250002;COTOPAXI;01;23225;0002; ; ; ; ;10; ; ; ;REGIÓN SIERRA; ; ; ;TOTAL NACIONAL;22,382936874666
05035001232250004;COTOPAXI;01;23225;0004; ; ; ; ;0; ; ; ;REGIÓN SIERRA; ; ; ;TOTAL NACIONAL;44,892346266974
05035001232380004;COTOPAXI;01;23238;0004; ; ; ; ;0; ; ; ;REGIÓN SIERRA; ; ; ;TOTAL NACIONAL;19,6188509537926
05035001232380007;COTOPAXI;01;23238;0007; ; ; ; ;1; ; ; ;REGIÓN SIERRA; ; ; ;TOTAL NACIONAL;11,0309850443064
05035102003130005;COTOPAXI;02;00313;0005; ; ; ; ;0; ; ; ;REGIÓN SIERRA; ; ; ;TOTAL NACIONAL;4,73336716442195
05035102003540009;COTOPAXI;02;00354;0009; ;6; ; ;1; ;6;6;REGIÓN SIERRA; ; ; ;TOTAL NACIONAL;10,886631832214
05035102003540011;COTOPAXI;02;00354;0011; ; ; ; ;0; ; ; ;REGIÓN SIERRA; ; ; ;TOTAL NACIONAL;22,7840530803494
05015803003840006;COTOPAXI;03;00384;0006; ; ; ; ; ; ; ; ;REGIÓN SIERRA; ; ; ;TOTAL NACIONAL;110,387654674033
05015803003840021;COTOPAXI;03;00384;0021; ; ; ; ; ; ; ; ;REGIÓN SIERRA; ; ; ;TOTAL NACIONAL;102,760871260191
05015803003840022;COTOPAXI;03;00384;0022; ; ; ; ; ; ; ; ;REGIÓN SIERRA; ; ; ;TOTAL NACIONAL;65,6792091259194
05015803003840027;COTOPAXI;03;00384;0027; ; ; ; ; ; ; ; ;REGIÓN SIERRA; ; ; ;TOTAL NACIONAL;121,504709258227
05015803003840028;COTOPAXI;03;00384;0028; ; ; ; ; ; ; ; ;REGIÓN SIERRA; ; ; ;TOTAL NACIONAL;253,928773310773
05015803003840032;COTOPAXI;03;00384;0032; ; ; ; ; ; ; ; ;REGIÓN SIERRA; ; ; ;TOTAL NACIONAL;43,8874554340399
05015803003840033;COTOPAXI;03;00384;0033; ; ; ; ; ; ; ; ;REGIÓN SIERRA; ; ; ;TOTAL NACIONAL;75,5594641619051
05015803003840035;COTOPAXI;03;00384;0035; ;5; ; ;0; ;5;5;REGIÓN SIERRA; ; ; ;TOTAL NACIONAL;99,9701184320682
05015803003840051;COTOPAXI;03;00384;0051; ;2; ; ;0; ;2;2;REGIÓN SIERRA; ; ; ;TOTAL NACIONAL;200,669145821984
05015803003840056;COTOPAXI;03;00384;0056; ; ; ; ;0; ; ; ;REGIÓN SIERRA; ; ; ;TOTAL NACIONAL;148,915110619088
05015803003840067;COTOPAXI;03;00384;0067; ; ; ; ; ; ; ; ;REGIÓN SIERRA; ; ; ;TOTAL NACIONAL;184,585622133549
05015803003840068;COTOPAXI;03;00384;0068; ; ; ; ; ; ; ; ;REGIÓN SIERRA; ; ; ;TOTAL NACIONAL;189,830660409141
05015803003840078;COTOPAXI;03;00384;0078; ; ; ; ; ; ; ; ;REGIÓN SIERRA; ; ; ;TOTAL NACIONAL;151,033910642615
05015803003840083;COTOPAXI;03;00384;0083; ; ; ; ;0; ; ; ;REGIÓN SIERRA; ; ; ;TOTAL NACIONAL;163,965638067439
05015803003840084;COTOPAXI;03;00384;0084; ; ; ; ; ; ; ; ;REGIÓN SIERRA; ; ; ;TOTAL NACIONAL;113,753973724699
05015803003840096;COTOPAXI;03;00384;0096; ; ; ; ; ; ; ; ;REGIÓN SIERRA; ; ; ;TOTAL NACIONAL;156,050017852449
05015803003840098;COTOPAXI;03;00384;0098; ; ; ; ;0; ; ; ;REGIÓN SIERRA; ; ; ;TOTAL NACIONAL;5,70893729223283
05015803003840108;COTOPAXI;03;00384;0108; ; ; ; ;0; ; ; ;REGIÓN SIERRA; ; ; ;TOTAL NACIONAL;209,922381683145
05015803003840117;COTOPAXI;03;00384;0117; ; ; ; ;0; ; ; ;REGIÓN SIERRA; ; ; ;TOTAL NACIONAL;204,527775759681
05045303004180008;COTOPAXI;03;00418;0008; ; ; ; ; ; ; ; ;REGIÓN SIERRA; ; ; ;TOTAL NACIONAL;15,939634761824
05045303004180010;COTOPAXI;03;00418;0010; ; ; ; ; ; ; ; ;REGIÓN SIERRA; ; ; ;TOTAL NACIONAL;23,0681602002796
05045303004180017;COTOPAXI;03;00418;0017; ; ; ; ; ; ; ; ;REGIÓN SIERRA; ; ; ;TOTAL NACIONAL;39,5068777979063
05045303004180019;COTOPAXI;03;00418;0019; ; ; ; ; ; ; ; ;REGIÓN SIERRA; ; ; ;TOTAL NACIONAL;65,768693947744
05045303004180027;COTOPAXI;03;00418;0027; ; ; ; ; ; ; ; ;REGIÓN SIERRA; ; ; ;TOTAL NACIONAL;51,4373980486538
05045003004430006;COTOPAXI;03;00443;0006; ; ; ; ; ; ; ; ;REGIÓN SIERRA; ; ; ;TOTAL NACIONAL;,0200925624069147
05035003005960001;COTOPAXI;03;00596;0001; ; ; ; ;0; ; ; ;REGIÓN SIERRA; ; ; ;TOTAL NACIONAL;35,6075229795117
05035003005960006;COTOPAXI;03;00596;0006; ; ; ; ; ; ; ; ;REGIÓN SIERRA; ; ; ;TOTAL NACIONAL;30,4137447428252
05035003005960007;COTOPAXI;03;00596;0007; ; ; ; ;1; ; ; ;REGIÓN SIERRA; ; ; ;TOTAL NACIONAL;,053281281342868
05035003005960012;COTOPAXI;03;00596;0012; ; ; ; ;2; ; ; ;REGIÓN SIERRA; ; ; ;TOTAL NACIONAL;26,2100674114107
05045103006550001;COTOPAXI;03;00655;0001; ;1; ; ; ; ;1;1;REGIÓN SIERRA; ; ; ;TOTAL NACIONAL;44,4074572958852
05045103006550005;COTOPAXI;03;00655;0005; ; ; ; ; ; ; ; ;REGIÓN SIERRA; ; ; ;TOTAL NACIONAL;49,8064151683331
05075304000010010;COTOPAXI;04;00001;0010; ; ; ; ;1; ; ; ;REGIÓN SIERRA; ; ; ;TOTAL NACIONAL;11,3721817607894
05075304000010011;COTOPAXI;04;00001;0011; ; ; ; ; ; ; ; ;REGIÓN SIERRA; ; ; ;TOTAL NACIONAL;10,6657162117122
05015804000700006;COTOPAXI;04;00070;0006; ; ; ; ; ; ; ; ;REGIÓN SIERRA; ; ; ;TOTAL NACIONAL;24,1407785729281
05015804000700013;COTOPAXI;04;00070;0013; ; ; ; ; ; ; ; ;REGIÓN SIERRA; ; ; ;TOTAL NACIONAL;16,4029573980375
05055004000990003;COTOPAXI;04;00099;0003; ; ; ; ; ; ; ; ;REGIÓN SIERRA; ; ; ;TOTAL NACIONAL;55,0064713462094
05055004001000008;COTOPAXI;04;00100;0008; ; ; ; ;0; ; ; ;REGIÓN SIERRA; ; ; ;TOTAL NACIONAL;83,0978123436642
05055004001000013;COTOPAXI;04;00100;0013; ; ; ; ;0; ; ; ;REGIÓN SIERRA; ; ; ;TOTAL NACIONAL;94,2422663992469
05055004001000016;COTOPAXI;04;00100;0016; ; ; ; ;0; ; ; ;REGIÓN SIERRA; ; ; ;TOTAL NACIONAL;82,523065649375
05055004001000045;COTOPAXI;04;00100;0045; ; ; ; ;0; ; ; ;REGIÓN SIERRA; ; ; ;TOTAL NACIONAL;97,352341192346
06075801003650001;CHIMBORAZO;01;00365;0001; ; ; ; ;0; ; ; ;REGIÓN SIERRA; ; ; ;TOTAL NACIONAL;14,3173570763966
06075801003650002;CHIMBORAZO;01;00365;0002; ; ; ; ;0; ; ; ;REGIÓN SIERRA; ; ; ;TOTAL NACIONAL;63,3843704486537
06075801003650003;CHIMBORAZO;01;00365;0003; ; ; ; ;0; ; ; ;REGIÓN SIERRA; ; ; ;TOTAL NACIONAL;5,24824479335186
06075801003650009;CHIMBORAZO;01;00365;0009; ; ; ; ;0; ; ; ;REGIÓN SIERRA; ; ; ;TOTAL NACIONAL;2,13729425973605
06075401003940002;CHIMBORAZO;01;00394;0002; ; ; ; ;0; ; ; ;REGIÓN SIERRA; ; ; ;TOTAL NACIONAL;9,80877296022509
06075401003940003;CHIMBORAZO;01;00394;0003; ; ; ; ;0; ; ; ;REGIÓN SIERRA; ; ; ;TOTAL NACIONAL;50,4344676536508
06075601005640003;CHIMBORAZO;01;00564;0003; ; ; ; ; ; ; ; ;REGIÓN SIERRA; ; ; ;TOTAL NACIONAL;10,2043501894508
06075601005640009;CHIMBORAZO;01;00564;0009; ; ; ; ; ; ; ; ;REGIÓN SIERRA; ; ; ;TOTAL NACIONAL;8,25105694765922
06075701007130001;CHIMBORAZO;01;00713;0001; ; ; ; ; ; ; ; ;REGIÓN SIERRA; ; ; ;TOTAL NACIONAL;25,5163252595786
06095101007400001;CHIMBORAZO;01;00740;0001; ; ; ; ;0; ; ; ;REGIÓN SIERRA; ; ; ;TOTAL NACIONAL;1,46055624091613
06075401009270009;CHIMBORAZO;01;00927;0009; ;2; ; ;0; ;2;2;REGIÓN SIERRA; ; ; ;TOTAL NACIONAL;13,3893441493492
06075601011040001;CHIMBORAZO;01;01104;0001; ; ; ; ;0; ; ; ;REGIÓN SIERRA; ; ; ;TOTAL NACIONAL;71,6009975688762
06075601011040008;CHIMBORAZO;01;01104;0008; ; ; ; ; ; ; ; ;REGIÓN SIERRA; ; ; ;TOTAL NACIONAL;6,49256912982407
06075401011830001;CHIMBORAZO;01;01183;0001; ; ; ; ; ; ; ; ;REGIÓN SIERRA; ; ; ;TOTAL NACIONAL;69,9662936891816
06075401011830002;CHIMBORAZO;01;01183;0002; ; ; ; ;0; ; ; ;REGIÓN SIERRA; ; ; ;TOTAL NACIONAL;3,466451538089
06075401011830004;CHIMBORAZO;01;01183;0004; ; ; ; ; ; ; ; ;REGIÓN SIERRA; ; ; ;TOTAL NACIONAL;14,5019373475424
06075401011830006;CHIMBORAZO;01;01183;0006; ; ; ; ; ; ; ; ;REGIÓN SIERRA; ; ; ;TOTAL NACIONAL;30,6559239988141
06075401011830008;CHIMBORAZO;01;01183;0008; ; ; ; ; ; ; ; ;REGIÓN SIERRA; ; ; ;TOTAL NACIONAL;16,2737761855566
06075401011830009;CHIMBORAZO;01;01183;0009; ; ; ; ; ; ; ; ;REGIÓN SIERRA; ; ; ;TOTAL NACIONAL;43,8455440452205
06075401011830010;CHIMBORAZO;01;01183;0010; ; ; ; ; ; ; ; ;REGIÓN SIERRA; ; ; ;TOTAL NACIONAL;26,3740043477711
06075401011830012;CHIMBORAZO;01;01183;0012; ; ; ; ; ; ; ; ;REGIÓN SIERRA; ; ; ;TOTAL NACIONAL;10,997418361046
06075401011830013;CHIMBORAZO;01;01183;0013; ; ; ; ; ; ; ; ;REGIÓN SIERRA; ; ; ;TOTAL NACIONAL;11,071752047589
06075401011830016;CHIMBORAZO;01;01183;0016; ; ; ; ; ; ; ; ;REGIÓN SIERRA; ; ; ;TOTAL NACIONAL;38,1270484306243
06075201012730001;CHIMBORAZO;01;01273;0001; ; ; ; ;0; ; ; ;REGIÓN SIERRA; ; ; ;TOTAL NACIONAL;58,0196964193961
06075401014570002;CHIMBORAZO;01;01457;0002; ; ; ; ;0; ; ; ;REGIÓN SIERRA; ; ; ;TOTAL NACIONAL;33,5129783283228
06075401014570003;CHIMBORAZO;01;01457;0003; ; ; ; ;0; ; ; ;REGIÓN SIERRA; ; ; ;TOTAL NACIONAL;1,9677599644766
06075601015890005;CHIMBORAZO;01;01589;0005; ; ; ; ;0; ; ; ;REGIÓN SIERRA; ; ; ;TOTAL NACIONAL;21,0837792563374
06075601015890006;CHIMBORAZO;01;01589;0006; ; ; ; ;0; ; ; ;REGIÓN SIERRA; ; ; ;TOTAL NACIONAL;56,0320667852294
06075401016110001;CHIMBORAZO;01;01611;0001; ; ; ; ; ; ; ; ;REGIÓN SIERRA; ; ; ;TOTAL NACIONAL;4,14931838426976
06075401016110004;CHIMBORAZO;01;01611;0004;1; ; ; ; ;1; ;1;REGIÓN SIERRA; ; ; ;TOTAL NACIONAL;22,390141300534
06075401016110005;CHIMBORAZO;01;01611;0005; ; ; ; ; ; ; ; ;REGIÓN SIERRA; ; ; ;TOTAL NACIONAL;15,4747689938247
06075401016110006;CHIMBORAZO;01;01611;0006; ; ; ; ; ; ; ; ;REGIÓN SIERRA; ; ; ;TOTAL NACIONAL;66,1323709885664
06075401016110008;CHIMBORAZO;01;01611;0008; ; ; ; ;2; ; ; ;REGIÓN SIERRA; ; ; ;TOTAL NACIONAL;38,817844562209
06075401016110009;CHIMBORAZO;01;01611;0009; ; ; ; ; ; ; ; ;REGIÓN SIERRA; ; ; ;TOTAL NACIONAL;27,198602031239
06075401016110010;CHIMBORAZO;01;01611;0010;1; ; ; ;0;1; ;1;REGIÓN SIERRA; ; ; ;TOTAL NACIONAL;34,3950714138699
06075401016110013;CHIMBORAZO;01;01611;0013; ; ; ; ;0; ; ; ;REGIÓN SIERRA; ; ; ;TOTAL NACIONAL;2,04266277847754
06075401016110016;CHIMBORAZO;01;01611;0016; ; ; ; ;0; ; ; ;REGIÓN SIERRA; ; ; ;TOTAL NACIONAL;1,25630492621622
06075401016110020;CHIMBORAZO;01;01611;0020; ; ; ; ; ; ; ; ;REGIÓN SIERRA; ; ; ;TOTAL NACIONAL;101,370609507363
06075401016110021;CHIMBORAZO;01;01611;0021; ; ; ; ; ; ; ; ;REGIÓN SIERRA; ; ; ;TOTAL NACIONAL;45,9170678195474
06075401017700007;CHIMBORAZO;01;01770;0007; ; ; ; ;0; ; ; ;REGIÓN SIERRA; ; ; ;TOTAL NACIONAL;9,72668205435115
06075401017700008;CHIMBORAZO;01;01770;0008; ; ; ; ; ; ; ; ;REGIÓN SIERRA; ; ; ;TOTAL NACIONAL;42,201457210302
06075401017700012;CHIMBORAZO;01;01770;0012; ; ; ; ;0; ; ; ;REGIÓN SIERRA; ; ; ;TOTAL NACIONAL;73,8597437370016
06075401017700013;CHIMBORAZO;01;01770;0013; ; ; ; ; ; ; ; ;REGIÓN SIERRA; ; ; ;TOTAL NACIONAL;17,0708934860063
06075401017700014;CHIMBORAZO;01;01770;0014; ;2; ; ;0; ;2;2;REGIÓN SIERRA; ; ; ;TOTAL NACIONAL;31,7559355381353
06075401019240001;CHIMBORAZO;01;01924;0001; ; ; ; ;0; ; ; ;REGIÓN SIERRA; ; ; ;TOTAL NACIONAL;9,11569667341746
06075401019240010;CHIMBORAZO;01;01924;0010; ; ; ;1;0; ;1;1;REGIÓN SIERRA; ; ; ;TOTAL NACIONAL;59,967676588145
06075401019240012;CHIMBORAZO;01;01924;0012; ; ; ; ; ; ; ; ;REGIÓN SIERRA; ; ; ;TOTAL NACIONAL;47,6700435382305
06075401019240016;CHIMBORAZO;01;01924;0016; ; ; ; ;0; ; ; ;REGIÓN SIERRA; ; ; ;TOTAL NACIONAL;36,2837131388132
06075401019240020;CHIMBORAZO;01;01924;0020; ; ; ; ;0; ; ; ;REGIÓN SIERRA; ; ; ;TOTAL NACIONAL;109,880207022979
06075401019240023;CHIMBORAZO;01;01924;0023; ; ; ; ;0; ; ; ;REGIÓN SIERRA; ; ; ;TOTAL NACIONAL;60,1459749328074
06075601019760004;CHIMBORAZO;01;01976;0004; ; ; ; ; ; ; ; ;REGIÓN SIERRA; ; ; ;TOTAL NACIONAL;10,4939847568298
06095201020320001;CHIMBORAZO;01;02032;0001; ; ; ; ;0; ; ; ;REGIÓN SIERRA; ; ; ;TOTAL NACIONAL;51,4781990163132
06095201020320008;CHIMBORAZO;01;02032;0008; ; ; ; ;0; ; ; ;REGIÓN SIERRA; ; ; ;TOTAL NACIONAL;16,3440149273933
06095201020320010;CHIMBORAZO;01;02032;0010; ; ; ; ;0; ; ; ;REGIÓN SIERRA; ; ; ;TOTAL NACIONAL;84,2119447389402
06016001021030001;CHIMBORAZO;01;02103;0001; ; ; ; ; ; ; ; ;REGIÓN SIERRA; ; ; ;TOTAL NACIONAL;21,3965698868444
06016001021030002;CHIMBORAZO;01;02103;0002; ; ; ; ; ; ; ; ;REGIÓN SIERRA; ; ; ;TOTAL NACIONAL;43,2979155755922
06016001021030007;CHIMBORAZO;01;02103;0007; ; ; ; ; ; ; ; ;REGIÓN SIERRA; ; ; ;TOTAL NACIONAL;43,8095618728222
06016001021030013;CHIMBORAZO;01;02103;0013; ; ; ; ; ; ; ; ;REGIÓN SIERRA; ; ; ;TOTAL NACIONAL;3,14195391440039
06016001021030014;CHIMBORAZO;01;02103;0014; ; ; ; ; ; ; ; ;REGIÓN SIERRA; ; ; ;TOTAL NACIONAL;42,7607857211505
06075401021180001;CHIMBORAZO;01;02118;0001; ; ; ; ;0; ; ; ;REGIÓN SIERRA; ; ; ;TOTAL NACIONAL;29,9009452040101
06075401021180002;CHIMBORAZO;01;02118;0002; ; ; ; ;0; ; ; ;REGIÓN SIERRA; ; ; ;TOTAL NACIONAL;19,6556874602225
06075401021180006;CHIMBORAZO;01;02118;0006; ; ; ; ;0; ; ; ;REGIÓN SIERRA; ; ; ;TOTAL NACIONAL;66,9170668312989
06075401021180007;CHIMBORAZO;01;02118;0007; ; ; ; ;0; ; ; ;REGIÓN SIERRA; ; ; ;TOTAL NACIONAL;32,1432293572069
06075401021180009;CHIMBORAZO;01;02118;0009; ; ; ; ;0; ; ; ;REGIÓN SIERRA; ; ; ;TOTAL NACIONAL;13,3789274948961
06075401021180010;CHIMBORAZO;01;02118;0010; ; ; ; ;0; ; ; ;REGIÓN SIERRA; ; ; ;TOTAL NACIONAL;50,2088138569523
06075401021180011;CHIMBORAZO;01;02118;0011; ; ; ; ;0; ; ; ;REGIÓN SIERRA; ; ; ;TOTAL NACIONAL;26,2395730561606
06075401021180024;CHIMBORAZO;01;02118;0024; ;2; ;1;0; ;3;3;REGIÓN SIERRA; ; ; ;TOTAL NACIONAL;47,3724986510908
06075401021180025;CHIMBORAZO;01;02118;0025; ; ; ; ;0; ; ; ;REGIÓN SIERRA; ; ; ;TOTAL NACIONAL;62,4918217812098
06075401021180039;CHIMBORAZO;01;02118;0039; ; ; ; ;0; ; ; ;REGIÓN SIERRA; ; ; ;TOTAL NACIONAL;57,9045100284792
06075401021180041;CHIMBORAZO;01;02118;0041; ; ; ; ;0; ; ; ;REGIÓN SIERRA; ; ; ;TOTAL NACIONAL;91,1996032948548
06095201021830002;CHIMBORAZO;01;02183;0002; ; ; ; ;0; ; ; ;REGIÓN SIERRA; ; ; ;TOTAL NACIONAL;1,18249924733651
06095201021830003;CHIMBORAZO;01;02183;0003;5; ; ; ;0;5; ;5;REGIÓN SIERRA; ; ; ;TOTAL NACIONAL;29,6845210246512
06095201021830004;CHIMBORAZO;01;02183;0004; ; ; ; ;0; ; ; ;REGIÓN SIERRA; ; ; ;TOTAL NACIONAL;12,414240749998
06095201021830007;CHIMBORAZO;01;02183;0007; ; ; ; ;0; ; ; ;REGIÓN SIERRA; ; ; ;TOTAL NACIONAL;24,4496988522542
06075201023750001;CHIMBORAZO;01;02375;0001; ; ; ; ;0; ; ; ;REGIÓN SIERRA; ; ; ;TOTAL NACIONAL;63,1282532121515
06075201023750005;CHIMBORAZO;01;02375;0005; ; ; ; ;0; ; ; ;REGIÓN SIERRA; ; ; ;TOTAL NACIONAL;46,9610409326389
06075201023750006;CHIMBORAZO;01;02375;0006; ; ; ; ;0; ; ; ;REGIÓN SIERRA; ; ; ;TOTAL NACIONAL;61,2433587922181
06095001024000001;CHIMBORAZO;01;02400;0001; ; ; ; ; ; ; ; ;REGIÓN SIERRA; ; ; ;TOTAL NACIONAL;15,8457762611595
06016001024330001;CHIMBORAZO;01;02433;0001; ; ; ; ; ; ; ; ;REGIÓN SIERRA; ; ; ;TOTAL NACIONAL;3,65717561741672
06016001024330003;CHIMBORAZO;01;02433;0003; ; ; ; ;0; ; ; ;REGIÓN SIERRA; ; ; ;TOTAL NACIONAL;13,8454843285918
06016001024330004;CHIMBORAZO;01;02433;0004; ; ;1; ;0;1; ;1;REGIÓN SIERRA; ; ; ;TOTAL NACIONAL;,246783801552694
06016001024330005;CHIMBORAZO;01;02433;0005; ; ; ; ; ; ; ; ;REGIÓN SIERRA; ; ; ;TOTAL NACIONAL;12,4279242220179
06016001024330007;CHIMBORAZO;01;02433;0007; ; ; ; ; ; ; ; ;REGIÓN SIERRA; ; ; ;TOTAL NACIONAL;12,0719159760747
06016001024330008;CHIMBORAZO;01;02433;0008; ; ; ; ;2; ; ; ;REGIÓN SIERRA; ; ; ;TOTAL NACIONAL;26,8464675046178
06016001024330016;CHIMBORAZO;01;02433;0016; ; ; ; ;0; ; ; ;REGIÓN SIERRA; ; ; ;TOTAL NACIONAL;22,5191397752085
06016001024330018;CHIMBORAZO;01;02433;0018; ; ; ; ; ; ; ; ;REGIÓN SIERRA; ; ; ;TOTAL NACIONAL;49,634022361684
06016001024330020;CHIMBORAZO;01;02433;0020; ; ; ; ; ; ; ; ;REGIÓN SIERRA; ; ; ;TOTAL NACIONAL;6,48582295336559
06015201024500002;CHIMBORAZO;01;02450;0002; ; ; ; ; ; ; ; ;REGIÓN SIERRA; ; ; ;TOTAL NACIONAL;61,8055210638966
06095001028470002;CHIMBORAZO;01;02847;0002; ; ; ; ;0; ; ; ;REGIÓN SIERRA; ; ; ;TOTAL NACIONAL;204,844987089996
06095001028470004;CHIMBORAZO;01;02847;0004; ; ; ; ;0; ; ; ;REGIÓN SIERRA; ; ; ;TOTAL NACIONAL;33,0149101533345
06095001028470011;CHIMBORAZO;01;02847;0011; ; ; ; ; ; ; ; ;REGIÓN SIERRA; ; ; ;TOTAL NACIONAL;55,4109709965607
06095001028470012;CHIMBORAZO;01;02847;0012; ; ; ; ;0; ; ; ;REGIÓN SIERRA; ; ; ;TOTAL NACIONAL;41,7411929058732
06095001028540001;CHIMBORAZO;01;02854;0001; ; ; ; ;0; ; ; ;REGIÓN SIERRA; ; ; ;TOTAL NACIONAL;18,4770243568204
06015201030950009;CHIMBORAZO;01;03095;0009; ; ; ; ;0; ; ; ;REGIÓN SIERRA; ; ; ;TOTAL NACIONAL;39,6614762238078
06015201030950011;CHIMBORAZO;01;03095;0011; ; ; ; ;0; ; ; ;REGIÓN SIERRA; ; ; ;TOTAL NACIONAL;15,6846666328865
06015201030950012;CHIMBORAZO;01;03095;0012; ; ; ; ;0; ; ; ;REGIÓN SIERRA; ; ; ;TOTAL NACIONAL;12,1369906269986
06015501031010002;CHIMBORAZO;01;03101;0002; ; ; ; ; ; ; ; ;REGIÓN SIERRA; ; ; ;TOTAL NACIONAL;19,6549960159104
06015501031010003;CHIMBORAZO;01;03101;0003; ; ; ; ; ; ; ; ;REGIÓN SIERRA; ; ; ;TOTAL NACIONAL;30,7794706922975
06015501031010005;CHIMBORAZO;01;03101;0005; ; ; ; ;0; ; ; ;REGIÓN SIERRA; ; ; ;TOTAL NACIONAL;11,6138647248771
06015501031010007;CHIMBORAZO;01;03101;0007; ; ; ; ; ; ; ; ;REGIÓN SIERRA; ; ; ;TOTAL NACIONAL;10,7870498520796
06015501031010008;CHIMBORAZO;01;03101;0008; ; ; ; ; ; ; ; ;REGIÓN SIERRA; ; ; ;TOTAL NACIONAL;21,3217710526486
06015501031010010;CHIMBORAZO;01;03101;0010; ; ; ; ; ; ; ; ;REGIÓN SIERRA; ; ; ;TOTAL NACIONAL;37,2400118845649
06015501031010011;CHIMBORAZO;01;03101;0011; ; ; ; ; ; ; ; ;REGIÓN SIERRA; ; ; ;TOTAL NACIONAL;46,9334732655027
06015501031010012;CHIMBORAZO;01;03101;0012; ; ; ; ; ; ; ; ;REGIÓN SIERRA; ; ; ;TOTAL NACIONAL;27,0136417596062
06015501031010013;CHIMBORAZO;01;03101;0013; ; ; ; ;0; ; ; ;REGIÓN SIERRA; ; ; ;TOTAL NACIONAL;40,222620736315
06015501031010017;CHIMBORAZO;01;03101;0017; ; ; ; ; ; ; ; ;REGIÓN SIERRA; ; ; ;TOTAL NACIONAL;10,3200779970112
06015501031010019;CHIMBORAZO;01;03101;0019; ; ; ; ; ; ; ; ;REGIÓN SIERRA; ; ; ;TOTAL NACIONAL;47,9369957820446
06015501031010020;CHIMBORAZO;01;03101;0020; ; ; ; ; ; ; ; ;REGIÓN SIERRA; ; ; ;TOTAL NACIONAL;24,3235601592347
06016001033020002;CHIMBORAZO;01;03302;0002; ; ; ; ;4; ; ; ;REGIÓN SIERRA; ; ; ;TOTAL NACIONAL;1,11273990694266
06075001033330005;CHIMBORAZO;01;03333;0005; ; ; ;4; ; ;4;4;REGIÓN SIERRA; ; ; ;TOTAL NACIONAL;27,6447338200481
06075001033330010;CHIMBORAZO;01;03333;0010; ; ; ; ;0; ; ; ;REGIÓN SIERRA; ; ; ;TOTAL NACIONAL;4,57632417967013
06075501034350003;CHIMBORAZO;01;03435;0003; ; ; ; ; ; ; ; ;REGIÓN SIERRA; ; ; ;TOTAL NACIONAL;56,7350500783949
06015901035790009;CHIMBORAZO;01;03579;0009; ; ; ; ;0; ; ; ;REGIÓN SIERRA; ; ; ;TOTAL NACIONAL;14,0068207927761
06015901035790013;CHIMBORAZO;01;03579;0013; ; ; ; ;0; ; ; ;REGIÓN SIERRA; ; ; ;TOTAL NACIONAL;55,1942238755972
06015901036090010;CHIMBORAZO;01;03609;0010; ; ; ; ; ; ; ; ;REGIÓN SIERRA; ; ; ;TOTAL NACIONAL;10,3926142918318
06015901036090011;CHIMBORAZO;01;03609;0011; ; ; ; ;0; ; ; ;REGIÓN SIERRA; ; ; ;TOTAL NACIONAL;26,4617384538749
06015901037470003;CHIMBORAZO;01;03747;0003; ; ; ; ;0; ; ; ;REGIÓN SIERRA; ; ; ;TOTAL NACIONAL;61,0024013150028
06095501037690001;CHIMBORAZO;01;03769;0001; ; ; ; ;0; ; ; ;REGIÓN SIERRA; ; ; ;TOTAL NACIONAL;67,0548235285441
06095501037690003;CHIMBORAZO;01;03769;0003; ; ; ; ;0; ; ; ;REGIÓN SIERRA; ; ; ;TOTAL NACIONAL;4,61442264205261
06015901037810001;CHIMBORAZO;01;03781;0001; ; ; ; ;0; ; ; ;REGIÓN SIERRA; ; ; ;TOTAL NACIONAL;12,2155167567338
06015901037810005;CHIMBORAZO;01;03781;0005; ;1; ; ;0; ;1;1;REGIÓN SIERRA; ; ; ;TOTAL NACIONAL;36,798246942083
06015901037810006;CHIMBORAZO;01;03781;0006; ; ; ; ;0; ; ; ;REGIÓN SIERRA; ; ; ;TOTAL NACIONAL;25,5524343329313
06015901040770007;CHIMBORAZO;01;04077;0007; ; ; ; ;0; ; ; ;REGIÓN SIERRA; ; ; ;TOTAL NACIONAL;15,0419417381777
06015301041580002;CHIMBORAZO;01;04158;0002; ; ; ; ; ; ; ; ;REGIÓN SIERRA; ; ; ;TOTAL NACIONAL;22,5267222884987
06015301041580005;CHIMBORAZO;01;04158;0005; ; ; ; ; ; ; ; ;REGIÓN SIERRA; ; ; ;TOTAL NACIONAL;48,8802789292827
06015301041580006;CHIMBORAZO;01;04158;0006; ; ; ; ;2; ; ; ;REGIÓN SIERRA; ; ; ;TOTAL NACIONAL;51,9739674691108
06015301041580012;CHIMBORAZO;01;04158;0012; ; ; ; ; ; ; ; ;REGIÓN SIERRA; ; ; ;TOTAL NACIONAL;42,1208613271679
06015301041580016;CHIMBORAZO;01;04158;0016; ; ; ; ; ; ; ; ;REGIÓN SIERRA; ; ; ;TOTAL NACIONAL;68,644862695052
06015301041580020;CHIMBORAZO;01;04158;0020; ; ; ; ; ; ; ; ;REGIÓN SIERRA; ; ; ;TOTAL NACIONAL;38,4492951166928
06015301041580023;CHIMBORAZO;01;04158;0023; ; ; ; ; ; ; ; ;REGIÓN SIERRA; ; ; ;TOTAL NACIONAL;41,1476919812054
06015301041580029;CHIMBORAZO;01;04158;0029; ; ; ; ; ; ; ; ;REGIÓN SIERRA; ; ; ;TOTAL NACIONAL;16,3440149273933
06015301041580032;CHIMBORAZO;01;04158;0032;15;17;15;10; ;30;27;57;REGIÓN SIERRA; ; ; ;TOTAL NACIONAL;16,8343353752151
06015301041580034;CHIMBORAZO;01;04158;0034; ; ; ; ; ; ; ; ;REGIÓN SIERRA; ; ; ;TOTAL NACIONAL;10,6751045443577
06015301041580037;CHIMBORAZO;01;04158;0037; ;2; ;4; ; ;6;6;REGIÓN SIERRA; ; ; ;TOTAL NACIONAL;,265038079903676
06015301041580038;CHIMBORAZO;01;04158;0038; ;2; ;2; ; ;4;4;REGIÓN SIERRA; ; ; ;TOTAL NACIONAL;8,90016150804812
06035001042380003;CHIMBORAZO;01;04238;0003; ; ; ; ;0; ; ; ;REGIÓN SIERRA; ; ; ;TOTAL NACIONAL;54,1531694594299
06035001042380008;CHIMBORAZO;01;04238;0008; ; ; ; ;0; ; ; ;REGIÓN SIERRA; ; ; ;TOTAL NACIONAL;55,7110043957526
06035001042380054;CHIMBORAZO;01;04238;0054; ; ; ; ; ; ; ; ;REGIÓN SIERRA; ; ; ;TOTAL NACIONAL;80,0389759587204
06035001042400002;CHIMBORAZO;01;04240;0002; ; ; ; ;0; ; ; ;REGIÓN SIERRA; ; ; ;TOTAL NACIONAL;71,004085719354
06035001042400021;CHIMBORAZO;01;04240;0021; ; ; ; ;0; ; ; ;REGIÓN SIERRA; ; ; ;TOTAL NACIONAL;57,1677322127046
06015901044330009;CHIMBORAZO;01;04433;0009; ; ; ; ; ; ; ; ;REGIÓN SIERRA; ; ; ;TOTAL NACIONAL;63,3777314844507
06015901044480002;CHIMBORAZO;01;04448;0002; ; ; ; ; ; ; ; ;REGIÓN SIERRA; ; ; ;TOTAL NACIONAL;18,3166774640845
06015901044480008;CHIMBORAZO;01;04448;0008; ; ; ; ; ; ; ; ;REGIÓN SIERRA; ; ; ;TOTAL NACIONAL;5,49542688145755
06035001045140001;CHIMBORAZO;01;04514;0001; ;1; ; ; ; ;1;1;REGIÓN SIERRA; ; ; ;TOTAL NACIONAL;58,9256218182287
06035001045140002;CHIMBORAZO;01;04514;0002; ; ; ; ; ; ; ; ;REGIÓN SIERRA; ; ; ;TOTAL NACIONAL;51,0867209444808
06035001045140003;CHIMBORAZO;01;04514;0003; ;1; ; ; ; ;1;1;REGIÓN SIERRA; ; ; ;TOTAL NACIONAL;44,7136669605476
06035001045140005;CHIMBORAZO;01;04514;0005; ; ; ; ; ; ; ; ;REGIÓN SIERRA; ; ; ;TOTAL NACIONAL;54,7706100233536
06035001045140008;CHIMBORAZO;01;04514;0008; ; ; ; ; ; ; ; ;REGIÓN SIERRA; ; ; ;TOTAL NACIONAL;39,225635825744
06035001045140010;CHIMBORAZO;01;04514;0010; ; ; ; ; ; ; ; ;REGIÓN SIERRA; ; ; ;TOTAL NACIONAL;30,2037395858229
06035001045140013;CHIMBORAZO;01;04514;0013; ; ; ; ; ; ; ; ;REGIÓN SIERRA; ; ; ;TOTAL NACIONAL;50,1216457773395
06035001045140022;CHIMBORAZO;01;04514;0022; ; ; ; ; ; ; ; ;REGIÓN SIERRA; ; ; ;TOTAL NACIONAL;10,8121944904294
06015901045420006;CHIMBORAZO;01;04542;0006; ; ; ; ; ; ; ; ;REGIÓN SIERRA; ; ; ;TOTAL NACIONAL;29,8472844031207
06016101045670006;CHIMBORAZO;01;04567;0006;0; ; ;6; ;0;6;6;REGIÓN SIERRA; ; ; ;TOTAL NACIONAL;13,1686063129283
06016101045670010;CHIMBORAZO;01;04567;0010; ; ; ; ; ; ; ; ;REGIÓN SIERRA; ; ; ;TOTAL NACIONAL;12,8300517180038
06016101045670012;CHIMBORAZO;01;04567;0012; ; ; ; ; ; ; ; ;REGIÓN SIERRA; ; ; ;TOTAL NACIONAL;9,43204883798732
06016101047410004;CHIMBORAZO;01;04741;0004; ; ; ; ; ; ; ; ;REGIÓN SIERRA; ; ; ;TOTAL NACIONAL;54,8960792288568
06016101047410006;CHIMBORAZO;01;04741;0006; ; ; ;6; ; ;6;6;REGIÓN SIERRA; ; ; ;TOTAL NACIONAL;10,1923640077335
06016101047410011;CHIMBORAZO;01;04741;0011; ; ; ; ; ; ; ; ;REGIÓN SIERRA; ; ; ;TOTAL NACIONAL;5,35755360810506
06015001047450009;CHIMBORAZO;01;04745;0009;0;480; ;480;0;0;960;960;REGIÓN SIERRA; ; ; ;TOTAL NACIONAL;76,7701729732418
06015001047450011;CHIMBORAZO;01;04745;0011; ; ; ; ;0; ; ; ;REGIÓN SIERRA; ; ; ;TOTAL NACIONAL;61,3518000341173
06015001047450017;CHIMBORAZO;01;04745;0017; ; ; ; ;0; ; ; ;REGIÓN SIERRA; ; ; ;TOTAL NACIONAL;41,3299277476459
06015001047450022;CHIMBORAZO;01;04745;0022; ; ; ; ;0; ; ; ;REGIÓN SIERRA; ; ; ;TOTAL NACIONAL;3,52304321768256
06015001047450024;CHIMBORAZO;01;04745;0024; ; ; ; ;0; ; ; ;REGIÓN SIERRA; ; ; ;TOTAL NACIONAL;15,0923025646613
06035001047640003;CHIMBORAZO;01;04764;0003;0;1; ; ; ;0;1;1;REGIÓN SIERRA; ; ; ;TOTAL NACIONAL;37,2643540344568
06035001047640004;CHIMBORAZO;01;04764;0004; ; ; ; ; ; ; ; ;REGIÓN SIERRA; ; ; ;TOTAL NACIONAL;89,5465229279127
06035001047640006;CHIMBORAZO;01;04764;0006; ; ; ; ; ; ; ; ;REGIÓN SIERRA; ; ; ;TOTAL NACIONAL;8,30275958311581
06035001047640013;CHIMBORAZO;01;04764;0013; ; ; ; ; ; ; ; ;REGIÓN SIERRA; ; ; ;TOTAL NACIONAL;4,92005397814314
06035001047640024;CHIMBORAZO;01;04764;0024; ; ; ; ; ; ; ; ;REGIÓN SIERRA; ; ; ;TOTAL NACIONAL;81,8835147862406
06035001047640031;CHIMBORAZO;01;04764;0031; ; ; ; ; ; ; ; ;REGIÓN SIERRA; ; ; ;TOTAL NACIONAL;48,1405530588676
06035001047640039;CHIMBORAZO;01;04764;0039; ; ; ; ; ; ; ; ;REGIÓN SIERRA; ; ; ;TOTAL NACIONAL;75,2108930397961
06045001050040002;CHIMBORAZO;01;05004;0002; ; ; ; ; ; ; ; ;REGIÓN SIERRA; ; ; ;TOTAL NACIONAL;42,7492592356497
06045001050040005;CHIMBORAZO;01;05004;0005; ; ; ; ; ; ; ; ;REGIÓN SIERRA; ; ; ;TOTAL NACIONAL;3,45734836144358
06045001050040006;CHIMBORAZO;01;05004;0006; ; ; ; ; ; ; ; ;REGIÓN SIERRA; ; ; ;TOTAL NACIONAL;11,1398859063434
06045001050040007;CHIMBORAZO;01;05004;0007; ; ; ; ; ; ; ; ;REGIÓN SIERRA; ; ; ;TOTAL NACIONAL;59,6310015015756
06045001050040011;CHIMBORAZO;01;05004;0011; ; ; ; ; ; ; ; ;REGIÓN SIERRA; ; ; ;TOTAL NACIONAL;1,6884078029342
06045001051010001;CHIMBORAZO;01;05101;0001; ; ; ; ; ; ; ; ;REGIÓN SIERRA; ; ; ;TOTAL NACIONAL;24,7736483890981
06045001051010002;CHIMBORAZO;01;05101;0002; ; ; ; ; ; ; ; ;REGIÓN SIERRA; ; ; ;TOTAL NACIONAL;21,9693319285769
06045001051010006;CHIMBORAZO;01;05101;0006; ; ; ; ; ; ; ; ;REGIÓN SIERRA; ; ; ;TOTAL NACIONAL;8,35506043088347
06035001051270001;CHIMBORAZO;01;05127;0001; ; ; ; ; ; ; ; ;REGIÓN SIERRA; ; ; ;TOTAL NACIONAL;47,5396216009311
06035001051270010;CHIMBORAZO;01;05127;0010; ; ; ; ; ; ; ; ;REGIÓN SIERRA; ; ; ;TOTAL NACIONAL;9,08534947434511
06035001051270022;CHIMBORAZO;01;05127;0022; ; ; ; ; ; ; ; ;REGIÓN SIERRA; ; ; ;TOTAL NACIONAL;25,8235435852815
06035001051270023;CHIMBORAZO;01;05127;0023; ; ; ; ; ; ; ; ;REGIÓN SIERRA; ; ; ;TOTAL NACIONAL;3,92581612285846
06016101053440036;CHIMBORAZO;01;05344;0036; ; ; ; ; ; ; ; ;REGIÓN SIERRA; ; ; ;TOTAL NACIONAL;,827877741045853
06045001054500002;CHIMBORAZO;01;05450;0002; ; ; ; ;0; ; ; ;REGIÓN SIERRA; ; ; ;TOTAL NACIONAL;27,9654697520819
06045001054500003;CHIMBORAZO;01;05450;0003; ; ; ; ;0; ; ; ;REGIÓN SIERRA; ; ; ;TOTAL NACIONAL;29,6828400132982
06045001054500016;CHIMBORAZO;01;05450;0016; ; ; ; ;0; ; ; ;REGIÓN SIERRA; ; ; ;TOTAL NACIONAL;68,572222628708
06045001054560009;CHIMBORAZO;01;05456;0009; ; ; ; ; ; ; ; ;REGIÓN SIERRA; ; ; ;TOTAL NACIONAL;11,4636160513996
06045001055890003;CHIMBORAZO;01;05589;0003;0;3;0;2; ;0;5;5;REGIÓN SIERRA; ; ; ;TOTAL NACIONAL;26,2772237981275
06045001056020002;CHIMBORAZO;01;05602;0002; ; ; ; ; ; ; ; ;REGIÓN SIERRA; ; ; ;TOTAL NACIONAL;13,6531997474333
06045001057650002;CHIMBORAZO;01;05765;0002; ; ; ; ; ; ; ; ;REGIÓN SIERRA; ; ; ;TOTAL NACIONAL;19,8142468535988
06045001057650008;CHIMBORAZO;01;05765;0008; ; ; ;10; ; ;10;10;REGIÓN SIERRA; ; ; ;TOTAL NACIONAL;12,9571934018214
06045001057650009;CHIMBORAZO;01;05765;0009; ; ; ; ; ; ; ; ;REGIÓN SIERRA; ; ; ;TOTAL NACIONAL;41,6738565445232
06035301058180001;CHIMBORAZO;01;05818;0001; ;1; ; ;1; ;1;1;REGIÓN SIERRA; ; ; ;TOTAL NACIONAL;10,7109086750079
06035401058770002;CHIMBORAZO;01;05877;0002; ; ; ; ; ; ; ; ;REGIÓN SIERRA; ; ; ;TOTAL NACIONAL;17,8843568470462
06035401059720003;CHIMBORAZO;01;05972;0003; ; ; ; ; ; ; ; ;REGIÓN SIERRA; ; ; ;TOTAL NACIONAL;17,0275765773481
06035001059840001;CHIMBORAZO;01;05984;0001;4; ; ; ; ;4; ;4;REGIÓN SIERRA; ; ; ;TOTAL NACIONAL;55,1223408709139
06035001059840010;CHIMBORAZO;01;05984;0010; ; ; ; ; ; ; ; ;REGIÓN SIERRA; ; ; ;TOTAL NACIONAL;48,2067299858463
06035301059980001;CHIMBORAZO;01;05998;0001; ; ; ; ;2; ; ; ;REGIÓN SIERRA; ; ; ;TOTAL NACIONAL;19,6494738538652
06035301059980002;CHIMBORAZO;01;05998;0002;0;0;0;4;0;0;4;4;REGIÓN SIERRA; ; ; ;TOTAL NACIONAL;17,8418097282022
06015601061190001;CHIMBORAZO;01;06119;0001; ; ; ; ; ; ; ; ;REGIÓN SIERRA; ; ; ;TOTAL NACIONAL;46,8427069686501
06015601061190002;CHIMBORAZO;01;06119;0002; ; ; ; ; ; ; ; ;REGIÓN SIERRA; ; ; ;TOTAL NACIONAL;53,8829484126303
06015601061190003;CHIMBORAZO;01;06119;0003; ; ; ; ; ; ; ; ;REGIÓN SIERRA; ; ; ;TOTAL NACIONAL;63,8142982831779
06015601061190005;CHIMBORAZO;01;06119;0005; ; ; ; ; ; ; ; ;REGIÓN SIERRA; ; ; ;TOTAL NACIONAL;48,0718339051956
06015601061190006;CHIMBORAZO;01;06119;0006; ; ; ; ; ; ; ; ;REGIÓN SIERRA; ; ; ;TOTAL NACIONAL;69,097466185349
06015601061190008;CHIMBORAZO;01;06119;0008; ; ; ; ; ; ; ; ;REGIÓN SIERRA; ; ; ;TOTAL NACIONAL;76,0977335019433
06015601061190009;CHIMBORAZO;01;06119;0009; ; ; ; ; ; ; ; ;REGIÓN SIERRA; ; ; ;TOTAL NACIONAL;55,7499985040603
06015601061190012;CHIMBORAZO;01;06119;0012; ; ; ; ; ; ; ; ;REGIÓN SIERRA; ; ; ;TOTAL NACIONAL;67,4006086554182
06015601061190013;CHIMBORAZO;01;06119;0013; ; ; ; ; ; ; ; ;REGIÓN SIERRA; ; ; ;TOTAL NACIONAL;58,1483731083482
06015601063020002;CHIMBORAZO;01;06302;0002; ; ; ; ; ; ; ; ;REGIÓN SIERRA; ; ; ;TOTAL NACIONAL;40,35971033091
06015601063020012;CHIMBORAZO;01;06302;0012; ; ; ; ; ; ; ; ;REGIÓN SIERRA; ; ; ;TOTAL NACIONAL;68,5183283859367
06015601063020013;CHIMBORAZO;01;06302;0013; ; ; ; ; ; ; ; ;REGIÓN SIERRA; ; ; ;TOTAL NACIONAL;74,7955491289526
06035101063560001;CHIMBORAZO;01;06356;0001; ; ; ; ; ; ; ; ;REGIÓN SIERRA; ; ; ;TOTAL NACIONAL;6,83339632110998
06035101063560003;CHIMBORAZO;01;06356;0003; ; ; ; ; ; ; ; ;REGIÓN SIERRA; ; ; ;TOTAL NACIONAL;39,5340660115943
06015701064330003;CHIMBORAZO;01;06433;0003; ; ; ; ; ; ; ; ;REGIÓN SIERRA; ; ; ;TOTAL NACIONAL;37,3869341464122
06015701064330009;CHIMBORAZO;01;06433;0009; ; ; ; ; ; ; ; ;REGIÓN SIERRA; ; ; ;TOTAL NACIONAL;47,8814261312915
06015701064330011;CHIMBORAZO;01;06433;0011; ; ; ; ; ; ; ; ;REGIÓN SIERRA; ; ; ;TOTAL NACIONAL;13,3803002205593
06015701064330012;CHIMBORAZO;01;06433;0012; ; ; ; ; ; ; ; ;REGIÓN SIERRA; ; ; ;TOTAL NACIONAL;28,0183113041028
06015701064330021;CHIMBORAZO;01;06433;0021; ; ; ; ; ; ; ; ;REGIÓN SIERRA; ; ; ;TOTAL NACIONAL;27,9119454926706
06015701064330030;CHIMBORAZO;01;06433;0030; ; ; ; ; ; ; ; ;REGIÓN SIERRA; ; ; ;TOTAL NACIONAL;57,9122928927303
06035101066420001;CHIMBORAZO;01;06642;0001; ; ; ; ; ; ; ; ;REGIÓN SIERRA; ; ; ;TOTAL NACIONAL;22,0952579159949
06015601068280004;CHIMBORAZO;01;06828;0004; ; ; ; ; ; ; ; ;REGIÓN SIERRA; ; ; ;TOTAL NACIONAL;1,44790424375509
06015601068280006;CHIMBORAZO;01;06828;0006;2; ;7; ;1;9; ;9;REGIÓN SIERRA; ; ; ;TOTAL NACIONAL;4,15349394274254
06015601068280007;CHIMBORAZO;01;06828;0007; ; ; ; ;1; ; ; ;REGIÓN SIERRA; ; ; ;TOTAL NACIONAL;11,076116234343
06015601068290001;CHIMBORAZO;01;06829;0001; ; ; ; ;1; ; ; ;REGIÓN SIERRA; ; ; ;TOTAL NACIONAL;47,3312588586301
06035301068890004;CHIMBORAZO;01;06889;0004; ; ; ; ; ; ; ; ;REGIÓN SIERRA; ; ; ;TOTAL NACIONAL;66,4609233091017
06035301068890009;CHIMBORAZO;01;06889;0009; ; ; ; ; ; ; ; ;REGIÓN SIERRA; ; ; ;TOTAL NACIONAL;11,2727005813507
06035301068890010;CHIMBORAZO;01;06889;0010; ; ; ; ;0; ; ; ;REGIÓN SIERRA; ; ; ;TOTAL NACIONAL;6,28670325531518
06035001069250001;CHIMBORAZO;01;06925;0001; ; ; ; ; ; ; ; ;REGIÓN SIERRA; ; ; ;TOTAL NACIONAL;71,5214093222732
06015701070720003;CHIMBORAZO;01;07072;0003; ; ; ; ; ; ; ; ;REGIÓN SIERRA; ; ; ;TOTAL NACIONAL;2,11919497899148
06015701070720004;CHIMBORAZO;01;07072;0004; ; ; ; ; ; ; ; ;REGIÓN SIERRA; ; ; ;TOTAL NACIONAL;11,5800898807305
06015701070720007;CHIMBORAZO;01;07072;0007; ; ; ; ; ; ; ; ;REGIÓN SIERRA; ; ; ;TOTAL NACIONAL;63,3213835472724
06015701070720008;CHIMBORAZO;01;07072;0008; ; ; ; ; ; ; ; ;REGIÓN SIERRA; ; ; ;TOTAL NACIONAL;82,5699634131911
06015701070720016;CHIMBORAZO;01;07072;0016; ; ; ; ; ; ; ; ;REGIÓN SIERRA; ; ; ;TOTAL NACIONAL;26,4928699108795
06015701070720023;CHIMBORAZO;01;07072;0023; ; ; ; ; ; ; ; ;REGIÓN SIERRA; ; ; ;TOTAL NACIONAL;75,6183090640731
06015701070720028;CHIMBORAZO;01;07072;0028; ; ; ; ; ; ; ; ;REGIÓN SIERRA; ; ; ;TOTAL NACIONAL;58,2500692012298
06015701070720029;CHIMBORAZO;01;07072;0029; ; ; ; ; ; ; ; ;REGIÓN SIERRA; ; ; ;TOTAL NACIONAL;10,1664510244018
06015701070720036;CHIMBORAZO;01;07072;0036; ; ; ; ; ; ; ; ;REGIÓN SIERRA; ; ; ;TOTAL NACIONAL;44,8043929209609
06015701070720038;CHIMBORAZO;01;07072;0038; ; ; ; ; ; ; ; ;REGIÓN SIERRA; ; ; ;TOTAL NACIONAL;41,8294064796942
06015701070720049;CHIMBORAZO;01;07072;0049; ; ; ; ; ; ; ; ;REGIÓN SIERRA; ; ; ;TOTAL NACIONAL;8,4108815280201
06015701070720053;CHIMBORAZO;01;07072;0053; ; ; ; ; ; ; ; ;REGIÓN SIERRA; ; ; ;TOTAL NACIONAL;81,9815788758049
06015701070720055;CHIMBORAZO;01;07072;0055; ; ; ; ; ; ; ; ;REGIÓN SIERRA; ; ; ;TOTAL NACIONAL;33,6323507172583
06015701070720058;CHIMBORAZO;01;07072;0058; ; ; ; ; ; ; ; ;REGIÓN SIERRA; ; ; ;TOTAL NACIONAL;52,207453396645
06015601070740001;CHIMBORAZO;01;07074;0001; ; ; ; ; ; ; ; ;REGIÓN SIERRA; ; ; ;TOTAL NACIONAL;31,5439488098691
06015601070740018;CHIMBORAZO;01;07074;0018; ; ; ; ; ; ; ; ;REGIÓN SIERRA; ; ; ;TOTAL NACIONAL;12,4601055703542
06035301072050005;CHIMBORAZO;01;07205;0005; ; ; ; ; ; ; ; ;REGIÓN SIERRA; ; ; ;TOTAL NACIONAL;15,1284288171684
06035301072050009;CHIMBORAZO;01;07205;0009; ; ; ; ; ; ; ; ;REGIÓN SIERRA; ; ; ;TOTAL NACIONAL;43,9500776406936
06035301072050011;CHIMBORAZO;01;07205;0011; ; ; ; ; ; ; ; ;REGIÓN SIERRA; ; ; ;TOTAL NACIONAL;11,4935330779734
06035301072050012;CHIMBORAZO;01;07205;0012; ; ; ; ; ; ; ; ;REGIÓN SIERRA; ; ; ;TOTAL NACIONAL;13,8858750823134
06035301072050018;CHIMBORAZO;01;07205;0018; ; ; ; ; ; ; ; ;REGIÓN SIERRA; ; ; ;TOTAL NACIONAL;,865454504726732
06035301072050019;CHIMBORAZO;01;07205;0019; ; ; ; ; ; ; ; ;REGIÓN SIERRA; ; ; ;TOTAL NACIONAL;81,9379948359985
06035101073940001;CHIMBORAZO;01;07394;0001; ; ; ; ;2; ; ; ;REGIÓN SIERRA; ; ; ;TOTAL NACIONAL;35,9829301848043
06035201074070002;CHIMBORAZO;01;07407;0002; ; ; ;1; ; ;1;1;REGIÓN SIERRA; ; ; ;TOTAL NACIONAL;37,0743073492545
06015701076700001;CHIMBORAZO;01;07670;0001; ; ; ; ; ; ; ; ;REGIÓN SIERRA; ; ; ;TOTAL NACIONAL;3,73126431694695
06015701076700002;CHIMBORAZO;01;07670;0002; ; ; ; ; ; ; ; ;REGIÓN SIERRA; ; ; ;TOTAL NACIONAL;25,5196022550527
06015701076700017;CHIMBORAZO;01;07670;0017; ; ; ; ; ; ; ; ;REGIÓN SIERRA; ; ; ;TOTAL NACIONAL;,627690389236087
06015701077560003;CHIMBORAZO;01;07756;0003; ; ; ; ; ; ; ; ;REGIÓN SIERRA; ; ; ;TOTAL NACIONAL;2,21651709289307
06015701077560005;CHIMBORAZO;01;07756;0005; ; ; ; ;0; ; ; ;REGIÓN SIERRA; ; ; ;TOTAL NACIONAL;2,31784201878297
06015701077560006;CHIMBORAZO;01;07756;0006; ; ; ; ; ; ; ; ;REGIÓN SIERRA; ; ; ;TOTAL NACIONAL;40,0482484975863
06015701077600001;CHIMBORAZO;01;07760;0001; ; ; ; ;0; ; ; ;REGIÓN SIERRA; ; ; ;TOTAL NACIONAL;44,6864596367789
06015701077600002;CHIMBORAZO;01;07760;0002; ;2; ;2; ; ;4;4;REGIÓN SIERRA; ; ; ;TOTAL NACIONAL;5,20722320987356
06015701077600007;CHIMBORAZO;01;07760;0007; ; ; ; ; ; ; ; ;REGIÓN SIERRA; ; ; ;TOTAL NACIONAL;6,39431597707333
06035201078000005;CHIMBORAZO;01;07800;0005; ; ; ; ; ; ; ; ;REGIÓN SIERRA; ; ; ;TOTAL NACIONAL;9,75798224554002
06035201078000007;CHIMBORAZO;01;07800;0007; ; ; ; ; ; ; ; ;REGIÓN SIERRA; ; ; ;TOTAL NACIONAL;21,2412761274559
06035201079420002;CHIMBORAZO;01;07942;0002; ; ; ; ; ; ; ; ;REGIÓN SIERRA; ; ; ;TOTAL NACIONAL;47,8110507258394
06015701080300008;CHIMBORAZO;01;08030;0008; ; ; ; ; ; ; ; ;REGIÓN SIERRA; ; ; ;TOTAL NACIONAL;39,8923165927428
06015701080300009;CHIMBORAZO;01;08030;0009; ; ; ; ; ; ; ; ;REGIÓN SIERRA; ; ; ;TOTAL NACIONAL;56,7682118478128
06015701080300015;CHIMBORAZO;01;08030;0015; ; ; ; ; ; ; ; ;REGIÓN SIERRA; ; ; ;TOTAL NACIONAL;13,8006175359524
06015701080300016;CHIMBORAZO;01;08030;0016; ; ; ; ; ; ; ; ;REGIÓN SIERRA; ; ; ;TOTAL NACIONAL;18,0387635521723
06035201080750003;CHIMBORAZO;01;08075;0003; ; ; ;1; ; ;1;1;REGIÓN SIERRA; ; ; ;TOTAL NACIONAL;68,9014016635326
06035201080750004;CHIMBORAZO;01;08075;0004; ; ; ; ; ; ; ; ;REGIÓN SIERRA; ; ; ;TOTAL NACIONAL;20,9891560120209
06035201080750007;CHIMBORAZO;01;08075;0007; ; ; ; ; ; ; ; ;REGIÓN SIERRA; ; ; ;TOTAL NACIONAL;41,8772888075643
06035201080750010;CHIMBORAZO;01;08075;0010; ; ;2; ; ;2; ;2;REGIÓN SIERRA; ; ; ;TOTAL NACIONAL;2,46976225569499
06035201080750014;CHIMBORAZO;01;08075;0014;2; ;1; ; ;3; ;3;REGIÓN SIERRA; ; ; ;TOTAL NACIONAL;22,2126565664387
06035201080750017;CHIMBORAZO;01;08075;0017; ; ; ; ; ; ; ; ;REGIÓN SIERRA; ; ; ;TOTAL NACIONAL;23,6239555118271
06035201080750018;CHIMBORAZO;01;08075;0018; ; ; ; ; ; ; ; ;REGIÓN SIERRA; ; ; ;TOTAL NACIONAL;3,74380091930603
06035201083720001;CHIMBORAZO;01;08372;0001; ; ; ; ; ; ; ; ;REGIÓN SIERRA; ; ; ;TOTAL NACIONAL;54,5060700802502
06035201083720008;CHIMBORAZO;01;08372;0008; ; ; ; ; ; ; ; ;REGIÓN SIERRA; ; ; ;TOTAL NACIONAL;37,1597523389215
06035201083720012;CHIMBORAZO;01;08372;0012; ; ; ; ; ; ; ; ;REGIÓN SIERRA; ; ; ;TOTAL NACIONAL;24,22964053661
06035201083720020;CHIMBORAZO;01;08372;0020; ; ; ; ; ; ; ; ;REGIÓN SIERRA; ; ; ;TOTAL NACIONAL;28,7654662722123
06035301083930001;CHIMBORAZO;01;08393;0001; ; ; ; ; ; ; ; ;REGIÓN SIERRA; ; ; ;TOTAL NACIONAL;4,903204478218
06035301084100001;CHIMBORAZO;01;08410;0001; ; ; ; ; ; ; ; ;REGIÓN SIERRA; ; ; ;TOTAL NACIONAL;22,9749543864627
06015701084990005;CHIMBORAZO;01;08499;0005; ; ; ; ; ; ; ; ;REGIÓN SIERRA; ; ; ;TOTAL NACIONAL;6,66540879444973
06015701084990008;CHIMBORAZO;01;08499;0008; ; ; ; ; ; ; ; ;REGIÓN SIERRA; ; ; ;TOTAL NACIONAL;45,8151962812387
06035301087340001;CHIMBORAZO;01;08734;0001; ; ; ; ; ; ; ; ;REGIÓN SIERRA; ; ; ;TOTAL NACIONAL;36,2092148382139
06035301089340003;CHIMBORAZO;01;08934;0003; ; ; ; ; ; ; ; ;REGIÓN SIERRA; ; ; ;TOTAL NACIONAL;71,0471734605704
06035301089340004;CHIMBORAZO;01;08934;0004; ; ; ; ; ; ; ; ;REGIÓN SIERRA; ; ; ;TOTAL NACIONAL;58,9438989962121
06035301090510003;CHIMBORAZO;01;09051;0003; ; ; ; ; ; ; ; ;REGIÓN SIERRA; ; ; ;TOTAL NACIONAL;30,5474308711532
06035301090510005;CHIMBORAZO;01;09051;0005; ; ; ; ; ; ; ; ;REGIÓN SIERRA; ; ; ;TOTAL NACIONAL;30,3264864734408
06035301091130001;CHIMBORAZO;01;09113;0001; ; ; ; ; ; ; ; ;REGIÓN SIERRA; ; ; ;TOTAL NACIONAL;23,3163551025108
06065101094050003;CHIMBORAZO;01;09405;0003; ; ; ; ; ; ; ; ;REGIÓN SIERRA; ; ; ;TOTAL NACIONAL;1,79436419202871
06065101094050010;CHIMBORAZO;01;09405;0010; ; ; ; ; ; ; ; ;REGIÓN SIERRA; ; ; ;TOTAL NACIONAL;2,47167383638825
06065101094050011;CHIMBORAZO;01;09405;0011; ; ; ; ; ; ; ; ;REGIÓN SIERRA; ; ; ;TOTAL NACIONAL;12,312491245303
06065101094050013;CHIMBORAZO;01;09405;0013; ; ; ;0; ; ;0;0;REGIÓN SIERRA; ; ; ;TOTAL NACIONAL;20,0231570110491
06065101094050014;CHIMBORAZO;01;09405;0014; ; ; ; ; ; ; ; ;REGIÓN SIERRA; ; ; ;TOTAL NACIONAL;2,03900158255033
06065101094050015;CHIMBORAZO;01;09405;0015; ; ; ; ; ; ; ; ;REGIÓN SIERRA; ; ; ;TOTAL NACIONAL;,358641946989764
06065101094050018;CHIMBORAZO;01;09405;0018; ; ; ; ; ; ; ; ;REGIÓN SIERRA; ; ; ;TOTAL NACIONAL;6,67404296513383
06065001102650004;CHIMBORAZO;01;10265;0004; ; ; ; ; ; ; ; ;REGIÓN SIERRA; ; ; ;TOTAL NACIONAL;51,6166797009305
06065001102860003;CHIMBORAZO;01;10286;0003; ; ; ; ;0; ; ; ;REGIÓN SIERRA; ; ; ;TOTAL NACIONAL;38,4540805264688
06065001102860004;CHIMBORAZO;01;10286;0004;1;0;0;0; ;1;0;1;REGIÓN SIERRA; ; ; ;TOTAL NACIONAL;24,7978157519071
06065001102860005;CHIMBORAZO;01;10286;0005; ; ; ; ;0; ; ; ;REGIÓN SIERRA; ; ; ;TOTAL NACIONAL;61,1656463118597
06065001102860006;CHIMBORAZO;01;10286;0006; ; ; ; ; ; ; ; ;REGIÓN SIERRA; ; ; ;TOTAL NACIONAL;54,5226122968512
06085001103470012;CHIMBORAZO;01;10347;0012; ; ; ; ; ; ; ; ;REGIÓN SIERRA; ; ; ;TOTAL NACIONAL;76,7673428407868
06085001103470024;CHIMBORAZO;01;10347;0024; ; ; ; ; ; ; ; ;REGIÓN SIERRA; ; ; ;TOTAL NACIONAL;60,3747911417909
06085001104340001;CHIMBORAZO;01;10434;0001;0;8;0;0;0;0;8;8;REGIÓN SIERRA; ; ; ;TOTAL NACIONAL;9,50320359691891
06085001113250001;CHIMBORAZO;01;11325;0001; ; ; ; ; ; ; ; ;REGIÓN SIERRA; ; ; ;TOTAL NACIONAL;39,6957208265128
06085001114030002;CHIMBORAZO;01;11403;0002; ; ; ; ; ; ; ; ;REGIÓN SIERRA; ; ; ;TOTAL NACIONAL;57,9035760847691
06085001114030007;CHIMBORAZO;01;11403;0007; ; ; ; ; ; ; ; ;REGIÓN SIERRA; ; ; ;TOTAL NACIONAL;61,037891175988
06065201114250005;CHIMBORAZO;01;11425;0005; ; ; ; ; ; ; ; ;REGIÓN SIERRA; ; ; ;TOTAL NACIONAL;13,6505212673589
06065201114250009;CHIMBORAZO;01;11425;0009; ; ; ; ; ; ; ; ;REGIÓN SIERRA; ; ; ;TOTAL NACIONAL;17,9440079676539
06065201114250011;CHIMBORAZO;01;11425;0011; ; ; ; ;1; ; ; ;REGIÓN SIERRA; ; ; ;TOTAL NACIONAL;17,8511576779499
06065201114250014;CHIMBORAZO;01;11425;0014; ; ; ; ; ; ; ; ;REGIÓN SIERRA; ; ; ;TOTAL NACIONAL;14,3250483775389
06025501115670003;CHIMBORAZO;01;11567;0003; ; ; ; ; ; ; ; ;REGIÓN SIERRA; ; ; ;TOTAL NACIONAL;13,9216370858366
06026001116020002;CHIMBORAZO;01;11602;0002; ; ; ; ; ; ; ; ;REGIÓN SIERRA; ; ; ;TOTAL NACIONAL;19,5058389060745
06026001116020005;CHIMBORAZO;01;11602;0005; ; ; ; ; ; ; ; ;REGIÓN SIERRA; ; ; ;TOTAL NACIONAL;29,2138223573826
06026001116020007;CHIMBORAZO;01;11602;0007; ; ; ; ; ; ; ; ;REGIÓN SIERRA; ; ; ;TOTAL NACIONAL;8,08404299797448
06026001116020011;CHIMBORAZO;01;11602;0011; ; ; ; ; ; ; ; ;REGIÓN SIERRA; ; ; ;TOTAL NACIONAL;9,02692516759108
06026001116020012;CHIMBORAZO;01;11602;0012; ; ; ; ; ; ; ; ;REGIÓN SIERRA; ; ; ;TOTAL NACIONAL;12,7279016247076
06026001116020015;CHIMBORAZO;01;11602;0015; ; ; ; ; ; ; ; ;REGIÓN SIERRA; ; ; ;TOTAL NACIONAL;2,7071831436783
06026001116020016;CHIMBORAZO;01;11602;0016; ; ; ; ; ; ; ; ;REGIÓN SIERRA; ; ; ;TOTAL NACIONAL;41,526873127521
06026001116020017;CHIMBORAZO;01;11602;0017; ; ; ; ; ; ; ; ;REGIÓN SIERRA; ; ; ;TOTAL NACIONAL;,559574748361602
06025901121170003;CHIMBORAZO;01;12117;0003; ; ; ; ;0; ; ; ;REGIÓN SIERRA; ; ; ;TOTAL NACIONAL;50,9083376958447
06025901121170008;CHIMBORAZO;01;12117;0008; ; ; ; ;0; ; ; ;REGIÓN SIERRA; ; ; ;TOTAL NACIONAL;132,849601334829
06026001123630002;CHIMBORAZO;01;12363;0002; ; ; ; ; ; ; ; ;REGIÓN SIERRA; ; ; ;TOTAL NACIONAL;39,6657732418169
06026001123630003;CHIMBORAZO;01;12363;0003; ; ; ; ; ; ; ; ;REGIÓN SIERRA; ; ; ;TOTAL NACIONAL;5,39460731113433
06026001124130002;CHIMBORAZO;01;12413;0002; ; ; ; ; ; ; ; ;REGIÓN SIERRA; ; ; ;TOTAL NACIONAL;14,0504941441394
06026001124130003;CHIMBORAZO;01;12413;0003; ; ; ; ; ; ; ; ;REGIÓN SIERRA; ; ; ;TOTAL NACIONAL;6,25872907289551
06026001124130004;CHIMBORAZO;01;12413;0004; ; ; ; ; ; ; ; ;REGIÓN SIERRA; ; ; ;TOTAL NACIONAL;2,67107901099114
06026001124130005;CHIMBORAZO;01;12413;0005; ; ; ; ; ; ; ; ;REGIÓN SIERRA; ; ; ;TOTAL NACIONAL;,337095307877487
06026001124130007;CHIMBORAZO;01;12413;0007; ; ; ; ; ; ; ; ;REGIÓN SIERRA; ; ; ;TOTAL NACIONAL;4,43104404698219
06026001124130008;CHIMBORAZO;01;12413;0008; ; ; ; ; ; ; ; ;REGIÓN SIERRA; ; ; ;TOTAL NACIONAL;5,56953739448865
06026001124130009;CHIMBORAZO;01;12413;0009; ; ; ; ; ; ; ; ;REGIÓN SIERRA; ; ; ;TOTAL NACIONAL;8,07252215544296
06026001124130010;CHIMBORAZO;01;12413;0010; ; ; ; ; ; ; ; ;REGIÓN SIERRA; ; ; ;TOTAL NACIONAL;3,70850037821562
06026001124130012;CHIMBORAZO;01;12413;0012; ;2; ; ; ; ;2;2;REGIÓN SIERRA; ; ; ;TOTAL NACIONAL;17,8829917367056
06025001133320005;CHIMBORAZO;01;13332;0005; ; ; ; ;0; ; ; ;REGIÓN SIERRA; ; ; ;TOTAL NACIONAL;29,3538508095984
06025001133320007;CHIMBORAZO;01;13332;0007; ; ; ; ;0; ; ; ;REGIÓN SIERRA; ; ; ;TOTAL NACIONAL;43,056058653023
06025001133320008;CHIMBORAZO;01;13332;0008; ; ; ; ;0; ; ; ;REGIÓN SIERRA; ; ; ;TOTAL NACIONAL;45,3331361407173
06025001133320015;CHIMBORAZO;01;13332;0015; ; ; ; ;0; ; ; ;REGIÓN SIERRA; ; ; ;TOTAL NACIONAL;,825001731375756
06025001133320016;CHIMBORAZO;01;13332;0016; ; ; ; ;0; ; ; ;REGIÓN SIERRA; ; ; ;TOTAL NACIONAL;24,8907388308888
06025001133320017;CHIMBORAZO;01;13332;0017; ; ; ; ;0; ; ; ;REGIÓN SIERRA; ; ; ;TOTAL NACIONAL;24,9582722067724
06025001133320018;CHIMBORAZO;01;13332;0018; ; ; ; ;0; ; ; ;REGIÓN SIERRA; ; ; ;TOTAL NACIONAL;4,09522232022808
06025001133320019;CHIMBORAZO;01;13332;0019; ; ; ; ;0; ; ; ;REGIÓN SIERRA; ; ; ;TOTAL NACIONAL;1,8152964152367
06025001133320020;CHIMBORAZO;01;13332;0020; ; ; ; ;0; ; ; ;REGIÓN SIERRA; ; ; ;TOTAL NACIONAL;17,2420377256018
06025301134500001;CHIMBORAZO;01;13450;0001; ; ; ; ;0; ; ; ;REGIÓN SIERRA; ; ; ;TOTAL NACIONAL;11,6285927483411
06025301134500008;CHIMBORAZO;01;13450;0008; ; ; ; ;0; ; ; ;REGIÓN SIERRA; ; ; ;TOTAL NACIONAL;23,2834405646664
06025301134500010;CHIMBORAZO;01;13450;0010; ; ; ; ;0; ; ; ;REGIÓN SIERRA; ; ; ;TOTAL NACIONAL;6,58553793781171
06025301134500012;CHIMBORAZO;01;13450;0012; ; ; ; ;0; ; ; ;REGIÓN SIERRA; ; ; ;TOTAL NACIONAL;,602596724279545
06025301135720001;CHIMBORAZO;01;13572;0001; ; ; ; ;0; ; ; ;REGIÓN SIERRA; ; ; ;TOTAL NACIONAL;43,9041100987103
06025301135720003;CHIMBORAZO;01;13572;0003; ; ; ; ;0; ; ; ;REGIÓN SIERRA; ; ; ;TOTAL NACIONAL;,303811515827445
06025301135720004;CHIMBORAZO;01;13572;0004; ; ; ; ;0; ; ; ;REGIÓN SIERRA; ; ; ;TOTAL NACIONAL;12,6516887724918
06025301135720007;CHIMBORAZO;01;13572;0007; ; ; ; ;0; ; ; ;REGIÓN SIERRA; ; ; ;TOTAL NACIONAL;,184435226838931
06025301135990002;CHIMBORAZO;01;13599;0002; ; ; ; ;0; ; ; ;REGIÓN SIERRA; ; ; ;TOTAL NACIONAL;26,1706872628584
06025301135990003;CHIMBORAZO;01;13599;0003; ; ; ; ;0; ; ; ;REGIÓN SIERRA; ; ; ;TOTAL NACIONAL;,974412690815705
06025301135990005;CHIMBORAZO;01;13599;0005; ; ; ; ;0; ; ; ;REGIÓN SIERRA; ; ; ;TOTAL NACIONAL;21,875173663348
06025001136040003;CHIMBORAZO;01;13604;0003; ; ; ; ;0; ; ; ;REGIÓN SIERRA; ; ; ;TOTAL NACIONAL;28,5371689208455
06025001136040005;CHIMBORAZO;01;13604;0005; ; ; ; ;0; ; ; ;REGIÓN SIERRA; ; ; ;TOTAL NACIONAL;32,9730024227515
06025001136040006;CHIMBORAZO;01;13604;0006; ; ; ; ;0; ; ; ;REGIÓN SIERRA; ; ; ;TOTAL NACIONAL;7,26141234631332
06025001136040007;CHIMBORAZO;01;13604;0007; ; ; ; ;0; ; ; ;REGIÓN SIERRA; ; ; ;TOTAL NACIONAL;58,7865679769417
06025001136040009;CHIMBORAZO;01;13604;0009; ; ; ; ;0; ; ; ;REGIÓN SIERRA; ; ; ;TOTAL NACIONAL;6,54921118865725
06025001136040010;CHIMBORAZO;01;13604;0010; ; ; ; ;0; ; ; ;REGIÓN SIERRA; ; ; ;TOTAL NACIONAL;68,3067106620714
06025001136040011;CHIMBORAZO;01;13604;0011; ; ; ; ;0; ; ; ;REGIÓN SIERRA; ; ; ;TOTAL NACIONAL;27,099174018639
06025001136040014;CHIMBORAZO;01;13604;0014; ; ; ; ;0; ; ; ;REGIÓN SIERRA; ; ; ;TOTAL NACIONAL;49,3642837741467
06025001136040015;CHIMBORAZO;01;13604;0015; ; ; ; ;0; ; ; ;REGIÓN SIERRA; ; ; ;TOTAL NACIONAL;9,94233937761432
06025001136040020;CHIMBORAZO;01;13604;0020; ;1; ; ;0; ;1;1;REGIÓN SIERRA; ; ; ;TOTAL NACIONAL;3,15932154577364
06025001136040021;CHIMBORAZO;01;13604;0021; ; ; ; ;0; ; ; ;REGIÓN SIERRA; ; ; ;TOTAL NACIONAL;,939037948555689
06025301137590007;CHIMBORAZO;01;13759;0007; ; ; ; ;0; ; ; ;REGIÓN SIERRA; ; ; ;TOTAL NACIONAL;,875591272782377
06025301137640002;CHIMBORAZO;01;13764;0002; ; ; ; ;0; ; ; ;REGIÓN SIERRA; ; ; ;TOTAL NACIONAL;26,5836699938094
06025001140570002;CHIMBORAZO;01;14057;0002; ; ; ; ;0; ; ; ;REGIÓN SIERRA; ; ; ;TOTAL NACIONAL;9,62540912170288
06025001140570010;CHIMBORAZO;01;14057;0010; ; ; ; ;0; ; ; ;REGIÓN SIERRA; ; ; ;TOTAL NACIONAL;65,6777953697713
06025001140570018;CHIMBORAZO;01;14057;0018; ; ; ; ;0; ; ; ;REGIÓN SIERRA; ; ; ;TOTAL NACIONAL;5,62400223272917
06025301140830001;CHIMBORAZO;01;14083;0001; ; ; ; ;0; ; ; ;REGIÓN SIERRA; ; ; ;TOTAL NACIONAL;14,2812134075738
06025301140830004;CHIMBORAZO;01;14083;0004; ; ; ; ;0; ; ; ;REGIÓN SIERRA; ; ; ;TOTAL NACIONAL;1,46564875735133
06025101140900010;CHIMBORAZO;01;14090;0010; ; ; ; ;0; ; ; ;REGIÓN SIERRA; ; ; ;TOTAL NACIONAL;5,06183011146681
06025101143980009;CHIMBORAZO;01;14398;0009; ; ; ; ;0; ; ; ;REGIÓN SIERRA; ; ; ;TOTAL NACIONAL;20,7959824717463
06025101143980011;CHIMBORAZO;01;14398;0011; ; ; ; ;0; ; ; ;REGIÓN SIERRA; ; ; ;TOTAL NACIONAL;5,46843499445702
06025101143980014;CHIMBORAZO;01;14398;0014; ; ; ; ;0; ; ; ;REGIÓN SIERRA; ; ; ;TOTAL NACIONAL;65,3549706580541
06025101144010002;CHIMBORAZO;01;14401;0002; ; ; ; ;0; ; ; ;REGIÓN SIERRA; ; ; ;TOTAL NACIONAL;25,3780890607898
06025101144010004;CHIMBORAZO;01;14401;0004; ; ; ; ;0; ; ; ;REGIÓN SIERRA; ; ; ;TOTAL NACIONAL;27,8493412249663
06025101144010010;CHIMBORAZO;01;14401;0010; ; ; ; ;0; ; ; ;REGIÓN SIERRA; ; ; ;TOTAL NACIONAL;19,8743221517103
06105001144840002;CHIMBORAZO;01;14484;0002; ; ; ; ; ; ; ; ;REGIÓN SIERRA; ; ; ;TOTAL NACIONAL;12,6121158186693
06025901146620004;CHIMBORAZO;01;14662;0004; ; ; ; ;0; ; ; ;REGIÓN SIERRA; ; ; ;TOTAL NACIONAL;19,7343944449635
06025701148620003;CHIMBORAZO;01;14862;0003; ; ; ; ;0; ; ; ;REGIÓN SIERRA; ; ; ;TOTAL NACIONAL;60,3725624124827
06025701148620005;CHIMBORAZO;01;14862;0005; ; ; ; ;0; ; ; ;REGIÓN SIERRA; ; ; ;TOTAL NACIONAL;4,36891335797863
06025701148620007;CHIMBORAZO;01;14862;0007; ; ; ; ;0; ; ; ;REGIÓN SIERRA; ; ; ;TOTAL NACIONAL;34,0943753252833
06025101148890002;CHIMBORAZO;01;14889;0002; ; ; ; ;0; ; ; ;REGIÓN SIERRA; ; ; ;TOTAL NACIONAL;14,9321239704726
06025301150910005;CHIMBORAZO;01;15091;0005; ; ; ; ; ; ; ; ;REGIÓN SIERRA; ; ; ;TOTAL NACIONAL;33,3898363498487
06055301152290003;CHIMBORAZO;01;15229;0003; ; ; ; ;0; ; ; ;REGIÓN SIERRA; ; ; ;TOTAL NACIONAL;37,2788450782952
06055301152290005;CHIMBORAZO;01;15229;0005; ; ; ; ;0; ; ; ;REGIÓN SIERRA; ; ; ;TOTAL NACIONAL;28,8497702024202
06055301152290006;CHIMBORAZO;01;15229;0006; ; ; ; ;0; ; ; ;REGIÓN SIERRA; ; ; ;TOTAL NACIONAL;9,96937559489601
06055301152290007;CHIMBORAZO;01;15229;0007; ; ; ; ; ; ; ; ;REGIÓN SIERRA; ; ; ;TOTAL NACIONAL;26,5049607213981
06055301152290009;CHIMBORAZO;01;15229;0009; ; ; ; ;0; ; ; ;REGIÓN SIERRA; ; ; ;TOTAL NACIONAL;22,3635606086796
06055301152290011;CHIMBORAZO;01;15229;0011; ; ; ; ;0; ; ; ;REGIÓN SIERRA; ; ; ;TOTAL NACIONAL;6,24149765513986
06025301152850001;CHIMBORAZO;01;15285;0001; ; ; ; ;0; ; ; ;REGIÓN SIERRA; ; ; ;TOTAL NACIONAL;6,6048207939434
06025301152850002;CHIMBORAZO;01;15285;0002; ; ; ; ;0; ; ; ;REGIÓN SIERRA; ; ; ;TOTAL NACIONAL;7,71590365263036
06055301153010014;CHIMBORAZO;01;15301;0014; ; ; ; ;0; ; ; ;REGIÓN SIERRA; ; ; ;TOTAL NACIONAL;3,70958430548635
06025901153200002;CHIMBORAZO;01;15320;0002; ; ; ; ; ; ; ; ;REGIÓN SIERRA; ; ; ;TOTAL NACIONAL;70,1870771668617
06055301154020012;CHIMBORAZO;01;15402;0012; ; ; ; ; ; ; ; ;REGIÓN SIERRA; ; ; ;TOTAL NACIONAL;50,0275218290794
06025101154500001;CHIMBORAZO;01;15450;0001; ; ; ; ; ; ; ; ;REGIÓN SIERRA; ; ; ;TOTAL NACIONAL;50,5147618207859
06025101154500002;CHIMBORAZO;01;15450;0002; ; ; ; ;1; ; ; ;REGIÓN SIERRA; ; ; ;TOTAL NACIONAL;11,2147897682117
06025101154500005;CHIMBORAZO;01;15450;0005;1; ; ;3;0;1;3;4;REGIÓN SIERRA; ; ; ;TOTAL NACIONAL;32,2295977296673
06025101154500007;CHIMBORAZO;01;15450;0007; ; ; ; ; ; ; ; ;REGIÓN SIERRA; ; ; ;TOTAL NACIONAL;23,580038826431
06025101154500009;CHIMBORAZO;01;15450;0009; ; ; ; ;0; ; ; ;REGIÓN SIERRA; ; ; ;TOTAL NACIONAL;4,47697960662959
06025101154500011;CHIMBORAZO;01;15450;0011; ; ; ; ;2; ; ; ;REGIÓN SIERRA; ; ; ;TOTAL NACIONAL;50,1179068867569
06025101154500013;CHIMBORAZO;01;15450;0013; ; ; ; ;0; ; ; ;REGIÓN SIERRA; ; ; ;TOTAL NACIONAL;44,0981715346671
06025101154500019;CHIMBORAZO;01;15450;0019; ; ; ; ;0; ; ; ;REGIÓN SIERRA; ; ; ;TOTAL NACIONAL;5,98435402278958
06025101156240002;CHIMBORAZO;01;15624;0002; ; ; ; ;0; ; ; ;REGIÓN SIERRA; ; ; ;TOTAL NACIONAL;23,2067859413451
06025101156240003;CHIMBORAZO;01;15624;0003; ;1; ; ;0; ;1;1;REGIÓN SIERRA; ; ; ;TOTAL NACIONAL;43,9287135890713
06025101156240007;CHIMBORAZO;01;15624;0007; ; ; ; ;0; ; ; ;REGIÓN SIERRA; ; ; ;TOTAL NACIONAL;32,6573161019644
06055001158610001;CHIMBORAZO;01;15861;0001; ; ; ; ;0; ; ; ;REGIÓN SIERRA; ; ; ;TOTAL NACIONAL;2,10381463069645
06055001158610003;CHIMBORAZO;01;15861;0003; ; ; ; ; ; ; ; ;REGIÓN SIERRA; ; ; ;TOTAL NACIONAL;8,52069311060027
06025101162550003;CHIMBORAZO;01;16255;0003; ; ; ; ;0; ; ; ;REGIÓN SIERRA; ; ; ;TOTAL NACIONAL;10,3014498978658
06025101162550006;CHIMBORAZO;01;16255;0006; ; ; ; ;0; ; ; ;REGIÓN SIERRA; ; ; ;TOTAL NACIONAL;3,46045656008471
06025101162550008;CHIMBORAZO;01;16255;0008; ; ; ; ;0; ; ; ;REGIÓN SIERRA; ; ; ;TOTAL NACIONAL;3,21076013783014
06025101162550010;CHIMBORAZO;01;16255;0010; ; ; ; ;0; ; ; ;REGIÓN SIERRA; ; ; ;TOTAL NACIONAL;59,2874693120158
06055001162710001;CHIMBORAZO;01;16271;0001; ; ; ; ; ; ; ; ;REGIÓN SIERRA; ; ; ;TOTAL NACIONAL;48,0117301355058
06055001162710003;CHIMBORAZO;01;16271;0003; ; ; ; ; ; ; ; ;REGIÓN SIERRA; ; ; ;TOTAL NACIONAL;22,7532071505304
06025101163620005;CHIMBORAZO;01;16362;0005; ; ; ; ; ; ; ; ;REGIÓN SIERRA; ; ; ;TOTAL NACIONAL;41,2471812631593
06025101163620007;CHIMBORAZO;01;16362;0007; ; ; ; ;0; ; ; ;REGIÓN SIERRA; ; ; ;TOTAL NACIONAL;5,21409063371766
06025101163620009;CHIMBORAZO;01;16362;0009; ; ; ; ;0; ; ; ;REGIÓN SIERRA; ; ; ;TOTAL NACIONAL;2,06808883308513
06025101163620018;CHIMBORAZO;01;16362;0018; ; ; ; ;0; ; ; ;REGIÓN SIERRA; ; ; ;TOTAL NACIONAL;48,8169235581815
06025101163620020;CHIMBORAZO;01;16362;0020; ; ; ; ;0; ; ; ;REGIÓN SIERRA; ; ; ;TOTAL NACIONAL;40,6097443587625
06025101163620021;CHIMBORAZO;01;16362;0021; ; ; ; ;0; ; ; ;REGIÓN SIERRA; ; ; ;TOTAL NACIONAL;,599548405051098
06055101163960002;CHIMBORAZO;01;16396;0002; ; ; ;12;2; ;12;12;REGIÓN SIERRA; ; ; ;TOTAL NACIONAL;61,0153351501447
06055101164470002;CHIMBORAZO;01;16447;0002; ; ; ;1;0; ;1;1;REGIÓN SIERRA; ; ; ;TOTAL NACIONAL;50,5162259223225
06055101164470016;CHIMBORAZO;01;16447;0016; ; ; ; ;0; ; ; ;REGIÓN SIERRA; ; ; ;TOTAL NACIONAL;8,89188670571493
06055101164470017;CHIMBORAZO;01;16447;0017;7; ; ; ; ;7; ;7;REGIÓN SIERRA; ; ; ;TOTAL NACIONAL;4,27679576979936
06055101164470020;CHIMBORAZO;01;16447;0020; ; ; ; ;0; ; ; ;REGIÓN SIERRA; ; ; ;TOTAL NACIONAL;9,9959605964824
06055101164470021;CHIMBORAZO;01;16447;0021; ; ; ; ; ; ; ; ;REGIÓN SIERRA; ; ; ;TOTAL NACIONAL;4,99827562404391
06055201167850001;CHIMBORAZO;01;16785;0001; ; ; ; ;0; ; ; ;REGIÓN SIERRA; ; ; ;TOTAL NACIONAL;26,9527010042253
06055201167850007;CHIMBORAZO;01;16785;0007; ; ; ; ;0; ; ; ;REGIÓN SIERRA; ; ; ;TOTAL NACIONAL;65,0481083746607
06055001169300001;CHIMBORAZO;01;16930;0001; ; ; ; ;0; ; ; ;REGIÓN SIERRA; ; ; ;TOTAL NACIONAL;55,8409052676416
06055001172950001;CHIMBORAZO;01;17295;0001; ; ; ; ;0; ; ; ;REGIÓN SIERRA; ; ; ;TOTAL NACIONAL;112,917650286448
06055401174210002;CHIMBORAZO;01;17421;0002; ;1; ; ;0; ;1;1;REGIÓN SIERRA; ; ; ;TOTAL NACIONAL;,093330977930507
06055401174210005;CHIMBORAZO;01;17421;0005;1; ;1; ; ;2; ;2;REGIÓN SIERRA; ; ; ;TOTAL NACIONAL;39,1522341335406
06055001174410001;CHIMBORAZO;01;17441;0001; ; ; ; ;0; ; ; ;REGIÓN SIERRA; ; ; ;TOTAL NACIONAL;20,2046012056559
06105002000020005;CHIMBORAZO;02;00002;0005; ; ; ; ; ; ; ; ;REGIÓN SIERRA; ; ; ;TOTAL NACIONAL;5,9666150641361
06105002000020007;CHIMBORAZO;02;00002;0007;20;0;0;0;0;20;0;20;REGIÓN SIERRA; ; ; ;TOTAL NACIONAL;,171737110980194
06105002000030001;CHIMBORAZO;02;00003;0001; ; ; ; ;0; ; ; ;REGIÓN SIERRA; ; ; ;TOTAL NACIONAL;,145446738344693
06105002000030004;CHIMBORAZO;02;00003;0004; ; ; ; ; ; ; ; ;REGIÓN SIERRA; ; ; ;TOTAL NACIONAL;4,04966703811067
06105002000050009;CHIMBORAZO;02;00005;0009; ;40; ;40;1; ;80;80;REGIÓN SIERRA; ; ; ;TOTAL NACIONAL;43,4840764123309
06075103000390005;CHIMBORAZO;03;00039;0005; ; ; ; ; ; ; ; ;REGIÓN SIERRA; ; ; ;TOTAL NACIONAL;21,6280113906196
06075103000390007;CHIMBORAZO;03;00039;0007; ; ; ; ; ; ; ; ;REGIÓN SIERRA; ; ; ;TOTAL NACIONAL;41,5776899416178
06075103000390008;CHIMBORAZO;03;00039;0008; ; ; ; ;0; ; ; ;REGIÓN SIERRA; ; ; ;TOTAL NACIONAL;44,3579879705153
06075103000390011;CHIMBORAZO;03;00039;0011;15; ;15; ; ;30; ;30;REGIÓN SIERRA; ; ; ;TOTAL NACIONAL;20,7979055936564
06075103000390013;CHIMBORAZO;03;00039;0013; ; ; ; ; ; ; ; ;REGIÓN SIERRA; ; ; ;TOTAL NACIONAL;86,6357031370168
06075103000390021;CHIMBORAZO;03;00039;0021; ; ; ; ;0; ; ; ;REGIÓN SIERRA; ; ; ;TOTAL NACIONAL;53,6888612252341
06075103000390025;CHIMBORAZO;03;00039;0025; ; ; ; ; ; ; ; ;REGIÓN SIERRA; ; ; ;TOTAL NACIONAL;12,1836609847856
06075103000390027;CHIMBORAZO;03;00039;0027; ; ; ; ;0; ; ; ;REGIÓN SIERRA; ; ; ;TOTAL NACIONAL;16,0622662500857
06075103000390029;CHIMBORAZO;03;00039;0029; ;1; ; ; ; ;1;1;REGIÓN SIERRA; ; ; ;TOTAL NACIONAL;55,3255563551441
06075103000390033;CHIMBORAZO;03;00039;0033; ; ; ; ;0; ; ; ;REGIÓN SIERRA; ; ; ;TOTAL NACIONAL;30,0058120656012
06075103000390042;CHIMBORAZO;03;00039;0042; ; ; ; ;0; ; ; ;REGIÓN SIERRA; ; ; ;TOTAL NACIONAL;2,51148031214575
06035003001470003;CHIMBORAZO;03;00147;0003; ; ; ; ; ; ; ; ;REGIÓN SIERRA; ; ; ;TOTAL NACIONAL;137,750816116129
06015803001660004;CHIMBORAZO;03;00166;0004; ; ; ; ; ; ; ; ;REGIÓN SIERRA; ; ; ;TOTAL NACIONAL;89,8965619416559
06015803001660007;CHIMBORAZO;03;00166;0007; ; ; ; ; ; ; ; ;REGIÓN SIERRA; ; ; ;TOTAL NACIONAL;79,7717637055904
06045003001710012;CHIMBORAZO;03;00171;0012; ; ; ; ;0; ; ; ;REGIÓN SIERRA; ; ; ;TOTAL NACIONAL;10,2287606231
06015703002870002;CHIMBORAZO;03;00287;0002; ; ; ; ; ; ; ; ;REGIÓN SIERRA; ; ; ;TOTAL NACIONAL;11,9428443197945
06015703002870003;CHIMBORAZO;03;00287;0003; ; ; ; ; ; ; ; ;REGIÓN SIERRA; ; ; ;TOTAL NACIONAL;178,092329026936
06015703002870009;CHIMBORAZO;03;00287;0009; ; ; ; ; ; ; ; ;REGIÓN SIERRA; ; ; ;TOTAL NACIONAL;200,704242534318
06015703002870010;CHIMBORAZO;03;00287;0010; ; ; ; ; ; ; ; ;REGIÓN SIERRA; ; ; ;TOTAL NACIONAL;194,682846648978
06015703002870011;CHIMBORAZO;03;00287;0011; ; ; ; ;0; ; ; ;REGIÓN SIERRA; ; ; ;TOTAL NACIONAL;78,3145669948683
06015703002870012;CHIMBORAZO;03;00287;0012; ; ; ; ; ; ; ; ;REGIÓN SIERRA; ; ; ;TOTAL NACIONAL;39,0788095925613
06015703002870013;CHIMBORAZO;03;00287;0013; ; ; ; ; ; ; ; ;REGIÓN SIERRA; ; ; ;TOTAL NACIONAL;268,765579782182
06015703002870014;CHIMBORAZO;03;00287;0014; ; ; ; ; ; ; ; ;REGIÓN SIERRA; ; ; ;TOTAL NACIONAL;108,160543251687
06015703002870016;CHIMBORAZO;03;00287;0016; ; ; ; ; ; ; ; ;REGIÓN SIERRA; ; ; ;TOTAL NACIONAL;42,439968961811
06026003005480006;CHIMBORAZO;03;00548;0006; ; ; ; ; ; ; ; ;REGIÓN SIERRA; ; ; ;TOTAL NACIONAL;41,7820304962293
06026003005480008;CHIMBORAZO;03;00548;0008; ; ; ; ; ; ; ; ;REGIÓN SIERRA; ; ; ;TOTAL NACIONAL;52,7637822440462
06026003005510001;CHIMBORAZO;03;00551;0001; ; ; ; ; ; ; ; ;REGIÓN SIERRA; ; ; ;TOTAL NACIONAL;45,4681949113859
06026003005510003;CHIMBORAZO;03;00551;0003; ; ; ; ; ; ; ; ;REGIÓN SIERRA; ; ; ;TOTAL NACIONAL;39,1079646304607
06026003005510006;CHIMBORAZO;03;00551;0006; ; ; ; ; ; ; ; ;REGIÓN SIERRA; ; ; ;TOTAL NACIONAL;51,7298568608375
06026003005510008;CHIMBORAZO;03;00551;0008; ; ; ; ; ; ; ; ;REGIÓN SIERRA; ; ; ;TOTAL NACIONAL;54,2554900149953
06026003005510013;CHIMBORAZO;03;00551;0013; ; ; ; ; ; ; ; ;REGIÓN SIERRA; ; ; ;TOTAL NACIONAL;56,605881818336
06026003005510014;CHIMBORAZO;03;00551;0014; ; ; ; ;0; ; ; ;REGIÓN SIERRA; ; ; ;TOTAL NACIONAL;51,1775412729115
06026003005510015;CHIMBORAZO;03;00551;0015; ; ; ; ;0; ; ; ;REGIÓN SIERRA; ; ; ;TOTAL NACIONAL;58,332274134811
06026003005510016;CHIMBORAZO;03;00551;0016; ; ; ; ;0; ; ; ;REGIÓN SIERRA; ; ; ;TOTAL NACIONAL;16,693181182615
06026003005510020;CHIMBORAZO;03;00551;0020; ; ; ; ;0; ; ; ;REGIÓN SIERRA; ; ; ;TOTAL NACIONAL;32,0123289050095
06026003005510031;CHIMBORAZO;03;00551;0031;5; ; ;1;0;5;1;6;REGIÓN SIERRA; ; ; ;TOTAL NACIONAL;57,8799447384154
06025503005980013;CHIMBORAZO;03;00598;0013; ; ; ; ; ; ; ; ;REGIÓN SIERRA; ; ; ;TOTAL NACIONAL;32,8236401951567
06025503005990001;CHIMBORAZO;03;00599;0001; ; ; ; ; ; ; ; ;REGIÓN SIERRA; ; ; ;TOTAL NACIONAL;42,231220759212
06025503005990004;CHIMBORAZO;03;00599;0004; ; ; ; ; ; ; ; ;REGIÓN SIERRA; ; ; ;TOTAL NACIONAL;56,7068334527247
06025503005990006;CHIMBORAZO;03;00599;0006; ; ; ; ; ; ; ; ;REGIÓN SIERRA; ; ; ;TOTAL NACIONAL;4,56922278015673
06105003006790002;CHIMBORAZO;03;00679;0002; ; ; ; ; ; ; ; ;REGIÓN SIERRA; ; ; ;TOTAL NACIONAL;60,6981422218691
06105003006790003;CHIMBORAZO;03;00679;0003; ; ; ; ; ; ; ; ;REGIÓN SIERRA; ; ; ;TOTAL NACIONAL;52,780003314448
06065004000940001;CHIMBORAZO;04;00094;0001; ; ; ; ; ; ; ; ;REGIÓN SIERRA; ; ; ;TOTAL NACIONAL;24,3289748457363
06065004000940005;CHIMBORAZO;04;00094;0005; ; ; ; ; ; ; ; ;REGIÓN SIERRA; ; ; ;TOTAL NACIONAL;20,9859770427067
06065004000940006;CHIMBORAZO;04;00094;0006; ; ; ; ; ; ; ; ;REGIÓN SIERRA; ; ; ;TOTAL NACIONAL;29,6115539167273
06065004000940007;CHIMBORAZO;04;00094;0007; ; ; ; ; ; ; ; ;REGIÓN SIERRA; ; ; ;TOTAL NACIONAL;34,5800011198046
06065004000940008;CHIMBORAZO;04;00094;0008; ; ; ; ; ; ; ; ;REGIÓN SIERRA; ; ; ;TOTAL NACIONAL;27,7371737871267
06065004000940009;CHIMBORAZO;04;00094;0009; ; ; ; ; ; ; ; ;REGIÓN SIERRA; ; ; ;TOTAL NACIONAL;34,5869296316647
06065004000940010;CHIMBORAZO;04;00094;0010; ; ; ; ; ; ; ; ;REGIÓN SIERRA; ; ; ;TOTAL NACIONAL;11,5682637765908
06065004000940012;CHIMBORAZO;04;00094;0012; ; ; ; ; ; ; ; ;REGIÓN SIERRA; ; ; ;TOTAL NACIONAL;55,4251582108267
06065004000940013;CHIMBORAZO;04;00094;0013; ; ; ; ; ; ; ; ;REGIÓN SIERRA; ; ; ;TOTAL NACIONAL;62,1415298877694
06065004000940014;CHIMBORAZO;04;00094;0014; ; ; ; ;0; ; ; ;REGIÓN SIERRA; ; ; ;TOTAL NACIONAL;16,1237507591216
06065004000940015;CHIMBORAZO;04;00094;0015; ; ; ; ; ; ; ; ;REGIÓN SIERRA; ; ; ;TOTAL NACIONAL;27,3689250450024
06065004000940019;CHIMBORAZO;04;00094;0019; ; ; ; ; ; ; ; ;REGIÓN SIERRA; ; ; ;TOTAL NACIONAL;36,9436143444006
06065004000940022;CHIMBORAZO;04;00094;0022; ; ; ; ; ; ; ; ;REGIÓN SIERRA; ; ; ;TOTAL NACIONAL;21,4906935343019
06065004001060014;CHIMBORAZO;04;00106;0014; ; ; ; ; ; ; ; ;REGIÓN SIERRA; ; ; ;TOTAL NACIONAL;26,7834693775863
06065204001080001;CHIMBORAZO;04;00108;0001; ; ; ; ;2; ; ; ;REGIÓN SIERRA; ; ; ;TOTAL NACIONAL;5,89605518842073
06065204001080005;CHIMBORAZO;04;00108;0005; ; ; ; ; ; ; ; ;REGIÓN SIERRA; ; ; ;TOTAL NACIONAL;12,2492010577052
06065204001080013;CHIMBORAZO;04;00108;0013; ; ; ;1; ; ;1;1;REGIÓN SIERRA; ; ; ;TOTAL NACIONAL;28,3530555510108
06065204001110001;CHIMBORAZO;04;00111;0001; ; ; ; ; ; ; ; ;REGIÓN SIERRA; ; ; ;TOTAL NACIONAL;122,080596079753
06065204001110002;CHIMBORAZO;04;00111;0002; ; ; ; ; ; ; ; ;REGIÓN SIERRA; ; ; ;TOTAL NACIONAL;144,54706779823
06065204001110003;CHIMBORAZO;04;00111;0003; ; ; ; ; ; ; ; ;REGIÓN SIERRA; ; ; ;TOTAL NACIONAL;114,118515880742
06065204001110005;CHIMBORAZO;04;00111;0005; ; ; ; ; ; ; ; ;REGIÓN SIERRA; ; ; ;TOTAL NACIONAL;47,8962027920553
06065204001110007;CHIMBORAZO;04;00111;0007; ; ; ; ; ; ; ; ;REGIÓN SIERRA; ; ; ;TOTAL NACIONAL;138,776767051957
06065204001110008;CHIMBORAZO;04;00111;0008; ; ; ; ; ; ; ; ;REGIÓN SIERRA; ; ; ;TOTAL NACIONAL;122,554034548306
06065204001110009;CHIMBORAZO;04;00111;0009; ; ; ; ; ; ; ; ;REGIÓN SIERRA; ; ; ;TOTAL NACIONAL;173,984936489672
06065204001110016;CHIMBORAZO;04;00111;0016; ; ; ; ; ; ; ; ;REGIÓN SIERRA; ; ; ;TOTAL NACIONAL;54,5087521186458
06065204001110019;CHIMBORAZO;04;00111;0019; ; ; ; ; ; ; ; ;REGIÓN SIERRA; ; ; ;TOTAL NACIONAL;149,690638801235
06065204001110020;CHIMBORAZO;04;00111;0020; ; ; ; ; ; ; ; ;REGIÓN SIERRA; ; ; ;TOTAL NACIONAL;2,93623820138847
06065204001110021;CHIMBORAZO;04;00111;0021; ; ; ; ; ; ; ; ;REGIÓN SIERRA; ; ; ;TOTAL NACIONAL;126,148399866079
06065204001110023;CHIMBORAZO;04;00111;0023; ; ; ; ; ; ; ; ;REGIÓN SIERRA; ; ; ;TOTAL NACIONAL;94,0295669804477
06065204001110024;CHIMBORAZO;04;00111;0024; ; ; ; ; ; ; ; ;REGIÓN SIERRA; ; ; ;TOTAL NACIONAL;49,0530048486745
06065204001110025;CHIMBORAZO;04;00111;0025; ; ; ; ; ; ; ; ;REGIÓN SIERRA; ; ; ;TOTAL NACIONAL;108,917561901465
06065204001110027;CHIMBORAZO;04;00111;0027; ; ; ;1; ; ;1;1;REGIÓN SIERRA; ; ; ;TOTAL NACIONAL;55,5570138712476
06065204001110029;CHIMBORAZO;04;00111;0029; ; ; ; ; ; ; ; ;REGIÓN SIERRA; ; ; ;TOTAL NACIONAL;133,151240876378
06065204001110030;CHIMBORAZO;04;00111;0030; ; ; ; ; ; ; ; ;REGIÓN SIERRA; ; ; ;TOTAL NACIONAL;143,275533425897
06065204001110031;CHIMBORAZO;04;00111;0031; ; ; ; ; ; ; ; ;REGIÓN SIERRA; ; ; ;TOTAL NACIONAL;117,466984349724
06065204001110032;CHIMBORAZO;04;00111;0032; ; ; ; ; ; ; ; ;REGIÓN SIERRA; ; ; ;TOTAL NACIONAL;176,773976190135
06065204001110035;CHIMBORAZO;04;00111;0035; ; ; ; ; ; ; ; ;REGIÓN SIERRA; ; ; ;TOTAL NACIONAL;50,4102090493142
06065204001110040;CHIMBORAZO;04;00111;0040; ; ; ; ; ; ; ; ;REGIÓN SIERRA; ; ; ;TOTAL NACIONAL;135,221715558647
06065204001110044;CHIMBORAZO;04;00111;0044; ; ; ; ; ; ; ; ;REGIÓN SIERRA; ; ; ;TOTAL NACIONAL;96,3134990921799
06065204001110049;CHIMBORAZO;04;00111;0049; ; ; ; ; ; ; ; ;REGIÓN SIERRA; ; ; ;TOTAL NACIONAL;41,9452956416061
06065204001110056;CHIMBORAZO;04;00111;0056; ; ; ; ; ; ; ; ;REGIÓN SIERRA; ; ; ;TOTAL NACIONAL;94,2745681716863
06065204001110061;CHIMBORAZO;04;00111;0061; ; ; ; ; ; ; ; ;REGIÓN SIERRA; ; ; ;TOTAL NACIONAL;67,2665066806199
06065204001110063;CHIMBORAZO;04;00111;0063; ; ; ; ; ; ; ; ;REGIÓN SIERRA; ; ; ;TOTAL NACIONAL;55,5562979786033
06025562000990392;CHIMBORAZO;62;00099;0392; ;125; ;125;2; ;250;250;REGIÓN SIERRA; ; ; ;TOTAL NACIONAL;1
06105062000990447;CHIMBORAZO;62;00099;0447; ; ;10; ;1;10; ;10;REGIÓN SIERRA; ; ; ;TOTAL NACIONAL;1
06105062000990468;CHIMBORAZO;62;00099;0468; ; ; ; ;0; ; ; ;REGIÓN SIERRA; ; ; ;TOTAL NACIONAL;1
06025562000990540;CHIMBORAZO;62;00099;0540; ; ; ; ;3; ; ; ;REGIÓN SIERRA; ; ; ;TOTAL NACIONAL;1
06105062000993937;CHIMBORAZO;62;00099;3937; ;50; ;10;0; ;60;60;REGIÓN SIERRA; ; ; ;TOTAL NACIONAL;1
06025564000991699;CHIMBORAZO;64;00099;1699; ; ; ; ;0; ; ; ;REGIÓN SIERRA; ; ; ;TOTAL NACIONAL;1
06045064000991728;CHIMBORAZO;64;00099;1728; ; ; ; ; ; ; ; ;REGIÓN SIERRA; ; ; ;TOTAL NACIONAL;1
07065401000230001;EL ORO;01;00023;0001; ; ; ; ;0; ; ; ; ;REGIÓN COSTA; ; ;TOTAL NACIONAL;17,6872800683351
07135101005690002;EL ORO;01;00569;0002; ; ; ; ;0; ; ; ; ;REGIÓN COSTA; ; ;TOTAL NACIONAL;68,0970886229048
07135101009090004;EL ORO;01;00909;0004; ; ; ; ; ; ; ; ; ;REGIÓN COSTA; ; ;TOTAL NACIONAL;10,4616515864928
07135101009310002;EL ORO;01;00931;0002; ; ; ; ; ; ; ; ; ;REGIÓN COSTA; ; ;TOTAL NACIONAL;45,6788317453453
07135101009310003;EL ORO;01;00931;0003; ; ; ; ; ; ; ; ; ;REGIÓN COSTA; ; ;TOTAL NACIONAL;40,054491770887
07135101009570001;EL ORO;01;00957;0001; ; ; ; ; ; ; ; ; ;REGIÓN COSTA; ; ;TOTAL NACIONAL;38,9776830340638
07135101009570002;EL ORO;01;00957;0002; ; ; ; ; ; ; ; ; ;REGIÓN COSTA; ; ;TOTAL NACIONAL;27,9223488731652
07135101009570004;EL ORO;01;00957;0004; ; ; ; ; ; ; ; ; ;REGIÓN COSTA; ; ;TOTAL NACIONAL;3,1562683292852
07135301027580001;EL ORO;01;02758;0001; ; ; ; ; ; ; ; ; ;REGIÓN COSTA; ; ;TOTAL NACIONAL;32,2977006624738
07135301029290001;EL ORO;01;02929;0001; ; ; ; ; ; ; ; ; ;REGIÓN COSTA; ; ;TOTAL NACIONAL;49,7642588117031
07135301029290002;EL ORO;01;02929;0002;3; ; ;3; ;3;3;6; ;REGIÓN COSTA; ; ;TOTAL NACIONAL;7,57682703634686
07055001030510001;EL ORO;01;03051;0001; ; ; ; ;1; ; ; ; ;REGIÓN COSTA; ; ;TOTAL NACIONAL;9,70363290413569
07135301030760001;EL ORO;01;03076;0001;3; ; ;3;0;3;3;6; ;REGIÓN COSTA; ; ;TOTAL NACIONAL;10,996884689945
07055001033790002;EL ORO;01;03379;0002; ; ; ; ;1; ; ; ; ;REGIÓN COSTA; ; ;TOTAL NACIONAL;3,11509018903131
07055001033790003;EL ORO;01;03379;0003; ;22; ;36;0; ;58;58; ;REGIÓN COSTA; ; ;TOTAL NACIONAL;19,3589375750496
07135301034380001;EL ORO;01;03438;0001; ; ; ; ; ; ; ; ; ;REGIÓN COSTA; ; ;TOTAL NACIONAL;20,438210780866
07135301034380003;EL ORO;01;03438;0003; ; ; ; ; ; ; ; ; ;REGIÓN COSTA; ; ;TOTAL NACIONAL;31,3404277733233
07135301034380005;EL ORO;01;03438;0005; ; ; ; ;0; ; ; ; ;REGIÓN COSTA; ; ;TOTAL NACIONAL;5,41740691187066
07055001034750001;EL ORO;01;03475;0001; ; ; ; ; ; ; ; ; ;REGIÓN COSTA; ; ;TOTAL NACIONAL;26,5577538607337
07135301036110001;EL ORO;01;03611;0001; ; ; ; ; ; ; ; ; ;REGIÓN COSTA; ; ;TOTAL NACIONAL;,885206961139088
07135301036110002;EL ORO;01;03611;0002; ; ; ; ; ; ; ; ; ;REGIÓN COSTA; ; ;TOTAL NACIONAL;38,2377554578384
07135301038060002;EL ORO;01;03806;0002; ; ; ; ; ; ; ; ; ;REGIÓN COSTA; ; ;TOTAL NACIONAL;20,1909589386963
07135301038060003;EL ORO;01;03806;0003; ; ; ; ; ; ; ; ; ;REGIÓN COSTA; ; ;TOTAL NACIONAL;10,4405103304223
07135301038310001;EL ORO;01;03831;0001; ; ; ; ; ; ; ; ; ;REGIÓN COSTA; ; ;TOTAL NACIONAL;28,230422060402
07135301040040001;EL ORO;01;04004;0001; ; ; ; ; ; ; ; ; ;REGIÓN COSTA; ; ;TOTAL NACIONAL;46,2361608238776
07055001041650001;EL ORO;01;04165;0001; ;1; ;1; ; ;2;2; ;REGIÓN COSTA; ; ;TOTAL NACIONAL;47,2494644804347
07055001041670002;EL ORO;01;04167;0002; ; ; ; ;1; ; ; ; ;REGIÓN COSTA; ; ;TOTAL NACIONAL;1,1742473995438
07135301043590003;EL ORO;01;04359;0003; ; ; ; ;2; ; ; ; ;REGIÓN COSTA; ; ;TOTAL NACIONAL;159,639101086101
07135301043590005;EL ORO;01;04359;0005; ; ; ; ; ; ; ; ; ;REGIÓN COSTA; ; ;TOTAL NACIONAL;55,1276817627644
07135301043590008;EL ORO;01;04359;0008; ; ; ; ; ; ; ; ; ;REGIÓN COSTA; ; ;TOTAL NACIONAL;77,5831818842117
07135301043590010;EL ORO;01;04359;0010; ; ; ; ; ; ; ; ; ;REGIÓN COSTA; ; ;TOTAL NACIONAL;5,19673662764263
07055001043850003;EL ORO;01;04385;0003; ; ; ; ; ; ; ; ; ;REGIÓN COSTA; ; ;TOTAL NACIONAL;20,9675237247417
07055001043850004;EL ORO;01;04385;0004; ; ; ; ; ; ; ; ; ;REGIÓN COSTA; ; ;TOTAL NACIONAL;34,0022586665386
07135301046610001;EL ORO;01;04661;0001; ; ; ; ; ; ; ; ; ;REGIÓN COSTA; ; ;TOTAL NACIONAL;29,4862152787364
07055001047440001;EL ORO;01;04744;0001; ; ; ; ; ; ; ; ; ;REGIÓN COSTA; ; ;TOTAL NACIONAL;11,8397119710344
07135301048160001;EL ORO;01;04816;0001; ; ; ;4; ; ;4;4; ;REGIÓN COSTA; ; ;TOTAL NACIONAL;21,6189701523872
07135301048160002;EL ORO;01;04816;0002; ; ; ; ;0; ; ; ; ;REGIÓN COSTA; ; ;TOTAL NACIONAL;15,0444770104185
07125701051860001;EL ORO;01;05186;0001; ;8; ; ; ; ;8;8; ;REGIÓN COSTA; ; ;TOTAL NACIONAL;25,3490848807252
07125701053150001;EL ORO;01;05315;0001; ;4; ; ; ; ;4;4; ;REGIÓN COSTA; ; ;TOTAL NACIONAL;46,1290479391705
07035101056070001;EL ORO;01;05607;0001; ; ; ; ; ; ; ; ; ;REGIÓN COSTA; ; ;TOTAL NACIONAL;8,62575505514751
07035101056680001;EL ORO;01;05668;0001; ; ; ; ; ; ; ; ; ;REGIÓN COSTA; ; ;TOTAL NACIONAL;8,53259690055191
07035201057930001;EL ORO;01;05793;0001;2; ;3; ; ;5; ;5; ;REGIÓN COSTA; ; ;TOTAL NACIONAL;12,2512973718682
07135501060370001;EL ORO;01;06037;0001; ; ; ; ; ; ; ; ; ;REGIÓN COSTA; ; ;TOTAL NACIONAL;12,0068861813804
07135501061640001;EL ORO;01;06164;0001; ; ; ; ; ; ; ; ; ;REGIÓN COSTA; ; ;TOTAL NACIONAL;16,0750796151819
07135901063430001;EL ORO;01;06343;0001;2; ; ;1; ;2;1;3; ;REGIÓN COSTA; ; ;TOTAL NACIONAL;58,892399242897
07125701065680001;EL ORO;01;06568;0001; ;10; ; ; ; ;10;10; ;REGIÓN COSTA; ; ;TOTAL NACIONAL;29,1478297605674
07135901066510002;EL ORO;01;06651;0002; ; ; ; ;0; ; ; ; ;REGIÓN COSTA; ; ;TOTAL NACIONAL;6,13732947615574
07125501068800001;EL ORO;01;06880;0001; ;4; ; ; ; ;4;4; ;REGIÓN COSTA; ; ;TOTAL NACIONAL;43,5461399576901
07135901072770001;EL ORO;01;07277;0001; ; ; ; ; ; ; ; ; ;REGIÓN COSTA; ; ;TOTAL NACIONAL;3,77249175179165
07035101073410002;EL ORO;01;07341;0002; ;4; ;1;0; ;5;5; ;REGIÓN COSTA; ; ;TOTAL NACIONAL;3,57055720835452
07035101074080001;EL ORO;01;07408;0001; ; ; ; ;0; ; ; ; ;REGIÓN COSTA; ; ;TOTAL NACIONAL;4,90149905253702
07035001075220001;EL ORO;01;07522;0001; ; ; ; ; ; ; ; ; ;REGIÓN COSTA; ; ;TOTAL NACIONAL;26,0765583025951
07105301076060001;EL ORO;01;07606;0001;400;30;400;30;0;800;60;860; ;REGIÓN COSTA; ; ;TOTAL NACIONAL;4,8157432371689
07105001079570001;EL ORO;01;07957;0001; ;10; ;20;0; ;30;30; ;REGIÓN COSTA; ; ;TOTAL NACIONAL;6,80763757296808
07105501096050001;EL ORO;01;09605;0001; ;50; ;50;0; ;100;100; ;REGIÓN COSTA; ; ;TOTAL NACIONAL;64,6864500811008
07105501097570004;EL ORO;01;09757;0004; ; ; ;3;0; ;3;3; ;REGIÓN COSTA; ; ;TOTAL NACIONAL;,109866850725126
07085001108990001;EL ORO;01;10899;0001;172; ;173; ;0;345; ;345; ;REGIÓN COSTA; ; ;TOTAL NACIONAL;13,4473534191363
07115301112230001;EL ORO;01;11223;0001; ; ; ; ; ; ; ; ; ;REGIÓN COSTA; ; ;TOTAL NACIONAL;2,28275087701018
07085001114230001;EL ORO;01;11423;0001; ; ; ; ;0; ; ; ; ;REGIÓN COSTA; ; ;TOTAL NACIONAL;19,5845270138102
07085001115910001;EL ORO;01;11591;0001; ; ; ; ; ; ; ; ; ;REGIÓN COSTA; ; ;TOTAL NACIONAL;41,1099798890877
07085001115910003;EL ORO;01;11591;0003; ; ; ; ;12; ; ; ; ;REGIÓN COSTA; ; ;TOTAL NACIONAL;0
07105101118150002;EL ORO;01;11815;0002; ; ; ; ; ; ; ; ; ;REGIÓN COSTA; ; ;TOTAL NACIONAL;41,2121451859225
07105101118150003;EL ORO;01;11815;0003; ; ; ; ; ; ; ; ; ;REGIÓN COSTA; ; ;TOTAL NACIONAL;35,5047280705528
07045001119120001;EL ORO;01;11912;0001; ; ; ; ; ; ; ; ; ;REGIÓN COSTA; ; ;TOTAL NACIONAL;13,3318181409259
07105101121160001;EL ORO;01;12116;0001; ;2; ;2; ; ;4;4; ;REGIÓN COSTA; ; ;TOTAL NACIONAL;,0105658963925668
07025602017370005;EL ORO;02;01737;0005; ;9; ; ; ; ;9;9; ;REGIÓN COSTA; ; ;TOTAL NACIONAL;91,9570291168352
07125102017760001;EL ORO;02;01776;0001; ;1; ; ; ; ;1;1; ;REGIÓN COSTA; ; ;TOTAL NACIONAL;64,1337991088925
07125102017760006;EL ORO;02;01776;0006; ;2; ; ;1; ;2;2; ;REGIÓN COSTA; ; ;TOTAL NACIONAL;25,0209018181391
07125102017760007;EL ORO;02;01776;0007; ;27; ; ; ; ;27;27; ;REGIÓN COSTA; ; ;TOTAL NACIONAL;74,7339407810723
07125402021160005;EL ORO;02;02116;0005; ;6; ; ; ; ;6;6; ;REGIÓN COSTA; ; ;TOTAL NACIONAL;64,9050128603225
07125402021160015;EL ORO;02;02116;0015; ; ; ; ;1; ; ; ; ;REGIÓN COSTA; ; ;TOTAL NACIONAL;49,3422348578251
07025002023300001;EL ORO;02;02330;0001; ;2650; ; ; ; ;2650;2650; ;REGIÓN COSTA; ; ;TOTAL NACIONAL;15,6697540042744
07025002024420001;EL ORO;02;02442;0001; ;2650; ; ; ; ;2650;2650; ;REGIÓN COSTA; ; ;TOTAL NACIONAL;15,6697540042744
07105602028410001;EL ORO;02;02841;0001;1600; ;1600; ;0;3200; ;3200; ;REGIÓN COSTA; ; ;TOTAL NACIONAL;51,1710100192933
07105602028410002;EL ORO;02;02841;0002; ;100; ;100;0; ;200;200; ;REGIÓN COSTA; ; ;TOTAL NACIONAL;34,9691066460183
07025402031340001;EL ORO;02;03134;0001; ;6; ; ; ; ;6;6; ;REGIÓN COSTA; ; ;TOTAL NACIONAL;25,9669967731889
07025402031340003;EL ORO;02;03134;0003; ;8; ; ; ; ;8;8; ;REGIÓN COSTA; ; ;TOTAL NACIONAL;21,4799225975631
07145102033580001;EL ORO;02;03358;0001; ; ; ; ; ; ; ; ; ;REGIÓN COSTA; ; ;TOTAL NACIONAL;21,105893345967
07145102033580002;EL ORO;02;03358;0002; ; ; ; ; ; ; ; ; ;REGIÓN COSTA; ; ;TOTAL NACIONAL;21,4308538854191
07145102033600001;EL ORO;02;03360;0001; ; ; ; ; ; ; ; ; ;REGIÓN COSTA; ; ;TOTAL NACIONAL;21,5256579942622
07125303003580001;EL ORO;03;00358;0001; ;10; ; ; ; ;10;10; ;REGIÓN COSTA; ; ;TOTAL NACIONAL;,514119058214913
07125303003580007;EL ORO;03;00358;0007; ; ; ; ; ; ; ; ; ;REGIÓN COSTA; ; ;TOTAL NACIONAL;61,8506210209415
07115103005660006;EL ORO;03;00566;0006; ; ; ; ; ; ; ; ; ;REGIÓN COSTA; ; ;TOTAL NACIONAL;51,8460190775706
07115103005660010;EL ORO;03;00566;0010; ;1; ; ; ; ;1;1; ;REGIÓN COSTA; ; ;TOTAL NACIONAL;54,3843108248588
07105303005670001;EL ORO;03;00567;0001; ; ; ; ;0; ; ; ; ;REGIÓN COSTA; ; ;TOTAL NACIONAL;48,8839694889698
07065404000060002;EL ORO;04;00006;0002; ; ; ; ;0; ; ; ; ;REGIÓN COSTA; ; ;TOTAL NACIONAL;14,1564047986195
07065404000060003;EL ORO;04;00006;0003; ; ; ; ;0; ; ; ; ;REGIÓN COSTA; ; ;TOTAL NACIONAL;6,64265195387981
07095404000120001;EL ORO;04;00012;0001; ; ;1; ;0;1; ;1; ;REGIÓN COSTA; ; ;TOTAL NACIONAL;6,8869135388867
07095404000120003;EL ORO;04;00012;0003; ; ; ; ;0; ; ; ; ;REGIÓN COSTA; ; ;TOTAL NACIONAL;4,13819680337688
07095404000120004;EL ORO;04;00012;0004; ; ; ; ;0; ; ; ; ;REGIÓN COSTA; ; ;TOTAL NACIONAL;9,66112501538992
07055004000300001;EL ORO;04;00030;0001; ;1; ; ; ; ;1;1; ;REGIÓN COSTA; ; ;TOTAL NACIONAL;3,58719342094741
07055004000300005;EL ORO;04;00030;0005; ;3; ;2;1; ;5;5; ;REGIÓN COSTA; ; ;TOTAL NACIONAL;8,3901339679317
07135904000400001;EL ORO;04;00040;0001; ; ; ; ; ; ; ; ; ;REGIÓN COSTA; ; ;TOTAL NACIONAL;4,37952702327087
07135904000400002;EL ORO;04;00040;0002; ; ; ; ; ; ; ; ; ;REGIÓN COSTA; ; ;TOTAL NACIONAL;12,1486896646424
07135904000400004;EL ORO;04;00040;0004; ; ; ; ;0; ; ; ; ;REGIÓN COSTA; ; ;TOTAL NACIONAL;9,94285442937604
07105604000590002;EL ORO;04;00059;0002; ;4; ;4;0; ;8;8; ;REGIÓN COSTA; ; ;TOTAL NACIONAL;7,05907345475749
07105604000590003;EL ORO;04;00059;0003; ;1200; ;1200;4; ;2400;2400; ;REGIÓN COSTA; ; ;TOTAL NACIONAL;4,46321811338743
07105604000590004;EL ORO;04;00059;0004;70; ;70; ;0;140; ;140; ;REGIÓN COSTA; ; ;TOTAL NACIONAL;13,5180352930849
07105604000590005;EL ORO;04;00059;0005; ; ; ; ;0; ; ; ; ;REGIÓN COSTA; ; ;TOTAL NACIONAL;14,0725517864915
07105604000590007;EL ORO;04;00059;0007; ; ; ; ;1; ; ; ; ;REGIÓN COSTA; ; ;TOTAL NACIONAL;1,99735344617862
07105604000590016;EL ORO;04;00059;0016; ; ; ; ;0; ; ; ; ;REGIÓN COSTA; ; ;TOTAL NACIONAL;18,6124208183888
07105604000590017;EL ORO;04;00059;0017; ; ; ; ;0; ; ; ; ;REGIÓN COSTA; ; ;TOTAL NACIONAL;14,6994643437144
07105604000590019;EL ORO;04;00059;0019;70; ;75; ;1;145; ;145; ;REGIÓN COSTA; ; ;TOTAL NACIONAL;11,3940951615488
07105604000590020;EL ORO;04;00059;0020; ; ; ; ;0; ; ; ; ;REGIÓN COSTA; ; ;TOTAL NACIONAL;8,53473200283646
07105604000590023;EL ORO;04;00059;0023; ; ; ; ;2; ; ; ; ;REGIÓN COSTA; ; ;TOTAL NACIONAL;14,0097517240999
07045004000720003;EL ORO;04;00072;0003; ; ; ;23;0; ;23;23; ;REGIÓN COSTA; ; ;TOTAL NACIONAL;14,4922447432824
07045004000720004;EL ORO;04;00072;0004; ; ; ;1200;0; ;1200;1200; ;REGIÓN COSTA; ; ;TOTAL NACIONAL;8,83497267140274
07045004000720005;EL ORO;04;00072;0005;20; ;50; ;0;70; ;70; ;REGIÓN COSTA; ; ;TOTAL NACIONAL;9,0320679996721
07085055000994009;EL ORO;55;00099;4009; ; ; ; ;0; ; ; ; ;REGIÓN COSTA; ; ;TOTAL NACIONAL;1
07145155000994010;EL ORO;55;00099;4010; ; ; ; ;12; ; ; ; ;REGIÓN COSTA; ; ;TOTAL NACIONAL;1
07035061000994139;EL ORO;61;00099;4139; ; ; ; ; ; ; ; ; ;REGIÓN COSTA; ; ;TOTAL NACIONAL;1
07125762000990342;EL ORO;62;00099;0342; ; ; ; ;2; ; ; ; ;REGIÓN COSTA; ; ;TOTAL NACIONAL;1
07105662000990348;EL ORO;62;00099;0348;15;25;15;25; ;30;50;80; ;REGIÓN COSTA; ; ;TOTAL NACIONAL;1
07085062000990380;EL ORO;62;00099;0380; ; ; ; ;2; ; ; ; ;REGIÓN COSTA; ; ;TOTAL NACIONAL;1
07095162000990389;EL ORO;62;00099;0389;25;30;25;20;4;50;50;100; ;REGIÓN COSTA; ; ;TOTAL NACIONAL;1
07085062000990391;EL ORO;62;00099;0391; ; ; ; ; ; ; ; ; ;REGIÓN COSTA; ; ;TOTAL NACIONAL;1
07045062000990396;EL ORO;62;00099;0396; ;25; ;5; ; ;30;30; ;REGIÓN COSTA; ; ;TOTAL NACIONAL;1
07045062000990412;EL ORO;62;00099;0412;107; ; ; ; ;107; ;107; ;REGIÓN COSTA; ; ;TOTAL NACIONAL;1
07105262000990424;EL ORO;62;00099;0424; ;400; ;200;4; ;600;600; ;REGIÓN COSTA; ; ;TOTAL NACIONAL;1
07085062000990440;EL ORO;62;00099;0440;200;100;250;100;4;450;200;650; ;REGIÓN COSTA; ; ;TOTAL NACIONAL;1
07025162000990446;EL ORO;62;00099;0446; ;30; ;30; ; ;60;60; ;REGIÓN COSTA; ; ;TOTAL NACIONAL;1
07105662000990458;EL ORO;62;00099;0458;25;90;30;90;3;55;180;235; ;REGIÓN COSTA; ; ;TOTAL NACIONAL;1
07025162000990464;EL ORO;62;00099;0464;50;30;75;20; ;125;50;175; ;REGIÓN COSTA; ; ;TOTAL NACIONAL;1
07085062000990473;EL ORO;62;00099;0473; ; ; ; ;0; ; ; ; ;REGIÓN COSTA; ; ;TOTAL NACIONAL;1
07145262000990486;EL ORO;62;00099;0486; ; ; ; ; ; ; ; ; ;REGIÓN COSTA; ; ;TOTAL NACIONAL;1
07085162000990491;EL ORO;62;00099;0491; ; ; ; ; ; ; ; ; ;REGIÓN COSTA; ; ;TOTAL NACIONAL;1
07085062000990561;EL ORO;62;00099;0561; ;240; ;240;3; ;480;480; ;REGIÓN COSTA; ; ;TOTAL NACIONAL;1
07045062000990564;EL ORO;62;00099;0564; ;225; ;225;36; ;450;450; ;REGIÓN COSTA; ; ;TOTAL NACIONAL;1
07045062000990570;EL ORO;62;00099;0570;80;10;50;10;3;130;20;150; ;REGIÓN COSTA; ; ;TOTAL NACIONAL;1
07045062000990571;EL ORO;62;00099;0571; ;350; ;350;12; ;700;700; ;REGIÓN COSTA; ; ;TOTAL NACIONAL;1
07105662000990678;EL ORO;62;00099;0678;80; ; ;75; ;80;75;155; ;REGIÓN COSTA; ; ;TOTAL NACIONAL;1
07105662000990679;EL ORO;62;00099;0679;15;18;15;16; ;30;34;64; ;REGIÓN COSTA; ; ;TOTAL NACIONAL;1
07105662000990683;EL ORO;62;00099;0683; ;1200; ;800;2; ;2000;2000; ;REGIÓN COSTA; ; ;TOTAL NACIONAL;1
07105662000990687;EL ORO;62;00099;0687;20; ;20; ;1;40; ;40; ;REGIÓN COSTA; ; ;TOTAL NACIONAL;1
07136262000990784;EL ORO;62;00099;0784; ;25; ;25;2; ;50;50; ;REGIÓN COSTA; ; ;TOTAL NACIONAL;1
07105662000990814;EL ORO;62;00099;0814; ;100; ;100; ; ;200;200; ;REGIÓN COSTA; ; ;TOTAL NACIONAL;1
07105662000990815;EL ORO;62;00099;0815;12; ;12; ; ;24; ;24; ;REGIÓN COSTA; ; ;TOTAL NACIONAL;1
07035062000994140;EL ORO;62;00099;4140; ;4; ;4; ; ;8;8; ;REGIÓN COSTA; ; ;TOTAL NACIONAL;1
07035062000994141;EL ORO;62;00099;4141; ;10; ;40;2; ;50;50; ;REGIÓN COSTA; ; ;TOTAL NACIONAL;1
07085062000994207;EL ORO;62;00099;4207; ;250; ;250;12; ;500;500; ;REGIÓN COSTA; ; ;TOTAL NACIONAL;1
07085162000994209;EL ORO;62;00099;4209; ;250; ;250;12; ;500;500; ;REGIÓN COSTA; ; ;TOTAL NACIONAL;1
07105662000994212;EL ORO;62;00099;4212; ;20; ;30; ; ;50;50; ;REGIÓN COSTA; ; ;TOTAL NACIONAL;1
07105664000990417;EL ORO;64;00099;0417; ;18; ;10; ; ;28;28; ;REGIÓN COSTA; ; ;TOTAL NACIONAL;1
07045164000990530;EL ORO;64;00099;0530; ;16; ;16; ; ;32;32; ;REGIÓN COSTA; ; ;TOTAL NACIONAL;1
07105664000990684;EL ORO;64;00099;0684;25; ;20; ; ;45; ;45; ;REGIÓN COSTA; ; ;TOTAL NACIONAL;1
07105264000990710;EL ORO;64;00099;0710;20; ;20; ; ;40; ;40; ;REGIÓN COSTA; ; ;TOTAL NACIONAL;1
07045064000990719;EL ORO;64;00099;0719; ;35; ;40;2; ;75;75; ;REGIÓN COSTA; ; ;TOTAL NACIONAL;1
07085064000990720;EL ORO;64;00099;0720; ;150; ;150;3; ;300;300; ;REGIÓN COSTA; ; ;TOTAL NACIONAL;1
07045064000990721;EL ORO;64;00099;0721; ; ; ;20;1; ;20;20; ;REGIÓN COSTA; ; ;TOTAL NACIONAL;1
07045064000990738;EL ORO;64;00099;0738; ; ; ;20; ; ;20;20; ;REGIÓN COSTA; ; ;TOTAL NACIONAL;1
07045064000990741;EL ORO;64;00099;0741; ;1000; ;1000; ; ;2000;2000; ;REGIÓN COSTA; ; ;TOTAL NACIONAL;1
07045064000990745;EL ORO;64;00099;0745; ;175; ;175;1; ;350;350; ;REGIÓN COSTA; ; ;TOTAL NACIONAL;1
07045064000990757;EL ORO;64;00099;0757;2300; ; ; ;1;2300; ;2300; ;REGIÓN COSTA; ; ;TOTAL NACIONAL;1
07035264000990792;EL ORO;64;00099;0792; ; ; ; ; ; ; ; ; ;REGIÓN COSTA; ; ;TOTAL NACIONAL;1
07105064000990798;EL ORO;64;00099;0798; ;100; ;100; ; ;200;200; ;REGIÓN COSTA; ; ;TOTAL NACIONAL;1
07105664000990807;EL ORO;64;00099;0807; ;70; ;30;5; ;100;100; ;REGIÓN COSTA; ; ;TOTAL NACIONAL;1
07095064000992112;EL ORO;64;00099;2112;10;10;10; ;1;20;10;30; ;REGIÓN COSTA; ; ;TOTAL NACIONAL;1
07095464000992115;EL ORO;64;00099;2115; ;3; ;2;2; ;5;5; ;REGIÓN COSTA; ; ;TOTAL NACIONAL;1
07125064000992131;EL ORO;64;00099;2131; ; ; ; ; ; ; ; ; ;REGIÓN COSTA; ; ;TOTAL NACIONAL;1
07105664000992145;EL ORO;64;00099;2145; ;5; ;5;0; ;10;10; ;REGIÓN COSTA; ; ;TOTAL NACIONAL;1
07105664000992147;EL ORO;64;00099;2147; ;80; ;70; ; ;150;150; ;REGIÓN COSTA; ; ;TOTAL NACIONAL;1
07105664000992157;EL ORO;64;00099;2157; ;25; ;25;2; ;50;50; ;REGIÓN COSTA; ; ;TOTAL NACIONAL;1
07105264000992171;EL ORO;64;00099;2171; ;25; ;1800;10; ;1825;1825; ;REGIÓN COSTA; ; ;TOTAL NACIONAL;1
07105664000994137;EL ORO;64;00099;4137; ;30; ;30; ; ;60;60; ;REGIÓN COSTA; ; ;TOTAL NACIONAL;1
08055101004150001;ESMERALDAS;01;00415;0001; ; ; ; ;0; ; ; ; ;REGIÓN COSTA; ; ;TOTAL NACIONAL;6,49525156780759
08056002007040003;ESMERALDAS;02;00704;0003; ; ; ; ;1; ; ; ; ;REGIÓN COSTA; ; ;TOTAL NACIONAL;25,866622365298
08055902012570010;ESMERALDAS;02;01257;0010; ; ; ; ;1; ; ; ; ;REGIÓN COSTA; ; ;TOTAL NACIONAL;60,4832693261342
08025302013550003;ESMERALDAS;02;01355;0003; ; ; ; ; ; ; ; ; ;REGIÓN COSTA; ; ;TOTAL NACIONAL;27,3872792581444
08025302013550005;ESMERALDAS;02;01355;0005; ; ; ; ; ; ; ; ; ;REGIÓN COSTA; ; ;TOTAL NACIONAL;47,7669059858518
08025302013550006;ESMERALDAS;02;01355;0006; ; ; ; ;2; ; ; ; ;REGIÓN COSTA; ; ;TOTAL NACIONAL;53,2763367501909
08075302014360006;ESMERALDAS;02;01436;0006; ;1; ;1; ; ;2;2; ;REGIÓN COSTA; ; ;TOTAL NACIONAL;58,579792135051
08075502016620010;ESMERALDAS;02;01662;0010;2; ; ; ; ;2; ;2; ;REGIÓN COSTA; ; ;TOTAL NACIONAL;27,9044625209189
08075302017400001;ESMERALDAS;02;01740;0001; ; ; ;1; ; ;1;1; ;REGIÓN COSTA; ; ;TOTAL NACIONAL;14,8819279016998
08015202018560001;ESMERALDAS;02;01856;0001; ; ; ; ;1; ; ; ; ;REGIÓN COSTA; ; ;TOTAL NACIONAL;35,4906200645335
08015202018560004;ESMERALDAS;02;01856;0004; ; ; ; ;0; ; ; ; ;REGIÓN COSTA; ; ;TOTAL NACIONAL;23,3678017408631
08075302020220001;ESMERALDAS;02;02022;0001; ; ; ; ; ; ; ; ; ;REGIÓN COSTA; ; ;TOTAL NACIONAL;9,07999918468377
08075302020220006;ESMERALDAS;02;02022;0006; ; ; ; ; ; ; ; ; ;REGIÓN COSTA; ; ;TOTAL NACIONAL;14,6113125960417
08075302020220007;ESMERALDAS;02;02022;0007; ;7; ;7;1; ;14;14; ;REGIÓN COSTA; ; ;TOTAL NACIONAL;11,7978314414597
08025102023340001;ESMERALDAS;02;02334;0001; ;10; ;6; ; ;16;16; ;REGIÓN COSTA; ; ;TOTAL NACIONAL;2,41267661095236
08075402025740001;ESMERALDAS;02;02574;0001; ; ; ; ; ; ; ; ; ;REGIÓN COSTA; ; ;TOTAL NACIONAL;11,4747230410495
08075402025740003;ESMERALDAS;02;02574;0003; ; ; ; ; ; ; ; ; ;REGIÓN COSTA; ; ;TOTAL NACIONAL;15,7933532338517
08025102025970001;ESMERALDAS;02;02597;0001; ; ; ; ;2; ; ; ; ;REGIÓN COSTA; ; ;TOTAL NACIONAL;30,902844305303
08025102025970003;ESMERALDAS;02;02597;0003; ; ; ; ; ; ; ; ; ;REGIÓN COSTA; ; ;TOTAL NACIONAL;33,9030437478482
08025802029510001;ESMERALDAS;02;02951;0001; ; ; ; ; ; ; ; ; ;REGIÓN COSTA; ; ;TOTAL NACIONAL;33,7895359363878
08016302032960002;ESMERALDAS;02;03296;0002; ; ; ; ;1; ; ; ; ;REGIÓN COSTA; ; ;TOTAL NACIONAL;34,7297502862292
08075102033990001;ESMERALDAS;02;03399;0001; ; ; ; ; ; ; ; ; ;REGIÓN COSTA; ; ;TOTAL NACIONAL;14,4184818818835
08075102033990003;ESMERALDAS;02;03399;0003; ;2; ; ; ; ;2;2; ;REGIÓN COSTA; ; ;TOTAL NACIONAL;42,9548207215357
08075102033990004;ESMERALDAS;02;03399;0004; ; ; ; ; ; ; ; ; ;REGIÓN COSTA; ; ;TOTAL NACIONAL;7,34744072954549
08075102033990005;ESMERALDAS;02;03399;0005; ; ; ; ; ; ; ; ; ;REGIÓN COSTA; ; ;TOTAL NACIONAL;13,5865505495331
08075502035110001;ESMERALDAS;02;03511;0001; ; ; ; ;1; ; ; ; ;REGIÓN COSTA; ; ;TOTAL NACIONAL;28,6296427593394
08065402038240001;ESMERALDAS;02;03824;0001; ; ; ; ;0; ; ; ; ;REGIÓN COSTA; ; ;TOTAL NACIONAL;41,6338501595332
08065402038240004;ESMERALDAS;02;03824;0004; ; ; ; ;0; ; ; ; ;REGIÓN COSTA; ; ;TOTAL NACIONAL;4,09074759843645
08065402038240008;ESMERALDAS;02;03824;0008; ; ; ; ;0; ; ; ; ;REGIÓN COSTA; ; ;TOTAL NACIONAL;,28147644925871
08016802038760001;ESMERALDAS;02;03876;0001; ; ; ; ;1; ; ; ; ;REGIÓN COSTA; ; ;TOTAL NACIONAL;0
08065102044460001;ESMERALDAS;02;04446;0001; ; ; ; ; ; ; ; ; ;REGIÓN COSTA; ; ;TOTAL NACIONAL;0
08065102044460008;ESMERALDAS;02;04446;0008; ; ; ; ;0; ; ; ; ;REGIÓN COSTA; ; ;TOTAL NACIONAL;12,965058347338
08065102044460009;ESMERALDAS;02;04446;0009; ;2; ; ;0; ;2;2; ;REGIÓN COSTA; ; ;TOTAL NACIONAL;2,46481581165603
08065102044460012;ESMERALDAS;02;04446;0012; ;1; ;2;0; ;3;3; ;REGIÓN COSTA; ; ;TOTAL NACIONAL;16,0353639725896
08065102044460014;ESMERALDAS;02;04446;0014; ; ; ; ; ; ; ; ; ;REGIÓN COSTA; ; ;TOTAL NACIONAL;,602859100246439
08075102045370002;ESMERALDAS;02;04537;0002; ; ; ; ; ; ; ; ; ;REGIÓN COSTA; ; ;TOTAL NACIONAL;15,9728559383246
08075102045370005;ESMERALDAS;02;04537;0005; ; ; ; ; ; ; ; ; ;REGIÓN COSTA; ; ;TOTAL NACIONAL;60,3953539594849
08016302046980001;ESMERALDAS;02;04698;0001; ; ; ; ;0; ; ; ; ;REGIÓN COSTA; ; ;TOTAL NACIONAL;22,7237229988042
08035302047600001;ESMERALDAS;02;04760;0001;9; ;9; ;2;18; ;18; ;REGIÓN COSTA; ; ;TOTAL NACIONAL;7,15105782387964
08065302047700002;ESMERALDAS;02;04770;0002; ; ; ; ;0; ; ; ; ;REGIÓN COSTA; ; ;TOTAL NACIONAL;6,84414089878189
08065302050930003;ESMERALDAS;02;05093;0003; ; ; ; ;0; ; ; ; ;REGIÓN COSTA; ; ;TOTAL NACIONAL;38,7144194615051
08016302051790006;ESMERALDAS;02;05179;0006; ; ; ; ;0; ; ; ; ;REGIÓN COSTA; ; ;TOTAL NACIONAL;13,9321397907651
08016302051790008;ESMERALDAS;02;05179;0008; ; ; ; ;0; ; ; ; ;REGIÓN COSTA; ; ;TOTAL NACIONAL;1,14603697697549
08075102052290001;ESMERALDAS;02;05229;0001; ; ; ; ; ; ; ; ; ;REGIÓN COSTA; ; ;TOTAL NACIONAL;10,428552078548
08075202055510002;ESMERALDAS;02;05551;0002; ; ; ; ; ; ; ; ; ;REGIÓN COSTA; ; ;TOTAL NACIONAL;23,4422648994009
08035302061140005;ESMERALDAS;02;06114;0005;5; ; ; ;0;5; ;5; ;REGIÓN COSTA; ; ;TOTAL NACIONAL;67,7780546955122
08015402063430015;ESMERALDAS;02;06343;0015; ; ; ; ;4; ; ; ; ;REGIÓN COSTA; ; ;TOTAL NACIONAL;73,6820252218196
08035602064050001;ESMERALDAS;02;06405;0001; ; ; ; ;0; ; ; ; ;REGIÓN COSTA; ; ;TOTAL NACIONAL;61,7404388249439
08035602064050002;ESMERALDAS;02;06405;0002; ; ; ;2;0; ;2;2; ;REGIÓN COSTA; ; ;TOTAL NACIONAL;9,79019539443009
08065002064300002;ESMERALDAS;02;06430;0002; ; ; ; ; ; ; ; ; ;REGIÓN COSTA; ; ;TOTAL NACIONAL;40,5096284453605
08065102066560001;ESMERALDAS;02;06656;0001; ;3; ; ;0; ;3;3; ;REGIÓN COSTA; ; ;TOTAL NACIONAL;27,0527472090705
08075202067710002;ESMERALDAS;02;06771;0002; ; ; ; ;2; ; ; ; ;REGIÓN COSTA; ; ;TOTAL NACIONAL;55,0401035961593
08075202067780006;ESMERALDAS;02;06778;0006; ; ; ; ; ; ; ; ; ;REGIÓN COSTA; ; ;TOTAL NACIONAL;25,734877091033
08065302069660001;ESMERALDAS;02;06966;0001;20; ; ; ;0;20; ;20; ;REGIÓN COSTA; ; ;TOTAL NACIONAL;20,4033460569394
08035602075700004;ESMERALDAS;02;07570;0004; ; ; ; ;0; ; ; ; ;REGIÓN COSTA; ; ;TOTAL NACIONAL;29,3380774428422
08035602075700006;ESMERALDAS;02;07570;0006; ; ; ; ;0; ; ; ; ;REGIÓN COSTA; ; ;TOTAL NACIONAL;40,1812583920327
08075202078870001;ESMERALDAS;02;07887;0001; ; ; ; ; ; ; ; ; ;REGIÓN COSTA; ; ;TOTAL NACIONAL;67,3524657173603
08075202078870002;ESMERALDAS;02;07887;0002; ; ; ; ;0; ; ; ; ;REGIÓN COSTA; ; ;TOTAL NACIONAL;4,60536163048703
08045402091510001;ESMERALDAS;02;09151;0001; ; ; ; ; ; ; ; ; ;REGIÓN COSTA; ; ;TOTAL NACIONAL;215,024319595195
08045402091520001;ESMERALDAS;02;09152;0001; ; ; ; ; ; ; ; ; ;REGIÓN COSTA; ; ;TOTAL NACIONAL;79,3318609794779
08045102097110001;ESMERALDAS;02;09711;0001;1; ; ; ; ;1; ;1; ;REGIÓN COSTA; ; ;TOTAL NACIONAL;25,7495140088375
08045402097730001;ESMERALDAS;02;09773;0001; ; ; ; ; ; ; ; ; ;REGIÓN COSTA; ; ;TOTAL NACIONAL;57,3837124120728
08035702101110001;ESMERALDAS;02;10111;0001; ; ; ; ;3; ; ; ; ;REGIÓN COSTA; ; ;TOTAL NACIONAL;7,0486408513488
08045202102210005;ESMERALDAS;02;10221;0005; ;3; ;3;1; ;6;6; ;REGIÓN COSTA; ; ;TOTAL NACIONAL;39,3697064000855
08045102102310002;ESMERALDAS;02;10231;0002; ; ; ; ;0; ; ; ; ;REGIÓN COSTA; ; ;TOTAL NACIONAL;40,5580722823209
08025902103410004;ESMERALDAS;02;10341;0004;2;1;2;1;0;4;2;6; ;REGIÓN COSTA; ; ;TOTAL NACIONAL;4,87736907874902
08045202103760001;ESMERALDAS;02;10376;0001;3; ; ; ; ;3; ;3; ;REGIÓN COSTA; ; ;TOTAL NACIONAL;61,3090011105797
08035702109990001;ESMERALDAS;02;10999;0001; ; ; ; ;3; ; ; ; ;REGIÓN COSTA; ; ;TOTAL NACIONAL;,382949928424801
08035702109990009;ESMERALDAS;02;10999;0009; ; ; ; ;0; ; ; ; ;REGIÓN COSTA; ; ;TOTAL NACIONAL;85,4245490062048
08045002116850005;ESMERALDAS;02;11685;0005; ; ; ; ; ; ; ; ; ;REGIÓN COSTA; ; ;TOTAL NACIONAL;13,2102818818325
08045102122020002;ESMERALDAS;02;12202;0002;2; ;2; ;0;4; ;4; ;REGIÓN COSTA; ; ;TOTAL NACIONAL;1,53986834673542
08045102122020003;ESMERALDAS;02;12202;0003; ;10; ;10;0; ;20;20; ;REGIÓN COSTA; ; ;TOTAL NACIONAL;81,1500288927825
08045002124990005;ESMERALDAS;02;12499;0005; ; ; ; ; ; ; ; ; ;REGIÓN COSTA; ; ;TOTAL NACIONAL;9,0396394612042
08045002125000001;ESMERALDAS;02;12500;0001; ; ; ; ; ; ; ; ; ;REGIÓN COSTA; ; ;TOTAL NACIONAL;43,132504495093
08045002125000003;ESMERALDAS;02;12500;0003; ; ; ; ; ; ; ; ; ;REGIÓN COSTA; ; ;TOTAL NACIONAL;23,5161091143952
08045302125770002;ESMERALDAS;02;12577;0002; ;4; ; ;1; ;4;4; ;REGIÓN COSTA; ; ;TOTAL NACIONAL;8,27925417008429
08045302127500001;ESMERALDAS;02;12750;0001; ; ;9; ;2;9; ;9; ;REGIÓN COSTA; ; ;TOTAL NACIONAL;7,5080818149764
08045302127830003;ESMERALDAS;02;12783;0003; ; ; ; ; ; ; ; ; ;REGIÓN COSTA; ; ;TOTAL NACIONAL;37,8158094360672
08045302131460002;ESMERALDAS;02;13146;0002; ; ; ; ;0; ; ; ; ;REGIÓN COSTA; ; ;TOTAL NACIONAL;74,3121062072111
08045002131740006;ESMERALDAS;02;13174;0006; ; ; ; ;0; ; ; ; ;REGIÓN COSTA; ; ;TOTAL NACIONAL;27,084125518544
08045002135250001;ESMERALDAS;02;13525;0001; ; ; ; ;0; ; ; ; ;REGIÓN COSTA; ; ;TOTAL NACIONAL;41,2728231150405
08045002135250004;ESMERALDAS;02;13525;0004; ;15; ;15; ; ;30;30; ;REGIÓN COSTA; ; ;TOTAL NACIONAL;21,2055329951554
08045002135930002;ESMERALDAS;02;13593;0002; ; ; ; ; ; ; ; ; ;REGIÓN COSTA; ; ;TOTAL NACIONAL;27,9528629024871
08045002136510005;ESMERALDAS;02;13651;0005; ; ; ; ;0; ; ; ; ;REGIÓN COSTA; ; ;TOTAL NACIONAL;37,7963659542321
08045002140930001;ESMERALDAS;02;14093;0001; ;4; ;2;1; ;6;6; ;REGIÓN COSTA; ; ;TOTAL NACIONAL;20,6822129159208
08045002141100001;ESMERALDAS;02;14110;0001; ; ; ; ;0; ; ; ; ;REGIÓN COSTA; ; ;TOTAL NACIONAL;28,4971989824958
08045002141340001;ESMERALDAS;02;14134;0001; ;7; ;8;1; ;15;15; ;REGIÓN COSTA; ; ;TOTAL NACIONAL;27,5771889647498
08045002143920004;ESMERALDAS;02;14392;0004; ; ; ; ;0; ; ; ; ;REGIÓN COSTA; ; ;TOTAL NACIONAL;82,6901903560312
08045002143920005;ESMERALDAS;02;14392;0005; ; ; ; ;0; ; ; ; ;REGIÓN COSTA; ; ;TOTAL NACIONAL;54,4668547330162
08045002143920009;ESMERALDAS;02;14392;0009; ; ; ; ;0; ; ; ; ;REGIÓN COSTA; ; ;TOTAL NACIONAL;10,6918851952789
08045002144100004;ESMERALDAS;02;14410;0004; ;2; ; ;1; ;2;2; ;REGIÓN COSTA; ; ;TOTAL NACIONAL;32,4622592528515
08045002144450005;ESMERALDAS;02;14445;0005; ;2; ; ;0; ;2;2; ;REGIÓN COSTA; ; ;TOTAL NACIONAL;17,7395063666036
08045002148930001;ESMERALDAS;02;14893;0001; ; ; ; ;1; ; ; ; ;REGIÓN COSTA; ; ;TOTAL NACIONAL;21,5086915563789
08045002151070001;ESMERALDAS;02;15107;0001; ; ; ; ; ; ; ; ; ;REGIÓN COSTA; ; ;TOTAL NACIONAL;9,61289193434038
08045002152380001;ESMERALDAS;02;15238;0001; ; ; ; ;0; ; ; ; ;REGIÓN COSTA; ; ;TOTAL NACIONAL;0
08045502167910001;ESMERALDAS;02;16791;0001; ; ; ; ; ; ; ; ; ;REGIÓN COSTA; ; ;TOTAL NACIONAL;16,3172662311869
08026503002670003;ESMERALDAS;03;00267;0003; ; ; ; ; ; ; ; ; ;REGIÓN COSTA; ; ;TOTAL NACIONAL;4,04812250192123
08075303003210001;ESMERALDAS;03;00321;0001; ; ; ; ; ; ; ; ; ;REGIÓN COSTA; ; ;TOTAL NACIONAL;,469380170983012
08075303003210002;ESMERALDAS;03;00321;0002;8; ; ; ; ;8; ;8; ;REGIÓN COSTA; ; ;TOTAL NACIONAL;8,47708031608658
08025103005320002;ESMERALDAS;03;00532;0002; ; ; ; ; ; ; ; ; ;REGIÓN COSTA; ; ;TOTAL NACIONAL;9,50252772931538
08025103005320003;ESMERALDAS;03;00532;0003; ; ; ; ; ; ; ; ; ;REGIÓN COSTA; ; ;TOTAL NACIONAL;54,4304971256038
08025103005320008;ESMERALDAS;03;00532;0008; ; ; ; ; ; ; ; ; ;REGIÓN COSTA; ; ;TOTAL NACIONAL;69,9771311441837
08025103005320009;ESMERALDAS;03;00532;0009; ; ; ; ;1; ; ; ; ;REGIÓN COSTA; ; ;TOTAL NACIONAL;18,3170580239226
08025103005320010;ESMERALDAS;03;00532;0010; ; ; ; ;1; ; ; ; ;REGIÓN COSTA; ; ;TOTAL NACIONAL;15,936337664435
08025103005320013;ESMERALDAS;03;00532;0013; ; ; ; ;2; ; ; ; ;REGIÓN COSTA; ; ;TOTAL NACIONAL;24,6272254165482
08015403007800002;ESMERALDAS;03;00780;0002; ;3; ;3;3; ;6;6; ;REGIÓN COSTA; ; ;TOTAL NACIONAL;16,6569202338865
08055103008290001;ESMERALDAS;03;00829;0001; ; ; ; ;1; ; ; ; ;REGIÓN COSTA; ; ;TOTAL NACIONAL;,18216865648546
08065303009600010;ESMERALDAS;03;00960;0010; ; ; ; ;0; ; ; ; ;REGIÓN COSTA; ; ;TOTAL NACIONAL;10,9047982527339
08065303009600011;ESMERALDAS;03;00960;0011; ; ; ; ;1; ; ; ; ;REGIÓN COSTA; ; ;TOTAL NACIONAL;10,3524892558321
08075203009710001;ESMERALDAS;03;00971;0001; ; ; ;1;0; ;1;1; ;REGIÓN COSTA; ; ;TOTAL NACIONAL;15,9860726337713
08075203009710002;ESMERALDAS;03;00971;0002; ; ; ; ;0; ; ; ; ;REGIÓN COSTA; ; ;TOTAL NACIONAL;73,8195157239485
08075203009710007;ESMERALDAS;03;00971;0007; ; ; ; ;1; ; ; ; ;REGIÓN COSTA; ; ;TOTAL NACIONAL;67,120372433038
08035003011860001;ESMERALDAS;03;01186;0001; ; ; ; ;3; ; ; ; ;REGIÓN COSTA; ; ;TOTAL NACIONAL;40,8546207230871
08035203014740003;ESMERALDAS;03;01474;0003; ; ; ; ; ; ; ; ; ;REGIÓN COSTA; ; ;TOTAL NACIONAL;62,5047827399582
08035203015170025;ESMERALDAS;03;01517;0025; ;1; ; ;0; ;1;1; ;REGIÓN COSTA; ; ;TOTAL NACIONAL;65,9986537896399
08035203015170027;ESMERALDAS;03;01517;0027; ;10; ;10;10; ;20;20; ;REGIÓN COSTA; ; ;TOTAL NACIONAL;22,3448514216341
08035803016120002;ESMERALDAS;03;01612;0002; ; ; ; ;0; ; ; ; ;REGIÓN COSTA; ; ;TOTAL NACIONAL;34,1707054733647
08035803016120003;ESMERALDAS;03;01612;0003; ; ; ; ; ; ; ; ; ;REGIÓN COSTA; ; ;TOTAL NACIONAL;69,6162075705425
08035803016120011;ESMERALDAS;03;01612;0011; ; ; ; ;0; ; ; ; ;REGIÓN COSTA; ; ;TOTAL NACIONAL;65,1736120680799
08035803016120013;ESMERALDAS;03;01612;0013; ; ; ; ;1; ; ; ; ;REGIÓN COSTA; ; ;TOTAL NACIONAL;54,6052268646076
08035803016120018;ESMERALDAS;03;01612;0018; ; ; ; ;1; ; ; ; ;REGIÓN COSTA; ; ;TOTAL NACIONAL;76,5656048301313
08075304001120003;ESMERALDAS;04;00112;0003; ; ; ; ; ; ; ; ; ;REGIÓN COSTA; ; ;TOTAL NACIONAL;27,8104392578712
08075304001120006;ESMERALDAS;04;00112;0006; ; ; ; ;3; ; ; ; ;REGIÓN COSTA; ; ;TOTAL NACIONAL;34,7697028366005
08075304001120007;ESMERALDAS;04;00112;0007; ; ; ; ; ; ; ; ; ;REGIÓN COSTA; ; ;TOTAL NACIONAL;35,1855162642618
08025104001130002;ESMERALDAS;04;00113;0002; ; ; ; ; ; ; ; ; ;REGIÓN COSTA; ; ;TOTAL NACIONAL;7,22641218544292
08025104001130007;ESMERALDAS;04;00113;0007; ; ; ; ;1; ; ; ; ;REGIÓN COSTA; ; ;TOTAL NACIONAL;30,7379654020438
08025104001130008;ESMERALDAS;04;00113;0008;2; ;2; ;1;4; ;4; ;REGIÓN COSTA; ; ;TOTAL NACIONAL;16,3788563637963
08016604001190012;ESMERALDAS;04;00119;0012; ; ; ; ;0; ; ; ; ;REGIÓN COSTA; ; ;TOTAL NACIONAL;21,4759388396484
08016604001190017;ESMERALDAS;04;00119;0017; ; ; ;1; ; ;1;1; ;REGIÓN COSTA; ; ;TOTAL NACIONAL;9,80570057484349
08016604001190022;ESMERALDAS;04;00119;0022; ; ; ; ;0; ; ; ; ;REGIÓN COSTA; ; ;TOTAL NACIONAL;6,41310298654792
08016604001360001;ESMERALDAS;04;00136;0001;200;50;200;50;10;400;100;500; ;REGIÓN COSTA; ; ;TOTAL NACIONAL;6,18873712905205
08075204001820002;ESMERALDAS;04;00182;0002; ;5; ; ;0; ;5;5; ;REGIÓN COSTA; ; ;TOTAL NACIONAL;40,0768418141049
08075204001820006;ESMERALDAS;04;00182;0006; ; ; ;3;0; ;3;3; ;REGIÓN COSTA; ; ;TOTAL NACIONAL;31,1958680880291
08065161000992538;ESMERALDAS;61;00099;2538; ; ; ; ;0; ; ; ; ;REGIÓN COSTA; ; ;TOTAL NACIONAL;1
08016561000992961;ESMERALDAS;61;00099;2961; ; ; ; ;1; ; ; ; ;REGIÓN COSTA; ; ;TOTAL NACIONAL;1
08045561000993084;ESMERALDAS;61;00099;3084; ; ; ; ;0; ; ; ; ;REGIÓN COSTA; ; ;TOTAL NACIONAL;1
08045562000990465;ESMERALDAS;62;00099;0465; ; ; ; ;0; ; ; ; ;REGIÓN COSTA; ; ;TOTAL NACIONAL;1
09035001002450001;GUAYAS;01;00245;0001;5; ;3; ;1;8; ;8; ;REGIÓN COSTA; ; ;TOTAL NACIONAL;12,1800765000012
09085202008050003;GUAYAS;02;00805;0003; ;1; ;1; ; ;2;2; ;REGIÓN COSTA; ; ;TOTAL NACIONAL;34,9194451976683
09045002019440001;GUAYAS;02;01944;0001; ; ; ; ; ; ; ; ; ;REGIÓN COSTA; ; ;TOTAL NACIONAL;10,729519763473
09045002019440003;GUAYAS;02;01944;0003; ; ; ; ; ; ; ; ; ;REGIÓN COSTA; ; ;TOTAL NACIONAL;144,373158336352
09045002019440004;GUAYAS;02;01944;0004; ;4; ; ;1; ;4;4; ;REGIÓN COSTA; ; ;TOTAL NACIONAL;217,200449603919
09045002024060002;GUAYAS;02;02406;0002; ; ; ; ; ; ; ; ; ;REGIÓN COSTA; ; ;TOTAL NACIONAL;75,249098258617
09045002025160006;GUAYAS;02;02516;0006; ; ; ; ;0; ; ; ; ;REGIÓN COSTA; ; ;TOTAL NACIONAL;11,940956273838
09045002028350003;GUAYAS;02;02835;0003; ;8; ; ; ; ;8;8; ;REGIÓN COSTA; ; ;TOTAL NACIONAL;4,24875400962944
09045002029270001;GUAYAS;02;02927;0001; ; ; ; ;0; ; ; ; ;REGIÓN COSTA; ; ;TOTAL NACIONAL;103,899779988061
09045002029270002;GUAYAS;02;02927;0002; ; ; ; ;0; ; ; ; ;REGIÓN COSTA; ; ;TOTAL NACIONAL;64,1868217274203
09045002029270003;GUAYAS;02;02927;0003; ;1; ; ; ; ;1;1; ;REGIÓN COSTA; ; ;TOTAL NACIONAL;30,2871254082846
09045002029270010;GUAYAS;02;02927;0010; ; ; ; ;0; ; ; ; ;REGIÓN COSTA; ; ;TOTAL NACIONAL;56,0922995229665
09045002029270012;GUAYAS;02;02927;0012; ; ; ; ;0; ; ; ; ;REGIÓN COSTA; ; ;TOTAL NACIONAL;45,2342762608657
09045002029270014;GUAYAS;02;02927;0014; ; ; ; ;0; ; ; ; ;REGIÓN COSTA; ; ;TOTAL NACIONAL;72,2607319673562
09055002034190002;GUAYAS;02;03419;0002; ; ; ; ; ; ; ; ; ;REGIÓN COSTA; ; ;TOTAL NACIONAL;101,326690052695
09055002034450001;GUAYAS;02;03445;0001; ; ; ; ; ; ; ; ; ;REGIÓN COSTA; ; ;TOTAL NACIONAL;5,42813458042576
09055002034450003;GUAYAS;02;03445;0003; ; ; ; ;0; ; ; ; ;REGIÓN COSTA; ; ;TOTAL NACIONAL;102,517359946204
09055002034450004;GUAYAS;02;03445;0004; ; ; ;1;0; ;1;1; ;REGIÓN COSTA; ; ;TOTAL NACIONAL;95,6753239105753
09055002034450006;GUAYAS;02;03445;0006; ; ; ; ;0; ; ; ; ;REGIÓN COSTA; ; ;TOTAL NACIONAL;51,4458826871034
09055002034450007;GUAYAS;02;03445;0007; ; ; ;4;0; ;4;4; ;REGIÓN COSTA; ; ;TOTAL NACIONAL;160,576091346255
09055002036710001;GUAYAS;02;03671;0001; ; ; ; ;0; ; ; ; ;REGIÓN COSTA; ; ;TOTAL NACIONAL;189,822410909888
09055002039020011;GUAYAS;02;03902;0011; ; ; ; ;0; ; ; ; ;REGIÓN COSTA; ; ;TOTAL NACIONAL;26,3597589969711
09055102039280003;GUAYAS;02;03928;0003; ; ; ; ;0; ; ; ; ;REGIÓN COSTA; ; ;TOTAL NACIONAL;69,7022652566968
09055102039280005;GUAYAS;02;03928;0005; ; ; ; ;10; ; ; ; ;REGIÓN COSTA; ; ;TOTAL NACIONAL;27,9745157632518
09135002042230009;GUAYAS;02;04223;0009; ; ; ; ;0; ; ; ; ;REGIÓN COSTA; ; ;TOTAL NACIONAL;36,5329961693316
09135002042230014;GUAYAS;02;04223;0014; ; ; ; ;0; ; ; ; ;REGIÓN COSTA; ; ;TOTAL NACIONAL;55,8291546553497
09135002042250007;GUAYAS;02;04225;0007; ; ; ; ;0; ; ; ; ;REGIÓN COSTA; ; ;TOTAL NACIONAL;40,1793910647686
09135002042250011;GUAYAS;02;04225;0011; ; ; ; ;0; ; ; ; ;REGIÓN COSTA; ; ;TOTAL NACIONAL;14,3456395571752
09135002042830001;GUAYAS;02;04283;0001; ; ; ; ;0; ; ; ; ;REGIÓN COSTA; ; ;TOTAL NACIONAL;16,1652061471622
09135002042830003;GUAYAS;02;04283;0003; ; ; ; ;0; ; ; ; ;REGIÓN COSTA; ; ;TOTAL NACIONAL;51,9551137134871
09135002042830016;GUAYAS;02;04283;0016; ;1; ; ;0; ;1;1; ;REGIÓN COSTA; ; ;TOTAL NACIONAL;22,2875214327332
09135002042830020;GUAYAS;02;04283;0020; ; ; ;1; ; ;1;1; ;REGIÓN COSTA; ; ;TOTAL NACIONAL;21,3986765465608
09135002042830027;GUAYAS;02;04283;0027; ; ; ; ;0; ; ; ; ;REGIÓN COSTA; ; ;TOTAL NACIONAL;29,3053646487335
09135002042830028;GUAYAS;02;04283;0028; ; ; ; ;0; ; ; ; ;REGIÓN COSTA; ; ;TOTAL NACIONAL;47,6716637592282
09145102044420008;GUAYAS;02;04442;0008; ; ; ; ; ; ; ; ; ;REGIÓN COSTA; ; ;TOTAL NACIONAL;53,8858940014113
09195302046090002;GUAYAS;02;04609;0002; ; ; ; ; ; ; ; ; ;REGIÓN COSTA; ; ;TOTAL NACIONAL;1,24347739593555
09195302046090004;GUAYAS;02;04609;0004; ; ; ; ; ; ; ; ; ;REGIÓN COSTA; ; ;TOTAL NACIONAL;62,0637073575745
09195302046090008;GUAYAS;02;04609;0008; ; ; ; ; ; ; ; ; ;REGIÓN COSTA; ; ;TOTAL NACIONAL;82,1328892611508
09195302046090019;GUAYAS;02;04609;0019; ; ; ; ; ; ; ; ; ;REGIÓN COSTA; ; ;TOTAL NACIONAL;62,5775472281037
09195302047470001;GUAYAS;02;04747;0001; ; ; ; ; ; ; ; ; ;REGIÓN COSTA; ; ;TOTAL NACIONAL;9,18538829215723
09195302047470022;GUAYAS;02;04747;0022; ; ; ; ; ; ; ; ; ;REGIÓN COSTA; ; ;TOTAL NACIONAL;35,2614122606542
09195102047690001;GUAYAS;02;04769;0001;1;1; ; ; ;1;1;2; ;REGIÓN COSTA; ; ;TOTAL NACIONAL;13,5816705866747
09145002048310001;GUAYAS;02;04831;0001; ; ; ; ;0; ; ; ; ;REGIÓN COSTA; ; ;TOTAL NACIONAL;22,1375057076167
09145002048310005;GUAYAS;02;04831;0005; ; ; ; ; ; ; ; ; ;REGIÓN COSTA; ; ;TOTAL NACIONAL;2,82120028542244
09145002048310006;GUAYAS;02;04831;0006; ; ; ; ; ; ; ; ; ;REGIÓN COSTA; ; ;TOTAL NACIONAL;54,083909984962
09185002048630001;GUAYAS;02;04863;0001; ; ; ; ; ; ; ; ; ;REGIÓN COSTA; ; ;TOTAL NACIONAL;62,5273271988015
09185002048630008;GUAYAS;02;04863;0008; ; ; ; ; ; ; ; ; ;REGIÓN COSTA; ; ;TOTAL NACIONAL;39,814924772358
09065402053520004;GUAYAS;02;05352;0004; ; ; ; ; ; ; ; ; ;REGIÓN COSTA; ; ;TOTAL NACIONAL;126,440930842189
09065402053520005;GUAYAS;02;05352;0005; ; ; ; ; ; ; ; ; ;REGIÓN COSTA; ; ;TOTAL NACIONAL;89,6602472323447
09065402053520008;GUAYAS;02;05352;0008; ;24; ;25;1; ;49;49; ;REGIÓN COSTA; ; ;TOTAL NACIONAL;19,6154820819707
09195102053920018;GUAYAS;02;05392;0018; ; ; ; ;0; ; ; ; ;REGIÓN COSTA; ; ;TOTAL NACIONAL;109,078273109215
09195102056770001;GUAYAS;02;05677;0001; ; ; ;1; ; ;1;1; ;REGIÓN COSTA; ; ;TOTAL NACIONAL;40,4441306913341
09195102056770002;GUAYAS;02;05677;0002; ; ; ; ; ; ; ; ; ;REGIÓN COSTA; ; ;TOTAL NACIONAL;64,4755856925915
09195102056770003;GUAYAS;02;05677;0003; ; ; ; ; ; ; ; ; ;REGIÓN COSTA; ; ;TOTAL NACIONAL;76,4070833029852
09195002056930003;GUAYAS;02;05693;0003; ; ; ; ; ; ; ; ; ;REGIÓN COSTA; ; ;TOTAL NACIONAL;42,1208460324629
09195002056930004;GUAYAS;02;05693;0004; ; ; ; ; ; ; ; ; ;REGIÓN COSTA; ; ;TOTAL NACIONAL;28,1685192687493
09195002056930007;GUAYAS;02;05693;0007; ; ; ; ; ; ; ; ; ;REGIÓN COSTA; ; ;TOTAL NACIONAL;41,382865217934
09195002056930009;GUAYAS;02;05693;0009; ; ; ; ; ; ; ; ; ;REGIÓN COSTA; ; ;TOTAL NACIONAL;30,5087129816885
09195002056930012;GUAYAS;02;05693;0012; ; ; ; ; ; ; ; ; ;REGIÓN COSTA; ; ;TOTAL NACIONAL;14,0032105326047
09065302057880002;GUAYAS;02;05788;0002; ; ; ; ; ; ; ; ; ;REGIÓN COSTA; ; ;TOTAL NACIONAL;43,7764406349699
09065302057880004;GUAYAS;02;05788;0004; ; ; ;2;1; ;2;2; ;REGIÓN COSTA; ; ;TOTAL NACIONAL;84,9669311902369
09065302057880005;GUAYAS;02;05788;0005; ;1; ; ;1; ;1;1; ;REGIÓN COSTA; ; ;TOTAL NACIONAL;46,177679994694
09065302057880006;GUAYAS;02;05788;0006; ; ; ; ;1; ; ; ; ;REGIÓN COSTA; ; ;TOTAL NACIONAL;72,2748600269894
09065302057880008;GUAYAS;02;05788;0008; ; ; ; ; ; ; ; ; ;REGIÓN COSTA; ; ;TOTAL NACIONAL;34,2326007137136
09065302057880010;GUAYAS;02;05788;0010; ; ; ; ;1; ; ; ; ;REGIÓN COSTA; ; ;TOTAL NACIONAL;23,9327144631324
09065302057880014;GUAYAS;02;05788;0014; ; ; ; ; ; ; ; ; ;REGIÓN COSTA; ; ;TOTAL NACIONAL;31,8557381456141
09065302057880017;GUAYAS;02;05788;0017; ; ; ; ;1; ; ; ; ;REGIÓN COSTA; ; ;TOTAL NACIONAL;48,8777161073249
09195002058370002;GUAYAS;02;05837;0002; ; ; ; ; ; ; ; ; ;REGIÓN COSTA; ; ;TOTAL NACIONAL;5,00581573051725
09195002058370003;GUAYAS;02;05837;0003; ; ; ;1; ; ;1;1; ;REGIÓN COSTA; ; ;TOTAL NACIONAL;3,82628443769422
09195002058370007;GUAYAS;02;05837;0007; ;1; ; ; ; ;1;1; ;REGIÓN COSTA; ; ;TOTAL NACIONAL;73,9196003350357
09195002058370010;GUAYAS;02;05837;0010; ;2; ; ;1; ;2;2; ;REGIÓN COSTA; ; ;TOTAL NACIONAL;5,48908440479914
09195002058370025;GUAYAS;02;05837;0025;4; ;4; ;1;8; ;8; ;REGIÓN COSTA; ; ;TOTAL NACIONAL;14,6747923574007
09145202063250001;GUAYAS;02;06325;0001; ;1; ; ;1; ;1;1; ;REGIÓN COSTA; ; ;TOTAL NACIONAL;11,7575055366355
09145202063250002;GUAYAS;02;06325;0002; ; ; ; ; ; ; ; ; ;REGIÓN COSTA; ; ;TOTAL NACIONAL;24,1871909286585
09065002069700002;GUAYAS;02;06970;0002; ; ; ; ;0; ; ; ; ;REGIÓN COSTA; ; ;TOTAL NACIONAL;66,2633705351264
09065002069700003;GUAYAS;02;06970;0003; ; ; ; ; ; ; ; ; ;REGIÓN COSTA; ; ;TOTAL NACIONAL;29,389955537053
09065602072900007;GUAYAS;02;07290;0007; ; ; ; ; ; ; ; ; ;REGIÓN COSTA; ; ;TOTAL NACIONAL;61,1698337427492
09065602074350003;GUAYAS;02;07435;0003; ; ; ; ; ; ; ; ; ;REGIÓN COSTA; ; ;TOTAL NACIONAL;57,5376381045999
09065602074350010;GUAYAS;02;07435;0010; ; ; ; ; ; ; ; ; ;REGIÓN COSTA; ; ;TOTAL NACIONAL;86,3264054187537
09065602074350013;GUAYAS;02;07435;0013; ; ; ; ; ; ; ; ; ;REGIÓN COSTA; ; ;TOTAL NACIONAL;85,1409950704106
09065602074350018;GUAYAS;02;07435;0018; ; ; ; ; ; ; ; ; ;REGIÓN COSTA; ; ;TOTAL NACIONAL;23,9207816941009
09065602074350022;GUAYAS;02;07435;0022; ; ; ; ; ; ; ; ; ;REGIÓN COSTA; ; ;TOTAL NACIONAL;5,80025218404427
09025002075340025;GUAYAS;02;07534;0025; ; ; ; ;1; ; ; ; ;REGIÓN COSTA; ; ;TOTAL NACIONAL;4,08267495450797
09025002075340027;GUAYAS;02;07534;0027; ; ; ; ;1; ; ; ; ;REGIÓN COSTA; ; ;TOTAL NACIONAL;8,26825229201244
09025002075490005;GUAYAS;02;07549;0005; ; ; ; ;1; ; ; ; ;REGIÓN COSTA; ; ;TOTAL NACIONAL;59,2995330707586
09025002075490006;GUAYAS;02;07549;0006; ;12; ;10;2; ;22;22; ;REGIÓN COSTA; ; ;TOTAL NACIONAL;4,01265258398587
09025002075490007;GUAYAS;02;07549;0007;15;20;10;5;3;25;25;50; ;REGIÓN COSTA; ; ;TOTAL NACIONAL;143,022992563982
09025002075490011;GUAYAS;02;07549;0011;13; ;10; ; ;23; ;23; ;REGIÓN COSTA; ; ;TOTAL NACIONAL;69,4912813997051
09025002075490024;GUAYAS;02;07549;0024; ; ; ;1;1; ;1;1; ;REGIÓN COSTA; ; ;TOTAL NACIONAL;14,6979969649152
09165002078550004;GUAYAS;02;07855;0004; ; ; ; ; ; ; ; ; ;REGIÓN COSTA; ; ;TOTAL NACIONAL;51,1124935523317
09205002081670005;GUAYAS;02;08167;0005; ; ; ; ; ; ; ; ; ;REGIÓN COSTA; ; ;TOTAL NACIONAL;3,93719902870609
09125002085960001;GUAYAS;02;08596;0001; ; ; ; ;1; ; ; ; ;REGIÓN COSTA; ; ;TOTAL NACIONAL;16,4329410674109
09075002097210002;GUAYAS;02;09721;0002; ; ; ;14; ; ;14;14; ;REGIÓN COSTA; ; ;TOTAL NACIONAL;9,06238957394869
09205302103440002;GUAYAS;02;10344;0002; ; ; ; ; ; ; ; ; ;REGIÓN COSTA; ; ;TOTAL NACIONAL;12,5018815624561
09205302103440014;GUAYAS;02;10344;0014; ; ; ; ; ; ; ; ; ;REGIÓN COSTA; ; ;TOTAL NACIONAL;19,1600032641926
09115402117500002;GUAYAS;02;11750;0002; ; ; ; ; ; ; ; ; ;REGIÓN COSTA; ; ;TOTAL NACIONAL;7,73339707721696
09075002119400002;GUAYAS;02;11940;0002; ; ; ; ;1; ; ; ; ;REGIÓN COSTA; ; ;TOTAL NACIONAL;38,3930082307899
09095002120570008;GUAYAS;02;12057;0008; ; ; ; ; ; ; ; ; ;REGIÓN COSTA; ; ;TOTAL NACIONAL;67,0879757864823
09095002120570012;GUAYAS;02;12057;0012; ; ; ; ; ; ; ; ; ;REGIÓN COSTA; ; ;TOTAL NACIONAL;55,9553339144519
09115402121380002;GUAYAS;02;12138;0002; ; ; ; ; ; ; ; ; ;REGIÓN COSTA; ; ;TOTAL NACIONAL;8,84695490410397
09115402128550001;GUAYAS;02;12855;0001; ; ; ; ; ; ; ; ; ;REGIÓN COSTA; ; ;TOTAL NACIONAL;4,05274310046242
09115402128550005;GUAYAS;02;12855;0005; ; ; ; ; ; ; ; ; ;REGIÓN COSTA; ; ;TOTAL NACIONAL;,232532585197964
09115402134520006;GUAYAS;02;13452;0006; ; ; ; ;3; ; ; ; ;REGIÓN COSTA; ; ;TOTAL NACIONAL;2,48653883270579
09115402134520008;GUAYAS;02;13452;0008; ; ; ; ; ; ; ; ; ;REGIÓN COSTA; ; ;TOTAL NACIONAL;32,178997612992
09115002143700002;GUAYAS;02;14370;0002; ;20; ; ; ; ;20;20; ;REGIÓN COSTA; ; ;TOTAL NACIONAL;29,5372099791012
09115002146300006;GUAYAS;02;14630;0006;7; ;3;2; ;10;2;12; ;REGIÓN COSTA; ; ;TOTAL NACIONAL;7,9728538508169
09035002151660005;GUAYAS;02;15166;0005;15; ;20; ; ;35; ;35; ;REGIÓN COSTA; ; ;TOTAL NACIONAL;27,875526082275
09035002151660008;GUAYAS;02;15166;0008;16; ;14; ; ;30; ;30; ;REGIÓN COSTA; ; ;TOTAL NACIONAL;7,63240648286212
09035002156540014;GUAYAS;02;15654;0014; ; ; ; ; ; ; ; ; ;REGIÓN COSTA; ; ;TOTAL NACIONAL;4,08927278147432
09045003002380001;GUAYAS;03;00238;0001; ; ; ; ;1; ; ; ; ;REGIÓN COSTA; ; ;TOTAL NACIONAL;56,6387722791116
09045003002380002;GUAYAS;03;00238;0002; ; ; ; ; ; ; ; ; ;REGIÓN COSTA; ; ;TOTAL NACIONAL;357,458930782712
09045003002380004;GUAYAS;03;00238;0004; ; ; ; ;0; ; ; ; ;REGIÓN COSTA; ; ;TOTAL NACIONAL;626,140014965553
09045003002380007;GUAYAS;03;00238;0007; ; ; ; ; ; ; ; ; ;REGIÓN COSTA; ; ;TOTAL NACIONAL;244,471499629086
09045003002380011;GUAYAS;03;00238;0011; ;2; ; ; ; ;2;2; ;REGIÓN COSTA; ; ;TOTAL NACIONAL;310,515622948231
09055003003160002;GUAYAS;03;00316;0002; ; ; ;5;0; ;5;5; ;REGIÓN COSTA; ; ;TOTAL NACIONAL;211,776913666436
09055003003160005;GUAYAS;03;00316;0005; ; ; ;1; ; ;1;1; ;REGIÓN COSTA; ; ;TOTAL NACIONAL;14,5385161143737
09185003005150024;GUAYAS;03;00515;0024; ; ; ; ;1; ; ; ; ;REGIÓN COSTA; ; ;TOTAL NACIONAL;68,0471001824811
09015003009690005;GUAYAS;03;00969;0005; ; ; ; ; ; ; ; ; ;REGIÓN COSTA; ; ;TOTAL NACIONAL;2,76817151061137
09015003009690023;GUAYAS;03;00969;0023; ; ; ; ; ; ; ; ; ;REGIÓN COSTA; ; ;TOTAL NACIONAL;,748975107075837
09225103010700005;GUAYAS;03;01070;0005; ; ;4; ; ;4; ;4; ;REGIÓN COSTA; ; ;TOTAL NACIONAL;98,942382167887
09225103010700009;GUAYAS;03;01070;0009; ; ; ; ; ; ; ; ; ;REGIÓN COSTA; ; ;TOTAL NACIONAL;115,844454008872
09055004000150009;GUAYAS;04;00015;0009; ; ; ; ;1; ; ; ; ;REGIÓN COSTA; ; ;TOTAL NACIONAL;27,9641536737016
09055004000150010;GUAYAS;04;00015;0010; ; ; ; ;0; ; ; ; ;REGIÓN COSTA; ; ;TOTAL NACIONAL;14,2135670429731
09055004000150013;GUAYAS;04;00015;0013; ; ; ; ;0; ; ; ; ;REGIÓN COSTA; ; ;TOTAL NACIONAL;32,1227709364191
09055004000150020;GUAYAS;04;00015;0020; ; ; ; ;0; ; ; ; ;REGIÓN COSTA; ; ;TOTAL NACIONAL;19,3520099987172
09055004000150023;GUAYAS;04;00015;0023; ; ; ; ;0; ; ; ; ;REGIÓN COSTA; ; ;TOTAL NACIONAL;45,1755815740994
09055004000150025;GUAYAS;04;00015;0025; ; ; ; ;0; ; ; ; ;REGIÓN COSTA; ; ;TOTAL NACIONAL;29,2067465969639
09055004000150028;GUAYAS;04;00015;0028; ; ; ; ;2; ; ; ; ;REGIÓN COSTA; ; ;TOTAL NACIONAL;32,7240299887758
09055104000380003;GUAYAS;04;00038;0003; ; ; ; ;0; ; ; ; ;REGIÓN COSTA; ; ;TOTAL NACIONAL;38,5244838448713
09055104000380009;GUAYAS;04;00038;0009; ; ; ; ;3; ; ; ; ;REGIÓN COSTA; ; ;TOTAL NACIONAL;48,0473439320033
09055104000380010;GUAYAS;04;00038;0010; ; ; ; ;0; ; ; ; ;REGIÓN COSTA; ; ;TOTAL NACIONAL;27,6662322751931
09055104000380011;GUAYAS;04;00038;0011; ; ; ; ;0; ; ; ; ;REGIÓN COSTA; ; ;TOTAL NACIONAL;40,956485599045
09055104000380014;GUAYAS;04;00038;0014;6;0; ; ;2;6;0;6; ;REGIÓN COSTA; ; ;TOTAL NACIONAL;39,7742004204638
09025004000820005;GUAYAS;04;00082;0005; ; ; ; ; ; ; ; ; ;REGIÓN COSTA; ; ;TOTAL NACIONAL;42,4891548721165
09225004001000041;GUAYAS;04;00100;0041; ; ; ; ; ; ; ; ; ;REGIÓN COSTA; ; ;TOTAL NACIONAL;36,6163959530189
09225004001000061;GUAYAS;04;00100;0061; ; ; ; ; ; ; ; ; ;REGIÓN COSTA; ; ;TOTAL NACIONAL;57,377038815239
09145204001280001;GUAYAS;04;00128;0001; ; ; ; ; ; ; ; ; ;REGIÓN COSTA; ; ;TOTAL NACIONAL;11,4878483524368
09015004001720001;GUAYAS;04;00172;0001; ; ; ; ;0; ; ; ; ;REGIÓN COSTA; ; ;TOTAL NACIONAL;25,1632207374467
09075004001760003;GUAYAS;04;00176;0003; ; ; ; ; ; ; ; ; ;REGIÓN COSTA; ; ;TOTAL NACIONAL;27,1158668746521
09075004001760008;GUAYAS;04;00176;0008; ; ; ;3;1; ;3;3; ;REGIÓN COSTA; ; ;TOTAL NACIONAL;71,9709763564379
09075004001760011;GUAYAS;04;00176;0011; ; ; ; ; ; ; ; ; ;REGIÓN COSTA; ; ;TOTAL NACIONAL;9,51532391861563
09015004002010013;GUAYAS;04;00201;0013;10;5; ; ;0;10;5;15; ;REGIÓN COSTA; ; ;TOTAL NACIONAL;48,5045390792886
09015004002010023;GUAYAS;04;00201;0023;20; ;15; ;0;35; ;35; ;REGIÓN COSTA; ; ;TOTAL NACIONAL;49,8174541048918
09015304002410009;GUAYAS;04;00241;0009; ; ; ; ;0; ; ; ; ;REGIÓN COSTA; ; ;TOTAL NACIONAL;30,5991096305717
09115004002800003;GUAYAS;04;00280;0003; ;1; ; ; ; ;1;1; ;REGIÓN COSTA; ; ;TOTAL NACIONAL;22,5717411902085
09115004002800004;GUAYAS;04;00280;0004;2; ; ; ;1;2; ;2; ;REGIÓN COSTA; ; ;TOTAL NACIONAL;25,4152857946983
09035054000992237;GUAYAS;54;00099;2237; ; ; ; ; ; ; ; ; ;REGIÓN COSTA; ; ;TOTAL NACIONAL;1
09225054000994113;GUAYAS;54;00099;4113; ; ; ; ;3; ; ; ; ;REGIÓN COSTA; ; ;TOTAL NACIONAL;1
09195161000992599;GUAYAS;61;00099;2599; ;2; ; ;0; ;2;2; ;REGIÓN COSTA; ; ;TOTAL NACIONAL;1
09085061000992903;GUAYAS;61;00099;2903; ;5; ;15;1; ;20;20; ;REGIÓN COSTA; ; ;TOTAL NACIONAL;1
09115062000990499;GUAYAS;62;00099;0499; ; ; ; ; ; ; ; ; ;REGIÓN COSTA; ; ;TOTAL NACIONAL;1
09285062000990507;GUAYAS;62;00099;0507; ;9660; ;9661; ; ;19321;19321; ;REGIÓN COSTA; ; ;TOTAL NACIONAL;1
09105162000990521;GUAYAS;62;00099;0521;3;1; ;2;2;3;3;6; ;REGIÓN COSTA; ; ;TOTAL NACIONAL;1
09115062000990562;GUAYAS;62;00099;0562; ; ; ; ; ; ; ; ; ;REGIÓN COSTA; ; ;TOTAL NACIONAL;1
09085064000990953;GUAYAS;64;00099;0953; ; ; ; ; ; ; ; ; ;REGIÓN COSTA; ; ;TOTAL NACIONAL;1
09085164000991030;GUAYAS;64;00099;1030;25; ;25; ; ;50; ;50; ;REGIÓN COSTA; ; ;TOTAL NACIONAL;1
10015301008460001;IMBABURA;01;00846;0001; ;7; ;3;1; ;10;10;REGIÓN SIERRA; ; ; ;TOTAL NACIONAL;32,1585668030825
10015301008460003;IMBABURA;01;00846;0003; ; ; ; ;1; ; ; ;REGIÓN SIERRA; ; ; ;TOTAL NACIONAL;20,6879865119643
10015301008460004;IMBABURA;01;00846;0004; ; ; ; ;0; ; ; ;REGIÓN SIERRA; ; ; ;TOTAL NACIONAL;5,80884925057886
10065201014450001;IMBABURA;01;01445;0001; ; ; ; ;1; ; ; ;REGIÓN SIERRA; ; ; ;TOTAL NACIONAL;27,5496999247076
10065201018410001;IMBABURA;01;01841;0001; ; ; ; ;0; ; ; ;REGIÓN SIERRA; ; ; ;TOTAL NACIONAL;6,5507180722626
10065201026130001;IMBABURA;01;02613;0001; ; ; ; ;0; ; ; ;REGIÓN SIERRA; ; ; ;TOTAL NACIONAL;19,6521542167878
10065101030450006;IMBABURA;01;03045;0006; ; ; ;2;0; ;2;2;REGIÓN SIERRA; ; ; ;TOTAL NACIONAL;,0877796221683188
10065101030450011;IMBABURA;01;03045;0011; ;1; ; ;0; ;1;1;REGIÓN SIERRA; ; ; ;TOTAL NACIONAL;3,86999518630378
10065101031550002;IMBABURA;01;03155;0002; ;3; ;4; ; ;7;7;REGIÓN SIERRA; ; ; ;TOTAL NACIONAL;43,2855376693917
10015601034720007;IMBABURA;01;03472;0007; ; ; ; ;0; ; ; ;REGIÓN SIERRA; ; ; ;TOTAL NACIONAL;46,7284555821399
10065301037090003;IMBABURA;01;03709;0003; ; ; ; ;0; ; ; ;REGIÓN SIERRA; ; ; ;TOTAL NACIONAL;9,65797412256893
10035701053070002;IMBABURA;01;05307;0002; ; ; ; ;0; ; ; ;REGIÓN SIERRA; ; ; ;TOTAL NACIONAL;,757363789431591
10035101060050002;IMBABURA;01;06005;0002; ; ; ; ;0; ; ; ;REGIÓN SIERRA; ; ; ;TOTAL NACIONAL;4,6715978023907
10065401061050004;IMBABURA;01;06105;0004; ; ; ; ;0; ; ; ;REGIÓN SIERRA; ; ; ;TOTAL NACIONAL;39,6252936191165
10035101062680003;IMBABURA;01;06268;0003; ; ; ; ;2; ; ; ;REGIÓN SIERRA; ; ; ;TOTAL NACIONAL;12,6974751967357
10065401064230003;IMBABURA;01;06423;0003; ; ; ; ;0; ; ; ;REGIÓN SIERRA; ; ; ;TOTAL NACIONAL;24,1950771999019
10035401064630002;IMBABURA;01;06463;0002; ; ; ; ;0; ; ; ;REGIÓN SIERRA; ; ; ;TOTAL NACIONAL;13,4325451670868
10035401071630001;IMBABURA;01;07163;0001; ;1; ; ; ; ;1;1;REGIÓN SIERRA; ; ; ;TOTAL NACIONAL;20,7709479086032
10035401071630003;IMBABURA;01;07163;0003; ; ; ; ; ; ; ; ;REGIÓN SIERRA; ; ; ;TOTAL NACIONAL;8,26469856787449
10055001074860001;IMBABURA;01;07486;0001; ; ; ; ;1; ; ; ;REGIÓN SIERRA; ; ; ;TOTAL NACIONAL;3,80630354492227
10055001074860002;IMBABURA;01;07486;0002; ; ; ; ; ; ; ; ;REGIÓN SIERRA; ; ; ;TOTAL NACIONAL;10,6121632770654
10055001074860004;IMBABURA;01;07486;0004; ; ; ; ; ; ; ; ;REGIÓN SIERRA; ; ; ;TOTAL NACIONAL;2,55740033541132
10035101077630002;IMBABURA;01;07763;0002; ; ; ; ;0; ; ; ;REGIÓN SIERRA; ; ; ;TOTAL NACIONAL;1,63162588678925
10035301081440004;IMBABURA;01;08144;0004; ; ; ; ;1; ; ; ;REGIÓN SIERRA; ; ; ;TOTAL NACIONAL;10,561846167235
10035301081440005;IMBABURA;01;08144;0005;1;2;1;2;0;2;4;6;REGIÓN SIERRA; ; ; ;TOTAL NACIONAL;48,0677134991358
10035301081440008;IMBABURA;01;08144;0008; ; ; ; ;1; ; ; ;REGIÓN SIERRA; ; ; ;TOTAL NACIONAL;58,1890928190412
10035301081440010;IMBABURA;01;08144;0010; ; ; ; ;1; ; ; ;REGIÓN SIERRA; ; ; ;TOTAL NACIONAL;20,929544240879
10035301081440013;IMBABURA;01;08144;0013; ; ; ; ;0; ; ; ;REGIÓN SIERRA; ; ; ;TOTAL NACIONAL;70,7477551804361
10035101081570012;IMBABURA;01;08157;0012; ; ; ; ;0; ; ; ;REGIÓN SIERRA; ; ; ;TOTAL NACIONAL;17,1711936841631
10015701083170007;IMBABURA;01;08317;0007; ; ; ; ;0; ; ; ;REGIÓN SIERRA; ; ; ;TOTAL NACIONAL;7,10425374936879
10055001084680007;IMBABURA;01;08468;0007; ; ; ; ;1; ; ; ;REGIÓN SIERRA; ; ; ;TOTAL NACIONAL;37,0628579124641
10015001086650002;IMBABURA;01;08665;0002;3; ;3; ; ;6; ;6;REGIÓN SIERRA; ; ; ;TOTAL NACIONAL;47,5897970239035
10015001086650005;IMBABURA;01;08665;0005; ; ; ; ; ; ; ; ;REGIÓN SIERRA; ; ; ;TOTAL NACIONAL;75,3215601201766
10015001087210002;IMBABURA;01;08721;0002; ; ; ; ; ; ; ; ;REGIÓN SIERRA; ; ; ;TOTAL NACIONAL;34,2534318532748
10015001087210004;IMBABURA;01;08721;0004; ; ; ; ; ; ; ; ;REGIÓN SIERRA; ; ; ;TOTAL NACIONAL;9,79004815899646
10035401087990002;IMBABURA;01;08799;0002; ; ; ; ;0; ; ; ;REGIÓN SIERRA; ; ; ;TOTAL NACIONAL;37,3172572849893
10035401087990004;IMBABURA;01;08799;0004; ; ; ; ;0; ; ; ;REGIÓN SIERRA; ; ; ;TOTAL NACIONAL;11,5444708312785
10035401087990005;IMBABURA;01;08799;0005; ; ; ; ;0; ; ; ;REGIÓN SIERRA; ; ; ;TOTAL NACIONAL;2,26996621895361
10055001091350005;IMBABURA;01;09135;0005; ;2; ; ; ; ;2;2;REGIÓN SIERRA; ; ; ;TOTAL NACIONAL;9,69506274694865
10035001092280001;IMBABURA;01;09228;0001; ;1; ; ; ; ;1;1;REGIÓN SIERRA; ; ; ;TOTAL NACIONAL;145,180355468171
10035001092280004;IMBABURA;01;09228;0004; ;1; ; ; ; ;1;1;REGIÓN SIERRA; ; ; ;TOTAL NACIONAL;222,589749929124
10035001092280006;IMBABURA;01;09228;0006; ; ; ; ; ; ; ; ;REGIÓN SIERRA; ; ; ;TOTAL NACIONAL;35,302214095604
10035001092280009;IMBABURA;01;09228;0009; ; ; ; ;0; ; ; ;REGIÓN SIERRA; ; ; ;TOTAL NACIONAL;102,023398736296
10035001092280010;IMBABURA;01;09228;0010; ; ; ; ;0; ; ; ;REGIÓN SIERRA; ; ; ;TOTAL NACIONAL;81,0970307140681
10035001092280013;IMBABURA;01;09228;0013; ; ; ; ;0; ; ; ;REGIÓN SIERRA; ; ; ;TOTAL NACIONAL;45,9725073786362
10035001092280014;IMBABURA;01;09228;0014; ; ; ; ;1; ; ; ;REGIÓN SIERRA; ; ; ;TOTAL NACIONAL;21,0048173868844
10035001092280015;IMBABURA;01;09228;0015; ; ; ; ;0; ; ; ;REGIÓN SIERRA; ; ; ;TOTAL NACIONAL;55,2087403772918
10015001094450004;IMBABURA;01;09445;0004; ; ; ;3; ; ;3;3;REGIÓN SIERRA; ; ; ;TOTAL NACIONAL;25,3367217883846
10055001096400001;IMBABURA;01;09640;0001; ; ; ; ; ; ; ; ;REGIÓN SIERRA; ; ; ;TOTAL NACIONAL;12,6707264312739
10035201097800002;IMBABURA;01;09780;0002; ; ; ; ;0; ; ; ;REGIÓN SIERRA; ; ; ;TOTAL NACIONAL;6,91428292527317
10035201097800003;IMBABURA;01;09780;0003; ; ; ; ;0; ; ; ;REGIÓN SIERRA; ; ; ;TOTAL NACIONAL;6,3610747840706
10035001098020003;IMBABURA;01;09802;0003; ; ; ; ;1; ; ; ;REGIÓN SIERRA; ; ; ;TOTAL NACIONAL;36,5328507876183
10035001098020006;IMBABURA;01;09802;0006; ; ; ; ;0; ; ; ;REGIÓN SIERRA; ; ; ;TOTAL NACIONAL;17,2065528031431
10035001098020011;IMBABURA;01;09802;0011;2; ;3; ;0;5; ;5;REGIÓN SIERRA; ; ; ;TOTAL NACIONAL;9,60961859818
10045501099230001;IMBABURA;01;09923;0001; ; ; ; ;0; ; ; ;REGIÓN SIERRA; ; ; ;TOTAL NACIONAL;41,5760038793495
10045501099230002;IMBABURA;01;09923;0002; ; ; ; ;0; ; ; ;REGIÓN SIERRA; ; ; ;TOTAL NACIONAL;6,37045634816694
10015001100770006;IMBABURA;01;10077;0006; ; ; ;2;1; ;2;2;REGIÓN SIERRA; ; ; ;TOTAL NACIONAL;27,3929194055114
10035001101150003;IMBABURA;01;10115;0003; ; ; ; ;1; ; ; ;REGIÓN SIERRA; ; ; ;TOTAL NACIONAL;107,955833830888
10035001101150012;IMBABURA;01;10115;0012; ; ; ; ;0; ; ; ;REGIÓN SIERRA; ; ; ;TOTAL NACIONAL;6,23150935263963
10035001101150013;IMBABURA;01;10115;0013; ; ; ; ;0; ; ; ;REGIÓN SIERRA; ; ; ;TOTAL NACIONAL;14,6572316866876
10035001101150023;IMBABURA;01;10115;0023; ;2; ; ;0; ;2;2;REGIÓN SIERRA; ; ; ;TOTAL NACIONAL;84,340495180381
10035001101150024;IMBABURA;01;10115;0024; ; ; ; ;0; ; ; ;REGIÓN SIERRA; ; ; ;TOTAL NACIONAL;58,4651587949437
10035001101150025;IMBABURA;01;10115;0025; ; ; ; ;0; ; ; ;REGIÓN SIERRA; ; ; ;TOTAL NACIONAL;63,3484213579031
10035001101150027;IMBABURA;01;10115;0027;8; ; ; ;0;8; ;8;REGIÓN SIERRA; ; ; ;TOTAL NACIONAL;33,1138798552875
10055201104700001;IMBABURA;01;10470;0001; ; ; ; ; ; ; ; ;REGIÓN SIERRA; ; ; ;TOTAL NACIONAL;52,8930513673347
10055201104700006;IMBABURA;01;10470;0006; ; ; ; ; ; ; ; ;REGIÓN SIERRA; ; ; ;TOTAL NACIONAL;7,75267698611215
10035601105960004;IMBABURA;01;10596;0004; ; ; ; ;1; ; ; ;REGIÓN SIERRA; ; ; ;TOTAL NACIONAL;7,80634582296185
10035201107850001;IMBABURA;01;10785;0001; ; ; ; ;0; ; ; ;REGIÓN SIERRA; ; ; ;TOTAL NACIONAL;36,0546038385327
10035601108030001;IMBABURA;01;10803;0001; ; ; ; ;0; ; ; ;REGIÓN SIERRA; ; ; ;TOTAL NACIONAL;82,5617286559518
10035601108030002;IMBABURA;01;10803;0002; ; ; ; ;0; ; ; ;REGIÓN SIERRA; ; ; ;TOTAL NACIONAL;108,45602365381
10035601108030006;IMBABURA;01;10803;0006;5; ; ; ;0;5; ;5;REGIÓN SIERRA; ; ; ;TOTAL NACIONAL;9,90913469126179
10035601108030010;IMBABURA;01;10803;0010; ; ; ; ;0; ; ; ;REGIÓN SIERRA; ; ; ;TOTAL NACIONAL;124,057510120946
10035601108030015;IMBABURA;01;10803;0015; ;2; ; ;0; ;2;2;REGIÓN SIERRA; ; ; ;TOTAL NACIONAL;81,1533687428574
10035601108030016;IMBABURA;01;10803;0016; ;1; ; ;0; ;1;1;REGIÓN SIERRA; ; ; ;TOTAL NACIONAL;16,8793096862704
10035601108030022;IMBABURA;01;10803;0022; ;1; ;1; ; ;2;2;REGIÓN SIERRA; ; ; ;TOTAL NACIONAL;24,0819020263568
10035601108030024;IMBABURA;01;10803;0024; ;2; ; ;0; ;2;2;REGIÓN SIERRA; ; ; ;TOTAL NACIONAL;43,2468055309742
10035201109410002;IMBABURA;01;10941;0002; ; ; ; ;0; ; ; ;REGIÓN SIERRA; ; ; ;TOTAL NACIONAL;2,63318027530855
10035601111450013;IMBABURA;01;11145;0013; ; ; ;1;0; ;1;1;REGIÓN SIERRA; ; ; ;TOTAL NACIONAL;81,8512557008828
10035601111450016;IMBABURA;01;11145;0016; ; ; ; ;0; ; ; ;REGIÓN SIERRA; ; ; ;TOTAL NACIONAL;53,7867240919524
10035201114210001;IMBABURA;01;11421;0001;6; ;3; ;1;9; ;9;REGIÓN SIERRA; ; ; ;TOTAL NACIONAL;7,85915023784939
10035601116460004;IMBABURA;01;11646;0004; ; ; ; ;0; ; ; ;REGIÓN SIERRA; ; ; ;TOTAL NACIONAL;3,56738684254845
10015401116990001;IMBABURA;01;11699;0001; ; ; ; ;0; ; ; ;REGIÓN SIERRA; ; ; ;TOTAL NACIONAL;59,0560541702038
10015401116990003;IMBABURA;01;11699;0003; ; ; ; ;0; ; ; ;REGIÓN SIERRA; ; ; ;TOTAL NACIONAL;13,104908492535
10015401116990019;IMBABURA;01;11699;0019; ; ; ; ;1; ; ; ;REGIÓN SIERRA; ; ; ;TOTAL NACIONAL;70,7436484611553
10015401116990020;IMBABURA;01;11699;0020; ; ; ; ; ; ; ; ;REGIÓN SIERRA; ; ; ;TOTAL NACIONAL;3,37015611534368
10015401116990021;IMBABURA;01;11699;0021; ; ; ; ; ; ; ; ;REGIÓN SIERRA; ; ; ;TOTAL NACIONAL;4,13474012757618
10015401116990022;IMBABURA;01;11699;0022; ; ; ; ; ; ; ; ;REGIÓN SIERRA; ; ; ;TOTAL NACIONAL;39,2469068226154
10045501118450001;IMBABURA;01;11845;0001; ; ; ; ;0; ; ; ;REGIÓN SIERRA; ; ; ;TOTAL NACIONAL;14,3041600022588
10045001119570010;IMBABURA;01;11957;0010; ;2; ; ;0; ;2;2;REGIÓN SIERRA; ; ; ;TOTAL NACIONAL;52,8583620592076
10045001119570012;IMBABURA;01;11957;0012; ; ; ; ;0; ; ; ;REGIÓN SIERRA; ; ; ;TOTAL NACIONAL;23,797817216012
10045501121150005;IMBABURA;01;12115;0005; ; ; ; ; ; ; ; ;REGIÓN SIERRA; ; ; ;TOTAL NACIONAL;23,1709579268078
10035601121350007;IMBABURA;01;12135;0007; ;1; ;1;0; ;2;2;REGIÓN SIERRA; ; ; ;TOTAL NACIONAL;18,4301182648822
10045501126070001;IMBABURA;01;12607;0001; ; ; ; ; ; ; ; ;REGIÓN SIERRA; ; ; ;TOTAL NACIONAL;63,1909109171602
10045501126070002;IMBABURA;01;12607;0002; ; ; ; ; ; ; ; ;REGIÓN SIERRA; ; ; ;TOTAL NACIONAL;49,7159302578926
10045501126070003;IMBABURA;01;12607;0003; ; ; ; ; ; ; ; ;REGIÓN SIERRA; ; ; ;TOTAL NACIONAL;57,6137056749884
10045501126070005;IMBABURA;01;12607;0005; ; ; ; ; ; ; ; ;REGIÓN SIERRA; ; ; ;TOTAL NACIONAL;28,5282102648954
10035201126610005;IMBABURA;01;12661;0005; ; ; ; ;1; ; ; ;REGIÓN SIERRA; ; ; ;TOTAL NACIONAL;62,8774380229867
10045501127820003;IMBABURA;01;12782;0003; ; ;2; ; ;2; ;2;REGIÓN SIERRA; ; ; ;TOTAL NACIONAL;3,34632314530311
10045501129620002;IMBABURA;01;12962;0002; ; ; ; ;0; ; ; ;REGIÓN SIERRA; ; ; ;TOTAL NACIONAL;23,8202081370244
10045501129620005;IMBABURA;01;12962;0005; ;1; ; ;0; ;1;1;REGIÓN SIERRA; ; ; ;TOTAL NACIONAL;4,98182443275187
10035201131280002;IMBABURA;01;13128;0002; ; ; ; ; ; ; ; ;REGIÓN SIERRA; ; ; ;TOTAL NACIONAL;59,7391770590765
10045901134740002;IMBABURA;01;13474;0002; ; ; ; ; ; ; ; ;REGIÓN SIERRA; ; ; ;TOTAL NACIONAL;16,7285396207415
10045901134740003;IMBABURA;01;13474;0003; ;2; ; ; ; ;2;2;REGIÓN SIERRA; ; ; ;TOTAL NACIONAL;72,9860380759064
10035201135510003;IMBABURA;01;13551;0003; ;2; ; ; ; ;2;2;REGIÓN SIERRA; ; ; ;TOTAL NACIONAL;20,5353770951683
10045901135650001;IMBABURA;01;13565;0001; ; ; ; ; ; ; ; ;REGIÓN SIERRA; ; ; ;TOTAL NACIONAL;34,5168057332946
10045001136900007;IMBABURA;01;13690;0007; ; ; ; ; ; ; ; ;REGIÓN SIERRA; ; ; ;TOTAL NACIONAL;32,977348467062
10045001136900008;IMBABURA;01;13690;0008; ; ; ; ; ; ; ; ;REGIÓN SIERRA; ; ; ;TOTAL NACIONAL;63,785203279031
10015201137320003;IMBABURA;01;13732;0003; ;1; ; ;0; ;1;1;REGIÓN SIERRA; ; ; ;TOTAL NACIONAL;27,0109143812913
10015201137320007;IMBABURA;01;13732;0007; ; ; ; ; ; ; ; ;REGIÓN SIERRA; ; ; ;TOTAL NACIONAL;64,131329599681
10015201137860008;IMBABURA;01;13786;0008; ;1; ;3;4; ;4;4;REGIÓN SIERRA; ; ; ;TOTAL NACIONAL;4,01637145659917
10045301143610010;IMBABURA;01;14361;0010; ; ; ; ;1; ; ; ;REGIÓN SIERRA; ; ; ;TOTAL NACIONAL;186,080404663576
10045301143610013;IMBABURA;01;14361;0013; ; ; ; ; ; ; ; ;REGIÓN SIERRA; ; ; ;TOTAL NACIONAL;197,2471043091
10045301143610017;IMBABURA;01;14361;0017; ; ; ; ; ; ; ; ;REGIÓN SIERRA; ; ; ;TOTAL NACIONAL;31,3369485027627
10035202000200007;IMBABURA;02;00020;0007; ;10; ; ;0; ;10;10;REGIÓN SIERRA; ; ; ;TOTAL NACIONAL;13,4124147195977
10035202000200011;IMBABURA;02;00020;0011;4; ; ;5;0;4;5;9;REGIÓN SIERRA; ; ; ;TOTAL NACIONAL;8,37381447872822
10035202000280001;IMBABURA;02;00028;0001; ; ; ; ; ; ; ; ;REGIÓN SIERRA; ; ; ;TOTAL NACIONAL;6,1479951500904
10035202000480008;IMBABURA;02;00048;0008; ; ; ; ;0; ; ; ;REGIÓN SIERRA; ; ; ;TOTAL NACIONAL;3,00351825907629
10035202000960001;IMBABURA;02;00096;0001; ; ; ; ;0; ; ; ;REGIÓN SIERRA; ; ; ;TOTAL NACIONAL;3,24997500360128
10035202000960003;IMBABURA;02;00096;0003;6; ;10; ;0;16; ;16;REGIÓN SIERRA; ; ; ;TOTAL NACIONAL;5,78112806073458
10015503000060001;IMBABURA;03;00006;0001; ; ; ; ;0; ; ; ;REGIÓN SIERRA; ; ; ;TOTAL NACIONAL;59,4800750070017
10065203001090001;IMBABURA;03;00109;0001; ; ; ; ;0; ; ; ;REGIÓN SIERRA; ; ; ;TOTAL NACIONAL;24,8632876152033
10015103004370002;IMBABURA;03;00437;0002; ; ; ; ; ; ; ; ;REGIÓN SIERRA; ; ; ;TOTAL NACIONAL;57,6622972157983
10015103004370003;IMBABURA;03;00437;0003; ;2; ; ; ; ;2;2;REGIÓN SIERRA; ; ; ;TOTAL NACIONAL;48,8494206650498
10015103004370006;IMBABURA;03;00437;0006; ; ; ;1;1; ;1;1;REGIÓN SIERRA; ; ; ;TOTAL NACIONAL;56,0867118006626
10015103004370007;IMBABURA;03;00437;0007; ; ; ; ;1; ; ; ;REGIÓN SIERRA; ; ; ;TOTAL NACIONAL;35,2247794160863
10015103004380001;IMBABURA;03;00438;0001; ;1; ; ; ; ;1;1;REGIÓN SIERRA; ; ; ;TOTAL NACIONAL;26,2050020626622
10015103004380005;IMBABURA;03;00438;0005; ;1; ; ; ; ;1;1;REGIÓN SIERRA; ; ; ;TOTAL NACIONAL;68,2608641523137
10015103004380012;IMBABURA;03;00438;0012; ; ; ; ;1; ; ; ;REGIÓN SIERRA; ; ; ;TOTAL NACIONAL;106,552917259541
10015103004380016;IMBABURA;03;00438;0016; ; ; ; ;1; ; ; ;REGIÓN SIERRA; ; ; ;TOTAL NACIONAL;53,47238781313
10015103004380018;IMBABURA;03;00438;0018; ; ; ; ; ; ; ; ;REGIÓN SIERRA; ; ; ;TOTAL NACIONAL;21,1093351522163
10015103004380019;IMBABURA;03;00438;0019; ; ; ; ; ; ; ; ;REGIÓN SIERRA; ; ; ;TOTAL NACIONAL;55,4698277458403
10015103004380021;IMBABURA;03;00438;0021; ; ; ; ; ; ; ; ;REGIÓN SIERRA; ; ; ;TOTAL NACIONAL;42,5182411369664
10015103004380022;IMBABURA;03;00438;0022; ; ; ; ; ; ; ; ;REGIÓN SIERRA; ; ; ;TOTAL NACIONAL;20,405005971812
10015103004380023;IMBABURA;03;00438;0023; ; ; ; ; ; ; ; ;REGIÓN SIERRA; ; ; ;TOTAL NACIONAL;33,2582830812136
10015103004380028;IMBABURA;03;00438;0028; ; ; ; ; ; ; ; ;REGIÓN SIERRA; ; ; ;TOTAL NACIONAL;15,9564485185835
10045003006520003;IMBABURA;03;00652;0003; ; ; ; ; ; ; ; ;REGIÓN SIERRA; ; ; ;TOTAL NACIONAL;75,4827235941709
10015504000020040;IMBABURA;04;00002;0040; ; ; ; ;0; ; ; ;REGIÓN SIERRA; ; ; ;TOTAL NACIONAL;9,50613814755785
10065104000360001;IMBABURA;04;00036;0001; ; ; ; ;0; ; ; ;REGIÓN SIERRA; ; ; ;TOTAL NACIONAL;3,26716002116918
10035104000470006;IMBABURA;04;00047;0006; ; ; ; ;0; ; ; ;REGIÓN SIERRA; ; ; ;TOTAL NACIONAL;11,8148010857515
10035104000470008;IMBABURA;04;00047;0008; ; ; ; ;1; ; ; ;REGIÓN SIERRA; ; ; ;TOTAL NACIONAL;,661430210639521
10035104000470009;IMBABURA;04;00047;0009; ; ; ; ;1; ; ; ;REGIÓN SIERRA; ; ; ;TOTAL NACIONAL;4,39459041602499
10035104000470011;IMBABURA;04;00047;0011; ; ; ; ;2; ; ; ;REGIÓN SIERRA; ; ; ;TOTAL NACIONAL;8,5857276889376
10045504000700002;IMBABURA;04;00070;0002; ; ; ; ;0; ; ; ;REGIÓN SIERRA; ; ; ;TOTAL NACIONAL;7,28109709470981
10045561000992975;IMBABURA;61;00099;2975; ; ; ;1;0; ;1;1;REGIÓN SIERRA; ; ; ;TOTAL NACIONAL;1
10015162000990420;IMBABURA;62;00099;0420; ;2; ;2;0; ;4;4;REGIÓN SIERRA; ; ; ;TOTAL NACIONAL;1
10015062000990487;IMBABURA;62;00099;0487; ; ; ; ;1; ; ; ;REGIÓN SIERRA; ; ; ;TOTAL NACIONAL;1
10065564000991392;IMBABURA;64;00099;1392; ;5; ;10; ; ;15;15;REGIÓN SIERRA; ; ; ;TOTAL NACIONAL;1
11115701004260001;LOJA;01;00426;0001; ; ; ; ; ; ; ; ;REGIÓN SIERRA; ; ; ;TOTAL NACIONAL;16,4308738377596
11115701004360001;LOJA;01;00436;0001; ; ; ; ; ; ; ; ;REGIÓN SIERRA; ; ; ;TOTAL NACIONAL;31,9009474964703
11116001004660002;LOJA;01;00466;0002; ; ; ; ; ; ; ; ;REGIÓN SIERRA; ; ; ;TOTAL NACIONAL;8,95137504533809
11115701004870001;LOJA;01;00487;0001; ; ; ; ; ; ; ; ;REGIÓN SIERRA; ; ; ;TOTAL NACIONAL;16,8176881805175
11115301007960001;LOJA;01;00796;0001; ; ; ; ; ; ; ; ;REGIÓN SIERRA; ; ; ;TOTAL NACIONAL;29,7255220076618
11115101013770002;LOJA;01;01377;0002; ; ; ; ; ; ; ; ;REGIÓN SIERRA; ; ; ;TOTAL NACIONAL;25,0830678612151
11115101013770003;LOJA;01;01377;0003; ; ; ; ; ; ; ; ;REGIÓN SIERRA; ; ; ;TOTAL NACIONAL;2,34213718333609
11115901015820006;LOJA;01;01582;0006; ; ; ; ; ; ; ; ;REGIÓN SIERRA; ; ; ;TOTAL NACIONAL;48,1640129558503
11115901015820008;LOJA;01;01582;0008; ; ; ; ; ; ; ; ;REGIÓN SIERRA; ; ; ;TOTAL NACIONAL;53,6432920749328
11115001017520006;LOJA;01;01752;0006; ; ; ; ; ; ; ; ;REGIÓN SIERRA; ; ; ;TOTAL NACIONAL;61,3110690124163
11115001017520030;LOJA;01;01752;0030; ; ; ; ;1; ; ; ;REGIÓN SIERRA; ; ; ;TOTAL NACIONAL;38,5463182052983
11115101017720001;LOJA;01;01772;0001; ; ; ; ;0; ; ; ;REGIÓN SIERRA; ; ; ;TOTAL NACIONAL;11,4170959268637
11015401023280001;LOJA;01;02328;0001; ; ; ; ;0; ; ; ;REGIÓN SIERRA; ; ; ;TOTAL NACIONAL;34,1639437719637
11015401027770001;LOJA;01;02777;0001; ; ; ; ; ; ; ; ;REGIÓN SIERRA; ; ; ;TOTAL NACIONAL;16,2987373671923
11055001031080004;LOJA;01;03108;0004; ; ; ; ;0; ; ; ;REGIÓN SIERRA; ; ; ;TOTAL NACIONAL;62,5243359883006
11015901032030003;LOJA;01;03203;0003; ; ; ; ; ; ; ; ;REGIÓN SIERRA; ; ; ;TOTAL NACIONAL;44,4199342860498
11055001032410002;LOJA;01;03241;0002; ; ; ; ;0; ; ; ;REGIÓN SIERRA; ; ; ;TOTAL NACIONAL;32,7582373889303
11095601034440001;LOJA;01;03444;0001; ; ; ; ;1; ; ; ;REGIÓN SIERRA; ; ; ;TOTAL NACIONAL;54,0439581116674
11015201037320001;LOJA;01;03732;0001; ; ; ; ; ; ; ; ;REGIÓN SIERRA; ; ; ;TOTAL NACIONAL;8,49721143621277
11015201037320009;LOJA;01;03732;0009; ; ; ; ;1; ; ; ;REGIÓN SIERRA; ; ; ;TOTAL NACIONAL;58,6256847826899
11015201037320012;LOJA;01;03732;0012; ; ; ; ; ; ; ; ;REGIÓN SIERRA; ; ; ;TOTAL NACIONAL;3,63788277964828
11015201037320014;LOJA;01;03732;0014; ; ; ; ; ; ; ; ;REGIÓN SIERRA; ; ; ;TOTAL NACIONAL;53,2885579722944
11015201037320015;LOJA;01;03732;0015; ;1; ; ;1; ;1;1;REGIÓN SIERRA; ; ; ;TOTAL NACIONAL;8,13026814539928
11055001041130002;LOJA;01;04113;0002; ; ; ; ;1; ; ; ;REGIÓN SIERRA; ; ; ;TOTAL NACIONAL;41,4754791546371
11015101051110006;LOJA;01;05111;0006; ; ; ; ;0; ; ; ;REGIÓN SIERRA; ; ; ;TOTAL NACIONAL;15,3096838189501
11015101051110010;LOJA;01;05111;0010; ; ; ; ;0; ; ; ;REGIÓN SIERRA; ; ; ;TOTAL NACIONAL;49,0422148462392
11015101051110012;LOJA;01;05111;0012; ; ; ; ;0; ; ; ;REGIÓN SIERRA; ; ; ;TOTAL NACIONAL;59,1043229400349
11015001054420007;LOJA;01;05442;0007; ; ; ; ;1; ; ; ;REGIÓN SIERRA; ; ; ;TOTAL NACIONAL;1,98220596108404
11035301064440002;LOJA;01;06444;0002; ; ; ; ;1; ; ; ;REGIÓN SIERRA; ; ; ;TOTAL NACIONAL;11,3134835361023
11105101070320001;LOJA;01;07032;0001; ; ; ; ;0; ; ; ;REGIÓN SIERRA; ; ; ;TOTAL NACIONAL;26,9491909257458
11095201079650001;LOJA;01;07965;0001; ;3; ; ;3; ;3;3;REGIÓN SIERRA; ; ; ;TOTAL NACIONAL;7,2023359982757
11095201079650002;LOJA;01;07965;0002; ; ; ; ;0; ; ; ;REGIÓN SIERRA; ; ; ;TOTAL NACIONAL;7,35338850942491
11015001080230001;LOJA;01;08023;0001; ; ; ; ;12; ; ; ;REGIÓN SIERRA; ; ; ;TOTAL NACIONAL;2,64515206718862
11015001080230004;LOJA;01;08023;0004; ; ; ; ; ; ; ; ;REGIÓN SIERRA; ; ; ;TOTAL NACIONAL;45,5902063851327
11015001080230007;LOJA;01;08023;0007; ;1; ; ; ; ;1;1;REGIÓN SIERRA; ; ; ;TOTAL NACIONAL;60,1690577695188
11015001080230008;LOJA;01;08023;0008; ; ; ; ;1; ; ; ;REGIÓN SIERRA; ; ; ;TOTAL NACIONAL;32,2740818581032
11105301086130001;LOJA;01;08613;0001; ; ; ; ; ; ; ; ;REGIÓN SIERRA; ; ; ;TOTAL NACIONAL;13,5772438031498
11105301086130002;LOJA;01;08613;0002; ;2; ;1; ; ;3;3;REGIÓN SIERRA; ; ; ;TOTAL NACIONAL;1,74153612929332
11095801087750003;LOJA;01;08775;0003; ; ; ; ;0; ; ; ;REGIÓN SIERRA; ; ; ;TOTAL NACIONAL;26,8682156417355
11095801087750004;LOJA;01;08775;0004;0;2; ;2;0;0;4;4;REGIÓN SIERRA; ; ; ;TOTAL NACIONAL;9,60912554914692
11105301088370003;LOJA;01;08837;0003; ; ; ; ;0; ; ; ;REGIÓN SIERRA; ; ; ;TOTAL NACIONAL;17,9680244342103
11095801089960001;LOJA;01;08996;0001; ; ; ; ; ; ; ; ;REGIÓN SIERRA; ; ; ;TOTAL NACIONAL;40,1792814104245
11095801089960003;LOJA;01;08996;0003; ; ; ; ;0; ; ; ;REGIÓN SIERRA; ; ; ;TOTAL NACIONAL;6,69413620806755
11095801089960004;LOJA;01;08996;0004; ; ; ; ;0; ; ; ;REGIÓN SIERRA; ; ; ;TOTAL NACIONAL;20,2302926388488
11095801093250003;LOJA;01;09325;0003; ; ; ; ;0; ; ; ;REGIÓN SIERRA; ; ; ;TOTAL NACIONAL;4,73005163854785
11105401094300001;LOJA;01;09430;0001; ;1; ;1;2; ;2;2;REGIÓN SIERRA; ; ; ;TOTAL NACIONAL;10,3099178508229
11095901095560002;LOJA;01;09556;0002;1; ;1; ;1;2; ;2;REGIÓN SIERRA; ; ; ;TOTAL NACIONAL;4,06050342074612
11105001096970003;LOJA;01;09697;0003; ; ; ; ;4; ; ; ;REGIÓN SIERRA; ; ; ;TOTAL NACIONAL;6,97966276856811
11095001098440002;LOJA;01;09844;0002; ; ; ; ; ; ; ; ;REGIÓN SIERRA; ; ; ;TOTAL NACIONAL;21,1961307397815
11095201100850001;LOJA;01;10085;0001; ;2; ; ; ; ;2;2;REGIÓN SIERRA; ; ; ;TOTAL NACIONAL;9,38456493957148
11105001101150001;LOJA;01;10115;0001; ; ; ; ; ; ; ; ;REGIÓN SIERRA; ; ; ;TOTAL NACIONAL;1,64560461900558
11105001101150002;LOJA;01;10115;0002; ; ; ; ; ; ; ; ;REGIÓN SIERRA; ; ; ;TOTAL NACIONAL;23,7963989930165
11105001103590001;LOJA;01;10359;0001; ; ; ; ;1; ; ; ;REGIÓN SIERRA; ; ; ;TOTAL NACIONAL;8,04354631834049
11105001103590002;LOJA;01;10359;0002; ; ; ; ;1; ; ; ;REGIÓN SIERRA; ; ; ;TOTAL NACIONAL;28,2056689367247
11035001104680001;LOJA;01;10468;0001; ; ; ; ; ; ; ; ;REGIÓN SIERRA; ; ; ;TOTAL NACIONAL;21,5954499576778
11145201106920001;LOJA;01;10692;0001; ; ; ; ;1; ; ; ;REGIÓN SIERRA; ; ; ;TOTAL NACIONAL;24,4647148558307
11095201110880001;LOJA;01;11088;0001; ;2; ; ;2; ;2;2;REGIÓN SIERRA; ; ; ;TOTAL NACIONAL;21,2642055673222
11095201111030001;LOJA;01;11103;0001; ; ; ; ; ; ; ; ;REGIÓN SIERRA; ; ; ;TOTAL NACIONAL;38,9146787910415
11095201111110001;LOJA;01;11111;0001; ; ; ; ; ; ; ; ;REGIÓN SIERRA; ; ; ;TOTAL NACIONAL;46,5518182865537
11095201114380001;LOJA;01;11438;0001; ; ; ; ; ; ; ; ;REGIÓN SIERRA; ; ; ;TOTAL NACIONAL;24,7878589265463
11095201115280001;LOJA;01;11528;0001; ; ; ; ; ; ; ; ;REGIÓN SIERRA; ; ; ;TOTAL NACIONAL;,94697864017933
11095201115280004;LOJA;01;11528;0004; ; ; ; ; ; ; ; ;REGIÓN SIERRA; ; ; ;TOTAL NACIONAL;52,0360058911789
11105001115480001;LOJA;01;11548;0001; ; ; ;2; ; ;2;2;REGIÓN SIERRA; ; ; ;TOTAL NACIONAL;37,5649445688102
11145301116500001;LOJA;01;11650;0001; ; ; ; ;1; ; ; ;REGIÓN SIERRA; ; ; ;TOTAL NACIONAL;12,8865393053965
11145201116610001;LOJA;01;11661;0001; ; ; ; ; ; ; ; ;REGIÓN SIERRA; ; ; ;TOTAL NACIONAL;3,96292655554174
11145301119490001;LOJA;01;11949;0001; ; ; ; ;0; ; ; ;REGIÓN SIERRA; ; ; ;TOTAL NACIONAL;4,74311855257403
11095001122960004;LOJA;01;12296;0004; ; ; ; ; ; ; ; ;REGIÓN SIERRA; ; ; ;TOTAL NACIONAL;7,47049454504683
11095001123020001;LOJA;01;12302;0001; ; ; ; ;0; ; ; ;REGIÓN SIERRA; ; ; ;TOTAL NACIONAL;45,3809265156266
11095001123090001;LOJA;01;12309;0001;0;6; ; ; ;0;6;6;REGIÓN SIERRA; ; ; ;TOTAL NACIONAL;9,80752414555049
11045501124220001;LOJA;01;12422;0001; ; ; ; ;3; ; ; ;REGIÓN SIERRA; ; ; ;TOTAL NACIONAL;3,29702082918542
11045501124220002;LOJA;01;12422;0002; ; ; ; ; ; ; ; ;REGIÓN SIERRA; ; ; ;TOTAL NACIONAL;38,4727448526457
11045001126760001;LOJA;01;12676;0001; ; ; ; ; ; ; ; ;REGIÓN SIERRA; ; ; ;TOTAL NACIONAL;7,40615915573323
11145301131820002;LOJA;01;13182;0002; ; ; ; ;1; ; ; ;REGIÓN SIERRA; ; ; ;TOTAL NACIONAL;1,44527292298905
11045501136400001;LOJA;01;13640;0001; ; ; ; ; ; ; ; ;REGIÓN SIERRA; ; ; ;TOTAL NACIONAL;14,5148160869093
11145001137060010;LOJA;01;13706;0010; ; ; ; ; ; ; ; ;REGIÓN SIERRA; ; ; ;TOTAL NACIONAL;49,5930618495773
11045001137470001;LOJA;01;13747;0001;2; ; ; ; ;2; ;2;REGIÓN SIERRA; ; ; ;TOTAL NACIONAL;6,20205995713564
11045001137680001;LOJA;01;13768;0001;2; ; ; ;0;2; ;2;REGIÓN SIERRA; ; ; ;TOTAL NACIONAL;6,20205995713564
11145001139510001;LOJA;01;13951;0001; ; ; ; ; ; ; ; ;REGIÓN SIERRA; ; ; ;TOTAL NACIONAL;29,7074537240159
11145001139510002;LOJA;01;13951;0002; ;3; ;3;2; ;6;6;REGIÓN SIERRA; ; ; ;TOTAL NACIONAL;12,3157432103351
11045001140330001;LOJA;01;14033;0001; ; ; ; ;2; ; ; ;REGIÓN SIERRA; ; ; ;TOTAL NACIONAL;28,1979721451097
11045001140870001;LOJA;01;14087;0001; ; ; ; ; ; ; ; ;REGIÓN SIERRA; ; ; ;TOTAL NACIONAL;1,21297948535506
11075301142250003;LOJA;01;14225;0003; ; ; ; ;2; ; ; ;REGIÓN SIERRA; ; ; ;TOTAL NACIONAL;46,7554712035315
11075301142250005;LOJA;01;14225;0005; ; ; ; ;0; ; ; ;REGIÓN SIERRA; ; ; ;TOTAL NACIONAL;11,6121411795488
11145001144370001;LOJA;01;14437;0001; ; ; ; ; ; ; ; ;REGIÓN SIERRA; ; ; ;TOTAL NACIONAL;10,8038061311018
11045001144770001;LOJA;01;14477;0001; ; ; ; ;2; ; ; ;REGIÓN SIERRA; ; ; ;TOTAL NACIONAL;25,2303641119763
11045001144770002;LOJA;01;14477;0002; ; ; ; ; ; ; ; ;REGIÓN SIERRA; ; ; ;TOTAL NACIONAL;3,51885916504379
11045001144780001;LOJA;01;14478;0001; ; ; ; ;2; ; ; ;REGIÓN SIERRA; ; ; ;TOTAL NACIONAL;17,7924164624704
11045001144780002;LOJA;01;14478;0002; ; ; ; ; ; ; ; ;REGIÓN SIERRA; ; ; ;TOTAL NACIONAL;52,8884344029426
11045001146750002;LOJA;01;14675;0002; ; ; ; ;1; ; ; ;REGIÓN SIERRA; ; ; ;TOTAL NACIONAL;37,1065708522537
11045001147100001;LOJA;01;14710;0001; ; ; ; ; ; ; ; ;REGIÓN SIERRA; ; ; ;TOTAL NACIONAL;19,8883114253085
11045001147100003;LOJA;01;14710;0003; ; ; ; ;1; ; ; ;REGIÓN SIERRA; ; ; ;TOTAL NACIONAL;15,6713596232577
11045101147700005;LOJA;01;14770;0005; ; ; ; ; ; ; ; ;REGIÓN SIERRA; ; ; ;TOTAL NACIONAL;46,4410249590317
11045101147700009;LOJA;01;14770;0009; ; ; ; ; ; ; ; ;REGIÓN SIERRA; ; ; ;TOTAL NACIONAL;25,7863424741123
11045101147700011;LOJA;01;14770;0011; ; ; ; ; ; ; ; ;REGIÓN SIERRA; ; ; ;TOTAL NACIONAL;68,0867369884352
11045101147700013;LOJA;01;14770;0013; ;1; ;1; ; ;2;2;REGIÓN SIERRA; ; ; ;TOTAL NACIONAL;51,218134438998
11045101147700014;LOJA;01;14770;0014; ; ; ; ;1; ; ; ;REGIÓN SIERRA; ; ; ;TOTAL NACIONAL;4,60130481736096
11045101147700016;LOJA;01;14770;0016; ; ; ; ; ; ; ; ;REGIÓN SIERRA; ; ; ;TOTAL NACIONAL;33,8573406421919
11045101151020006;LOJA;01;15102;0006; ; ; ; ;0; ; ; ;REGIÓN SIERRA; ; ; ;TOTAL NACIONAL;27,3330714716144
11045101151020009;LOJA;01;15102;0009; ; ; ; ;0; ; ; ;REGIÓN SIERRA; ; ; ;TOTAL NACIONAL;2,76529179955488
11145001151320001;LOJA;01;15132;0001; ;5; ;3; ; ;8;8;REGIÓN SIERRA; ; ; ;TOTAL NACIONAL;41,2039969470603
11045001153120001;LOJA;01;15312;0001; ; ; ; ;2; ; ; ;REGIÓN SIERRA; ; ; ;TOTAL NACIONAL;38,6732894216058
11045001153120002;LOJA;01;15312;0002; ; ; ; ; ; ; ; ;REGIÓN SIERRA; ; ; ;TOTAL NACIONAL;6,2386757671645
11045101153660003;LOJA;01;15366;0003; ;1; ; ; ; ;1;1;REGIÓN SIERRA; ; ; ;TOTAL NACIONAL;46,8925239224744
11045101153660005;LOJA;01;15366;0005; ; ; ; ; ; ; ; ;REGIÓN SIERRA; ; ; ;TOTAL NACIONAL;6,76643573327273
11045101153660006;LOJA;01;15366;0006; ; ; ; ; ; ; ; ;REGIÓN SIERRA; ; ; ;TOTAL NACIONAL;6,2430055956876
11075601154350001;LOJA;01;15435;0001; ; ; ; ;1; ; ; ;REGIÓN SIERRA; ; ; ;TOTAL NACIONAL;18,8861993140693
11045101154950001;LOJA;01;15495;0001; ; ; ; ;0; ; ; ;REGIÓN SIERRA; ; ; ;TOTAL NACIONAL;15,5091887440745
11045601156640002;LOJA;01;15664;0002; ; ; ;3; ; ;3;3;REGIÓN SIERRA; ; ; ;TOTAL NACIONAL;17,6836035833764
11045701157660001;LOJA;01;15766;0001; ; ; ;10; ; ;10;10;REGIÓN SIERRA; ; ; ;TOTAL NACIONAL;10,1234133040917
11045701157660002;LOJA;01;15766;0002; ; ; ; ; ; ; ; ;REGIÓN SIERRA; ; ; ;TOTAL NACIONAL;13,5434612989895
11045601158850002;LOJA;01;15885;0002; ;12; ;10;1; ;22;22;REGIÓN SIERRA; ; ; ;TOTAL NACIONAL;1,47691917302703
11025001161890001;LOJA;01;16189;0001; ; ; ; ;0; ; ; ;REGIÓN SIERRA; ; ; ;TOTAL NACIONAL;6,9337109105045
11025001162240001;LOJA;01;16224;0001; ; ; ; ;1; ; ; ;REGIÓN SIERRA; ; ; ;TOTAL NACIONAL;1,5590827834515
11025101162990001;LOJA;01;16299;0001; ; ; ; ;0; ; ; ;REGIÓN SIERRA; ; ; ;TOTAL NACIONAL;3,509305174271
11025001163950001;LOJA;01;16395;0001; ; ; ; ;0; ; ; ;REGIÓN SIERRA; ; ; ;TOTAL NACIONAL;,875172480581033
11025001163950003;LOJA;01;16395;0003; ; ; ; ;0; ; ; ;REGIÓN SIERRA; ; ; ;TOTAL NACIONAL;6,65245942026415
11025101164820001;LOJA;01;16482;0001; ; ; ; ;0; ; ; ;REGIÓN SIERRA; ; ; ;TOTAL NACIONAL;60,9414284426839
11155001169440002;LOJA;01;16944;0002; ; ; ; ; ; ; ; ;REGIÓN SIERRA; ; ; ;TOTAL NACIONAL;9,33217282608707
11025101170640001;LOJA;01;17064;0001; ; ; ; ;0; ; ; ;REGIÓN SIERRA; ; ; ;TOTAL NACIONAL;38,9913396126406
11025101170920001;LOJA;01;17092;0001; ;5; ; ;0; ;5;5;REGIÓN SIERRA; ; ; ;TOTAL NACIONAL;64,0391045420212
11025101170920002;LOJA;01;17092;0002;0; ; ; ;0;0; ;0;REGIÓN SIERRA; ; ; ;TOTAL NACIONAL;67,3461017212168
11025101170920003;LOJA;01;17092;0003; ; ; ; ;0; ; ; ;REGIÓN SIERRA; ; ; ;TOTAL NACIONAL;13,2166225837881
11155001172940002;LOJA;01;17294;0002; ;3; ; ;2; ;3;3;REGIÓN SIERRA; ; ; ;TOTAL NACIONAL;7,94309838206402
11025001173860007;LOJA;01;17386;0007; ; ; ; ;0; ; ; ;REGIÓN SIERRA; ; ; ;TOTAL NACIONAL;68,9819420202141
11155001174360001;LOJA;01;17436;0001; ;2; ; ;1; ;2;2;REGIÓN SIERRA; ; ; ;TOTAL NACIONAL;32,6397049776169
11025001174530003;LOJA;01;17453;0003; ; ; ; ;0; ; ; ;REGIÓN SIERRA; ; ; ;TOTAL NACIONAL;3,39072764042148
11025001174530004;LOJA;01;17453;0004; ; ; ; ;0; ; ; ;REGIÓN SIERRA; ; ; ;TOTAL NACIONAL;10,8695085123023
11025001177110001;LOJA;01;17711;0001; ; ; ; ;0; ; ; ;REGIÓN SIERRA; ; ; ;TOTAL NACIONAL;21,809199280381
11025001177160005;LOJA;01;17716;0005; ; ; ; ;1; ; ; ;REGIÓN SIERRA; ; ; ;TOTAL NACIONAL;66,4388289503444
11025001180290001;LOJA;01;18029;0001; ; ; ; ;0; ; ; ;REGIÓN SIERRA; ; ; ;TOTAL NACIONAL;25,0535162382912
11025001180990001;LOJA;01;18099;0001; ; ; ; ;0; ; ; ;REGIÓN SIERRA; ; ; ;TOTAL NACIONAL;42,6347843881553
11155201186780003;LOJA;01;18678;0003; ; ; ; ;1; ; ; ;REGIÓN SIERRA; ; ; ;TOTAL NACIONAL;9,50842367213744
11025001186920001;LOJA;01;18692;0001; ; ; ; ;0; ; ; ;REGIÓN SIERRA; ; ; ;TOTAL NACIONAL;18,6015341336113
11025001186920004;LOJA;01;18692;0004; ; ; ; ;0; ; ; ;REGIÓN SIERRA; ; ; ;TOTAL NACIONAL;11,4967194304525
11025001186920005;LOJA;01;18692;0005; ; ; ; ;0; ; ; ;REGIÓN SIERRA; ; ; ;TOTAL NACIONAL;5,19111397136795
11025001186920006;LOJA;01;18692;0006; ; ; ; ;0; ; ; ;REGIÓN SIERRA; ; ; ;TOTAL NACIONAL;18,5943664238695
11025001187620001;LOJA;01;18762;0001; ; ; ; ;0; ; ; ;REGIÓN SIERRA; ; ; ;TOTAL NACIONAL;10,5061659382856
11025001187620003;LOJA;01;18762;0003; ; ; ; ;0; ; ; ;REGIÓN SIERRA; ; ; ;TOTAL NACIONAL;23,3163606401707
11025001187620005;LOJA;01;18762;0005; ; ; ; ;0; ; ; ;REGIÓN SIERRA; ; ; ;TOTAL NACIONAL;10,387450095951
11125201190980001;LOJA;01;19098;0001; ; ; ; ;1; ; ; ;REGIÓN SIERRA; ; ; ;TOTAL NACIONAL;53,2838647211635
11025001191390001;LOJA;01;19139;0001; ; ; ; ;20; ; ; ;REGIÓN SIERRA; ; ; ;TOTAL NACIONAL;,850568222692887
11025001192560003;LOJA;01;19256;0003; ; ; ; ;1; ; ; ;REGIÓN SIERRA; ; ; ;TOTAL NACIONAL;31,6094025442782
11025001192560004;LOJA;01;19256;0004; ; ; ; ;0; ; ; ;REGIÓN SIERRA; ; ; ;TOTAL NACIONAL;43,4318976396815
11065501192650005;LOJA;01;19265;0005; ; ; ; ;0; ; ; ;REGIÓN SIERRA; ; ; ;TOTAL NACIONAL;10,0088091823412
11025001195030001;LOJA;01;19503;0001;0; ; ; ;4;0; ;0;REGIÓN SIERRA; ; ; ;TOTAL NACIONAL;1,52248384147345
11065101196330001;LOJA;01;19633;0001; ; ; ; ;30; ; ; ;REGIÓN SIERRA; ; ; ;TOTAL NACIONAL;37,3290129081518
11116003000630001;LOJA;03;00063;0001; ; ; ; ; ; ; ; ;REGIÓN SIERRA; ; ; ;TOTAL NACIONAL;61,8556815332851
11116003000630002;LOJA;03;00063;0002; ;2; ;2; ; ;4;4;REGIÓN SIERRA; ; ; ;TOTAL NACIONAL;80,4836198694156
11116003000630003;LOJA;03;00063;0003; ; ; ; ; ; ; ; ;REGIÓN SIERRA; ; ; ;TOTAL NACIONAL;37,6847063387601
11116003000630006;LOJA;03;00063;0006; ; ; ; ; ; ; ; ;REGIÓN SIERRA; ; ; ;TOTAL NACIONAL;24,342910801303
11116003000630007;LOJA;03;00063;0007; ; ; ; ; ; ; ; ;REGIÓN SIERRA; ; ; ;TOTAL NACIONAL;81,2436119988812
11115403001000001;LOJA;03;00100;0001; ; ; ; ;0; ; ; ;REGIÓN SIERRA; ; ; ;TOTAL NACIONAL;106,8523740982
11115403001000004;LOJA;03;00100;0004; ; ; ; ; ; ; ; ;REGIÓN SIERRA; ; ; ;TOTAL NACIONAL;82,4644985300024
11115403001000005;LOJA;03;00100;0005; ; ; ; ; ; ; ; ;REGIÓN SIERRA; ; ; ;TOTAL NACIONAL;95,3674876634769
11115403001000006;LOJA;03;00100;0006; ;1; ;1; ; ;2;2;REGIÓN SIERRA; ; ; ;TOTAL NACIONAL;58,406660305799
11115403001130001;LOJA;03;00113;0001; ; ; ; ; ; ; ; ;REGIÓN SIERRA; ; ; ;TOTAL NACIONAL;121,421753399341
11115403001130005;LOJA;03;00113;0005;2; ; ; ; ;2; ;2;REGIÓN SIERRA; ; ; ;TOTAL NACIONAL;60,6278009012179
11115403001130008;LOJA;03;00113;0008;6; ; ; ;2;6; ;6;REGIÓN SIERRA; ; ; ;TOTAL NACIONAL;87,661713898827
11115403001130010;LOJA;03;00113;0010; ; ; ; ;2; ; ; ;REGIÓN SIERRA; ; ; ;TOTAL NACIONAL;68,9540266185537
11115403001130012;LOJA;03;00113;0012; ; ; ; ; ; ; ; ;REGIÓN SIERRA; ; ; ;TOTAL NACIONAL;68,1006973707554
11115403001130014;LOJA;03;00113;0014; ; ; ; ; ; ; ; ;REGIÓN SIERRA; ; ; ;TOTAL NACIONAL;49,8467931991646
11115203001280004;LOJA;03;00128;0004; ; ; ; ; ; ; ; ;REGIÓN SIERRA; ; ; ;TOTAL NACIONAL;40,1399387178337
11115203001280009;LOJA;03;00128;0009; ; ; ; ;0; ; ; ;REGIÓN SIERRA; ; ; ;TOTAL NACIONAL;82,7362165426855
11095603004710001;LOJA;03;00471;0001; ;1; ;2; ; ;3;3;REGIÓN SIERRA; ; ; ;TOTAL NACIONAL;57,2923906650732
11016003005910010;LOJA;03;00591;0010; ; ; ; ;1; ; ; ;REGIÓN SIERRA; ; ; ;TOTAL NACIONAL;44,4564302962881
11105503006510001;LOJA;03;00651;0001; ; ; ; ;1; ; ; ;REGIÓN SIERRA; ; ; ;TOTAL NACIONAL;57,3674578874037
11095803007590001;LOJA;03;00759;0001; ; ; ; ;3; ; ; ;REGIÓN SIERRA; ; ; ;TOTAL NACIONAL;12,1165529300726
11095803007590003;LOJA;03;00759;0003; ;10; ;10;1; ;20;20;REGIÓN SIERRA; ; ; ;TOTAL NACIONAL;19,0325724464836
11095803007590004;LOJA;03;00759;0004; ; ; ; ;1; ; ; ;REGIÓN SIERRA; ; ; ;TOTAL NACIONAL;18,7747833663694
11095803007590005;LOJA;03;00759;0005; ; ; ; ;0; ; ; ;REGIÓN SIERRA; ; ; ;TOTAL NACIONAL;44,242333151519
11095803007590006;LOJA;03;00759;0006; ; ; ; ;1; ; ; ;REGIÓN SIERRA; ; ; ;TOTAL NACIONAL;29,6850319628482
11095803007590007;LOJA;03;00759;0007; ; ; ; ;1; ; ; ;REGIÓN SIERRA; ; ; ;TOTAL NACIONAL;66,8873818764312
11095803007590008;LOJA;03;00759;0008; ; ; ; ;4; ; ; ;REGIÓN SIERRA; ; ; ;TOTAL NACIONAL;7,57689884387231
11095803007590010;LOJA;03;00759;0010; ; ;1; ;1;1; ;1;REGIÓN SIERRA; ; ; ;TOTAL NACIONAL;77,4092648601694
11095803007590012;LOJA;03;00759;0012; ; ; ; ;0; ; ; ;REGIÓN SIERRA; ; ; ;TOTAL NACIONAL;80,2950695307001
11095803007590015;LOJA;03;00759;0015; ; ; ; ;3; ; ; ;REGIÓN SIERRA; ; ; ;TOTAL NACIONAL;3,81385688605496
11095803007590016;LOJA;03;00759;0016; ; ; ; ; ; ; ; ;REGIÓN SIERRA; ; ; ;TOTAL NACIONAL;39,5262831539071
11095803007590018;LOJA;03;00759;0018; ; ; ; ;1; ; ; ;REGIÓN SIERRA; ; ; ;TOTAL NACIONAL;3,2336223923792
11095803007590024;LOJA;03;00759;0024; ; ; ; ; ; ; ; ;REGIÓN SIERRA; ; ; ;TOTAL NACIONAL;3,67116041835769
11095803007590027;LOJA;03;00759;0027; ; ; ; ; ; ; ; ;REGIÓN SIERRA; ; ; ;TOTAL NACIONAL;52,3959045624759
11095803007590028;LOJA;03;00759;0028; ; ; ; ; ; ; ; ;REGIÓN SIERRA; ; ; ;TOTAL NACIONAL;8,50284416145443
11095803007590030;LOJA;03;00759;0030; ; ; ; ;0; ; ; ;REGIÓN SIERRA; ; ; ;TOTAL NACIONAL;10,786015278882
11095803007590032;LOJA;03;00759;0032; ; ; ; ;4; ; ; ;REGIÓN SIERRA; ; ; ;TOTAL NACIONAL;12,9980978026939
11095803007590035;LOJA;03;00759;0035; ; ; ; ; ; ; ; ;REGIÓN SIERRA; ; ; ;TOTAL NACIONAL;61,8363268181658
11095803007590042;LOJA;03;00759;0042; ; ; ; ;1; ; ; ;REGIÓN SIERRA; ; ; ;TOTAL NACIONAL;34,452382369117
11095803007590043;LOJA;03;00759;0043; ; ; ; ; ; ; ; ;REGIÓN SIERRA; ; ; ;TOTAL NACIONAL;24,9827841049146
11095803007590045;LOJA;03;00759;0045; ; ; ; ;1; ; ; ;REGIÓN SIERRA; ; ; ;TOTAL NACIONAL;4,7042584115089
11095803007590046;LOJA;03;00759;0046; ; ; ; ;2; ; ; ;REGIÓN SIERRA; ; ; ;TOTAL NACIONAL;29,9563043375593
11095803007590050;LOJA;03;00759;0050; ; ; ; ; ; ; ; ;REGIÓN SIERRA; ; ; ;TOTAL NACIONAL;7,67639949529437
11095803007590056;LOJA;03;00759;0056;2; ; ; ;1;2; ;2;REGIÓN SIERRA; ; ; ;TOTAL NACIONAL;46,8541184285983
11035103008300003;LOJA;03;00830;0003; ; ; ; ;1; ; ; ;REGIÓN SIERRA; ; ; ;TOTAL NACIONAL;30,746732005933
11045003009570001;LOJA;03;00957;0001; ; ; ; ; ; ; ; ;REGIÓN SIERRA; ; ; ;TOTAL NACIONAL;48,264009938402
11045003009570004;LOJA;03;00957;0004; ; ; ; ; ; ; ; ;REGIÓN SIERRA; ; ; ;TOTAL NACIONAL;42,9547371616146
11045003009570007;LOJA;03;00957;0007; ;5; ;3;0; ;8;8;REGIÓN SIERRA; ; ; ;TOTAL NACIONAL;48,4532960076399
11045603010000003;LOJA;03;01000;0003; ; ; ; ; ; ; ; ;REGIÓN SIERRA; ; ; ;TOTAL NACIONAL;49,1100202308885
11045603010000005;LOJA;03;01000;0005; ; ; ; ; ; ; ; ;REGIÓN SIERRA; ; ; ;TOTAL NACIONAL;68,5995008559562
11085003012180007;LOJA;03;01218;0007; ; ; ; ;0; ; ; ;REGIÓN SIERRA; ; ; ;TOTAL NACIONAL;4,61533947633746
11085303012230002;LOJA;03;01223;0002; ; ; ; ;0; ; ; ;REGIÓN SIERRA; ; ; ;TOTAL NACIONAL;2,34014998749129
11135003012450004;LOJA;03;01245;0004; ; ; ; ; ; ; ; ;REGIÓN SIERRA; ; ; ;TOTAL NACIONAL;48,3148382884445
11025003012520002;LOJA;03;01252;0002; ; ; ; ; ; ; ; ;REGIÓN SIERRA; ; ; ;TOTAL NACIONAL;18,8210552075862
11025003012520004;LOJA;03;01252;0004; ; ; ; ;1; ; ; ;REGIÓN SIERRA; ; ; ;TOTAL NACIONAL;47,6823422658527
11025003012520021;LOJA;03;01252;0021; ; ; ; ;0; ; ; ;REGIÓN SIERRA; ; ; ;TOTAL NACIONAL;58,0652898698433
11115404000260002;LOJA;04;00026;0002; ; ; ; ; ; ; ; ;REGIÓN SIERRA; ; ; ;TOTAL NACIONAL;24,5795482982749
11095604000670005;LOJA;04;00067;0005; ; ; ; ; ; ; ; ;REGIÓN SIERRA; ; ; ;TOTAL NACIONAL;11,204078777437
11095204000930002;LOJA;04;00093;0002; ; ; ; ;0; ; ; ;REGIÓN SIERRA; ; ; ;TOTAL NACIONAL;7,42906460211987
11095204001130001;LOJA;04;00113;0001; ; ; ; ; ; ; ; ;REGIÓN SIERRA; ; ; ;TOTAL NACIONAL;41,4093887008239
11135104001450003;LOJA;04;00145;0003; ; ; ; ; ; ; ; ;REGIÓN SIERRA; ; ; ;TOTAL NACIONAL;11,7376459827308
11135104001450006;LOJA;04;00145;0006; ; ; ; ; ; ; ; ;REGIÓN SIERRA; ; ; ;TOTAL NACIONAL;19,5170250220707
11135104001450008;LOJA;04;00145;0008; ; ; ; ; ; ; ; ;REGIÓN SIERRA; ; ; ;TOTAL NACIONAL;29,0658215176482
11135104001450009;LOJA;04;00145;0009; ; ; ; ;1; ; ; ;REGIÓN SIERRA; ; ; ;TOTAL NACIONAL;4,90438964639008
11135104001450011;LOJA;04;00145;0011; ; ; ; ;1; ; ; ;REGIÓN SIERRA; ; ; ;TOTAL NACIONAL;26,3036106426843
11125004001850001;LOJA;04;00185;0001; ; ; ; ;4; ; ; ;REGIÓN SIERRA; ; ; ;TOTAL NACIONAL;17,4023243530496
11125004001850002;LOJA;04;00185;0002;2; ;1; ;4;3; ;3;REGIÓN SIERRA; ; ; ;TOTAL NACIONAL;22,2721178061727
11125004001850004;LOJA;04;00185;0004; ; ; ; ; ; ; ; ;REGIÓN SIERRA; ; ; ;TOTAL NACIONAL;25,1663756926919
11125004001850005;LOJA;04;00185;0005; ; ; ; ;2; ; ; ;REGIÓN SIERRA; ; ; ;TOTAL NACIONAL;28,1685239225122
11045604002010002;LOJA;04;00201;0002; ; ; ; ; ; ; ; ;REGIÓN SIERRA; ; ; ;TOTAL NACIONAL;26,5740741735575
11025304002430001;LOJA;04;00243;0001; ; ; ; ;0; ; ; ;REGIÓN SIERRA; ; ; ;TOTAL NACIONAL;11,0106802255767
11025304002430002;LOJA;04;00243;0002; ; ; ; ;0; ; ; ;REGIÓN SIERRA; ; ; ;TOTAL NACIONAL;5,14873519907083
11065104002620002;LOJA;04;00262;0002;20; ;21; ;0;41; ;41;REGIÓN SIERRA; ; ; ;TOTAL NACIONAL;9,10237723674166
11065104002620011;LOJA;04;00262;0011; ; ; ; ;1; ; ; ;REGIÓN SIERRA; ; ; ;TOTAL NACIONAL;16,829780063509
11145062000990459;LOJA;62;00099;0459;10;20;40;30;2;50;50;100;REGIÓN SIERRA; ; ; ;TOTAL NACIONAL;1
11135262000990463;LOJA;62;00099;0463;30;35;20;25;2;50;60;110;REGIÓN SIERRA; ; ; ;TOTAL NACIONAL;1
11045662000990556;LOJA;62;00099;0556; ;20; ;20;1; ;40;40;REGIÓN SIERRA; ; ; ;TOTAL NACIONAL;1
12115001005160002;LOS RÍOS;01;00516;0002; ; ; ; ;0; ; ; ; ;REGIÓN COSTA; ; ;TOTAL NACIONAL;,819609022836396
12115001005160004;LOS RÍOS;01;00516;0004; ; ; ; ;0; ; ; ; ;REGIÓN COSTA; ; ;TOTAL NACIONAL;16,9449578107491
12115001007130001;LOS RÍOS;01;00713;0001; ; ; ; ; ; ; ; ; ;REGIÓN COSTA; ; ;TOTAL NACIONAL;4,06393394646921
12115001013290002;LOS RÍOS;01;01329;0002; ;3; ;3;1; ;6;6; ;REGIÓN COSTA; ; ;TOTAL NACIONAL;8,05235282510533
12075301015770001;LOS RÍOS;01;01577;0001; ;4; ; ; ; ;4;4; ;REGIÓN COSTA; ; ;TOTAL NACIONAL;9,17472786757159
12105102001030009;LOS RÍOS;02;00103;0009; ; ; ; ;0; ; ; ; ;REGIÓN COSTA; ; ;TOTAL NACIONAL;18,4344127339426
12105102002340001;LOS RÍOS;02;00234;0001; ;2; ;2; ; ;4;4; ;REGIÓN COSTA; ; ;TOTAL NACIONAL;334,699117367665
12105102004260001;LOS RÍOS;02;00426;0001; ;1; ; ; ; ;1;1; ;REGIÓN COSTA; ; ;TOTAL NACIONAL;37,3585290966667
12115002007550002;LOS RÍOS;02;00755;0002; ; ; ; ; ; ; ; ; ;REGIÓN COSTA; ; ;TOTAL NACIONAL;70,1462247605203
12115002008090001;LOS RÍOS;02;00809;0001; ; ; ; ; ; ; ; ; ;REGIÓN COSTA; ; ;TOTAL NACIONAL;23,097413329952
12115002014220002;LOS RÍOS;02;01422;0002; ; ; ; ;0; ; ; ; ;REGIÓN COSTA; ; ;TOTAL NACIONAL;64,0041528851479
12115002017040004;LOS RÍOS;02;01704;0004; ; ; ;10; ; ;10;10; ;REGIÓN COSTA; ; ;TOTAL NACIONAL;6,83891011343504
12115002021260001;LOS RÍOS;02;02126;0001; ; ; ; ;1; ; ; ; ;REGIÓN COSTA; ; ;TOTAL NACIONAL;24,0376246063624
12115002023700003;LOS RÍOS;02;02370;0003; ; ; ; ;0; ; ; ; ;REGIÓN COSTA; ; ;TOTAL NACIONAL;1,86764144045205
12055002030190001;LOS RÍOS;02;03019;0001; ; ; ; ;0; ; ; ; ;REGIÓN COSTA; ; ;TOTAL NACIONAL;77,5296119975909
12055002030610007;LOS RÍOS;02;03061;0007; ;1; ;1; ; ;2;2; ;REGIÓN COSTA; ; ;TOTAL NACIONAL;29,3902046524632
12055002030610010;LOS RÍOS;02;03061;0010; ; ; ;4;0; ;4;4; ;REGIÓN COSTA; ; ;TOTAL NACIONAL;50,0202232265609
12055002031370001;LOS RÍOS;02;03137;0001; ; ; ; ;0; ; ; ; ;REGIÓN COSTA; ; ;TOTAL NACIONAL;180,42606199981
12055002031370008;LOS RÍOS;02;03137;0008; ; ; ;1; ; ;1;1; ;REGIÓN COSTA; ; ;TOTAL NACIONAL;80,3103757362434
12055302037150001;LOS RÍOS;02;03715;0001; ; ; ; ; ; ; ; ; ;REGIÓN COSTA; ; ;TOTAL NACIONAL;55,5019865392568
12055302037150002;LOS RÍOS;02;03715;0002; ; ; ; ; ; ; ; ; ;REGIÓN COSTA; ; ;TOTAL NACIONAL;25,9365319251308
12125002038600003;LOS RÍOS;02;03860;0003; ; ; ; ; ; ; ; ; ;REGIÓN COSTA; ; ;TOTAL NACIONAL;74,3237628618064
12135002041870003;LOS RÍOS;02;04187;0003; ; ; ; ; ; ; ; ; ;REGIÓN COSTA; ; ;TOTAL NACIONAL;58,1071874739784
12135002041870007;LOS RÍOS;02;04187;0007; ;2; ;1; ; ;3;3; ;REGIÓN COSTA; ; ;TOTAL NACIONAL;49,9606903598915
12125002042580002;LOS RÍOS;02;04258;0002; ; ; ;12;3; ;12;12; ;REGIÓN COSTA; ; ;TOTAL NACIONAL;43,4767556919045
12125002042580003;LOS RÍOS;02;04258;0003; ;1; ;1; ; ;2;2; ;REGIÓN COSTA; ; ;TOTAL NACIONAL;169,852669750547
12055302043150002;LOS RÍOS;02;04315;0002; ; ; ; ; ; ; ; ; ;REGIÓN COSTA; ; ;TOTAL NACIONAL;70,0679863858036
12075202046190002;LOS RÍOS;02;04619;0002; ; ; ; ; ; ; ; ; ;REGIÓN COSTA; ; ;TOTAL NACIONAL;34,2727500753371
12075202046190003;LOS RÍOS;02;04619;0003; ; ; ; ; ; ; ; ; ;REGIÓN COSTA; ; ;TOTAL NACIONAL;98,4688384451502
12125002047040004;LOS RÍOS;02;04704;0004; ; ; ;1; ; ;1;1; ;REGIÓN COSTA; ; ;TOTAL NACIONAL;27,8346985028893
12125002047040006;LOS RÍOS;02;04704;0006; ; ; ;1; ; ;1;1; ;REGIÓN COSTA; ; ;TOTAL NACIONAL;150,54804961344
12125002047040009;LOS RÍOS;02;04704;0009; ; ; ; ;5; ; ; ; ;REGIÓN COSTA; ; ;TOTAL NACIONAL;24,6016384420888
12125002047040010;LOS RÍOS;02;04704;0010; ; ; ;1; ; ;1;1; ;REGIÓN COSTA; ; ;TOTAL NACIONAL;29,9447450409996
12125002049170002;LOS RÍOS;02;04917;0002; ; ; ; ; ; ; ; ; ;REGIÓN COSTA; ; ;TOTAL NACIONAL;46,3245654045196
12125002049170003;LOS RÍOS;02;04917;0003;8;12;8;2;10;16;14;30; ;REGIÓN COSTA; ; ;TOTAL NACIONAL;78,595510234425
12125002049170004;LOS RÍOS;02;04917;0004; ; ; ; ; ; ; ; ; ;REGIÓN COSTA; ; ;TOTAL NACIONAL;75,7535359288505
12125002049170006;LOS RÍOS;02;04917;0006;4;2;4;1;2;8;3;11; ;REGIÓN COSTA; ; ;TOTAL NACIONAL;24,1230979902462
12125002055310009;LOS RÍOS;02;05531;0009; ; ; ; ; ; ; ; ; ;REGIÓN COSTA; ; ;TOTAL NACIONAL;60,9025231944119
12095002064280003;LOS RÍOS;02;06428;0003; ; ; ; ; ; ; ; ; ;REGIÓN COSTA; ; ;TOTAL NACIONAL;39,2059622562645
12095002064280004;LOS RÍOS;02;06428;0004; ; ; ; ; ; ; ; ; ;REGIÓN COSTA; ; ;TOTAL NACIONAL;64,5705317868613
12095002064280009;LOS RÍOS;02;06428;0009; ; ; ; ; ; ; ; ; ;REGIÓN COSTA; ; ;TOTAL NACIONAL;5,41524820136549
12095002066090003;LOS RÍOS;02;06609;0003; ; ; ; ;0; ; ; ; ;REGIÓN COSTA; ; ;TOTAL NACIONAL;41,7589637801339
12095002066090006;LOS RÍOS;02;06609;0006; ; ; ; ;1; ; ; ; ;REGIÓN COSTA; ; ;TOTAL NACIONAL;70,3302190307185
12095002067560001;LOS RÍOS;02;06756;0001; ; ; ; ;0; ; ; ; ;REGIÓN COSTA; ; ;TOTAL NACIONAL;34,0758354518662
12095002069090001;LOS RÍOS;02;06909;0001; ; ; ; ;0; ; ; ; ;REGIÓN COSTA; ; ;TOTAL NACIONAL;6,61621608152784
12075202069750004;LOS RÍOS;02;06975;0004; ; ; ; ; ; ; ; ; ;REGIÓN COSTA; ; ;TOTAL NACIONAL;24,5471868103878
12075302071500004;LOS RÍOS;02;07150;0004; ; ; ; ; ; ; ; ; ;REGIÓN COSTA; ; ;TOTAL NACIONAL;61,3479152559291
12095002072040003;LOS RÍOS;02;07204;0003; ; ; ; ;0; ; ; ; ;REGIÓN COSTA; ; ;TOTAL NACIONAL;12,9096266588427
12095002072040004;LOS RÍOS;02;07204;0004; ; ; ; ;0; ; ; ; ;REGIÓN COSTA; ; ;TOTAL NACIONAL;73,9645905885954
12095002072040006;LOS RÍOS;02;07204;0006; ; ; ; ;0; ; ; ; ;REGIÓN COSTA; ; ;TOTAL NACIONAL;12,0196701353384
12095002072040010;LOS RÍOS;02;07204;0010; ; ; ; ;0; ; ; ; ;REGIÓN COSTA; ; ;TOTAL NACIONAL;77,1433277800799
12095002072270001;LOS RÍOS;02;07227;0001; ; ; ; ;0; ; ; ; ;REGIÓN COSTA; ; ;TOTAL NACIONAL;65,5443969813235
12095002072270007;LOS RÍOS;02;07227;0007; ; ; ; ;0; ; ; ; ;REGIÓN COSTA; ; ;TOTAL NACIONAL;5,70275727390652
12095002072270008;LOS RÍOS;02;07227;0008; ; ; ; ;0; ; ; ; ;REGIÓN COSTA; ; ;TOTAL NACIONAL;76,3501584211935
12095002072270009;LOS RÍOS;02;07227;0009; ; ; ; ;0; ; ; ; ;REGIÓN COSTA; ; ;TOTAL NACIONAL;24,1452292728061
12095002072270010;LOS RÍOS;02;07227;0010; ; ; ; ;0; ; ; ; ;REGIÓN COSTA; ; ;TOTAL NACIONAL;54,3929469106996
12095002074020001;LOS RÍOS;02;07402;0001; ; ; ; ;0; ; ; ; ;REGIÓN COSTA; ; ;TOTAL NACIONAL;64,186252244231
12095002074020007;LOS RÍOS;02;07402;0007; ; ; ; ;0; ; ; ; ;REGIÓN COSTA; ; ;TOTAL NACIONAL;8,89119032462581
12095002075610004;LOS RÍOS;02;07561;0004; ; ; ; ;0; ; ; ; ;REGIÓN COSTA; ; ;TOTAL NACIONAL;22,9653552713337
12095002075610006;LOS RÍOS;02;07561;0006; ; ; ; ;0; ; ; ; ;REGIÓN COSTA; ; ;TOTAL NACIONAL;67,8089266976027
12085002078140001;LOS RÍOS;02;07814;0001; ; ; ; ;0; ; ; ; ;REGIÓN COSTA; ; ;TOTAL NACIONAL;25,8567151241019
12085002078140002;LOS RÍOS;02;07814;0002; ; ; ; ;0; ; ; ; ;REGIÓN COSTA; ; ;TOTAL NACIONAL;25,1269097349256
12095002078570002;LOS RÍOS;02;07857;0002; ; ; ; ;0; ; ; ; ;REGIÓN COSTA; ; ;TOTAL NACIONAL;45,9257924798763
12095002078790006;LOS RÍOS;02;07879;0006; ; ; ; ;0; ; ; ; ;REGIÓN COSTA; ; ;TOTAL NACIONAL;46,0291157097639
12045102079040006;LOS RÍOS;02;07904;0006; ; ; ; ; ; ; ; ; ;REGIÓN COSTA; ; ;TOTAL NACIONAL;61,1846970470501
12085002079630001;LOS RÍOS;02;07963;0001; ; ; ; ;0; ; ; ; ;REGIÓN COSTA; ; ;TOTAL NACIONAL;12,4315031752223
12085002079630006;LOS RÍOS;02;07963;0006; ; ; ; ;0; ; ; ; ;REGIÓN COSTA; ; ;TOTAL NACIONAL;,117111370212587
12085002081030001;LOS RÍOS;02;08103;0001; ; ;6; ;0;6; ;6; ;REGIÓN COSTA; ; ;TOTAL NACIONAL;39,2538409148739
12085002081030002;LOS RÍOS;02;08103;0002; ; ; ; ;0; ; ; ; ;REGIÓN COSTA; ; ;TOTAL NACIONAL;1,97948686265695
12085002084420001;LOS RÍOS;02;08442;0001; ; ; ; ; ; ; ; ; ;REGIÓN COSTA; ; ;TOTAL NACIONAL;32,5250319333227
12085002084420002;LOS RÍOS;02;08442;0002; ; ; ; ; ; ; ; ; ;REGIÓN COSTA; ; ;TOTAL NACIONAL;35,6339930111769
12025102085460001;LOS RÍOS;02;08546;0001; ; ; ; ;0; ; ; ; ;REGIÓN COSTA; ; ;TOTAL NACIONAL;3,49259302897775
12085002085780002;LOS RÍOS;02;08578;0002; ;1; ;1;1; ;2;2; ;REGIÓN COSTA; ; ;TOTAL NACIONAL;9,3527805361729
12085002087380001;LOS RÍOS;02;08738;0001; ; ; ; ;2; ; ; ; ;REGIÓN COSTA; ; ;TOTAL NACIONAL;3,12110364315154
12085002087380002;LOS RÍOS;02;08738;0002; ; ; ; ; ; ; ; ; ;REGIÓN COSTA; ; ;TOTAL NACIONAL;47,6037740284078
12085002087380003;LOS RÍOS;02;08738;0003; ; ; ; ;1; ; ; ; ;REGIÓN COSTA; ; ;TOTAL NACIONAL;45,9589960858666
12085002087690005;LOS RÍOS;02;08769;0005; ; ; ; ;1; ; ; ; ;REGIÓN COSTA; ; ;TOTAL NACIONAL;26,7304397168297
12085002087690007;LOS RÍOS;02;08769;0007; ; ; ; ; ; ; ; ; ;REGIÓN COSTA; ; ;TOTAL NACIONAL;16,4034958592479
12085002087690011;LOS RÍOS;02;08769;0011; ; ; ; ;1; ; ; ; ;REGIÓN COSTA; ; ;TOTAL NACIONAL;37,0945702583595
12065102089740005;LOS RÍOS;02;08974;0005;1; ; ;1; ;1;1;2; ;REGIÓN COSTA; ; ;TOTAL NACIONAL;45,748774919283
12075002091740001;LOS RÍOS;02;09174;0001; ; ; ; ;0; ; ; ; ;REGIÓN COSTA; ; ;TOTAL NACIONAL;83,4262728558381
12085002094160001;LOS RÍOS;02;09416;0001; ;3; ;3;2; ;6;6; ;REGIÓN COSTA; ; ;TOTAL NACIONAL;111,904304411026
12085002094160002;LOS RÍOS;02;09416;0002; ; ; ; ; ; ; ; ; ;REGIÓN COSTA; ; ;TOTAL NACIONAL;79,9158705367322
12085002094160004;LOS RÍOS;02;09416;0004; ;1; ;1; ; ;2;2; ;REGIÓN COSTA; ; ;TOTAL NACIONAL;69,2477583259758
12085002094160005;LOS RÍOS;02;09416;0005; ; ; ;1;8; ;1;1; ;REGIÓN COSTA; ; ;TOTAL NACIONAL;19,297440988327
12085002094160008;LOS RÍOS;02;09416;0008; ;4; ;3; ; ;7;7; ;REGIÓN COSTA; ; ;TOTAL NACIONAL;36,1362348047698
12085002096900005;LOS RÍOS;02;09690;0005; ; ; ; ;2; ; ; ; ;REGIÓN COSTA; ; ;TOTAL NACIONAL;147,397799861561
12085002096900009;LOS RÍOS;02;09690;0009; ; ; ; ; ; ; ; ; ;REGIÓN COSTA; ; ;TOTAL NACIONAL;56,49701475984
12065002099130001;LOS RÍOS;02;09913;0001; ;1; ; ;2; ;1;1; ;REGIÓN COSTA; ; ;TOTAL NACIONAL;14,8165530337489
12085002101480002;LOS RÍOS;02;10148;0002; ; ; ; ; ; ; ; ; ;REGIÓN COSTA; ; ;TOTAL NACIONAL;59,8353326491437
12085002102910001;LOS RÍOS;02;10291;0001; ; ; ; ; ; ; ; ; ;REGIÓN COSTA; ; ;TOTAL NACIONAL;11,392580681382
12085002102910007;LOS RÍOS;02;10291;0007; ; ; ; ; ; ; ; ; ;REGIÓN COSTA; ; ;TOTAL NACIONAL;9,91373876058127
12085002104260003;LOS RÍOS;02;10426;0003; ;2; ;2; ; ;4;4; ;REGIÓN COSTA; ; ;TOTAL NACIONAL;37,3033141585123
12085002105870006;LOS RÍOS;02;10587;0006; ;1; ;2;1; ;3;3; ;REGIÓN COSTA; ; ;TOTAL NACIONAL;77,685408012916
12085002105870007;LOS RÍOS;02;10587;0007; ; ; ; ; ; ; ; ; ;REGIÓN COSTA; ; ;TOTAL NACIONAL;4,5898622189459
12085002105870008;LOS RÍOS;02;10587;0008; ; ; ; ; ; ; ; ; ;REGIÓN COSTA; ; ;TOTAL NACIONAL;20,4686144577741
12065102106820011;LOS RÍOS;02;10682;0011; ; ; ; ; ; ; ; ; ;REGIÓN COSTA; ; ;TOTAL NACIONAL;5,3987344254758
12045202111670008;LOS RÍOS;02;11167;0008;3; ;2; ; ;5; ;5; ;REGIÓN COSTA; ; ;TOTAL NACIONAL;76,4330629082431
12045202112250007;LOS RÍOS;02;11225;0007; ; ; ; ;0; ; ; ; ;REGIÓN COSTA; ; ;TOTAL NACIONAL;44,6604671374088
12085102114260018;LOS RÍOS;02;11426;0018; ; ; ; ; ; ; ; ; ;REGIÓN COSTA; ; ;TOTAL NACIONAL;5,37968006868001
12085102114260021;LOS RÍOS;02;11426;0021; ; ; ;1; ; ;1;1; ;REGIÓN COSTA; ; ;TOTAL NACIONAL;80,2480305620487
12015202118310005;LOS RÍOS;02;11831;0005; ; ; ; ; ; ; ; ; ;REGIÓN COSTA; ; ;TOTAL NACIONAL;24,2570587439498
12025202126720006;LOS RÍOS;02;12672;0006; ; ; ; ; ; ; ; ; ;REGIÓN COSTA; ; ;TOTAL NACIONAL;61,896795193087
12025202126720007;LOS RÍOS;02;12672;0007; ; ; ; ; ; ; ; ; ;REGIÓN COSTA; ; ;TOTAL NACIONAL;87,4091648983647
12015502127060002;LOS RÍOS;02;12706;0002; ; ; ; ;1; ; ; ; ;REGIÓN COSTA; ; ;TOTAL NACIONAL;55,8337515852267
12035002127530002;LOS RÍOS;02;12753;0002; ; ; ; ; ; ; ; ; ;REGIÓN COSTA; ; ;TOTAL NACIONAL;14,4295409698956
12035002127530004;LOS RÍOS;02;12753;0004; ;1; ;2; ; ;3;3; ;REGIÓN COSTA; ; ;TOTAL NACIONAL;4,45140569669891
12015402128580003;LOS RÍOS;02;12858;0003; ; ; ; ; ; ; ; ; ;REGIÓN COSTA; ; ;TOTAL NACIONAL;13,6248017086087
12025002131760001;LOS RÍOS;02;13176;0001; ; ; ; ; ; ; ; ; ;REGIÓN COSTA; ; ;TOTAL NACIONAL;15,4558876670467
12015302148630003;LOS RÍOS;02;14863;0003; ; ; ; ; ; ; ; ; ;REGIÓN COSTA; ; ;TOTAL NACIONAL;39,0063855117514
12015302148630006;LOS RÍOS;02;14863;0006; ; ; ; ; ; ; ; ; ;REGIÓN COSTA; ; ;TOTAL NACIONAL;29,7762574791303
12015302148630014;LOS RÍOS;02;14863;0014; ; ; ; ; ; ; ; ; ;REGIÓN COSTA; ; ;TOTAL NACIONAL;9,0523441750494
12105003000260004;LOS RÍOS;03;00026;0004;2; ;3; ; ;5; ;5; ;REGIÓN COSTA; ; ;TOTAL NACIONAL;64,5539830971249
12105003000260007;LOS RÍOS;03;00026;0007; ; ; ; ; ; ; ; ; ;REGIÓN COSTA; ; ;TOTAL NACIONAL;55,2932772507674
12125003001810002;LOS RÍOS;03;00181;0002; ; ; ; ; ; ; ; ; ;REGIÓN COSTA; ; ;TOTAL NACIONAL;4,24579789215995
12075403002160001;LOS RÍOS;03;00216;0001; ; ; ; ;2; ; ; ; ;REGIÓN COSTA; ; ;TOTAL NACIONAL;75,5324629654186
12075403002160010;LOS RÍOS;03;00216;0010; ; ; ;2; ; ;2;2; ;REGIÓN COSTA; ; ;TOTAL NACIONAL;55,0984664166002
12065103002540024;LOS RÍOS;03;00254;0024; ; ; ; ;1; ; ; ; ;REGIÓN COSTA; ; ;TOTAL NACIONAL;19,5606997102875
12065103002540045;LOS RÍOS;03;00254;0045; ; ; ; ;1; ; ; ; ;REGIÓN COSTA; ; ;TOTAL NACIONAL;41,1987690217565
12075003002570002;LOS RÍOS;03;00257;0002;1; ; ;1;1;1;1;2; ;REGIÓN COSTA; ; ;TOTAL NACIONAL;22,4528134531542
12075003002570007;LOS RÍOS;03;00257;0007; ; ; ; ;2; ; ; ; ;REGIÓN COSTA; ; ;TOTAL NACIONAL;71,4302300850631
12075003002570016;LOS RÍOS;03;00257;0016; ; ;0;8;0;0;8;8; ;REGIÓN COSTA; ; ;TOTAL NACIONAL;69,9419999660129
12085103003160007;LOS RÍOS;03;00316;0007; ; ; ; ; ; ; ; ; ;REGIÓN COSTA; ; ;TOTAL NACIONAL;54,0294525805865
12035004000030010;LOS RÍOS;04;00003;0010; ; ; ; ; ; ; ; ; ;REGIÓN COSTA; ; ;TOTAL NACIONAL;1,21720756579201
12035004000030011;LOS RÍOS;04;00003;0011;2; ;1;1; ;3;1;4; ;REGIÓN COSTA; ; ;TOTAL NACIONAL;1,39060091012409
12015261000992509;LOS RÍOS;61;00099;2509; ; ; ;20;60; ;20;20; ;REGIÓN COSTA; ; ;TOTAL NACIONAL;1
12045061000992897;LOS RÍOS;61;00099;2897; ; ; ; ; ; ; ; ; ;REGIÓN COSTA; ; ;TOTAL NACIONAL;1
12125062000990357;LOS RÍOS;62;00099;0357; ;1500; ;1500; ; ;3000;3000; ;REGIÓN COSTA; ; ;TOTAL NACIONAL;1
12115062000990550;LOS RÍOS;62;00099;0550; ; ; ;15;5; ;15;15; ;REGIÓN COSTA; ; ;TOTAL NACIONAL;1
12085062000994221;LOS RÍOS;62;00099;4221; ;5; ;5; ; ;10;10; ;REGIÓN COSTA; ; ;TOTAL NACIONAL;1
13175102000820001;MANABÍ;02;00082;0001; ; ; ; ; ; ; ; ; ;REGIÓN COSTA; ; ;TOTAL NACIONAL;7,14757539827373
13175102003600001;MANABÍ;02;00360;0001; ; ; ; ; ; ; ; ; ;REGIÓN COSTA; ; ;TOTAL NACIONAL;3,8227052077515
13175002008250002;MANABÍ;02;00825;0002; ; ; ; ; ; ; ; ; ;REGIÓN COSTA; ; ;TOTAL NACIONAL;13,0847120224243
13175002008250003;MANABÍ;02;00825;0003; ; ; ; ; ; ; ; ; ;REGIÓN COSTA; ; ;TOTAL NACIONAL;27,340050346892
13175002008250004;MANABÍ;02;00825;0004; ; ; ; ; ; ; ; ; ;REGIÓN COSTA; ; ;TOTAL NACIONAL;13,3686970186582
13175002008710003;MANABÍ;02;00871;0003; ; ; ; ; ; ; ; ; ;REGIÓN COSTA; ; ;TOTAL NACIONAL;27,5842037161692
13175002008710004;MANABÍ;02;00871;0004;4; ; ; ;0;4; ;4; ;REGIÓN COSTA; ; ;TOTAL NACIONAL;43,7485533625116
13175002008710005;MANABÍ;02;00871;0005; ; ; ; ; ; ; ; ; ;REGIÓN COSTA; ; ;TOTAL NACIONAL;58,2474742746968
13175102010020001;MANABÍ;02;01002;0001; ; ; ; ; ; ; ; ; ;REGIÓN COSTA; ; ;TOTAL NACIONAL;53,528644116993
13175102011070002;MANABÍ;02;01107;0002; ; ; ; ; ; ; ; ; ;REGIÓN COSTA; ; ;TOTAL NACIONAL;16,9221109445079
13175002012810001;MANABÍ;02;01281;0001; ; ; ; ; ; ; ; ; ;REGIÓN COSTA; ; ;TOTAL NACIONAL;10,0838880284356
13175102015650001;MANABÍ;02;01565;0001; ; ; ; ; ; ; ; ; ;REGIÓN COSTA; ; ;TOTAL NACIONAL;6,69298318826866
13175102015650002;MANABÍ;02;01565;0002; ; ; ; ; ; ; ; ; ;REGIÓN COSTA; ; ;TOTAL NACIONAL;43,8070472906786
13175002017060002;MANABÍ;02;01706;0002; ; ; ; ; ; ; ; ; ;REGIÓN COSTA; ; ;TOTAL NACIONAL;50,4132408855036
13175002017060005;MANABÍ;02;01706;0005; ; ; ; ; ; ; ; ; ;REGIÓN COSTA; ; ;TOTAL NACIONAL;23,816769236521
13175002017400002;MANABÍ;02;01740;0002; ; ; ;7;0; ;7;7; ;REGIÓN COSTA; ; ;TOTAL NACIONAL;16,9942743796216
13175002019590001;MANABÍ;02;01959;0001; ; ; ; ; ; ; ; ; ;REGIÓN COSTA; ; ;TOTAL NACIONAL;63,463229690483
13175302021950003;MANABÍ;02;02195;0003; ; ; ; ; ; ; ; ; ;REGIÓN COSTA; ; ;TOTAL NACIONAL;14,7392247482309
13175002022220002;MANABÍ;02;02222;0002; ; ; ; ; ; ; ; ; ;REGIÓN COSTA; ; ;TOTAL NACIONAL;50,1778167332203
13175002022870002;MANABÍ;02;02287;0002; ; ; ; ; ; ; ; ; ;REGIÓN COSTA; ; ;TOTAL NACIONAL;3,86088045175538
13035402025170001;MANABÍ;02;02517;0001; ; ; ; ; ; ; ; ; ;REGIÓN COSTA; ; ;TOTAL NACIONAL;15,3428439808953
13175002025280001;MANABÍ;02;02528;0001; ; ; ; ; ; ; ; ; ;REGIÓN COSTA; ; ;TOTAL NACIONAL;0
13175302026510001;MANABÍ;02;02651;0001;7; ; ; ; ;7; ;7; ;REGIÓN COSTA; ; ;TOTAL NACIONAL;3,63463051405838
13035402027260001;MANABÍ;02;02726;0001; ; ; ; ; ; ; ; ; ;REGIÓN COSTA; ; ;TOTAL NACIONAL;3,32302297958069
13035402027260003;MANABÍ;02;02726;0003; ; ; ; ; ; ; ; ; ;REGIÓN COSTA; ; ;TOTAL NACIONAL;73,4859886200671
13035402027260004;MANABÍ;02;02726;0004; ; ; ; ; ; ; ; ; ;REGIÓN COSTA; ; ;TOTAL NACIONAL;23,2512327241951
13035402029510002;MANABÍ;02;02951;0002; ; ; ; ; ; ; ; ; ;REGIÓN COSTA; ; ;TOTAL NACIONAL;51,5556753298128
13035402029510003;MANABÍ;02;02951;0003; ; ; ; ; ; ; ; ; ;REGIÓN COSTA; ; ;TOTAL NACIONAL;10,1065595957025
13035402029510004;MANABÍ;02;02951;0004; ; ; ; ; ; ; ; ; ;REGIÓN COSTA; ; ;TOTAL NACIONAL;10,9677027684042
13035402029510008;MANABÍ;02;02951;0008; ;16; ;9; ; ;25;25; ;REGIÓN COSTA; ; ;TOTAL NACIONAL;1,86210463315521
13035402030260001;MANABÍ;02;03026;0001;0;16;0;9;0;0;25;25; ;REGIÓN COSTA; ; ;TOTAL NACIONAL;2,01689208078624
13035402030330001;MANABÍ;02;03033;0001; ; ; ; ; ; ; ; ; ;REGIÓN COSTA; ; ;TOTAL NACIONAL;4,87172250354416
13045202033030003;MANABÍ;02;03303;0003; ; ; ; ;0; ; ; ; ;REGIÓN COSTA; ; ;TOTAL NACIONAL;49,4255721798687
13045202033030006;MANABÍ;02;03303;0006;2;1; ; ;0;2;1;3; ;REGIÓN COSTA; ; ;TOTAL NACIONAL;4,98305787511762
13035402033400001;MANABÍ;02;03340;0001; ; ; ; ; ; ; ; ; ;REGIÓN COSTA; ; ;TOTAL NACIONAL;84,609521513094
13035402033400002;MANABÍ;02;03340;0002; ; ; ; ; ; ; ; ; ;REGIÓN COSTA; ; ;TOTAL NACIONAL;33,9838017759855
13035402033400003;MANABÍ;02;03340;0003; ; ; ; ; ; ; ; ; ;REGIÓN COSTA; ; ;TOTAL NACIONAL;5,13054910425901
13035402033400004;MANABÍ;02;03340;0004; ; ; ; ; ; ; ; ; ;REGIÓN COSTA; ; ;TOTAL NACIONAL;2,78528174346865
13175202033630007;MANABÍ;02;03363;0007; ; ; ; ;0; ; ; ; ;REGIÓN COSTA; ; ;TOTAL NACIONAL;17,435133105117
13175202033630008;MANABÍ;02;03363;0008; ;1; ; ;0; ;1;1; ;REGIÓN COSTA; ; ;TOTAL NACIONAL;29,5300910454997
13175202033630009;MANABÍ;02;03363;0009; ;1; ; ;0; ;1;1; ;REGIÓN COSTA; ; ;TOTAL NACIONAL;64,7933023502092
13035402036470003;MANABÍ;02;03647;0003; ;6; ;4; ; ;10;10; ;REGIÓN COSTA; ; ;TOTAL NACIONAL;,465691482422249
13175202038480003;MANABÍ;02;03848;0003; ; ; ; ; ; ; ; ; ;REGIÓN COSTA; ; ;TOTAL NACIONAL;50,3792491629814
13045202039020005;MANABÍ;02;03902;0005; ; ; ; ; ; ; ; ; ;REGIÓN COSTA; ; ;TOTAL NACIONAL;22,0206453160834
13045202039020006;MANABÍ;02;03902;0006; ; ; ; ; ; ; ; ; ;REGIÓN COSTA; ; ;TOTAL NACIONAL;42,284566208289
13045202039020007;MANABÍ;02;03902;0007; ; ; ; ; ; ; ; ; ;REGIÓN COSTA; ; ;TOTAL NACIONAL;19,9853568909857
13035302039420001;MANABÍ;02;03942;0001; ; ; ; ; ; ; ; ; ;REGIÓN COSTA; ; ;TOTAL NACIONAL;8,41960901334415
13035302040200001;MANABÍ;02;04020;0001; ; ; ; ; ; ; ; ; ;REGIÓN COSTA; ; ;TOTAL NACIONAL;5,19994857508314
13035302040200002;MANABÍ;02;04020;0002; ; ; ; ; ; ; ; ; ;REGIÓN COSTA; ; ;TOTAL NACIONAL;10,6594288347325
13035302041020001;MANABÍ;02;04102;0001; ; ; ; ; ; ; ; ; ;REGIÓN COSTA; ; ;TOTAL NACIONAL;60,9792834818695
13035302041020004;MANABÍ;02;04102;0004; ; ; ; ; ; ; ; ; ;REGIÓN COSTA; ; ;TOTAL NACIONAL;,624088025507499
13205002041560001;MANABÍ;02;04156;0001; ; ; ; ;0; ; ; ; ;REGIÓN COSTA; ; ;TOTAL NACIONAL;70,1726335288717
13045202042340003;MANABÍ;02;04234;0003; ; ; ; ; ; ; ; ; ;REGIÓN COSTA; ; ;TOTAL NACIONAL;45,7853850769431
13045202042340004;MANABÍ;02;04234;0004;10; ;7; ; ;17; ;17; ;REGIÓN COSTA; ; ;TOTAL NACIONAL;63,1855329458548
13035302042630002;MANABÍ;02;04263;0002; ; ; ; ; ; ; ; ; ;REGIÓN COSTA; ; ;TOTAL NACIONAL;24,3470774028606
13035302042630003;MANABÍ;02;04263;0003; ; ; ; ; ; ; ; ; ;REGIÓN COSTA; ; ;TOTAL NACIONAL;17,1203859457395
13045002045610001;MANABÍ;02;04561;0001; ; ;1; ; ;1; ;1; ;REGIÓN COSTA; ; ;TOTAL NACIONAL;4,25002218434819
13175202046350001;MANABÍ;02;04635;0001; ; ; ; ;1; ; ; ; ;REGIÓN COSTA; ; ;TOTAL NACIONAL;28,1421455997686
13175202046350002;MANABÍ;02;04635;0002;14; ; ; ;0;14; ;14; ;REGIÓN COSTA; ; ;TOTAL NACIONAL;18,1519549079282
13175202046350003;MANABÍ;02;04635;0003;12; ;8; ;3;20; ;20; ;REGIÓN COSTA; ; ;TOTAL NACIONAL;6,91571362450413
13175202046350004;MANABÍ;02;04635;0004; ; ; ; ;0; ; ; ; ;REGIÓN COSTA; ; ;TOTAL NACIONAL;9,73460419522979
13045202047270001;MANABÍ;02;04727;0001; ; ; ; ;0; ; ; ; ;REGIÓN COSTA; ; ;TOTAL NACIONAL;41,388960473714
13045202047270002;MANABÍ;02;04727;0002; ; ; ; ;0; ; ; ; ;REGIÓN COSTA; ; ;TOTAL NACIONAL;22,9923234493124
13035302048680001;MANABÍ;02;04868;0001;1; ; ; ;3;1; ;1; ;REGIÓN COSTA; ; ;TOTAL NACIONAL;11,8022332709431
13035302048680004;MANABÍ;02;04868;0004; ; ; ; ; ; ; ; ; ;REGIÓN COSTA; ; ;TOTAL NACIONAL;9,51198446000637
13035302048680005;MANABÍ;02;04868;0005; ; ; ;3;2; ;3;3; ;REGIÓN COSTA; ; ;TOTAL NACIONAL;,306056669445119
13045202049020001;MANABÍ;02;04902;0001; ; ;15;15;2;15;15;30; ;REGIÓN COSTA; ; ;TOTAL NACIONAL;6,34735002843783
13045202049020005;MANABÍ;02;04902;0005; ; ; ; ;0; ; ; ; ;REGIÓN COSTA; ; ;TOTAL NACIONAL;58,1905830640699
13045202049020007;MANABÍ;02;04902;0007; ; ; ; ;0; ; ; ; ;REGIÓN COSTA; ; ;TOTAL NACIONAL;49,9250494223831
13045202049020008;MANABÍ;02;04902;0008; ; ; ; ;0; ; ; ; ;REGIÓN COSTA; ; ;TOTAL NACIONAL;52,746818219422
13045202049020009;MANABÍ;02;04902;0009; ;1; ; ;0; ;1;1; ;REGIÓN COSTA; ; ;TOTAL NACIONAL;59,9299854890279
13045202049050001;MANABÍ;02;04905;0001; ; ; ; ; ; ; ; ; ;REGIÓN COSTA; ; ;TOTAL NACIONAL;28,4147357718293
13055102049640001;MANABÍ;02;04964;0001; ; ; ; ;0; ; ; ; ;REGIÓN COSTA; ; ;TOTAL NACIONAL;16,6949303275882
13175202049950003;MANABÍ;02;04995;0003; ; ; ; ;0; ; ; ; ;REGIÓN COSTA; ; ;TOTAL NACIONAL;74,7563934343008
13175202049950004;MANABÍ;02;04995;0004; ; ; ; ;0; ; ; ; ;REGIÓN COSTA; ; ;TOTAL NACIONAL;40,2398178785256
13175202051950003;MANABÍ;02;05195;0003; ; ; ; ; ; ; ; ; ;REGIÓN COSTA; ; ;TOTAL NACIONAL;39,8130654770904
13145702054800001;MANABÍ;02;05480;0001; ;2; ;1; ; ;3;3; ;REGIÓN COSTA; ; ;TOTAL NACIONAL;36,1395545779113
13145702055200001;MANABÍ;02;05520;0001; ;2; ; ; ; ;2;2; ;REGIÓN COSTA; ; ;TOTAL NACIONAL;24,9246347738869
13145702055200002;MANABÍ;02;05520;0002; ;1; ;1; ; ;2;2; ;REGIÓN COSTA; ; ;TOTAL NACIONAL;27,1370448182573
13145702055200003;MANABÍ;02;05520;0003; ;4; ;2;0; ;6;6; ;REGIÓN COSTA; ; ;TOTAL NACIONAL;76,9610040891862
13145702055200004;MANABÍ;02;05520;0004; ; ; ;2; ; ;2;2; ;REGIÓN COSTA; ; ;TOTAL NACIONAL;1,47511505094319
13145702055200006;MANABÍ;02;05520;0006; ;2; ;1; ; ;3;3; ;REGIÓN COSTA; ; ;TOTAL NACIONAL;5,82416758388601
13035302055420001;MANABÍ;02;05542;0001; ;1; ; ; ; ;1;1; ;REGIÓN COSTA; ; ;TOTAL NACIONAL;4,83934506020923
13055002058080003;MANABÍ;02;05808;0003;2; ;2; ; ;4; ;4; ;REGIÓN COSTA; ; ;TOTAL NACIONAL;2,95040337303567
13055002058080004;MANABÍ;02;05808;0004; ;4; ;13; ; ;17;17; ;REGIÓN COSTA; ; ;TOTAL NACIONAL;38,0111851040264
13055002058080006;MANABÍ;02;05808;0006; ; ; ; ; ; ; ; ; ;REGIÓN COSTA; ; ;TOTAL NACIONAL;55,016188966354
13205002058460001;MANABÍ;02;05846;0001;3; ; ;1;4;3;1;4; ;REGIÓN COSTA; ; ;TOTAL NACIONAL;48,0110289241171
13205002058460002;MANABÍ;02;05846;0002;8;4;3;9;0;11;13;24; ;REGIÓN COSTA; ; ;TOTAL NACIONAL;,502361192662309
13205002058460004;MANABÍ;02;05846;0004;2; ;1; ;0;3; ;3; ;REGIÓN COSTA; ; ;TOTAL NACIONAL;2,34243341488199
13055002059170001;MANABÍ;02;05917;0001; ; ; ; ; ; ; ; ; ;REGIÓN COSTA; ; ;TOTAL NACIONAL;10,0582053936411
13055002059170003;MANABÍ;02;05917;0003; ; ; ; ; ; ; ; ; ;REGIÓN COSTA; ; ;TOTAL NACIONAL;42,9387766758937
13055002059170004;MANABÍ;02;05917;0004; ;1; ;2;2; ;3;3; ;REGIÓN COSTA; ; ;TOTAL NACIONAL;34,7732315944714
13035302061030001;MANABÍ;02;06103;0001; ;4; ;1;5; ;5;5; ;REGIÓN COSTA; ; ;TOTAL NACIONAL;11,7160175443941
13035302061030003;MANABÍ;02;06103;0003; ; ; ; ; ; ; ; ; ;REGIÓN COSTA; ; ;TOTAL NACIONAL;7,2081237057615
13035302061030005;MANABÍ;02;06103;0005; ; ; ; ; ; ; ; ; ;REGIÓN COSTA; ; ;TOTAL NACIONAL;14,5593971042192
13035302062250003;MANABÍ;02;06225;0003; ; ; ; ; ; ; ; ; ;REGIÓN COSTA; ; ;TOTAL NACIONAL;4,45762437296858
13145702062380001;MANABÍ;02;06238;0001;0;2; ;1;0;0;3;3; ;REGIÓN COSTA; ; ;TOTAL NACIONAL;9,35932776439567
13145702062380002;MANABÍ;02;06238;0002; ; ; ; ; ; ; ; ; ;REGIÓN COSTA; ; ;TOTAL NACIONAL;6,51491006772157
13035302062810002;MANABÍ;02;06281;0002; ; ; ; ; ; ; ; ; ;REGIÓN COSTA; ; ;TOTAL NACIONAL;23,1176923454539
13035302062810003;MANABÍ;02;06281;0003;7; ;8; ; ;15; ;15; ;REGIÓN COSTA; ; ;TOTAL NACIONAL;64,9375299544742
13035302064280001;MANABÍ;02;06428;0001; ; ; ; ; ; ; ; ; ;REGIÓN COSTA; ; ;TOTAL NACIONAL;11,885303457249
13035302064280002;MANABÍ;02;06428;0002; ; ; ; ; ; ; ; ; ;REGIÓN COSTA; ; ;TOTAL NACIONAL;,165608714020012
13035302064280003;MANABÍ;02;06428;0003; ; ; ; ;1; ; ; ; ;REGIÓN COSTA; ; ;TOTAL NACIONAL;3,41734024184343
13035302064280004;MANABÍ;02;06428;0004;8; ; ; ; ;8; ;8; ;REGIÓN COSTA; ; ;TOTAL NACIONAL;16,821018780308
13035302064280005;MANABÍ;02;06428;0005; ; ; ; ; ; ; ; ; ;REGIÓN COSTA; ; ;TOTAL NACIONAL;18,4414601946295
13035302064280006;MANABÍ;02;06428;0006; ; ; ; ; ; ; ; ; ;REGIÓN COSTA; ; ;TOTAL NACIONAL;26,7423597684282
13035302064280007;MANABÍ;02;06428;0007;4; ;2; ; ;6; ;6; ;REGIÓN COSTA; ; ;TOTAL NACIONAL;7,02019323967264
13035302064290001;MANABÍ;02;06429;0001; ; ; ; ;0; ; ; ; ;REGIÓN COSTA; ; ;TOTAL NACIONAL;18,162715046299
13035302064290004;MANABÍ;02;06429;0004; ; ; ; ;0; ; ; ; ;REGIÓN COSTA; ; ;TOTAL NACIONAL;,696420066778005
13035302064290005;MANABÍ;02;06429;0005;4; ;2; ;0;6; ;6; ;REGIÓN COSTA; ; ;TOTAL NACIONAL;9,75668904713286
13035302065010001;MANABÍ;02;06501;0001; ; ; ; ;0; ; ; ; ;REGIÓN COSTA; ; ;TOTAL NACIONAL;8,02723537600069
13035302065010003;MANABÍ;02;06501;0003; ; ; ; ;0; ; ; ; ;REGIÓN COSTA; ; ;TOTAL NACIONAL;14,883615960234
13035302065010005;MANABÍ;02;06501;0005; ; ; ; ;0; ; ; ; ;REGIÓN COSTA; ; ;TOTAL NACIONAL;4,3094845510234
13035302065010006;MANABÍ;02;06501;0006; ; ; ; ; ; ; ; ; ;REGIÓN COSTA; ; ;TOTAL NACIONAL;53,7934172161604
13055002065360002;MANABÍ;02;06536;0002; ; ; ; ; ; ; ; ; ;REGIÓN COSTA; ; ;TOTAL NACIONAL;,768735502896703
13045002065570002;MANABÍ;02;06557;0002; ; ; ; ;0; ; ; ; ;REGIÓN COSTA; ; ;TOTAL NACIONAL;21,787435184041
13045002065570007;MANABÍ;02;06557;0007;3; ;3; ;0;6; ;6; ;REGIÓN COSTA; ; ;TOTAL NACIONAL;62,5372157247227
13205002066770001;MANABÍ;02;06677;0001; ; ; ; ; ; ; ; ; ;REGIÓN COSTA; ; ;TOTAL NACIONAL;67,2442227568957
13205002066770002;MANABÍ;02;06677;0002; ; ; ; ; ; ; ; ; ;REGIÓN COSTA; ; ;TOTAL NACIONAL;13,4913537400046
13205002066770004;MANABÍ;02;06677;0004; ; ; ; ;1; ; ; ; ;REGIÓN COSTA; ; ;TOTAL NACIONAL;2,98721936675593
13205002066770007;MANABÍ;02;06677;0007;2; ;3;1;1;5;1;6; ;REGIÓN COSTA; ; ;TOTAL NACIONAL;17,8718456880121
13035302067290003;MANABÍ;02;06729;0003; ; ; ; ;0; ; ; ; ;REGIÓN COSTA; ; ;TOTAL NACIONAL;43,2077120114645
13055002068270002;MANABÍ;02;06827;0002; ; ; ; ; ; ; ; ; ;REGIÓN COSTA; ; ;TOTAL NACIONAL;2,83277018727039
13035302068700007;MANABÍ;02;06870;0007; ; ; ; ; ; ; ; ; ;REGIÓN COSTA; ; ;TOTAL NACIONAL;27,0977100170942
13035302068700009;MANABÍ;02;06870;0009;4; ;2; ; ;6; ;6; ;REGIÓN COSTA; ; ;TOTAL NACIONAL;,669785403279866
13055002070610001;MANABÍ;02;07061;0001; ;1800; ;1800; ; ;3600;3600; ;REGIÓN COSTA; ; ;TOTAL NACIONAL;3,1117734129353
13145702071190002;MANABÍ;02;07119;0002; ; ; ; ;0; ; ; ; ;REGIÓN COSTA; ; ;TOTAL NACIONAL;38,3500162131826
13145702071190003;MANABÍ;02;07119;0003; ; ; ; ; ; ; ; ; ;REGIÓN COSTA; ; ;TOTAL NACIONAL;45,2075257940657
13145702071190005;MANABÍ;02;07119;0005; ; ; ; ; ; ; ; ; ;REGIÓN COSTA; ; ;TOTAL NACIONAL;30,6167370457165
13145702071190007;MANABÍ;02;07119;0007; ; ; ; ; ; ; ; ; ;REGIÓN COSTA; ; ;TOTAL NACIONAL;9,89113542626207
13145702073720001;MANABÍ;02;07372;0001;0;7; ; ; ;0;7;7; ;REGIÓN COSTA; ; ;TOTAL NACIONAL;43,0452978123635
13145702073720004;MANABÍ;02;07372;0004; ; ; ; ;0; ; ; ; ;REGIÓN COSTA; ; ;TOTAL NACIONAL;38,9115760432294
13145702073720005;MANABÍ;02;07372;0005; ; ; ; ;0; ; ; ; ;REGIÓN COSTA; ; ;TOTAL NACIONAL;8,69578589819517
13145702073910001;MANABÍ;02;07391;0001; ; ; ; ;0; ; ; ; ;REGIÓN COSTA; ; ;TOTAL NACIONAL;30,7826304194818
13145702073910003;MANABÍ;02;07391;0003; ; ; ; ;1; ; ; ; ;REGIÓN COSTA; ; ;TOTAL NACIONAL;51,0049881135285
13145702074430003;MANABÍ;02;07443;0003; ; ; ; ;0; ; ; ; ;REGIÓN COSTA; ; ;TOTAL NACIONAL;2,53605954867787
13145702074430004;MANABÍ;02;07443;0004; ; ; ; ; ; ; ; ; ;REGIÓN COSTA; ; ;TOTAL NACIONAL;5,81035920614271
13145702074430005;MANABÍ;02;07443;0005; ; ; ; ; ; ; ; ; ;REGIÓN COSTA; ; ;TOTAL NACIONAL;40,8512742516852
13145702074430006;MANABÍ;02;07443;0006; ; ; ; ; ; ; ; ; ;REGIÓN COSTA; ; ;TOTAL NACIONAL;27,8169503067838
13035502074660003;MANABÍ;02;07466;0003; ; ; ; ; ; ; ; ; ;REGIÓN COSTA; ; ;TOTAL NACIONAL;10,843134843871
13035502074660005;MANABÍ;02;07466;0005; ;2; ;1;0; ;3;3; ;REGIÓN COSTA; ; ;TOTAL NACIONAL;12,5170519927901
13055002075850002;MANABÍ;02;07585;0002; ; ; ; ;0; ; ; ; ;REGIÓN COSTA; ; ;TOTAL NACIONAL;31,760477455882
13055002077810001;MANABÍ;02;07781;0001; ;10; ;10; ; ;20;20; ;REGIÓN COSTA; ; ;TOTAL NACIONAL;3,92714054251519
13055002077810003;MANABÍ;02;07781;0003; ;7; ;8; ; ;15;15; ;REGIÓN COSTA; ; ;TOTAL NACIONAL;0
13045002078080002;MANABÍ;02;07808;0002; ; ; ; ;0; ; ; ; ;REGIÓN COSTA; ; ;TOTAL NACIONAL;95,9388996304345
13035502079260003;MANABÍ;02;07926;0003; ; ; ; ; ; ; ; ; ;REGIÓN COSTA; ; ;TOTAL NACIONAL;10,7453782358796
13145702079390001;MANABÍ;02;07939;0001; ; ; ; ; ; ; ; ; ;REGIÓN COSTA; ; ;TOTAL NACIONAL;49,2508802590263
13145702079390003;MANABÍ;02;07939;0003; ; ; ; ; ; ; ; ; ;REGIÓN COSTA; ; ;TOTAL NACIONAL;21,4511993101215
13145702079390004;MANABÍ;02;07939;0004; ; ; ; ; ; ; ; ; ;REGIÓN COSTA; ; ;TOTAL NACIONAL;64,790555633369
13145702079390006;MANABÍ;02;07939;0006; ; ; ; ; ; ; ; ; ;REGIÓN COSTA; ; ;TOTAL NACIONAL;85,8723564866945
13035502080200001;MANABÍ;02;08020;0001;50; ;50; ;1;100; ;100; ;REGIÓN COSTA; ; ;TOTAL NACIONAL;12,1197682007613
13035502080200003;MANABÍ;02;08020;0003; ; ; ;3;0; ;3;3; ;REGIÓN COSTA; ; ;TOTAL NACIONAL;67,7535015752804
13035502080200005;MANABÍ;02;08020;0005;3; ;2; ;1;5; ;5; ;REGIÓN COSTA; ; ;TOTAL NACIONAL;7,70193392473525
13045102080810002;MANABÍ;02;08081;0002; ; ; ; ;0; ; ; ; ;REGIÓN COSTA; ; ;TOTAL NACIONAL;43,5372320239865
13145702082050001;MANABÍ;02;08205;0001; ; ; ; ;2; ; ; ; ;REGIÓN COSTA; ; ;TOTAL NACIONAL;12,2500356166858
13145702082050003;MANABÍ;02;08205;0003; ; ; ; ; ; ; ; ; ;REGIÓN COSTA; ; ;TOTAL NACIONAL;55,5926043229872
13145702082050005;MANABÍ;02;08205;0005; ; ; ; ; ; ; ; ; ;REGIÓN COSTA; ; ;TOTAL NACIONAL;42,0212004907266
13145702082050008;MANABÍ;02;08205;0008; ; ; ; ; ; ; ; ; ;REGIÓN COSTA; ; ;TOTAL NACIONAL;57,5221435904574
13145702082050012;MANABÍ;02;08205;0012; ; ; ; ; ; ; ; ; ;REGIÓN COSTA; ; ;TOTAL NACIONAL;10,3441793180581
13055002083140002;MANABÍ;02;08314;0002; ; ; ; ; ; ; ; ; ;REGIÓN COSTA; ; ;TOTAL NACIONAL;27,8714918438724
13055002083140003;MANABÍ;02;08314;0003; ;10; ; ; ; ;10;10; ;REGIÓN COSTA; ; ;TOTAL NACIONAL;6,09076968274135
13055002083140005;MANABÍ;02;08314;0005; ; ; ; ; ; ; ; ; ;REGIÓN COSTA; ; ;TOTAL NACIONAL;5,76530870732769
13055002083140006;MANABÍ;02;08314;0006; ;10; ;10; ; ;20;20; ;REGIÓN COSTA; ; ;TOTAL NACIONAL;13,370468234851
13055002083140008;MANABÍ;02;08314;0008;8; ;6; ; ;14; ;14; ;REGIÓN COSTA; ; ;TOTAL NACIONAL;1,29337527423316
13055002085420001;MANABÍ;02;08542;0001; ;4; ;4;0; ;8;8; ;REGIÓN COSTA; ; ;TOTAL NACIONAL;0
13055002085950004;MANABÍ;02;08595;0004; ; ; ; ;0; ; ; ; ;REGIÓN COSTA; ; ;TOTAL NACIONAL;9,6836631804323
13055202087420001;MANABÍ;02;08742;0001; ; ; ; ;0; ; ; ; ;REGIÓN COSTA; ; ;TOTAL NACIONAL;47,5248933369346
13055202087420002;MANABÍ;02;08742;0002; ; ; ;1;0; ;1;1; ;REGIÓN COSTA; ; ;TOTAL NACIONAL;2,46280619955879
13055202087420003;MANABÍ;02;08742;0003; ; ; ; ;1; ; ; ; ;REGIÓN COSTA; ; ;TOTAL NACIONAL;3,27408127143388
13055202087420005;MANABÍ;02;08742;0005; ;3; ; ;0; ;3;3; ;REGIÓN COSTA; ; ;TOTAL NACIONAL;4,69754779619363
13055002088290001;MANABÍ;02;08829;0001; ; ; ; ;0; ; ; ; ;REGIÓN COSTA; ; ;TOTAL NACIONAL;8,35737290437219
13035502088420010;MANABÍ;02;08842;0010; ;1; ; ; ; ;1;1; ;REGIÓN COSTA; ; ;TOTAL NACIONAL;42,1486196147952
13225102088880003;MANABÍ;02;08888;0003; ; ; ; ;0; ; ; ; ;REGIÓN COSTA; ; ;TOTAL NACIONAL;14,466408254101
13225102088880006;MANABÍ;02;08888;0006; ; ; ; ; ; ; ; ; ;REGIÓN COSTA; ; ;TOTAL NACIONAL;54,9231002356234
13225102088880007;MANABÍ;02;08888;0007; ; ; ; ; ; ; ; ; ;REGIÓN COSTA; ; ;TOTAL NACIONAL;64,169391446321
13225102088880011;MANABÍ;02;08888;0011; ; ; ; ;0; ; ; ; ;REGIÓN COSTA; ; ;TOTAL NACIONAL;1,35466904084008
13045002090250002;MANABÍ;02;09025;0002; ; ; ; ; ; ; ; ; ;REGIÓN COSTA; ; ;TOTAL NACIONAL;38,37561283568
13055002090630003;MANABÍ;02;09063;0003; ; ; ; ;0; ; ; ; ;REGIÓN COSTA; ; ;TOTAL NACIONAL;51,8162961015952
13055002092090001;MANABÍ;02;09209;0001; ; ; ; ; ; ; ; ; ;REGIÓN COSTA; ; ;TOTAL NACIONAL;4,00576040126988
13055002092390002;MANABÍ;02;09239;0002; ;4; ;4; ; ;8;8; ;REGIÓN COSTA; ; ;TOTAL NACIONAL;6,41347894728416
13055002092440001;MANABÍ;02;09244;0001; ; ; ; ; ; ; ; ; ;REGIÓN COSTA; ; ;TOTAL NACIONAL;10,0822496534574
13055002092440002;MANABÍ;02;09244;0002; ;4; ; ; ; ;4;4; ;REGIÓN COSTA; ; ;TOTAL NACIONAL;11,5908002605083
13055002094880002;MANABÍ;02;09488;0002; ; ; ; ; ; ; ; ; ;REGIÓN COSTA; ; ;TOTAL NACIONAL;6,35147056610841
13055002094880003;MANABÍ;02;09488;0003; ; ; ; ; ; ; ; ; ;REGIÓN COSTA; ; ;TOTAL NACIONAL;20,1945952220561
13055002094970001;MANABÍ;02;09497;0001; ; ; ; ; ; ; ; ; ;REGIÓN COSTA; ; ;TOTAL NACIONAL;39,821810857042
13055002094970003;MANABÍ;02;09497;0003; ; ; ; ;0; ; ; ; ;REGIÓN COSTA; ; ;TOTAL NACIONAL;59,3705342030108
13035502096790002;MANABÍ;02;09679;0002; ; ; ; ; ; ; ; ; ;REGIÓN COSTA; ; ;TOTAL NACIONAL;14,3736654062318
13035502096790004;MANABÍ;02;09679;0004; ; ; ; ;2; ; ; ; ;REGIÓN COSTA; ; ;TOTAL NACIONAL;51,2049745236528
13035502096790007;MANABÍ;02;09679;0007; ;10; ; ;0; ;10;10; ;REGIÓN COSTA; ; ;TOTAL NACIONAL;35,8305965687548
13055202097090001;MANABÍ;02;09709;0001;6; ;6; ; ;12; ;12; ;REGIÓN COSTA; ; ;TOTAL NACIONAL;14,6725888890357
13055202097090006;MANABÍ;02;09709;0006; ;600; ;600; ; ;1200;1200; ;REGIÓN COSTA; ; ;TOTAL NACIONAL;0
13055202097090008;MANABÍ;02;09709;0008; ;20; ;20;2; ;40;40; ;REGIÓN COSTA; ; ;TOTAL NACIONAL;58,2462741885913
13055002097230001;MANABÍ;02;09723;0001; ; ; ; ;4; ; ; ; ;REGIÓN COSTA; ; ;TOTAL NACIONAL;51,1754173534366
13055002097230003;MANABÍ;02;09723;0003; ; ; ; ;0; ; ; ; ;REGIÓN COSTA; ; ;TOTAL NACIONAL;5,96567753912997
13055002097230004;MANABÍ;02;09723;0004; ; ; ; ;4; ; ; ; ;REGIÓN COSTA; ; ;TOTAL NACIONAL;7,14429539994772
13055002097380001;MANABÍ;02;09738;0001; ;2; ; ; ; ;2;2; ;REGIÓN COSTA; ; ;TOTAL NACIONAL;44,7465667799084
13055002097380002;MANABÍ;02;09738;0002; ; ; ;1; ; ;1;1; ;REGIÓN COSTA; ; ;TOTAL NACIONAL;13,9293070711132
13145702099360001;MANABÍ;02;09936;0001; ; ; ; ; ; ; ; ; ;REGIÓN COSTA; ; ;TOTAL NACIONAL;,526765016016081
13145702099360003;MANABÍ;02;09936;0003; ; ; ; ;1; ; ; ; ;REGIÓN COSTA; ; ;TOTAL NACIONAL;5,65842730272074
13145702099360005;MANABÍ;02;09936;0005; ;1; ;1; ; ;2;2; ;REGIÓN COSTA; ; ;TOTAL NACIONAL;2,0867532216864
13055202099640001;MANABÍ;02;09964;0001; ;3; ;3;1; ;6;6; ;REGIÓN COSTA; ; ;TOTAL NACIONAL;13,5582782277005
13055202099640003;MANABÍ;02;09964;0003; ;20; ; ;0; ;20;20; ;REGIÓN COSTA; ; ;TOTAL NACIONAL;9,72095476044458
13055202099740001;MANABÍ;02;09974;0001; ; ; ; ; ; ; ; ; ;REGIÓN COSTA; ; ;TOTAL NACIONAL;14,571618495949
13055002099910001;MANABÍ;02;09991;0001; ;2; ; ; ; ;2;2; ;REGIÓN COSTA; ; ;TOTAL NACIONAL;53,1785521663993
13045002100270003;MANABÍ;02;10027;0003; ; ; ; ; ; ; ; ; ;REGIÓN COSTA; ; ;TOTAL NACIONAL;2,1201457826947
13045002100270005;MANABÍ;02;10027;0005; ; ; ; ; ; ; ; ; ;REGIÓN COSTA; ; ;TOTAL NACIONAL;10,3332350134582
13055002103680002;MANABÍ;02;10368;0002; ; ; ;5;2; ;5;5; ;REGIÓN COSTA; ; ;TOTAL NACIONAL;7,94744705676784
13055002103680003;MANABÍ;02;10368;0003;0; ; ;7;1;0;7;7; ;REGIÓN COSTA; ; ;TOTAL NACIONAL;45,7106618938124
13055202105320002;MANABÍ;02;10532;0002; ; ;1; ;0;1; ;1; ;REGIÓN COSTA; ; ;TOTAL NACIONAL;4,765778199468
13055002105500001;MANABÍ;02;10550;0001; ;2; ;2;0; ;4;4; ;REGIÓN COSTA; ; ;TOTAL NACIONAL;4,36318629391167
13035602106780001;MANABÍ;02;10678;0001; ; ; ; ;2; ; ; ; ;REGIÓN COSTA; ; ;TOTAL NACIONAL;14,2652487007841
13035102107050001;MANABÍ;02;10705;0001; ; ; ; ;0; ; ; ; ;REGIÓN COSTA; ; ;TOTAL NACIONAL;59,3005835890218
13035102107050002;MANABÍ;02;10705;0002; ; ; ; ;0; ; ; ; ;REGIÓN COSTA; ; ;TOTAL NACIONAL;18,45644424182
13035102107050005;MANABÍ;02;10705;0005; ; ; ; ;1; ; ; ; ;REGIÓN COSTA; ; ;TOTAL NACIONAL;8,67722572474166
13045002108890001;MANABÍ;02;10889;0001; ; ; ; ;0; ; ; ; ;REGIÓN COSTA; ; ;TOTAL NACIONAL;3,38681839137946
13045002108890003;MANABÍ;02;10889;0003; ; ; ;20;0; ;20;20; ;REGIÓN COSTA; ; ;TOTAL NACIONAL;28,4819083104592
13045002108890005;MANABÍ;02;10889;0005; ;1; ; ;0; ;1;1; ;REGIÓN COSTA; ; ;TOTAL NACIONAL;25,5081699995637
13045002108890006;MANABÍ;02;10889;0006; ; ; ; ;0; ; ; ; ;REGIÓN COSTA; ; ;TOTAL NACIONAL;30,2678707134704
13035602109600001;MANABÍ;02;10960;0001; ; ; ; ; ; ; ; ; ;REGIÓN COSTA; ; ;TOTAL NACIONAL;64,7443531726475
13035602109600003;MANABÍ;02;10960;0003; ;1;0; ; ;0;1;1; ;REGIÓN COSTA; ; ;TOTAL NACIONAL;57,8371628009737
13035102109820001;MANABÍ;02;10982;0001; ; ; ; ; ; ; ; ; ;REGIÓN COSTA; ; ;TOTAL NACIONAL;53,3994510040718
13035102109820002;MANABÍ;02;10982;0002; ; ; ; ; ; ; ; ; ;REGIÓN COSTA; ; ;TOTAL NACIONAL;21,4804243773015
13035102109820004;MANABÍ;02;10982;0004; ; ; ; ; ; ; ; ; ;REGIÓN COSTA; ; ;TOTAL NACIONAL;55,4755981663426
13035102109820005;MANABÍ;02;10982;0005; ; ; ; ; ; ; ; ; ;REGIÓN COSTA; ; ;TOTAL NACIONAL;24,7721380568548
13055002112210001;MANABÍ;02;11221;0001; ; ; ; ;0; ; ; ; ;REGIÓN COSTA; ; ;TOTAL NACIONAL;70,5730209519862
13035602113660001;MANABÍ;02;11366;0001; ; ; ; ;0; ; ; ; ;REGIÓN COSTA; ; ;TOTAL NACIONAL;21,1214290953122
13035602113660006;MANABÍ;02;11366;0006; ; ; ; ;0; ; ; ; ;REGIÓN COSTA; ; ;TOTAL NACIONAL;13,4413722330661
13035602113660008;MANABÍ;02;11366;0008; ; ; ; ;0; ; ; ; ;REGIÓN COSTA; ; ;TOTAL NACIONAL;47,2339961595177
13035602113660010;MANABÍ;02;11366;0010; ; ; ; ; ; ; ; ; ;REGIÓN COSTA; ; ;TOTAL NACIONAL;8,278996587844
13055002114040001;MANABÍ;02;11404;0001; ; ; ; ;0; ; ; ; ;REGIÓN COSTA; ; ;TOTAL NACIONAL;18,1283977325649
13055002114040003;MANABÍ;02;11404;0003; ; ; ; ;1; ; ; ; ;REGIÓN COSTA; ; ;TOTAL NACIONAL;33,2306725998551
13055002115160001;MANABÍ;02;11516;0001;0;3;0;2; ;0;5;5; ;REGIÓN COSTA; ; ;TOTAL NACIONAL;39,739960231828
13055002115160002;MANABÍ;02;11516;0002; ; ; ; ; ; ; ; ; ;REGIÓN COSTA; ; ;TOTAL NACIONAL;8,37696698350424
13035102116230001;MANABÍ;02;11623;0001; ; ; ; ;1; ; ; ; ;REGIÓN COSTA; ; ;TOTAL NACIONAL;53,6213630280545
13035102116230002;MANABÍ;02;11623;0002; ; ; ; ;0; ; ; ; ;REGIÓN COSTA; ; ;TOTAL NACIONAL;51,1462229056855
13035102116230003;MANABÍ;02;11623;0003;6; ;2; ;1;8; ;8; ;REGIÓN COSTA; ; ;TOTAL NACIONAL;40,5564227729756
13035102116230004;MANABÍ;02;11623;0004; ; ; ; ; ; ; ; ; ;REGIÓN COSTA; ; ;TOTAL NACIONAL;19,6286969669113
13035102116230005;MANABÍ;02;11623;0005; ; ; ; ;0; ; ; ; ;REGIÓN COSTA; ; ;TOTAL NACIONAL;20,6714213812733
13035602118010001;MANABÍ;02;11801;0001; ; ; ; ; ; ; ; ; ;REGIÓN COSTA; ; ;TOTAL NACIONAL;53,8521678246959
13035602118010002;MANABÍ;02;11801;0002; ; ; ; ; ; ; ; ; ;REGIÓN COSTA; ; ;TOTAL NACIONAL;45,9966856336848
13035602118010004;MANABÍ;02;11801;0004; ; ; ; ; ; ; ; ; ;REGIÓN COSTA; ; ;TOTAL NACIONAL;11,6624560539065
13035602118010005;MANABÍ;02;11801;0005; ;1; ; ; ; ;1;1; ;REGIÓN COSTA; ; ;TOTAL NACIONAL;6,01220359304965
13035602118040001;MANABÍ;02;11804;0001; ; ; ; ;1; ; ; ; ;REGIÓN COSTA; ; ;TOTAL NACIONAL;15,0354668065207
13035602118040002;MANABÍ;02;11804;0002; ;4; ; ;1; ;4;4; ;REGIÓN COSTA; ; ;TOTAL NACIONAL;2,33182825792803
13035602119770001;MANABÍ;02;11977;0001; ; ; ; ;1; ; ; ; ;REGIÓN COSTA; ; ;TOTAL NACIONAL;37,8822026105631
13035602119770002;MANABÍ;02;11977;0002; ; ; ; ;0; ; ; ; ;REGIÓN COSTA; ; ;TOTAL NACIONAL;37,53782757652
13035602120960001;MANABÍ;02;12096;0001; ; ; ;1;1; ;1;1; ;REGIÓN COSTA; ; ;TOTAL NACIONAL;36,9875130428216
13035602121070001;MANABÍ;02;12107;0001; ; ; ; ; ; ; ; ; ;REGIÓN COSTA; ; ;TOTAL NACIONAL;24,6982057332318
13035602121070002;MANABÍ;02;12107;0002; ; ; ; ; ; ; ; ; ;REGIÓN COSTA; ; ;TOTAL NACIONAL;84,4002800423542
13035602122290001;MANABÍ;02;12229;0001;3;5;2;10;1;5;15;20; ;REGIÓN COSTA; ; ;TOTAL NACIONAL;59,3250540827911
13035602122290002;MANABÍ;02;12229;0002;60; ;60; ;2;120; ;120; ;REGIÓN COSTA; ; ;TOTAL NACIONAL;5,51380797563737
13035602122290003;MANABÍ;02;12229;0003; ;2; ;4; ; ;6;6; ;REGIÓN COSTA; ; ;TOTAL NACIONAL;7,03438510941687
13035602122290005;MANABÍ;02;12229;0005; ;1; ;1; ; ;2;2; ;REGIÓN COSTA; ; ;TOTAL NACIONAL;21,2829337718124
13035602124220001;MANABÍ;02;12422;0001; ; ; ; ; ; ; ; ; ;REGIÓN COSTA; ; ;TOTAL NACIONAL;72,6752144078461
13035602124220002;MANABÍ;02;12422;0002;20; ;20; ; ;40; ;40; ;REGIÓN COSTA; ; ;TOTAL NACIONAL;36,562962835587
13035602124220004;MANABÍ;02;12422;0004;14; ;14; ; ;28; ;28; ;REGIÓN COSTA; ; ;TOTAL NACIONAL;19,4292453251112
13045402125160003;MANABÍ;02;12516;0003; ; ; ; ; ; ; ; ; ;REGIÓN COSTA; ; ;TOTAL NACIONAL;50,0533619590722
13045402125160004;MANABÍ;02;12516;0004; ; ; ; ; ; ; ; ; ;REGIÓN COSTA; ; ;TOTAL NACIONAL;64,3549263425092
13035602125810002;MANABÍ;02;12581;0002; ; ; ; ;0; ; ; ; ;REGIÓN COSTA; ; ;TOTAL NACIONAL;39,3504555739273
13035102126060001;MANABÍ;02;12606;0001; ; ; ; ;0; ; ; ; ;REGIÓN COSTA; ; ;TOTAL NACIONAL;76,7224434082282
13035102126060002;MANABÍ;02;12606;0002; ; ; ; ;0; ; ; ; ;REGIÓN COSTA; ; ;TOTAL NACIONAL;22,5322852663008
13035102126060004;MANABÍ;02;12606;0004; ; ; ; ;1; ; ; ; ;REGIÓN COSTA; ; ;TOTAL NACIONAL;2,43773847079067
13035102126060005;MANABÍ;02;12606;0005; ;9; ;3;1; ;12;12; ;REGIÓN COSTA; ; ;TOTAL NACIONAL;10,4212806966595
13035102126060006;MANABÍ;02;12606;0006; ; ; ; ;0; ; ; ; ;REGIÓN COSTA; ; ;TOTAL NACIONAL;34,6613724795307
13035602127050002;MANABÍ;02;12705;0002; ; ; ;2;0; ;2;2; ;REGIÓN COSTA; ; ;TOTAL NACIONAL;30,1905812796059
13035602127050005;MANABÍ;02;12705;0005; ; ; ;2;2; ;2;2; ;REGIÓN COSTA; ; ;TOTAL NACIONAL;14,8386051840546
13035102128450001;MANABÍ;02;12845;0001;3; ;3; ;0;6; ;6; ;REGIÓN COSTA; ; ;TOTAL NACIONAL;26,568242890911
13035102129010002;MANABÍ;02;12901;0002; ; ; ; ; ; ; ; ; ;REGIÓN COSTA; ; ;TOTAL NACIONAL;64,5475461034683
13035102129010004;MANABÍ;02;12901;0004; ; ; ; ; ; ; ; ; ;REGIÓN COSTA; ; ;TOTAL NACIONAL;9,08733537779997
13035102129010014;MANABÍ;02;12901;0014; ; ; ; ; ; ; ; ; ;REGIÓN COSTA; ; ;TOTAL NACIONAL;3,31188391708995
13035102129010018;MANABÍ;02;12901;0018; ;1; ;1; ; ;2;2; ;REGIÓN COSTA; ; ;TOTAL NACIONAL;2,72634452465565
13035102129010019;MANABÍ;02;12901;0019; ;1; ; ; ; ;1;1; ;REGIÓN COSTA; ; ;TOTAL NACIONAL;28,4643525331256
13035102129010020;MANABÍ;02;12901;0020; ; ; ; ; ; ; ; ; ;REGIÓN COSTA; ; ;TOTAL NACIONAL;5,22436186027012
13035102129010022;MANABÍ;02;12901;0022; ; ; ; ; ; ; ; ; ;REGIÓN COSTA; ; ;TOTAL NACIONAL;35,7210868212999
13035102129010023;MANABÍ;02;12901;0023; ; ; ; ; ; ; ; ; ;REGIÓN COSTA; ; ;TOTAL NACIONAL;6,7712488037848
13035102131070003;MANABÍ;02;13107;0003;6;5; ; ; ;6;5;11; ;REGIÓN COSTA; ; ;TOTAL NACIONAL;21,8407769489292
13035002132010011;MANABÍ;02;13201;0011; ; ; ; ;4; ; ; ; ;REGIÓN COSTA; ; ;TOTAL NACIONAL;3,09697533026014
13045302132130004;MANABÍ;02;13213;0004; ; ; ; ; ; ; ; ; ;REGIÓN COSTA; ; ;TOTAL NACIONAL;5,26341799396657
13035002132500001;MANABÍ;02;13250;0001; ; ; ;1;0; ;1;1; ;REGIÓN COSTA; ; ;TOTAL NACIONAL;6,77880903172509
13035102133510001;MANABÍ;02;13351;0001; ; ; ; ; ; ; ; ; ;REGIÓN COSTA; ; ;TOTAL NACIONAL;66,4259208758557
13035102133510006;MANABÍ;02;13351;0006; ; ; ; ; ; ; ; ; ;REGIÓN COSTA; ; ;TOTAL NACIONAL;28,2154739501475
13035002134930002;MANABÍ;02;13493;0002; ;1; ; ; ; ;1;1; ;REGIÓN COSTA; ; ;TOTAL NACIONAL;37,007664615404
13035002136320001;MANABÍ;02;13632;0001; ; ; ; ;0; ; ; ; ;REGIÓN COSTA; ; ;TOTAL NACIONAL;44,7128200021595
13035002136950001;MANABÍ;02;13695;0001; ; ; ; ; ; ; ; ; ;REGIÓN COSTA; ; ;TOTAL NACIONAL;3,66216660008317
13035002136950004;MANABÍ;02;13695;0004; ;6; ;6; ; ;12;12; ;REGIÓN COSTA; ; ;TOTAL NACIONAL;,424161997753394
13035002138870001;MANABÍ;02;13887;0001; ;1; ;1;0; ;2;2; ;REGIÓN COSTA; ; ;TOTAL NACIONAL;40,9019530134982
13035002138870003;MANABÍ;02;13887;0003; ; ; ; ;0; ; ; ; ;REGIÓN COSTA; ; ;TOTAL NACIONAL;59,3826796854752
13035002138870006;MANABÍ;02;13887;0006; ; ; ; ;0; ; ; ; ;REGIÓN COSTA; ; ;TOTAL NACIONAL;70,6230946266473
13035002138870007;MANABÍ;02;13887;0007; ;1; ;1;0; ;2;2; ;REGIÓN COSTA; ; ;TOTAL NACIONAL;2,8606877999011
13035002139160003;MANABÍ;02;13916;0003; ; ; ; ;0; ; ; ; ;REGIÓN COSTA; ; ;TOTAL NACIONAL;32,950085499861
13045302139430002;MANABÍ;02;13943;0002; ; ; ; ; ; ; ; ; ;REGIÓN COSTA; ; ;TOTAL NACIONAL;31,3027037740713
13035702140960003;MANABÍ;02;14096;0003;10; ; ; ; ;10; ;10; ;REGIÓN COSTA; ; ;TOTAL NACIONAL;2,60457341140564
13035702140960006;MANABÍ;02;14096;0006; ;4; ;4; ; ;8;8; ;REGIÓN COSTA; ; ;TOTAL NACIONAL;17,3488613331975
13035702140960007;MANABÍ;02;14096;0007;7; ;3; ; ;10; ;10; ;REGIÓN COSTA; ; ;TOTAL NACIONAL;56,6091765296882
13115102141670001;MANABÍ;02;14167;0001; ; ; ; ; ; ; ; ; ;REGIÓN COSTA; ; ;TOTAL NACIONAL;25,5310974091695
13115102141670003;MANABÍ;02;14167;0003; ;3; ;3; ; ;6;6; ;REGIÓN COSTA; ; ;TOTAL NACIONAL;3,64145253209133
13035002144770001;MANABÍ;02;14477;0001; ;3; ; ;1; ;3;3; ;REGIÓN COSTA; ; ;TOTAL NACIONAL;6,39999450972167
13035002144770003;MANABÍ;02;14477;0003; ; ; ; ;0; ; ; ; ;REGIÓN COSTA; ; ;TOTAL NACIONAL;48,4079711244515
13035002144770004;MANABÍ;02;14477;0004; ; ; ; ;2; ; ; ; ;REGIÓN COSTA; ; ;TOTAL NACIONAL;78,4196647139568
13035002144770010;MANABÍ;02;14477;0010; ; ; ; ;0; ; ; ; ;REGIÓN COSTA; ; ;TOTAL NACIONAL;1,27693617394441
13035002144770013;MANABÍ;02;14477;0013; ; ; ; ;0; ; ; ; ;REGIÓN COSTA; ; ;TOTAL NACIONAL;44,9592787745538
13045402145030001;MANABÍ;02;14503;0001; ; ; ; ; ; ; ; ; ;REGIÓN COSTA; ; ;TOTAL NACIONAL;13,7922390907442
13045402145030008;MANABÍ;02;14503;0008; ; ; ; ; ; ; ; ; ;REGIÓN COSTA; ; ;TOTAL NACIONAL;40,2575300404529
13035002145940001;MANABÍ;02;14594;0001; ; ; ; ;3; ; ; ; ;REGIÓN COSTA; ; ;TOTAL NACIONAL;31,2405830272067
13035002146030001;MANABÍ;02;14603;0001;3;4;4;3; ;7;7;14; ;REGIÓN COSTA; ; ;TOTAL NACIONAL;,794180752854943
13035002146030002;MANABÍ;02;14603;0002; ;1; ;2; ; ;3;3; ;REGIÓN COSTA; ; ;TOTAL NACIONAL;34,8226638540809
13035702146340002;MANABÍ;02;14634;0002; ; ; ; ; ; ; ; ; ;REGIÓN COSTA; ; ;TOTAL NACIONAL;10,3751876341496
13035702146340004;MANABÍ;02;14634;0004; ; ; ; ; ; ; ; ; ;REGIÓN COSTA; ; ;TOTAL NACIONAL;25,8631828737167
13035702146340011;MANABÍ;02;14634;0011; ; ; ;1;1; ;1;1; ;REGIÓN COSTA; ; ;TOTAL NACIONAL;1,85147442646036
13035002148220002;MANABÍ;02;14822;0002; ; ; ; ;1; ; ; ; ;REGIÓN COSTA; ; ;TOTAL NACIONAL;16,3232627497468
13035002148220003;MANABÍ;02;14822;0003; ; ; ; ;0; ; ; ; ;REGIÓN COSTA; ; ;TOTAL NACIONAL;92,9958663795153
13035002148220004;MANABÍ;02;14822;0004; ; ; ; ;0; ; ; ; ;REGIÓN COSTA; ; ;TOTAL NACIONAL;198,59761560956
13035002148220005;MANABÍ;02;14822;0005; ; ; ; ;0; ; ; ; ;REGIÓN COSTA; ; ;TOTAL NACIONAL;51,0641628363309
13035002148220007;MANABÍ;02;14822;0007; ; ; ; ;0; ; ; ; ;REGIÓN COSTA; ; ;TOTAL NACIONAL;95,8655172621868
13035002148220008;MANABÍ;02;14822;0008; ; ;20;40;0;20;40;60; ;REGIÓN COSTA; ; ;TOTAL NACIONAL;20,4518170792512
13115102149310001;MANABÍ;02;14931;0001; ; ; ; ;0; ; ; ; ;REGIÓN COSTA; ; ;TOTAL NACIONAL;5,39579604819511
13115102150250001;MANABÍ;02;15025;0001; ; ; ; ; ; ; ; ; ;REGIÓN COSTA; ; ;TOTAL NACIONAL;9,76931856879221
13115102152510001;MANABÍ;02;15251;0001; ; ; ; ; ; ; ; ; ;REGIÓN COSTA; ; ;TOTAL NACIONAL;46,5051261569253
13115102152510003;MANABÍ;02;15251;0003; ; ; ; ; ; ; ; ; ;REGIÓN COSTA; ; ;TOTAL NACIONAL;25,22654662492
13115102152510004;MANABÍ;02;15251;0004; ; ; ; ; ; ; ; ; ;REGIÓN COSTA; ; ;TOTAL NACIONAL;31,4368734006704
13115102152510005;MANABÍ;02;15251;0005; ; ; ; ; ; ; ; ; ;REGIÓN COSTA; ; ;TOTAL NACIONAL;6,57541871347638
13035002152890001;MANABÍ;02;15289;0001; ; ; ; ; ; ; ; ; ;REGIÓN COSTA; ; ;TOTAL NACIONAL;4,70747314169747
13115102154230001;MANABÍ;02;15423;0001; ; ; ; ;1; ; ; ; ;REGIÓN COSTA; ; ;TOTAL NACIONAL;5,88205952968143
13035002154380001;MANABÍ;02;15438;0001; ; ; ; ;3; ; ; ; ;REGIÓN COSTA; ; ;TOTAL NACIONAL;6,70999951526308
13035002154380004;MANABÍ;02;15438;0004; ; ; ; ;0; ; ; ; ;REGIÓN COSTA; ; ;TOTAL NACIONAL;27,282359305186
13035002154380005;MANABÍ;02;15438;0005; ;2; ;1; ; ;3;3; ;REGIÓN COSTA; ; ;TOTAL NACIONAL;15,5323261588844
13035002154840001;MANABÍ;02;15484;0001; ;2; ;1; ; ;3;3; ;REGIÓN COSTA; ; ;TOTAL NACIONAL;37,8338165363421
13035002154840002;MANABÍ;02;15484;0002; ; ; ; ; ; ; ; ; ;REGIÓN COSTA; ; ;TOTAL NACIONAL;,895539558587207
13035002154890001;MANABÍ;02;15489;0001; ;2; ; ; ; ;2;2; ;REGIÓN COSTA; ; ;TOTAL NACIONAL;3,95318184858877
13115102157060002;MANABÍ;02;15706;0002; ; ; ; ;0; ; ; ; ;REGIÓN COSTA; ; ;TOTAL NACIONAL;17,6586228923575
13115102157060003;MANABÍ;02;15706;0003; ; ; ; ;0; ; ; ; ;REGIÓN COSTA; ; ;TOTAL NACIONAL;42,0016435716105
13155002158230001;MANABÍ;02;15823;0001; ; ; ; ;0; ; ; ; ;REGIÓN COSTA; ; ;TOTAL NACIONAL;5,54208802375316
13145002160560001;MANABÍ;02;16056;0001; ; ; ; ; ; ; ; ; ;REGIÓN COSTA; ; ;TOTAL NACIONAL;24,9417287353573
13045302161580001;MANABÍ;02;16158;0001; ; ; ; ; ; ; ; ; ;REGIÓN COSTA; ; ;TOTAL NACIONAL;6,00110186298452
13045302161580006;MANABÍ;02;16158;0006; ; ; ; ; ; ; ; ; ;REGIÓN COSTA; ; ;TOTAL NACIONAL;61,3606853687035
13035702163240007;MANABÍ;02;16324;0007; ;18; ;18;1; ;36;36; ;REGIÓN COSTA; ; ;TOTAL NACIONAL;50,9066511106205
13115102164270001;MANABÍ;02;16427;0001; ; ; ; ; ; ; ; ; ;REGIÓN COSTA; ; ;TOTAL NACIONAL;,665783561694423
13155002164940001;MANABÍ;02;16494;0001; ; ; ; ;0; ; ; ; ;REGIÓN COSTA; ; ;TOTAL NACIONAL;9,17544208736652
13155002164940012;MANABÍ;02;16494;0012; ;4;0;0;0;0;4;4; ;REGIÓN COSTA; ; ;TOTAL NACIONAL;69,1770624272095
13155002164940013;MANABÍ;02;16494;0013; ;2; ; ;0; ;2;2; ;REGIÓN COSTA; ; ;TOTAL NACIONAL;58,7592115856351
13155002164940018;MANABÍ;02;16494;0018; ; ; ; ;0; ; ; ; ;REGIÓN COSTA; ; ;TOTAL NACIONAL;8,26889784904093
13035002168640001;MANABÍ;02;16864;0001;2; ; ;2; ;2;2;4; ;REGIÓN COSTA; ; ;TOTAL NACIONAL;28,0443578607782
13115102168980002;MANABÍ;02;16898;0002; ; ; ; ; ; ; ; ; ;REGIÓN COSTA; ; ;TOTAL NACIONAL;63,0714325408173
13115102168980007;MANABÍ;02;16898;0007; ; ; ;1; ; ;1;1; ;REGIÓN COSTA; ; ;TOTAL NACIONAL;51,014470382035
13035002170230001;MANABÍ;02;17023;0001; ; ; ; ; ; ; ; ; ;REGIÓN COSTA; ; ;TOTAL NACIONAL;28,2102451472429
13035002170230003;MANABÍ;02;17023;0003; ; ; ; ; ; ; ; ; ;REGIÓN COSTA; ; ;TOTAL NACIONAL;71,511847408532
13155002170630007;MANABÍ;02;17063;0007; ; ; ; ;0; ; ; ; ;REGIÓN COSTA; ; ;TOTAL NACIONAL;16,9704651465694
13155002170920001;MANABÍ;02;17092;0001; ; ;8; ;1;8; ;8; ;REGIÓN COSTA; ; ;TOTAL NACIONAL;48,8576469191294
13035002172530001;MANABÍ;02;17253;0001; ; ; ; ; ; ; ; ; ;REGIÓN COSTA; ; ;TOTAL NACIONAL;12,4739798104462
13035002172530002;MANABÍ;02;17253;0002; ; ; ; ; ; ; ; ; ;REGIÓN COSTA; ; ;TOTAL NACIONAL;5,57434946154927
13155002173110004;MANABÍ;02;17311;0004; ; ; ; ;0; ; ; ; ;REGIÓN COSTA; ; ;TOTAL NACIONAL;63,1478987362509
13155002173110009;MANABÍ;02;17311;0009; ; ; ; ; ; ; ; ; ;REGIÓN COSTA; ; ;TOTAL NACIONAL;45,7315369417981
13145302173290008;MANABÍ;02;17329;0008; ; ; ; ;0; ; ; ; ;REGIÓN COSTA; ; ;TOTAL NACIONAL;18,0633707218345
13115102174500001;MANABÍ;02;17450;0001; ; ; ; ; ; ; ; ; ;REGIÓN COSTA; ; ;TOTAL NACIONAL;0
13035202177540003;MANABÍ;02;17754;0003; ; ; ; ;1; ; ; ; ;REGIÓN COSTA; ; ;TOTAL NACIONAL;9,42287014530977
13035202177540007;MANABÍ;02;17754;0007; ; ; ; ; ; ; ; ; ;REGIÓN COSTA; ; ;TOTAL NACIONAL;3,63167095638941
13035202177640002;MANABÍ;02;17764;0002; ; ; ; ; ; ; ; ; ;REGIÓN COSTA; ; ;TOTAL NACIONAL;67,2309386354503
13035202177640004;MANABÍ;02;17764;0004; ; ; ; ; ; ; ; ; ;REGIÓN COSTA; ; ;TOTAL NACIONAL;5,6284822564395
13035202177640005;MANABÍ;02;17764;0005; ; ; ; ; ; ; ; ; ;REGIÓN COSTA; ; ;TOTAL NACIONAL;2,19396754329873
13035202180210001;MANABÍ;02;18021;0001; ; ; ; ;0; ; ; ; ;REGIÓN COSTA; ; ;TOTAL NACIONAL;44,4708105589032
13035202180210002;MANABÍ;02;18021;0002; ; ; ; ;0; ; ; ; ;REGIÓN COSTA; ; ;TOTAL NACIONAL;48,0647742654652
13035202180280013;MANABÍ;02;18028;0013; ; ; ; ; ; ; ; ; ;REGIÓN COSTA; ; ;TOTAL NACIONAL;50,2720970951457
13155202180640001;MANABÍ;02;18064;0001; ;10; ;10;1; ;20;20; ;REGIÓN COSTA; ; ;TOTAL NACIONAL;3,16288605844179
13155202180640002;MANABÍ;02;18064;0002; ; ; ; ; ; ; ; ; ;REGIÓN COSTA; ; ;TOTAL NACIONAL;,306372429500055
13155202180640004;MANABÍ;02;18064;0004; ;1; ;1; ; ;2;2; ;REGIÓN COSTA; ; ;TOTAL NACIONAL;39,3209994785483
13035202182480005;MANABÍ;02;18248;0005; ; ; ; ; ; ; ; ; ;REGIÓN COSTA; ; ;TOTAL NACIONAL;48,4206226686853
13035202183400003;MANABÍ;02;18340;0003; ; ; ; ;0; ; ; ; ;REGIÓN COSTA; ; ;TOTAL NACIONAL;71,5801599966924
13155202184580002;MANABÍ;02;18458;0002; ; ; ; ; ; ; ; ; ;REGIÓN COSTA; ; ;TOTAL NACIONAL;30,9078332641052
13155202184580006;MANABÍ;02;18458;0006;4; ;7; ;1;11; ;11; ;REGIÓN COSTA; ; ;TOTAL NACIONAL;36,3497843152481
13155202184580007;MANABÍ;02;18458;0007; ; ; ; ; ; ; ; ; ;REGIÓN COSTA; ; ;TOTAL NACIONAL;64,1180261767319
13155202184580011;MANABÍ;02;18458;0011; ; ; ; ; ; ; ; ; ;REGIÓN COSTA; ; ;TOTAL NACIONAL;38,2756508563919
13155202186320006;MANABÍ;02;18632;0006; ; ; ; ;4; ; ; ; ;REGIÓN COSTA; ; ;TOTAL NACIONAL;5,00624809687137
13155002186340002;MANABÍ;02;18634;0002; ; ; ; ; ; ; ; ; ;REGIÓN COSTA; ; ;TOTAL NACIONAL;,151554956967002
13155002186340003;MANABÍ;02;18634;0003; ; ; ; ; ; ; ; ; ;REGIÓN COSTA; ; ;TOTAL NACIONAL;33,5910213799327
13155002186340006;MANABÍ;02;18634;0006; ; ; ; ;0; ; ; ; ;REGIÓN COSTA; ; ;TOTAL NACIONAL;,742309993307766
13155002186340010;MANABÍ;02;18634;0010; ; ; ; ;4; ; ; ; ;REGIÓN COSTA; ; ;TOTAL NACIONAL;5,14665884542553
13115002188710002;MANABÍ;02;18871;0002; ; ; ; ; ; ; ; ; ;REGIÓN COSTA; ; ;TOTAL NACIONAL;5,10146492927615
13155202189780005;MANABÍ;02;18978;0005;5; ;5; ;0;10; ;10; ;REGIÓN COSTA; ; ;TOTAL NACIONAL;64,0531493591284
13155202189780006;MANABÍ;02;18978;0006; ; ; ; ;2; ; ; ; ;REGIÓN COSTA; ; ;TOTAL NACIONAL;68,1126721963924
13155202189780007;MANABÍ;02;18978;0007; ; ; ; ;0; ; ; ; ;REGIÓN COSTA; ; ;TOTAL NACIONAL;9,65113066346312
13125002192740002;MANABÍ;02;19274;0002; ; ; ; ;0; ; ; ; ;REGIÓN COSTA; ; ;TOTAL NACIONAL;40,5668377049252
13125002192740007;MANABÍ;02;19274;0007; ; ; ; ;0; ; ; ; ;REGIÓN COSTA; ; ;TOTAL NACIONAL;6,33522126045849
13125002192740009;MANABÍ;02;19274;0009; ; ; ; ;1; ; ; ; ;REGIÓN COSTA; ; ;TOTAL NACIONAL;16,1848042496525
13075002193220003;MANABÍ;02;19322;0003; ; ; ; ;0; ; ; ; ;REGIÓN COSTA; ; ;TOTAL NACIONAL;52,466883035212
13075002193220006;MANABÍ;02;19322;0006; ; ; ; ; ; ; ; ; ;REGIÓN COSTA; ; ;TOTAL NACIONAL;20,5895579828657
13075002193220008;MANABÍ;02;19322;0008; ; ; ; ; ; ; ; ; ;REGIÓN COSTA; ; ;TOTAL NACIONAL;10,0150329079253
13115002193710001;MANABÍ;02;19371;0001; ; ; ; ; ; ; ; ; ;REGIÓN COSTA; ; ;TOTAL NACIONAL;35,5615931094844
13115002193710004;MANABÍ;02;19371;0004; ; ; ; ; ; ; ; ; ;REGIÓN COSTA; ; ;TOTAL NACIONAL;53,0353550508179
13115002193730001;MANABÍ;02;19373;0001; ; ; ; ; ; ; ; ; ;REGIÓN COSTA; ; ;TOTAL NACIONAL;8,1448269612449
13115002193730002;MANABÍ;02;19373;0002; ;2; ; ; ; ;2;2; ;REGIÓN COSTA; ; ;TOTAL NACIONAL;54,9645054313552
13115002193730004;MANABÍ;02;19373;0004; ; ; ; ; ; ; ; ; ;REGIÓN COSTA; ; ;TOTAL NACIONAL;17,6533520146248
13025202197350003;MANABÍ;02;19735;0003; ; ; ; ;0; ; ; ; ;REGIÓN COSTA; ; ;TOTAL NACIONAL;23,782495634414
13025202197350013;MANABÍ;02;19735;0013; ; ; ; ;0; ; ; ; ;REGIÓN COSTA; ; ;TOTAL NACIONAL;37,1866839663118
13115002198070006;MANABÍ;02;19807;0006;1; ; ; ; ;1; ;1; ;REGIÓN COSTA; ; ;TOTAL NACIONAL;32,6457284522069
13115002199130001;MANABÍ;02;19913;0001; ;2; ;3;1; ;5;5; ;REGIÓN COSTA; ; ;TOTAL NACIONAL;10,5763596294613
13015402199640002;MANABÍ;02;19964;0002; ; ; ; ;0; ; ; ; ;REGIÓN COSTA; ; ;TOTAL NACIONAL;13,5195455977388
13015402199640006;MANABÍ;02;19964;0006;1; ; ; ;1;1; ;1; ;REGIÓN COSTA; ; ;TOTAL NACIONAL;9,32934710486426
13115002200020001;MANABÍ;02;20002;0001; ;1; ;2;1; ;3;3; ;REGIÓN COSTA; ; ;TOTAL NACIONAL;29,8979788658435
13025002203730003;MANABÍ;02;20373;0003; ; ; ;1;1; ;1;1; ;REGIÓN COSTA; ; ;TOTAL NACIONAL;35,3692105649797
13025002203730004;MANABÍ;02;20373;0004; ;6; ; ;1; ;6;6; ;REGIÓN COSTA; ; ;TOTAL NACIONAL;22,7347775447887
13025002204730007;MANABÍ;02;20473;0007; ; ; ;3; ; ;3;3; ;REGIÓN COSTA; ; ;TOTAL NACIONAL;31,587788684207
13025002204730012;MANABÍ;02;20473;0012; ; ; ; ; ; ; ; ; ;REGIÓN COSTA; ; ;TOTAL NACIONAL;9,3508912825825
13115002208710007;MANABÍ;02;20871;0007; ; ; ; ; ; ; ; ; ;REGIÓN COSTA; ; ;TOTAL NACIONAL;26,7784166694945
13115202209200002;MANABÍ;02;20920;0002; ; ; ; ; ; ; ; ; ;REGIÓN COSTA; ; ;TOTAL NACIONAL;12,1805235209016
13135202210990002;MANABÍ;02;21099;0002; ; ; ; ; ; ; ; ; ;REGIÓN COSTA; ; ;TOTAL NACIONAL;8,42565328860183
13115202214350001;MANABÍ;02;21435;0001; ; ; ; ; ; ; ; ; ;REGIÓN COSTA; ; ;TOTAL NACIONAL;46,2541047845971
13115202214350009;MANABÍ;02;21435;0009; ; ; ; ;0; ; ; ; ;REGIÓN COSTA; ; ;TOTAL NACIONAL;41,0136946431835
13135202214480003;MANABÍ;02;21448;0003; ; ; ; ; ; ; ; ; ;REGIÓN COSTA; ; ;TOTAL NACIONAL;2,86528021327561
13135202215070002;MANABÍ;02;21507;0002; ; ; ; ; ; ; ; ; ;REGIÓN COSTA; ; ;TOTAL NACIONAL;10,7730893889179
13135202215070003;MANABÍ;02;21507;0003; ; ; ; ; ; ; ; ; ;REGIÓN COSTA; ; ;TOTAL NACIONAL;49,974879549022
13135202215730004;MANABÍ;02;21573;0004; ; ; ; ; ; ; ; ; ;REGIÓN COSTA; ; ;TOTAL NACIONAL;1,54902995843805
13135202215730007;MANABÍ;02;21573;0007; ; ; ; ; ; ; ; ; ;REGIÓN COSTA; ; ;TOTAL NACIONAL;9,16475060738117
13135202215730008;MANABÍ;02;21573;0008; ; ; ; ; ; ; ; ; ;REGIÓN COSTA; ; ;TOTAL NACIONAL;3,99334074083664
13135502219060003;MANABÍ;02;21906;0003; ; ; ; ; ; ; ; ; ;REGIÓN COSTA; ; ;TOTAL NACIONAL;30,9432714589299
13135502219060005;MANABÍ;02;21906;0005; ; ; ; ; ; ; ; ; ;REGIÓN COSTA; ; ;TOTAL NACIONAL;1,54237109749268
13135502219060006;MANABÍ;02;21906;0006; ; ; ; ; ; ; ; ; ;REGIÓN COSTA; ; ;TOTAL NACIONAL;9,81335502795294
13135302221470001;MANABÍ;02;22147;0001; ; ; ; ;0; ; ; ; ;REGIÓN COSTA; ; ;TOTAL NACIONAL;68,866710928932
13135302221470003;MANABÍ;02;22147;0003; ; ; ;4;0; ;4;4; ;REGIÓN COSTA; ; ;TOTAL NACIONAL;,54463688884941
13135302221470005;MANABÍ;02;22147;0005;10; ;10; ;12;20; ;20; ;REGIÓN COSTA; ; ;TOTAL NACIONAL;32,7703371830165
13135302224860003;MANABÍ;02;22486;0003; ; ; ; ;2; ; ; ; ;REGIÓN COSTA; ; ;TOTAL NACIONAL;15,5387034771524
13135302224880001;MANABÍ;02;22488;0001; ; ; ; ;0; ; ; ; ;REGIÓN COSTA; ; ;TOTAL NACIONAL;62,2051721009585
13135302224880008;MANABÍ;02;22488;0008; ; ; ; ;0; ; ; ; ;REGIÓN COSTA; ; ;TOTAL NACIONAL;49,7252209732902
13135302224880009;MANABÍ;02;22488;0009; ; ; ; ;0; ; ; ; ;REGIÓN COSTA; ; ;TOTAL NACIONAL;5,67841174723983
13135302224880013;MANABÍ;02;22488;0013; ; ; ; ;0; ; ; ; ;REGIÓN COSTA; ; ;TOTAL NACIONAL;6,85161907227694
13135002225370004;MANABÍ;02;22537;0004; ; ; ; ; ; ; ; ; ;REGIÓN COSTA; ; ;TOTAL NACIONAL;63,008848717186
13135002225370005;MANABÍ;02;22537;0005; ; ; ; ; ; ; ; ; ;REGIÓN COSTA; ; ;TOTAL NACIONAL;59,2894614308501
13135002225370013;MANABÍ;02;22537;0013; ; ; ; ; ; ; ; ; ;REGIÓN COSTA; ; ;TOTAL NACIONAL;3,79153915016377
13165002226260004;MANABÍ;02;22626;0004; ; ; ; ; ; ; ; ; ;REGIÓN COSTA; ; ;TOTAL NACIONAL;65,8497101044348
13135302228590005;MANABÍ;02;22859;0005; ; ; ; ; ; ; ; ; ;REGIÓN COSTA; ; ;TOTAL NACIONAL;11,8455820566215
13135502230870001;MANABÍ;02;23087;0001; ; ; ; ; ; ; ; ; ;REGIÓN COSTA; ; ;TOTAL NACIONAL;48,5652696809229
13185002230950001;MANABÍ;02;23095;0001; ;3; ; ; ; ;3;3; ;REGIÓN COSTA; ; ;TOTAL NACIONAL;8,32083223416725
13185002230950004;MANABÍ;02;23095;0004; ; ; ; ; ; ; ; ; ;REGIÓN COSTA; ; ;TOTAL NACIONAL;31,9423093993048
13185002230950005;MANABÍ;02;23095;0005; ; ; ; ; ; ; ; ; ;REGIÓN COSTA; ; ;TOTAL NACIONAL;23,9740446984536
13185002230950007;MANABÍ;02;23095;0007; ; ; ; ; ; ; ; ; ;REGIÓN COSTA; ; ;TOTAL NACIONAL;5,50008927920906
13065002233680004;MANABÍ;02;23368;0004; ; ; ; ;0; ; ; ; ;REGIÓN COSTA; ; ;TOTAL NACIONAL;5,56418130684346
13185002237400004;MANABÍ;02;23740;0004; ; ; ; ;0; ; ; ; ;REGIÓN COSTA; ; ;TOTAL NACIONAL;6,07631084901118
13165102237430009;MANABÍ;02;23743;0009; ; ; ; ; ; ; ; ; ;REGIÓN COSTA; ; ;TOTAL NACIONAL;1,86597979636767
13185002237870001;MANABÍ;02;23787;0001; ; ; ; ; ; ; ; ; ;REGIÓN COSTA; ; ;TOTAL NACIONAL;1,67737618945399
13065402240580007;MANABÍ;02;24058;0007; ; ; ; ;2; ; ; ; ;REGIÓN COSTA; ; ;TOTAL NACIONAL;2,2671506642041
13065102240660001;MANABÍ;02;24066;0001; ;1; ;2; ; ;3;3; ;REGIÓN COSTA; ; ;TOTAL NACIONAL;36,6036270708568
13105002243660001;MANABÍ;02;24366;0001; ; ; ; ; ; ; ; ; ;REGIÓN COSTA; ; ;TOTAL NACIONAL;70,5315026470571
13105002243660005;MANABÍ;02;24366;0005;2; ; ; ;1;2; ;2; ;REGIÓN COSTA; ; ;TOTAL NACIONAL;63,7344366905526
13105402244030004;MANABÍ;02;24403;0004; ; ; ; ; ; ; ; ; ;REGIÓN COSTA; ; ;TOTAL NACIONAL;35,5339445314157
13105402244030009;MANABÍ;02;24403;0009; ; ; ; ; ; ; ; ; ;REGIÓN COSTA; ; ;TOTAL NACIONAL;28,3539819227337
13105402244030015;MANABÍ;02;24403;0015; ; ; ; ; ; ; ; ; ;REGIÓN COSTA; ; ;TOTAL NACIONAL;23,905616801791
13105402244030021;MANABÍ;02;24403;0021; ; ; ; ; ; ; ; ; ;REGIÓN COSTA; ; ;TOTAL NACIONAL;49,78460584927
13105402244030022;MANABÍ;02;24403;0022; ; ; ; ; ; ; ; ; ;REGIÓN COSTA; ; ;TOTAL NACIONAL;7,8279654959648
13105002246710004;MANABÍ;02;24671;0004; ; ; ; ; ; ; ; ; ;REGIÓN COSTA; ; ;TOTAL NACIONAL;40,3945325459626
13105002246710007;MANABÍ;02;24671;0007; ; ; ; ;0; ; ; ; ;REGIÓN COSTA; ; ;TOTAL NACIONAL;26,2454093973495
13105402247010007;MANABÍ;02;24701;0007; ; ; ; ; ; ; ; ; ;REGIÓN COSTA; ; ;TOTAL NACIONAL;12,7187593732151
13105402247010010;MANABÍ;02;24701;0010;4; ;5;1;20;9;1;10; ;REGIÓN COSTA; ; ;TOTAL NACIONAL;44,1213302266376
13105402247240002;MANABÍ;02;24724;0002;6; ;4; ; ;10; ;10; ;REGIÓN COSTA; ; ;TOTAL NACIONAL;52,694998808934
13105102250140001;MANABÍ;02;25014;0001; ; ; ; ;8; ; ; ; ;REGIÓN COSTA; ; ;TOTAL NACIONAL;7,57024442832413
13105002250180010;MANABÍ;02;25018;0010; ; ; ; ; ; ; ; ; ;REGIÓN COSTA; ; ;TOTAL NACIONAL;52,4506449973035
13105302250460004;MANABÍ;02;25046;0004; ; ; ; ; ; ; ; ; ;REGIÓN COSTA; ; ;TOTAL NACIONAL;18,0095356700063
13105302250460011;MANABÍ;02;25046;0011; ; ; ; ; ; ; ; ; ;REGIÓN COSTA; ; ;TOTAL NACIONAL;48,2968509347357
13105102251500003;MANABÍ;02;25150;0003; ; ; ; ;1; ; ; ; ;REGIÓN COSTA; ; ;TOTAL NACIONAL;30,7549281884034
13105102251500010;MANABÍ;02;25150;0010; ;1; ;1;1; ;2;2; ;REGIÓN COSTA; ; ;TOTAL NACIONAL;43,3185375065757
13105102253630001;MANABÍ;02;25363;0001; ;1; ;1;1; ;2;2; ;REGIÓN COSTA; ; ;TOTAL NACIONAL;34,3633690485579
13105202257230004;MANABÍ;02;25723;0004; ; ; ; ;0; ; ; ; ;REGIÓN COSTA; ; ;TOTAL NACIONAL;20,0648251826667
13105202260190001;MANABÍ;02;26019;0001; ; ; ; ; ; ; ; ; ;REGIÓN COSTA; ; ;TOTAL NACIONAL;13,2752221764895
13105202260190009;MANABÍ;02;26019;0009; ; ; ; ;1; ; ; ; ;REGIÓN COSTA; ; ;TOTAL NACIONAL;27,3596018508603
13175003001880002;MANABÍ;03;00188;0002; ; ; ; ; ; ; ; ; ;REGIÓN COSTA; ; ;TOTAL NACIONAL;16,0712528294483
13175003001880003;MANABÍ;03;00188;0003; ; ; ; ; ; ; ; ; ;REGIÓN COSTA; ; ;TOTAL NACIONAL;5,16722981791292
13175003001880004;MANABÍ;03;00188;0004; ; ; ; ; ; ; ; ; ;REGIÓN COSTA; ; ;TOTAL NACIONAL;69,4163939723309
13175003001880005;MANABÍ;03;00188;0005; ; ; ; ; ; ; ; ; ;REGIÓN COSTA; ; ;TOTAL NACIONAL;56,6848632659627
13205003004940005;MANABÍ;03;00494;0005;2; ;2; ;1;4; ;4; ;REGIÓN COSTA; ; ;TOTAL NACIONAL;9,50194801282995
13055103005970002;MANABÍ;03;00597;0002; ; ; ; ; ; ; ; ; ;REGIÓN COSTA; ; ;TOTAL NACIONAL;0
13055103005970003;MANABÍ;03;00597;0003;5; ; ;5; ;5;5;10; ;REGIÓN COSTA; ; ;TOTAL NACIONAL;26,5032300888813
13055003006030001;MANABÍ;03;00603;0001;15;15; ; ; ;15;15;30; ;REGIÓN COSTA; ; ;TOTAL NACIONAL;0
13055003006880001;MANABÍ;03;00688;0001; ;3; ;6; ; ;9;9; ;REGIÓN COSTA; ; ;TOTAL NACIONAL;17,154360318341
13055003006880002;MANABÍ;03;00688;0002; ; ; ; ; ; ; ; ; ;REGIÓN COSTA; ; ;TOTAL NACIONAL;21,8643581607765
13045003009240015;MANABÍ;03;00924;0015; ;1; ;1;0; ;2;2; ;REGIÓN COSTA; ; ;TOTAL NACIONAL;41,9226866611579
13045003009240016;MANABÍ;03;00924;0016; ; ; ; ;1; ; ; ; ;REGIÓN COSTA; ; ;TOTAL NACIONAL;16,7329219742795
13045003009240017;MANABÍ;03;00924;0017; ; ; ; ;0; ; ; ; ;REGIÓN COSTA; ; ;TOTAL NACIONAL;8,83949581803718
13045003009240018;MANABÍ;03;00924;0018; ; ; ; ;0; ; ; ; ;REGIÓN COSTA; ; ;TOTAL NACIONAL;21,4956611045498
13045003009240019;MANABÍ;03;00924;0019;4; ;4; ; ;8; ;8; ;REGIÓN COSTA; ; ;TOTAL NACIONAL;26,6168226688405
13045003009240020;MANABÍ;03;00924;0020; ; ;6; ;0;6; ;6; ;REGIÓN COSTA; ; ;TOTAL NACIONAL;19,2796135679983
13045003009240022;MANABÍ;03;00924;0022; ; ; ; ;0; ; ; ; ;REGIÓN COSTA; ; ;TOTAL NACIONAL;17,0641386535492
13045003009240023;MANABÍ;03;00924;0023;4; ;5; ;0;9; ;9; ;REGIÓN COSTA; ; ;TOTAL NACIONAL;20,4056749325018
13045003009240024;MANABÍ;03;00924;0024; ; ; ; ;1; ; ; ; ;REGIÓN COSTA; ; ;TOTAL NACIONAL;63,4390848661328
13045003009240027;MANABÍ;03;00924;0027;2; ; ; ;0;2; ;2; ;REGIÓN COSTA; ; ;TOTAL NACIONAL;64,5896588614074
13045003009240030;MANABÍ;03;00924;0030; ; ; ; ;1; ; ; ; ;REGIÓN COSTA; ; ;TOTAL NACIONAL;61,5326149209788
13045003009300004;MANABÍ;03;00930;0004; ; ; ; ;0; ; ; ; ;REGIÓN COSTA; ; ;TOTAL NACIONAL;10,2973055264152
13045003009300010;MANABÍ;03;00930;0010; ; ; ; ;1; ; ; ; ;REGIÓN COSTA; ; ;TOTAL NACIONAL;110,748364608392
13045003009300022;MANABÍ;03;00930;0022; ; ; ; ;0; ; ; ; ;REGIÓN COSTA; ; ;TOTAL NACIONAL;53,1151596473383
13045003009300023;MANABÍ;03;00930;0023;3; ;3; ;1;6; ;6; ;REGIÓN COSTA; ; ;TOTAL NACIONAL;55,6521135095756
13055003009870002;MANABÍ;03;00987;0002; ; ; ; ; ; ; ; ; ;REGIÓN COSTA; ; ;TOTAL NACIONAL;18,9701702680072
13055003009870003;MANABÍ;03;00987;0003; ; ; ; ; ; ; ; ; ;REGIÓN COSTA; ; ;TOTAL NACIONAL;16,8411128194325
13055003009870004;MANABÍ;03;00987;0004; ; ; ; ; ; ; ; ; ;REGIÓN COSTA; ; ;TOTAL NACIONAL;15,6866961860622
13045003011310011;MANABÍ;03;01131;0011;2; ; ;4; ;2;4;6; ;REGIÓN COSTA; ; ;TOTAL NACIONAL;43,1564014737156
13045003011310025;MANABÍ;03;01131;0025; ;3; ;3;2; ;6;6; ;REGIÓN COSTA; ; ;TOTAL NACIONAL;11,4703056906824
13225103011960001;MANABÍ;03;01196;0001; ; ; ; ;0; ; ; ; ;REGIÓN COSTA; ; ;TOTAL NACIONAL;26,7912416770696
13225103011960002;MANABÍ;03;01196;0002; ; ; ; ; ; ; ; ; ;REGIÓN COSTA; ; ;TOTAL NACIONAL;60,1180642549204
13225103011960004;MANABÍ;03;01196;0004; ;2; ; ;1; ;2;2; ;REGIÓN COSTA; ; ;TOTAL NACIONAL;48,5487424182887
13035103013460002;MANABÍ;03;01346;0002; ;3;0;2;1;0;5;5; ;REGIÓN COSTA; ; ;TOTAL NACIONAL;0
13035103013460005;MANABÍ;03;01346;0005;5; ; ; ; ;5; ;5; ;REGIÓN COSTA; ; ;TOTAL NACIONAL;27,050950399094
13045303014180002;MANABÍ;03;01418;0002; ; ; ; ; ; ; ; ; ;REGIÓN COSTA; ; ;TOTAL NACIONAL;25,1173527471349
13045303014660004;MANABÍ;03;01466;0004; ; ; ; ;0; ; ; ; ;REGIÓN COSTA; ; ;TOTAL NACIONAL;53,2589310436229
13045303014660005;MANABÍ;03;01466;0005; ; ; ; ; ; ; ; ; ;REGIÓN COSTA; ; ;TOTAL NACIONAL;1,40564810313717
13025103016620001;MANABÍ;03;01662;0001; ; ; ; ;0; ; ; ; ;REGIÓN COSTA; ; ;TOTAL NACIONAL;57,3168045586244
13125003017390007;MANABÍ;03;01739;0007; ; ; ; ;0; ; ; ; ;REGIÓN COSTA; ; ;TOTAL NACIONAL;59,1459957560982
13125003017390008;MANABÍ;03;01739;0008; ; ; ; ;0; ; ; ; ;REGIÓN COSTA; ; ;TOTAL NACIONAL;49,230705626972
13125003017390012;MANABÍ;03;01739;0012; ; ; ; ;0; ; ; ; ;REGIÓN COSTA; ; ;TOTAL NACIONAL;38,7886783149625
13125003017390016;MANABÍ;03;01739;0016; ; ; ; ;0; ; ; ; ;REGIÓN COSTA; ; ;TOTAL NACIONAL;60,0510230413547
13125003017390017;MANABÍ;03;01739;0017; ; ; ; ;0; ; ; ; ;REGIÓN COSTA; ; ;TOTAL NACIONAL;67,3711997710091
13125003017390025;MANABÍ;03;01739;0025; ; ; ; ;0; ; ; ; ;REGIÓN COSTA; ; ;TOTAL NACIONAL;31,7255549651423
13125003017390026;MANABÍ;03;01739;0026; ; ; ; ;0; ; ; ; ;REGIÓN COSTA; ; ;TOTAL NACIONAL;44,3499105095546
13125003017390034;MANABÍ;03;01739;0034; ; ; ; ;0; ; ; ; ;REGIÓN COSTA; ; ;TOTAL NACIONAL;23,7632830900169
13125003017390036;MANABÍ;03;01739;0036; ; ; ; ;0; ; ; ; ;REGIÓN COSTA; ; ;TOTAL NACIONAL;21,286167600516
13025203017610001;MANABÍ;03;01761;0001; ;5; ;5; ; ;10;10; ;REGIÓN COSTA; ; ;TOTAL NACIONAL;61,2558915227104
13025203017610003;MANABÍ;03;01761;0003; ;3; ;3;0; ;6;6; ;REGIÓN COSTA; ; ;TOTAL NACIONAL;25,2408373237198
13025203017610004;MANABÍ;03;01761;0004; ; ; ;1;0; ;1;1; ;REGIÓN COSTA; ; ;TOTAL NACIONAL;64,6968183616579
13025203017610007;MANABÍ;03;01761;0007; ; ; ; ; ; ; ; ; ;REGIÓN COSTA; ; ;TOTAL NACIONAL;26,7489353150082
13075003018350001;MANABÍ;03;01835;0001; ; ; ; ; ; ; ; ; ;REGIÓN COSTA; ; ;TOTAL NACIONAL;1,70340612712335
13075003018350002;MANABÍ;03;01835;0002; ;2; ;5; ; ;7;7; ;REGIÓN COSTA; ; ;TOTAL NACIONAL;61,0594460728204
13075003018350003;MANABÍ;03;01835;0003; ; ; ; ; ; ; ; ; ;REGIÓN COSTA; ; ;TOTAL NACIONAL;13,0770208439648
13075003018350007;MANABÍ;03;01835;0007; ; ; ; ; ; ; ; ; ;REGIÓN COSTA; ; ;TOTAL NACIONAL;55,2660593338617
13075003018350012;MANABÍ;03;01835;0012; ; ; ; ; ; ; ; ; ;REGIÓN COSTA; ; ;TOTAL NACIONAL;16,4262598921539
13075003018350013;MANABÍ;03;01835;0013; ; ; ;3; ; ;3;3; ;REGIÓN COSTA; ; ;TOTAL NACIONAL;2,34191632381083
13075003018350014;MANABÍ;03;01835;0014; ; ; ; ; ; ; ; ; ;REGIÓN COSTA; ; ;TOTAL NACIONAL;92,8245102900716
13075003018350015;MANABÍ;03;01835;0015; ; ;4; ;0;4; ;4; ;REGIÓN COSTA; ; ;TOTAL NACIONAL;70,8090011685977
13015603019550004;MANABÍ;03;01955;0004; ; ; ; ; ; ; ; ; ;REGIÓN COSTA; ; ;TOTAL NACIONAL;62,288605259117
13015603019550005;MANABÍ;03;01955;0005; ; ; ; ; ; ; ; ; ;REGIÓN COSTA; ; ;TOTAL NACIONAL;55,672045175325
13015603020640001;MANABÍ;03;02064;0001; ; ; ; ;0; ; ; ; ;REGIÓN COSTA; ; ;TOTAL NACIONAL;47,3401007662936
13015603020640004;MANABÍ;03;02064;0004; ; ; ; ;0; ; ; ; ;REGIÓN COSTA; ; ;TOTAL NACIONAL;23,8353950152345
13015603020640008;MANABÍ;03;02064;0008; ; ; ; ;0; ; ; ; ;REGIÓN COSTA; ; ;TOTAL NACIONAL;70,4174872733859
13015603020640018;MANABÍ;03;02064;0018; ; ; ; ;0; ; ; ; ;REGIÓN COSTA; ; ;TOTAL NACIONAL;50,3442194713668
13015003021530005;MANABÍ;03;02153;0005; ; ; ; ;0; ; ; ; ;REGIÓN COSTA; ; ;TOTAL NACIONAL;93,7334961472411
13135103021750001;MANABÍ;03;02175;0001; ; ; ;3;0; ;3;3; ;REGIÓN COSTA; ; ;TOTAL NACIONAL;59,377103300948
13135003022970013;MANABÍ;03;02297;0013; ; ; ; ; ; ; ; ; ;REGIÓN COSTA; ; ;TOTAL NACIONAL;10,2090368798008
13095003023740001;MANABÍ;03;02374;0001; ; ; ; ;1; ; ; ; ;REGIÓN COSTA; ; ;TOTAL NACIONAL;92,1551079396082
13095003023740006;MANABÍ;03;02374;0006; ; ; ; ; ; ; ; ; ;REGIÓN COSTA; ; ;TOTAL NACIONAL;142,483246602174
13095003023740011;MANABÍ;03;02374;0011; ;1; ; ;1; ;1;1; ;REGIÓN COSTA; ; ;TOTAL NACIONAL;130,297959592599
13095003023740016;MANABÍ;03;02374;0016; ;3; ; ;1; ;3;3; ;REGIÓN COSTA; ; ;TOTAL NACIONAL;115,962321174492
13095003023740025;MANABÍ;03;02374;0025; ; ; ; ;2; ; ; ; ;REGIÓN COSTA; ; ;TOTAL NACIONAL;14,2868281687573
13135003024200010;MANABÍ;03;02420;0010; ; ; ;7; ; ;7;7; ;REGIÓN COSTA; ; ;TOTAL NACIONAL;25,4622725064071
13165203025660006;MANABÍ;03;02566;0006; ;3; ; ; ; ;3;3; ;REGIÓN COSTA; ; ;TOTAL NACIONAL;18,570993716194
13065203025960006;MANABÍ;03;02596;0006; ;3; ; ; ; ;3;3; ;REGIÓN COSTA; ; ;TOTAL NACIONAL;,763414351990897
13165303026660002;MANABÍ;03;02666;0002; ; ; ; ; ; ; ; ; ;REGIÓN COSTA; ; ;TOTAL NACIONAL;173,537757069706
13045004000720015;MANABÍ;04;00072;0015; ; ; ; ;1; ; ; ; ;REGIÓN COSTA; ; ;TOTAL NACIONAL;7,96957369416134
13045004000720019;MANABÍ;04;00072;0019; ; ; ; ; ; ; ; ; ;REGIÓN COSTA; ; ;TOTAL NACIONAL;10,4077852539956
13045004000720027;MANABÍ;04;00072;0027; ; ; ; ; ; ; ; ; ;REGIÓN COSTA; ; ;TOTAL NACIONAL;37,7336793708562
13045004000720046;MANABÍ;04;00072;0046; ; ; ; ; ; ; ; ; ;REGIÓN COSTA; ; ;TOTAL NACIONAL;49,394466371317
13045004000720060;MANABÍ;04;00072;0060; ; ; ; ; ; ; ; ; ;REGIÓN COSTA; ; ;TOTAL NACIONAL;43,7811794093668
13045004000720061;MANABÍ;04;00072;0061; ; ; ; ; ; ; ; ; ;REGIÓN COSTA; ; ;TOTAL NACIONAL;47,7161961944834
13045004000720062;MANABÍ;04;00072;0062; ; ; ; ; ; ; ; ; ;REGIÓN COSTA; ; ;TOTAL NACIONAL;66,8014814635456
13055004000840001;MANABÍ;04;00084;0001; ; ; ;7;0; ;7;7; ;REGIÓN COSTA; ; ;TOTAL NACIONAL;16,1347604863772
13055004000840007;MANABÍ;04;00084;0007; ; ; ; ; ; ; ; ; ;REGIÓN COSTA; ; ;TOTAL NACIONAL;25,1307582508878
13055004000840017;MANABÍ;04;00084;0017; ; ; ; ; ; ; ; ; ;REGIÓN COSTA; ; ;TOTAL NACIONAL;6,84518890038548
13055004000840020;MANABÍ;04;00084;0020; ; ; ; ; ; ; ; ; ;REGIÓN COSTA; ; ;TOTAL NACIONAL;14,7002610414912
13055004000840022;MANABÍ;04;00084;0022; ; ; ; ; ; ; ; ; ;REGIÓN COSTA; ; ;TOTAL NACIONAL;48,1035116478476
13055004000840025;MANABÍ;04;00084;0025; ;6; ;4; ; ;10;10; ;REGIÓN COSTA; ; ;TOTAL NACIONAL;4,53225945994971
13225004001110003;MANABÍ;04;00111;0003; ;2; ; ; ; ;2;2; ;REGIÓN COSTA; ; ;TOTAL NACIONAL;39,1999933554214
13225004001110004;MANABÍ;04;00111;0004; ;4; ;2;4; ;6;6; ;REGIÓN COSTA; ; ;TOTAL NACIONAL;13,9532384207568
13225004001110007;MANABÍ;04;00111;0007; ; ; ; ;6; ; ; ; ;REGIÓN COSTA; ; ;TOTAL NACIONAL;2,43241254000157
13225004001110010;MANABÍ;04;00111;0010; ;6;4; ;2;4;6;10; ;REGIÓN COSTA; ; ;TOTAL NACIONAL;27,1597496145755
13225004001110012;MANABÍ;04;00111;0012; ; ; ; ;2; ; ; ; ;REGIÓN COSTA; ; ;TOTAL NACIONAL;22,1016422759727
13225004001110020;MANABÍ;04;00111;0020;3; ;3; ; ;6; ;6; ;REGIÓN COSTA; ; ;TOTAL NACIONAL;17,7681493988938
13145004001140001;MANABÍ;04;00114;0001; ;1; ;1; ; ;2;2; ;REGIÓN COSTA; ; ;TOTAL NACIONAL;12,3948563713643
13115004001430001;MANABÍ;04;00143;0001; ;2; ;2; ; ;4;4; ;REGIÓN COSTA; ; ;TOTAL NACIONAL;7,90235434195661
13115004001430003;MANABÍ;04;00143;0003; ; ; ; ; ; ; ; ; ;REGIÓN COSTA; ; ;TOTAL NACIONAL;12,5110015822956
13115004001430006;MANABÍ;04;00143;0006; ; ; ; ;0; ; ; ; ;REGIÓN COSTA; ; ;TOTAL NACIONAL;29,7502450436567
13115004001430007;MANABÍ;04;00143;0007; ; ; ; ;0; ; ; ; ;REGIÓN COSTA; ; ;TOTAL NACIONAL;29,1778861553685
13075004001570004;MANABÍ;04;00157;0004;1; ;4; ; ;5; ;5; ;REGIÓN COSTA; ; ;TOTAL NACIONAL;30,5252742101752
13075004001570011;MANABÍ;04;00157;0011; ; ; ; ; ; ; ; ; ;REGIÓN COSTA; ; ;TOTAL NACIONAL;23,8503710901859
13075004001570014;MANABÍ;04;00157;0014; ; ; ; ; ; ; ; ; ;REGIÓN COSTA; ; ;TOTAL NACIONAL;28,1943283652651
13075004001570016;MANABÍ;04;00157;0016; ; ; ; ; ; ; ; ; ;REGIÓN COSTA; ; ;TOTAL NACIONAL;31,5664335971776
13075004001570020;MANABÍ;04;00157;0020; ; ; ; ; ; ; ; ; ;REGIÓN COSTA; ; ;TOTAL NACIONAL;15,1209520693653
13015004001950003;MANABÍ;04;00195;0003;0;6; ;6; ;0;12;12; ;REGIÓN COSTA; ; ;TOTAL NACIONAL;60,8898913031869
13015004001950018;MANABÍ;04;00195;0018; ;25; ; ; ; ;25;25; ;REGIÓN COSTA; ; ;TOTAL NACIONAL;8,18053804073307
13065704003070001;MANABÍ;04;00307;0001; ; ; ; ;2; ; ; ; ;REGIÓN COSTA; ; ;TOTAL NACIONAL;37,4289387758423
13065704003070012;MANABÍ;04;00307;0012; ; ; ; ;0; ; ; ; ;REGIÓN COSTA; ; ;TOTAL NACIONAL;3,26757377627012
13065704003070014;MANABÍ;04;00307;0014; ; ; ;2;0; ;2;2; ;REGIÓN COSTA; ; ;TOTAL NACIONAL;,884317406401714
13065704003070029;MANABÍ;04;00307;0029; ; ; ; ;1; ; ; ; ;REGIÓN COSTA; ; ;TOTAL NACIONAL;41,8216953282413
13065704003070036;MANABÍ;04;00307;0036; ; ; ; ;1; ; ; ; ;REGIÓN COSTA; ; ;TOTAL NACIONAL;12,9872133286668
13065704003070040;MANABÍ;04;00307;0040; ; ; ; ;1; ; ; ; ;REGIÓN COSTA; ; ;TOTAL NACIONAL;33,834705336472
13195204003150002;MANABÍ;04;00315;0002; ;1; ;2; ; ;3;3; ;REGIÓN COSTA; ; ;TOTAL NACIONAL;24,3872862414308
13195204003150003;MANABÍ;04;00315;0003; ; ; ; ; ; ; ; ; ;REGIÓN COSTA; ; ;TOTAL NACIONAL;25,0484933344792
13195204003150004;MANABÍ;04;00315;0004; ; ; ; ;2; ; ; ; ;REGIÓN COSTA; ; ;TOTAL NACIONAL;7,95774891962374
13195204003150005;MANABÍ;04;00315;0005; ; ; ;2; ; ;2;2; ;REGIÓN COSTA; ; ;TOTAL NACIONAL;19,4249620474913
13065704003220004;MANABÍ;04;00322;0004; ; ; ; ;1; ; ; ; ;REGIÓN COSTA; ; ;TOTAL NACIONAL;23,5441106432324
13015059000992040;MANABÍ;59;00099;2040; ;10; ;10;0; ;20;20; ;REGIÓN COSTA; ; ;TOTAL NACIONAL;1
13055061000992383;MANABÍ;61;00099;2383; ;4; ;4;0; ;8;8; ;REGIÓN COSTA; ; ;TOTAL NACIONAL;1
13055061000992417;MANABÍ;61;00099;2417;15;15; ; ; ;15;15;30; ;REGIÓN COSTA; ; ;TOTAL NACIONAL;1
13055061000992438;MANABÍ;61;00099;2438; ; ; ; ; ; ; ; ; ;REGIÓN COSTA; ; ;TOTAL NACIONAL;1
13015661000992467;MANABÍ;61;00099;2467; ;5; ;3;0; ;8;8; ;REGIÓN COSTA; ; ;TOTAL NACIONAL;1
13035361000992472;MANABÍ;61;00099;2472; ; ; ; ; ; ; ; ; ;REGIÓN COSTA; ; ;TOTAL NACIONAL;1
13055261000992580;MANABÍ;61;00099;2580;15; ;10; ; ;25; ;25; ;REGIÓN COSTA; ; ;TOTAL NACIONAL;1
13035461000992587;MANABÍ;61;00099;2587; ; ; ; ; ; ; ; ; ;REGIÓN COSTA; ; ;TOTAL NACIONAL;1
13045161000992602;MANABÍ;61;00099;2602; ; ; ; ;1; ; ; ; ;REGIÓN COSTA; ; ;TOTAL NACIONAL;1
13055061000992638;MANABÍ;61;00099;2638; ;10; ;10; ; ;20;20; ;REGIÓN COSTA; ; ;TOTAL NACIONAL;1
13035461000992646;MANABÍ;61;00099;2646; ;30; ;30; ; ;60;60; ;REGIÓN COSTA; ; ;TOTAL NACIONAL;1
13055161000992813;MANABÍ;61;00099;2813; ; ; ;1; ; ;1;1; ;REGIÓN COSTA; ; ;TOTAL NACIONAL;1
13035061000992867;MANABÍ;61;00099;2867;35; ;10;20; ;45;20;65; ;REGIÓN COSTA; ; ;TOTAL NACIONAL;1
13035461000992893;MANABÍ;61;00099;2893; ; ; ; ; ; ; ; ; ;REGIÓN COSTA; ; ;TOTAL NACIONAL;1
13035361000992958;MANABÍ;61;00099;2958; ; ; ; ;3; ; ; ; ;REGIÓN COSTA; ; ;TOTAL NACIONAL;1
13045061000993009;MANABÍ;61;00099;3009;15; ;15; ; ;30; ;30; ;REGIÓN COSTA; ; ;TOTAL NACIONAL;1
13035761000993028;MANABÍ;61;00099;3028; ;3; ;2;1; ;5;5; ;REGIÓN COSTA; ; ;TOTAL NACIONAL;1
13035461000993060;MANABÍ;61;00099;3060; ;5; ;5; ; ;10;10; ;REGIÓN COSTA; ; ;TOTAL NACIONAL;1
13035461000993126;MANABÍ;61;00099;3126; ; ; ; ; ; ; ; ; ;REGIÓN COSTA; ; ;TOTAL NACIONAL;1
13055261000993166;MANABÍ;61;00099;3166; ; ; ; ; ; ; ; ; ;REGIÓN COSTA; ; ;TOTAL NACIONAL;1
13025061000993191;MANABÍ;61;00099;3191; ; ; ; ;1; ; ; ; ;REGIÓN COSTA; ; ;TOTAL NACIONAL;1
13055161000993246;MANABÍ;61;00099;3246; ;1; ;2; ; ;3;3; ;REGIÓN COSTA; ; ;TOTAL NACIONAL;1
13035361000993317;MANABÍ;61;00099;3317; ; ; ; ; ; ; ; ; ;REGIÓN COSTA; ; ;TOTAL NACIONAL;1
13055262000990387;MANABÍ;62;00099;0387; ;600;0;600; ;0;1200;1200; ;REGIÓN COSTA; ; ;TOTAL NACIONAL;1
13035662000990456;MANABÍ;62;00099;0456;10; ; ; ; ;10; ;10; ;REGIÓN COSTA; ; ;TOTAL NACIONAL;1
13045062000990466;MANABÍ;62;00099;0466; ;2; ; ; ; ;2;2; ;REGIÓN COSTA; ; ;TOTAL NACIONAL;1
13095262000990467;MANABÍ;62;00099;0467; ;10; ;5; ; ;15;15; ;REGIÓN COSTA; ; ;TOTAL NACIONAL;1
13135162000990497;MANABÍ;62;00099;0497; ;2; ; ; ; ;2;2; ;REGIÓN COSTA; ; ;TOTAL NACIONAL;1
13085062000990508;MANABÍ;62;00099;0508; ; ; ; ;3; ; ; ; ;REGIÓN COSTA; ; ;TOTAL NACIONAL;1
13155062000990522;MANABÍ;62;00099;0522; ;10; ;60; ; ;70;70; ;REGIÓN COSTA; ; ;TOTAL NACIONAL;1
13085062000990529;MANABÍ;62;00099;0529; ; ; ; ;0; ; ; ; ;REGIÓN COSTA; ; ;TOTAL NACIONAL;1
13085062000990536;MANABÍ;62;00099;0536; ; ; ; ;1; ; ; ; ;REGIÓN COSTA; ; ;TOTAL NACIONAL;1
13085062000990545;MANABÍ;62;00099;0545;15;0; ; ;1;15;0;15; ;REGIÓN COSTA; ; ;TOTAL NACIONAL;1
13035062000990894;MANABÍ;62;00099;0894; ; ; ; ; ; ; ; ; ;REGIÓN COSTA; ; ;TOTAL NACIONAL;1
13035664000990845;MANABÍ;64;00099;0845; ; ; ; ; ; ; ; ; ;REGIÓN COSTA; ; ;TOTAL NACIONAL;1
13075064000990893;MANABÍ;64;00099;0893; ; ; ; ; ; ; ; ; ;REGIÓN COSTA; ; ;TOTAL NACIONAL;1
13075064000990905;MANABÍ;64;00099;0905; ;15; ;16; ; ;31;31; ;REGIÓN COSTA; ; ;TOTAL NACIONAL;1
13155264000990912;MANABÍ;64;00099;0912; ; ; ;3; ; ;3;3; ;REGIÓN COSTA; ; ;TOTAL NACIONAL;1
13155264000990917;MANABÍ;64;00099;0917; ; ; ; ; ; ; ; ; ;REGIÓN COSTA; ; ;TOTAL NACIONAL;1
13055064000990923;MANABÍ;64;00099;0923; ; ; ; ; ; ; ; ; ;REGIÓN COSTA; ; ;TOTAL NACIONAL;1
13095064000992030;MANABÍ;64;00099;2030; ; ; ; ;1; ; ; ; ;REGIÓN COSTA; ; ;TOTAL NACIONAL;1
13095064000992055;MANABÍ;64;00099;2055; ;1000; ;1108; ; ;2108;2108; ;REGIÓN COSTA; ; ;TOTAL NACIONAL;1
13065064000994392;MANABÍ;64;00099;4392; ; ; ; ;15; ; ; ; ;REGIÓN COSTA; ; ;TOTAL NACIONAL;1
14045001005340001;MORONA SANTIAGO;01;00534;0001; ;10; ; ;1; ;10;10; ; ;REGIÓN AMAZÓNICA; ;TOTAL NACIONAL;3,2119562507643
14015601030250001;MORONA SANTIAGO;01;03025;0001; ; ; ; ;0; ; ; ; ; ;REGIÓN AMAZÓNICA; ;TOTAL NACIONAL;3,47504383540668
14015101030580002;MORONA SANTIAGO;01;03058;0002; ; ; ; ;0; ; ; ; ; ;REGIÓN AMAZÓNICA; ;TOTAL NACIONAL;66,2691627856689
14015101030580003;MORONA SANTIAGO;01;03058;0003; ;1; ; ;0; ;1;1; ; ;REGIÓN AMAZÓNICA; ;TOTAL NACIONAL;14,517388864053
14015301032350001;MORONA SANTIAGO;01;03235;0001; ; ; ; ;1; ; ; ; ; ;REGIÓN AMAZÓNICA; ;TOTAL NACIONAL;27,1552471874845
14015301032350002;MORONA SANTIAGO;01;03235;0002; ;2;1; ;1;1;2;3; ; ;REGIÓN AMAZÓNICA; ;TOTAL NACIONAL;3,00274212041712
14015301032360001;MORONA SANTIAGO;01;03236;0001; ; ; ; ;1; ; ; ; ; ;REGIÓN AMAZÓNICA; ;TOTAL NACIONAL;0
14015301032420001;MORONA SANTIAGO;01;03242;0001; ;2;1; ;1;1;2;3; ; ;REGIÓN AMAZÓNICA; ;TOTAL NACIONAL;3,81568341192632
14015301033230002;MORONA SANTIAGO;01;03323;0002; ; ; ; ;0; ; ; ; ; ;REGIÓN AMAZÓNICA; ;TOTAL NACIONAL;22,4495396611092
14015301035420003;MORONA SANTIAGO;01;03542;0003; ; ; ; ;0; ; ; ; ; ;REGIÓN AMAZÓNICA; ;TOTAL NACIONAL;5,61212293757295
14016401038010001;MORONA SANTIAGO;01;03801;0001; ; ; ; ;1; ; ; ; ; ;REGIÓN AMAZÓNICA; ;TOTAL NACIONAL;5,98663499756903
14016401038530001;MORONA SANTIAGO;01;03853;0001; ; ; ; ;1; ; ; ; ; ;REGIÓN AMAZÓNICA; ;TOTAL NACIONAL;5,92643605676014
14015001040020001;MORONA SANTIAGO;01;04002;0001;6; ;6; ;0;12; ;12; ; ;REGIÓN AMAZÓNICA; ;TOTAL NACIONAL;16,3656712790276
14016401041970001;MORONA SANTIAGO;01;04197;0001;7; ; ; ; ;7; ;7; ; ;REGIÓN AMAZÓNICA; ;TOTAL NACIONAL;9,71723489426809
14065501043820001;MORONA SANTIAGO;01;04382;0001; ; ; ; ;0; ; ; ; ; ;REGIÓN AMAZÓNICA; ;TOTAL NACIONAL;10,2321137071948
14065501043820004;MORONA SANTIAGO;01;04382;0004; ; ; ;2;2; ;2;2; ; ;REGIÓN AMAZÓNICA; ;TOTAL NACIONAL;4,98492914983929
14065501044020001;MORONA SANTIAGO;01;04402;0001; ;5; ; ;5; ;5;5; ; ;REGIÓN AMAZÓNICA; ;TOTAL NACIONAL;25,7644929312587
14065001046490001;MORONA SANTIAGO;01;04649;0001; ; ; ; ;1; ; ; ; ; ;REGIÓN AMAZÓNICA; ;TOTAL NACIONAL;6,65931573099054
14065001046490004;MORONA SANTIAGO;01;04649;0004;8; ; ; ; ;8; ;8; ; ;REGIÓN AMAZÓNICA; ;TOTAL NACIONAL;,425530051437794
14065001049130002;MORONA SANTIAGO;01;04913;0002; ; ; ; ; ; ; ; ; ; ;REGIÓN AMAZÓNICA; ;TOTAL NACIONAL;43,4748652910771
14065101049830001;MORONA SANTIAGO;01;04983;0001; ; ; ; ; ; ; ; ; ; ;REGIÓN AMAZÓNICA; ;TOTAL NACIONAL;7,91028395028436
14065201053050001;MORONA SANTIAGO;01;05305;0001; ; ; ; ; ; ; ; ; ; ;REGIÓN AMAZÓNICA; ;TOTAL NACIONAL;67,333109206944
14065201053050003;MORONA SANTIAGO;01;05305;0003; ;2; ;2;1; ;4;4; ; ;REGIÓN AMAZÓNICA; ;TOTAL NACIONAL;15,4686432316601
14065201053660001;MORONA SANTIAGO;01;05366;0001; ; ; ; ; ; ; ; ; ; ;REGIÓN AMAZÓNICA; ;TOTAL NACIONAL;2,92943852768944
14065201053660008;MORONA SANTIAGO;01;05366;0008; ;1; ; ; ; ;1;1; ; ;REGIÓN AMAZÓNICA; ;TOTAL NACIONAL;46,6252245117695
14065201053680001;MORONA SANTIAGO;01;05368;0001; ; ; ; ; ; ; ; ; ; ;REGIÓN AMAZÓNICA; ;TOTAL NACIONAL;45,5534143326134
14065201054510002;MORONA SANTIAGO;01;05451;0002; ; ; ; ; ; ; ; ; ; ;REGIÓN AMAZÓNICA; ;TOTAL NACIONAL;15,0452336239681
14065201054510004;MORONA SANTIAGO;01;05451;0004; ;3; ;3; ; ;6;6; ; ;REGIÓN AMAZÓNICA; ;TOTAL NACIONAL;35,430079765613
14065201054510007;MORONA SANTIAGO;01;05451;0007; ;2; ; ; ; ;2;2; ; ;REGIÓN AMAZÓNICA; ;TOTAL NACIONAL;6,38188132085769
14065201054510008;MORONA SANTIAGO;01;05451;0008; ; ; ;10; ; ;10;10; ; ;REGIÓN AMAZÓNICA; ;TOTAL NACIONAL;,728925061420923
14065201054510009;MORONA SANTIAGO;01;05451;0009; ; ; ; ; ; ; ; ; ; ;REGIÓN AMAZÓNICA; ;TOTAL NACIONAL;29,2918045702525
14055601058020001;MORONA SANTIAGO;01;05802;0001; ; ; ; ; ; ; ; ; ; ;REGIÓN AMAZÓNICA; ;TOTAL NACIONAL;4,9406280718536
14055701066210002;MORONA SANTIAGO;01;06621;0002; ;3; ;2; ; ;5;5; ; ;REGIÓN AMAZÓNICA; ;TOTAL NACIONAL;6,88062200045158
14055601068320005;MORONA SANTIAGO;01;06832;0005; ; ; ;2; ; ;2;2; ; ;REGIÓN AMAZÓNICA; ;TOTAL NACIONAL;28,0980481906732
14055001069310001;MORONA SANTIAGO;01;06931;0001; ; ; ; ; ; ; ; ; ; ;REGIÓN AMAZÓNICA; ;TOTAL NACIONAL;2,52743394914156
14055001069310006;MORONA SANTIAGO;01;06931;0006;5; ;6; ; ;11; ;11; ; ;REGIÓN AMAZÓNICA; ;TOTAL NACIONAL;1,5733623234423
14055001069310007;MORONA SANTIAGO;01;06931;0007; ; ; ;8; ; ;8;8; ; ;REGIÓN AMAZÓNICA; ;TOTAL NACIONAL;52,0696851881077
14055101069320001;MORONA SANTIAGO;01;06932;0001; ; ; ;2; ; ;2;2; ; ;REGIÓN AMAZÓNICA; ;TOTAL NACIONAL;24,1945793948315
14055001071520001;MORONA SANTIAGO;01;07152;0001;15;60;10;60;3;25;120;145; ; ;REGIÓN AMAZÓNICA; ;TOTAL NACIONAL;5,14898133329045
14055101072510001;MORONA SANTIAGO;01;07251;0001; ; ; ; ; ; ; ; ; ; ;REGIÓN AMAZÓNICA; ;TOTAL NACIONAL;4,93224168689186
14055401075300001;MORONA SANTIAGO;01;07530;0001; ; ; ; ; ; ; ; ; ; ;REGIÓN AMAZÓNICA; ;TOTAL NACIONAL;3,35462879072753
14055401076830002;MORONA SANTIAGO;01;07683;0002; ; ; ; ;9; ; ; ; ; ;REGIÓN AMAZÓNICA; ;TOTAL NACIONAL;2,35640308356671
14025501090870001;MORONA SANTIAGO;01;09087;0001; ; ; ; ; ; ; ; ; ; ;REGIÓN AMAZÓNICA; ;TOTAL NACIONAL;24,2707393009137
14025501091950001;MORONA SANTIAGO;01;09195;0001; ; ; ; ; ; ; ; ; ; ;REGIÓN AMAZÓNICA; ;TOTAL NACIONAL;14,6735496315702
14025501091950002;MORONA SANTIAGO;01;09195;0002; ; ; ; ; ; ; ; ; ; ;REGIÓN AMAZÓNICA; ;TOTAL NACIONAL;2,3552100564969
14025001092330002;MORONA SANTIAGO;01;09233;0002; ; ; ; ;1; ; ; ; ; ;REGIÓN AMAZÓNICA; ;TOTAL NACIONAL;6,53389255136828
14025001094610001;MORONA SANTIAGO;01;09461;0001; ; ; ; ; ; ; ; ; ; ;REGIÓN AMAZÓNICA; ;TOTAL NACIONAL;2,15963867426193
14025701094880002;MORONA SANTIAGO;01;09488;0002; ; ; ; ; ; ; ; ; ; ;REGIÓN AMAZÓNICA; ;TOTAL NACIONAL;9,13977604357699
14025801095120001;MORONA SANTIAGO;01;09512;0001; ; ; ; ; ; ; ; ; ; ;REGIÓN AMAZÓNICA; ;TOTAL NACIONAL;2,10449590011245
14115002000820001;MORONA SANTIAGO;02;00082;0001;20; ; ; ;3;20; ;20; ; ;REGIÓN AMAZÓNICA; ;TOTAL NACIONAL;61,5304416076904
14115002000820004;MORONA SANTIAGO;02;00082;0004;40; ;30; ;7;70; ;70; ; ;REGIÓN AMAZÓNICA; ;TOTAL NACIONAL;16,8135449658141
14075102004180001;MORONA SANTIAGO;02;00418;0001;10; ;10; ;2;20; ;20; ; ;REGIÓN AMAZÓNICA; ;TOTAL NACIONAL;52,5701124355532
14015802004220004;MORONA SANTIAGO;02;00422;0004; ; ; ; ; ; ; ; ; ; ;REGIÓN AMAZÓNICA; ;TOTAL NACIONAL;39,8869964083987
14075102004300002;MORONA SANTIAGO;02;00430;0002; ; ; ; ; ; ; ; ; ; ;REGIÓN AMAZÓNICA; ;TOTAL NACIONAL;50,6493944181797
14015702008670005;MORONA SANTIAGO;02;00867;0005; ; ; ;2;0; ;2;2; ; ;REGIÓN AMAZÓNICA; ;TOTAL NACIONAL;,490247301374616
14015702008670009;MORONA SANTIAGO;02;00867;0009; ; ; ; ;1; ; ; ; ; ;REGIÓN AMAZÓNICA; ;TOTAL NACIONAL;9,3427437608882
14015702008670010;MORONA SANTIAGO;02;00867;0010; ; ; ; ;1; ; ; ; ; ;REGIÓN AMAZÓNICA; ;TOTAL NACIONAL;46,3705008635909
14015702008670011;MORONA SANTIAGO;02;00867;0011; ; ; ; ;0; ; ; ; ; ;REGIÓN AMAZÓNICA; ;TOTAL NACIONAL;73,8072480828232
14015702008680001;MORONA SANTIAGO;02;00868;0001; ; ; ; ;1; ; ; ; ; ;REGIÓN AMAZÓNICA; ;TOTAL NACIONAL;98,7417853522797
14015702008680002;MORONA SANTIAGO;02;00868;0002; ;2; ;4;0; ;6;6; ; ;REGIÓN AMAZÓNICA; ;TOTAL NACIONAL;199,972723000614
14015702010050003;MORONA SANTIAGO;02;01005;0003; ; ; ; ;8; ; ; ; ; ;REGIÓN AMAZÓNICA; ;TOTAL NACIONAL;32,0874014994324
14035702014180001;MORONA SANTIAGO;02;01418;0001; ; ; ; ; ; ; ; ; ; ;REGIÓN AMAZÓNICA; ;TOTAL NACIONAL;16,1817492142645
14085402019220002;MORONA SANTIAGO;02;01922;0002; ; ; ; ; ; ; ; ; ; ;REGIÓN AMAZÓNICA; ;TOTAL NACIONAL;27,2924980057321
14085402020610001;MORONA SANTIAGO;02;02061;0001; ; ; ; ; ; ; ; ; ; ;REGIÓN AMAZÓNICA; ;TOTAL NACIONAL;15,1859547555951
14085002020870001;MORONA SANTIAGO;02;02087;0001; ; ; ; ; ; ; ; ; ; ;REGIÓN AMAZÓNICA; ;TOTAL NACIONAL;5,75665082892273
14085402021060001;MORONA SANTIAGO;02;02106;0001; ;1; ; ; ; ;1;1; ; ;REGIÓN AMAZÓNICA; ;TOTAL NACIONAL;17,757053710754
14085402022920001;MORONA SANTIAGO;02;02292;0001; ; ; ; ; ; ; ; ; ; ;REGIÓN AMAZÓNICA; ;TOTAL NACIONAL;12,7659610751141
14085302023960001;MORONA SANTIAGO;02;02396;0001; ; ; ; ;1; ; ; ; ; ;REGIÓN AMAZÓNICA; ;TOTAL NACIONAL;32,4763222059372
14025002025660001;MORONA SANTIAGO;02;02566;0001; ; ; ; ; ; ; ; ; ; ;REGIÓN AMAZÓNICA; ;TOTAL NACIONAL;43,431697559493
14025002025660002;MORONA SANTIAGO;02;02566;0002; ; ; ; ; ; ; ; ; ; ;REGIÓN AMAZÓNICA; ;TOTAL NACIONAL;10,695146847023
14025002026840006;MORONA SANTIAGO;02;02684;0006; ; ; ; ; ; ; ; ; ; ;REGIÓN AMAZÓNICA; ;TOTAL NACIONAL;18,6702471506349
14025002026960001;MORONA SANTIAGO;02;02696;0001; ; ; ;2;1; ;2;2; ; ;REGIÓN AMAZÓNICA; ;TOTAL NACIONAL;56,1115401957031
14025002026960002;MORONA SANTIAGO;02;02696;0002; ; ; ;1; ; ;1;1; ; ;REGIÓN AMAZÓNICA; ;TOTAL NACIONAL;67,7233751626468
14025002026960004;MORONA SANTIAGO;02;02696;0004; ; ; ; ;2; ; ; ; ; ;REGIÓN AMAZÓNICA; ;TOTAL NACIONAL;6,26304742007078
14025002027110001;MORONA SANTIAGO;02;02711;0001; ; ; ;2;1; ;2;2; ; ;REGIÓN AMAZÓNICA; ;TOTAL NACIONAL;13,6082297495495
14025002027110002;MORONA SANTIAGO;02;02711;0002; ; ; ;1; ; ;1;1; ; ;REGIÓN AMAZÓNICA; ;TOTAL NACIONAL;70,8094418487378
14025002027110003;MORONA SANTIAGO;02;02711;0003; ; ; ; ; ; ; ; ; ; ;REGIÓN AMAZÓNICA; ;TOTAL NACIONAL;32,0244453671384
14025302028510001;MORONA SANTIAGO;02;02851;0001; ; ; ; ; ; ; ; ; ; ;REGIÓN AMAZÓNICA; ;TOTAL NACIONAL;6,91076399645871
14025302028510002;MORONA SANTIAGO;02;02851;0002; ; ; ; ; ; ; ; ; ; ;REGIÓN AMAZÓNICA; ;TOTAL NACIONAL;17,6580627831096
14115003002230001;MORONA SANTIAGO;03;00223;0001;80; ; ;6;8;80;6;86; ; ;REGIÓN AMAZÓNICA; ;TOTAL NACIONAL;48,5200465613016
14016203005900002;MORONA SANTIAGO;03;00590;0002; ; ; ; ; ; ; ; ; ; ;REGIÓN AMAZÓNICA; ;TOTAL NACIONAL;57,7170521741227
14015703008240006;MORONA SANTIAGO;03;00824;0006; ; ; ;1; ; ;1;1; ; ;REGIÓN AMAZÓNICA; ;TOTAL NACIONAL;9,93468944772654
14015703008240024;MORONA SANTIAGO;03;00824;0024; ; ; ; ;0; ; ; ; ; ;REGIÓN AMAZÓNICA; ;TOTAL NACIONAL;44,6164854707822
14065003009090001;MORONA SANTIAGO;03;00909;0001; ;5; ; ;0; ;5;5; ; ;REGIÓN AMAZÓNICA; ;TOTAL NACIONAL;28,3423742252401
14035703015950001;MORONA SANTIAGO;03;01595;0001; ; ; ; ; ; ; ; ; ; ;REGIÓN AMAZÓNICA; ;TOTAL NACIONAL;40,7863928045509
14025103020670003;MORONA SANTIAGO;03;02067;0003; ; ; ; ;1; ; ; ; ; ;REGIÓN AMAZÓNICA; ;TOTAL NACIONAL;48,1359585207369
14025303021710004;MORONA SANTIAGO;03;02171;0004;10; ; ;10; ;10;10;20; ; ;REGIÓN AMAZÓNICA; ;TOTAL NACIONAL;85,8708789314588
14115004000270003;MORONA SANTIAGO;04;00027;0003;30; ; ; ;2;30; ;30; ; ;REGIÓN AMAZÓNICA; ;TOTAL NACIONAL;34,8687839189312
14095204001100005;MORONA SANTIAGO;04;00110;0005; ; ; ; ; ; ; ; ; ; ;REGIÓN AMAZÓNICA; ;TOTAL NACIONAL;45,7873495828948
14025304005020007;MORONA SANTIAGO;04;00502;0007; ; ; ; ; ; ; ; ; ; ;REGIÓN AMAZÓNICA; ;TOTAL NACIONAL;51,296099764568
14015362000990514;MORONA SANTIAGO;62;00099;0514; ;2;1; ;1;1;2;3; ; ;REGIÓN AMAZÓNICA; ;TOTAL NACIONAL;1
15075401007680003;NAPO;01;00768;0003; ; ; ; ;0; ; ; ; ; ;REGIÓN AMAZÓNICA; ;TOTAL NACIONAL;9,64418994182301
15035201033780002;NAPO;01;03378;0002; ;10; ;10;2; ;20;20; ; ;REGIÓN AMAZÓNICA; ;TOTAL NACIONAL;,964462776566897
15035001036780042;NAPO;01;03678;0042; ; ; ; ;1; ; ; ; ; ;REGIÓN AMAZÓNICA; ;TOTAL NACIONAL;7,22859772757191
15015001046830003;NAPO;01;04683;0003; ; ; ; ;2; ; ; ; ; ;REGIÓN AMAZÓNICA; ;TOTAL NACIONAL;36,2285341730971
15015601060760009;NAPO;01;06076;0009; ;5;7; ;0;7;5;12; ; ;REGIÓN AMAZÓNICA; ;TOTAL NACIONAL;78,5836192353462
15015601062680001;NAPO;01;06268;0001; ; ; ; ;1; ; ; ; ; ;REGIÓN AMAZÓNICA; ;TOTAL NACIONAL;3,9556116395406
15015601063270005;NAPO;01;06327;0005; ; ; ; ;2; ; ; ; ; ;REGIÓN AMAZÓNICA; ;TOTAL NACIONAL;65,1315190120198
15015601063270007;NAPO;01;06327;0007; ; ; ; ;1; ; ; ; ; ;REGIÓN AMAZÓNICA; ;TOTAL NACIONAL;74,9556760799828
15095001066990001;NAPO;01;06699;0001; ;2; ; ; ; ;2;2; ; ;REGIÓN AMAZÓNICA; ;TOTAL NACIONAL;12,257878451907
15015403010740005;NAPO;03;01074;0005; ; ; ; ;0; ; ; ; ; ;REGIÓN AMAZÓNICA; ;TOTAL NACIONAL;5,37552301666901
15045462000990557;NAPO;62;00099;0557; ;90; ;60;2; ;150;150; ; ;REGIÓN AMAZÓNICA; ;TOTAL NACIONAL;1
16035101002410001;PASTAZA;01;00241;0001; ; ; ; ; ; ; ; ; ; ;REGIÓN AMAZÓNICA; ;TOTAL NACIONAL;71,5860841839967
16035101002410006;PASTAZA;01;00241;0006; ; ; ; ; ; ; ; ; ; ;REGIÓN AMAZÓNICA; ;TOTAL NACIONAL;11,4134544630671
16035101002410007;PASTAZA;01;00241;0007; ; ; ; ; ; ; ; ; ; ;REGIÓN AMAZÓNICA; ;TOTAL NACIONAL;50,7243001819927
16035101003850002;PASTAZA;01;00385;0002; ;2; ; ;0; ;2;2; ; ;REGIÓN AMAZÓNICA; ;TOTAL NACIONAL;19,0116067487059
16016401008390001;PASTAZA;01;00839;0001; ;3; ;3;1; ;6;6; ; ;REGIÓN AMAZÓNICA; ;TOTAL NACIONAL;30,4509223114476
16016401008390002;PASTAZA;01;00839;0002; ;2; ;2;1; ;4;4; ; ;REGIÓN AMAZÓNICA; ;TOTAL NACIONAL;6,87020427010327
16025201029570003;PASTAZA;01;02957;0003; ; ; ; ; ; ; ; ; ; ;REGIÓN AMAZÓNICA; ;TOTAL NACIONAL;43,7485279412663
16016301030460003;PASTAZA;01;03046;0003; ;4; ;3;0; ;7;7; ; ;REGIÓN AMAZÓNICA; ;TOTAL NACIONAL;52,6134973531056
16016201039390001;PASTAZA;01;03939;0001; ;10; ;10;0; ;20;20; ; ;REGIÓN AMAZÓNICA; ;TOTAL NACIONAL;5,99986634192067
16016201039390002;PASTAZA;01;03939;0002; ; ; ; ; ; ; ; ; ; ;REGIÓN AMAZÓNICA; ;TOTAL NACIONAL;,166699271866395
16016203021480003;PASTAZA;03;02148;0003; ; ; ; ; ; ; ; ; ; ;REGIÓN AMAZÓNICA; ;TOTAL NACIONAL;57,5113815947035
16016203022070012;PASTAZA;03;02207;0012; ; ; ; ; ; ; ; ; ; ;REGIÓN AMAZÓNICA; ;TOTAL NACIONAL;17,414538858482
16016604002320006;PASTAZA;04;00232;0006; ; ; ; ;0; ; ; ; ; ;REGIÓN AMAZÓNICA; ;TOTAL NACIONAL;1,8662825083862
16016604002320008;PASTAZA;04;00232;0008; ; ; ; ;0; ; ; ; ; ;REGIÓN AMAZÓNICA; ;TOTAL NACIONAL;20,4397257246084
16016604002320011;PASTAZA;04;00232;0011; ; ; ; ; ; ; ; ; ; ;REGIÓN AMAZÓNICA; ;TOTAL NACIONAL;37,5860127885668
16016604002320012;PASTAZA;04;00232;0012; ;1; ; ;1; ;1;1; ; ;REGIÓN AMAZÓNICA; ;TOTAL NACIONAL;56,7820972172911
16016604002320019;PASTAZA;04;00232;0019; ; ; ; ;0; ; ; ; ; ;REGIÓN AMAZÓNICA; ;TOTAL NACIONAL;57,3971492863054
16016604002320023;PASTAZA;04;00232;0023; ; ; ; ;0; ; ; ; ; ;REGIÓN AMAZÓNICA; ;TOTAL NACIONAL;42,2386332032465
16016604002320030;PASTAZA;04;00232;0030; ;2; ;2;0; ;4;4; ; ;REGIÓN AMAZÓNICA; ;TOTAL NACIONAL;445,970780931286
16016604002320031;PASTAZA;04;00232;0031; ; ; ; ; ; ; ; ; ; ;REGIÓN AMAZÓNICA; ;TOTAL NACIONAL;19,9999392213024
16016604002320035;PASTAZA;04;00232;0035; ; ; ; ;0; ; ; ; ; ;REGIÓN AMAZÓNICA; ;TOTAL NACIONAL;25,6362989621689
16016604002320036;PASTAZA;04;00232;0036; ; ; ; ; ; ; ; ; ; ;REGIÓN AMAZÓNICA; ;TOTAL NACIONAL;17,8419860762271
16016604002320037;PASTAZA;04;00232;0037; ; ; ;7;0; ;7;7; ; ;REGIÓN AMAZÓNICA; ;TOTAL NACIONAL;7,29584447680339
16035062000990385;PASTAZA;62;00099;0385;12; ;8; ;2;20; ;20; ; ;REGIÓN AMAZÓNICA; ;TOTAL NACIONAL;1
17018101000430001;PICHINCHA;01;00043;0001;10;10;3;5; ;13;15;28;REGIÓN SIERRA; ; ; ;TOTAL NACIONAL;3,0449399323863
17095001001030001;PICHINCHA;01;00103;0001; ; ; ; ;0; ; ; ;REGIÓN SIERRA; ; ; ;TOTAL NACIONAL;7,13010635065674
17095001001030003;PICHINCHA;01;00103;0003; ; ; ; ;0; ; ; ;REGIÓN SIERRA; ; ; ;TOTAL NACIONAL;3,31266721896973
17095001001270002;PICHINCHA;01;00127;0002; ;2; ; ;0; ;2;2;REGIÓN SIERRA; ; ; ;TOTAL NACIONAL;36,3735200381591
17017201004500003;PICHINCHA;01;00450;0003; ; ; ; ;1; ; ; ;REGIÓN SIERRA; ; ; ;TOTAL NACIONAL;24,7339068311739
17017201004500005;PICHINCHA;01;00450;0005; ;10; ;10;4; ;20;20;REGIÓN SIERRA; ; ; ;TOTAL NACIONAL;2,05732871747369
17018101004950001;PICHINCHA;01;00495;0001; ; ; ; ;0; ; ; ;REGIÓN SIERRA; ; ; ;TOTAL NACIONAL;13,1585217571678
17018101005480002;PICHINCHA;01;00548;0002;5; ;5; ; ;10; ;10;REGIÓN SIERRA; ; ; ;TOTAL NACIONAL;8,01853522334983
17016801006970004;PICHINCHA;01;00697;0004;5; ; ;5;1;5;5;10;REGIÓN SIERRA; ; ; ;TOTAL NACIONAL;7,55570208941561
17016801006970005;PICHINCHA;01;00697;0005; ; ; ; ; ; ; ; ;REGIÓN SIERRA; ; ; ;TOTAL NACIONAL;1,50364793052616
17017201010380001;PICHINCHA;01;01038;0001; ; ; ; ;1; ; ; ;REGIÓN SIERRA; ; ; ;TOTAL NACIONAL;6,89477827187379
17025301017190001;PICHINCHA;01;01719;0001; ; ; ; ; ; ; ; ;REGIÓN SIERRA; ; ; ;TOTAL NACIONAL;52,7043907958512
17015301019760003;PICHINCHA;01;01976;0003; ; ; ; ;1; ; ; ;REGIÓN SIERRA; ; ; ;TOTAL NACIONAL;,957842330625371
17015301019760010;PICHINCHA;01;01976;0010; ; ; ; ; ; ; ; ;REGIÓN SIERRA; ; ; ;TOTAL NACIONAL;28,411184431166
17015301019760013;PICHINCHA;01;01976;0013; ; ; ;18;1; ;18;18;REGIÓN SIERRA; ; ; ;TOTAL NACIONAL;46,3796555928908
17085001020650001;PICHINCHA;01;02065;0001; ; ; ; ;0; ; ; ;REGIÓN SIERRA; ; ; ;TOTAL NACIONAL;9,61284673370224
17085001022730001;PICHINCHA;01;02273;0001; ;50; ;50;6; ;100;100;REGIÓN SIERRA; ; ; ;TOTAL NACIONAL;4,88220605415844
17015301023350001;PICHINCHA;01;02335;0001; ;2; ;2; ; ;4;4;REGIÓN SIERRA; ; ; ;TOTAL NACIONAL;1,7710039721258
17015301023350003;PICHINCHA;01;02335;0003; ; ; ; ; ; ; ; ;REGIÓN SIERRA; ; ; ;TOTAL NACIONAL;33,0704364088513
17025301023670002;PICHINCHA;01;02367;0002; ; ; ; ; ; ; ; ;REGIÓN SIERRA; ; ; ;TOTAL NACIONAL;19,5548626489226
17025301023670012;PICHINCHA;01;02367;0012; ; ; ; ; ; ; ; ;REGIÓN SIERRA; ; ; ;TOTAL NACIONAL;1,49720985660859
17016801024210002;PICHINCHA;01;02421;0002;15; ;15; ;2;30; ;30;REGIÓN SIERRA; ; ; ;TOTAL NACIONAL;17,3766476401442
17025301030100006;PICHINCHA;01;03010;0006; ; ; ; ; ; ; ; ;REGIÓN SIERRA; ; ; ;TOTAL NACIONAL;2,21918457007202
17018101030810002;PICHINCHA;01;03081;0002; ; ; ; ;2; ; ; ;REGIÓN SIERRA; ; ; ;TOTAL NACIONAL;6,03169434624308
17085001031650001;PICHINCHA;01;03165;0001; ;40; ;4;2; ;44;44;REGIÓN SIERRA; ; ; ;TOTAL NACIONAL;,976441210831689
17025301034110001;PICHINCHA;01;03411;0001; ; ; ; ;1; ; ; ;REGIÓN SIERRA; ; ; ;TOTAL NACIONAL;24,4265293376308
17085001036710001;PICHINCHA;01;03671;0001; ;40; ;4; ; ;44;44;REGIÓN SIERRA; ; ; ;TOTAL NACIONAL;,976441210831689
17025601041790001;PICHINCHA;01;04179;0001; ; ; ; ; ; ; ; ;REGIÓN SIERRA; ; ; ;TOTAL NACIONAL;59,1906876084755
17025601041790003;PICHINCHA;01;04179;0003; ; ; ; ;1; ; ; ;REGIÓN SIERRA; ; ; ;TOTAL NACIONAL;79,8906445225927
17025601041790012;PICHINCHA;01;04179;0012; ; ; ; ;2; ; ; ;REGIÓN SIERRA; ; ; ;TOTAL NACIONAL;93,911636359649
17025301042450001;PICHINCHA;01;04245;0001; ; ; ; ; ; ; ; ;REGIÓN SIERRA; ; ; ;TOTAL NACIONAL;14,9914980603408
17025301042450002;PICHINCHA;01;04245;0002; ; ; ; ;0; ; ; ;REGIÓN SIERRA; ; ; ;TOTAL NACIONAL;15,7652464647394
17025301042450003;PICHINCHA;01;04245;0003; ;1; ; ; ; ;1;1;REGIÓN SIERRA; ; ; ;TOTAL NACIONAL;3,70758344201721
17025301042450007;PICHINCHA;01;04245;0007; ; ; ; ; ; ; ; ;REGIÓN SIERRA; ; ; ;TOTAL NACIONAL;27,0874091324814
17025301042450008;PICHINCHA;01;04245;0008; ; ; ; ; ; ; ; ;REGIÓN SIERRA; ; ; ;TOTAL NACIONAL;25,8056644850508
17025601042650002;PICHINCHA;01;04265;0002; ; ; ; ; ; ; ; ;REGIÓN SIERRA; ; ; ;TOTAL NACIONAL;31,1464356531649
17025601042650003;PICHINCHA;01;04265;0003; ; ; ; ; ; ; ; ;REGIÓN SIERRA; ; ; ;TOTAL NACIONAL;31,7307335868496
17025601042650006;PICHINCHA;01;04265;0006; ;4; ; ; ; ;4;4;REGIÓN SIERRA; ; ; ;TOTAL NACIONAL;72,4193898033503
17025601042650008;PICHINCHA;01;04265;0008; ; ; ; ; ; ; ; ;REGIÓN SIERRA; ; ; ;TOTAL NACIONAL;65,1925193602194
17045401045660001;PICHINCHA;01;04566;0001; ;1; ; ; ; ;1;1;REGIÓN SIERRA; ; ; ;TOTAL NACIONAL;59,6832507019686
17045401045660002;PICHINCHA;01;04566;0002; ; ; ; ; ; ; ; ;REGIÓN SIERRA; ; ; ;TOTAL NACIONAL;63,17794430755
17045401045660007;PICHINCHA;01;04566;0007; ; ; ; ; ; ; ; ;REGIÓN SIERRA; ; ; ;TOTAL NACIONAL;32,8494337935949
17025301046240003;PICHINCHA;01;04624;0003; ;1; ; ; ; ;1;1;REGIÓN SIERRA; ; ; ;TOTAL NACIONAL;61,85854355092
17025301046240007;PICHINCHA;01;04624;0007; ; ; ; ; ; ; ; ;REGIÓN SIERRA; ; ; ;TOTAL NACIONAL;4,96980800086326
17025301046390001;PICHINCHA;01;04639;0001; ; ; ; ; ; ; ; ;REGIÓN SIERRA; ; ; ;TOTAL NACIONAL;26,4736750897746
17045401050420006;PICHINCHA;01;05042;0006; ; ; ; ;1; ; ; ;REGIÓN SIERRA; ; ; ;TOTAL NACIONAL;26,1632646744663
17016101054760002;PICHINCHA;01;05476;0002;8; ;12; ;4;20; ;20;REGIÓN SIERRA; ; ; ;TOTAL NACIONAL;12,5184994163681
17045401057200001;PICHINCHA;01;05720;0001; ; ; ; ;1; ; ; ;REGIÓN SIERRA; ; ; ;TOTAL NACIONAL;90,1326473170455
17045401057200002;PICHINCHA;01;05720;0002; ; ;1; ;1;1; ;1;REGIÓN SIERRA; ; ; ;TOTAL NACIONAL;9,91454082611065
17045401057200003;PICHINCHA;01;05720;0003; ; ; ; ;2; ; ; ;REGIÓN SIERRA; ; ; ;TOTAL NACIONAL;149,98765725354
17045401060490001;PICHINCHA;01;06049;0001; ; ; ; ; ; ; ; ;REGIÓN SIERRA; ; ; ;TOTAL NACIONAL;94,9950759628806
17045401060490005;PICHINCHA;01;06049;0005; ;2; ; ; ; ;2;2;REGIÓN SIERRA; ; ; ;TOTAL NACIONAL;71,3619631477004
17045401060490006;PICHINCHA;01;06049;0006; ; ; ; ; ; ; ; ;REGIÓN SIERRA; ; ; ;TOTAL NACIONAL;91,6236633985654
17045401063800009;PICHINCHA;01;06380;0009; ; ; ; ; ; ; ; ;REGIÓN SIERRA; ; ; ;TOTAL NACIONAL;23,6776144279898
17025601066460002;PICHINCHA;01;06646;0002; ; ; ; ; ; ; ; ;REGIÓN SIERRA; ; ; ;TOTAL NACIONAL;60,9074579089815
17017801078660003;PICHINCHA;01;07866;0003; ; ; ; ; ; ; ; ;REGIÓN SIERRA; ; ; ;TOTAL NACIONAL;,128411417594684
17017801078660004;PICHINCHA;01;07866;0004; ; ; ;2;2; ;2;2;REGIÓN SIERRA; ; ; ;TOTAL NACIONAL;7,59192845048253
17045301085290001;PICHINCHA;01;08529;0001; ;2; ; ; ; ;2;2;REGIÓN SIERRA; ; ; ;TOTAL NACIONAL;10,3876724556563
17045101086930004;PICHINCHA;01;08693;0004; ; ; ; ; ; ; ; ;REGIÓN SIERRA; ; ; ;TOTAL NACIONAL;53,460156293035
17045101086930005;PICHINCHA;01;08693;0005; ;2; ; ; ; ;2;2;REGIÓN SIERRA; ; ; ;TOTAL NACIONAL;70,3481508712831
17017801089970001;PICHINCHA;01;08997;0001; ; ; ; ;1; ; ; ;REGIÓN SIERRA; ; ; ;TOTAL NACIONAL;1,2610624482258
17045001092340011;PICHINCHA;01;09234;0011; ; ; ;1; ; ;1;1;REGIÓN SIERRA; ; ; ;TOTAL NACIONAL;78,3252316156697
17045001092340022;PICHINCHA;01;09234;0022; ; ; ; ; ; ; ; ;REGIÓN SIERRA; ; ; ;TOTAL NACIONAL;72,7766384049628
17045001092340023;PICHINCHA;01;09234;0023; ; ; ; ;1; ; ; ;REGIÓN SIERRA; ; ; ;TOTAL NACIONAL;91,5351088387554
17015401100140004;PICHINCHA;01;10014;0004; ; ; ; ; ; ; ; ;REGIÓN SIERRA; ; ; ;TOTAL NACIONAL;24,7365106744028
17075001102870003;PICHINCHA;01;10287;0003; ; ; ; ;1; ; ; ;REGIÓN SIERRA; ; ; ;TOTAL NACIONAL;2,83718979612233
17095001106900001;PICHINCHA;01;10690;0001; ;15; ;10;15; ;25;25;REGIÓN SIERRA; ; ; ;TOTAL NACIONAL;,853035662058493
17018001110070003;PICHINCHA;01;11007;0003; ; ; ; ;0; ; ; ;REGIÓN SIERRA; ; ; ;TOTAL NACIONAL;89,2913570644427
17025001113080006;PICHINCHA;01;11308;0006; ; ; ; ;0; ; ; ;REGIÓN SIERRA; ; ; ;TOTAL NACIONAL;46,1921788804111
17075001114970002;PICHINCHA;01;11497;0002; ; ; ; ;1; ; ; ;REGIÓN SIERRA; ; ; ;TOTAL NACIONAL;1,08552112987955
17025201125310002;PICHINCHA;01;12531;0002; ; ; ; ;0; ; ; ;REGIÓN SIERRA; ; ; ;TOTAL NACIONAL;60,9299315558974
17025201125310008;PICHINCHA;01;12531;0008; ; ; ; ;0; ; ; ;REGIÓN SIERRA; ; ; ;TOTAL NACIONAL;51,6862880933574
17017101130310001;PICHINCHA;01;13031;0001; ; ; ; ;1; ; ; ;REGIÓN SIERRA; ; ; ;TOTAL NACIONAL;9,71483059350022
17075001130960002;PICHINCHA;01;13096;0002; ; ; ; ; ; ; ; ;REGIÓN SIERRA; ; ; ;TOTAL NACIONAL;,914030343439364
17075001140180005;PICHINCHA;01;14018;0005; ; ; ; ; ; ; ; ;REGIÓN SIERRA; ; ; ;TOTAL NACIONAL;39,9646538246623
17025201148610001;PICHINCHA;01;14861;0001; ; ; ; ;0; ; ; ;REGIÓN SIERRA; ; ; ;TOTAL NACIONAL;38,6938078392315
17025201148610002;PICHINCHA;01;14861;0002; ; ; ; ; ; ; ; ;REGIÓN SIERRA; ; ; ;TOTAL NACIONAL;12,7327933892452
17025201155230005;PICHINCHA;01;15523;0005;2; ;2;2;1;4;2;6;REGIÓN SIERRA; ; ; ;TOTAL NACIONAL;12,788125057859
17025201155230012;PICHINCHA;01;15523;0012; ; ; ; ;0; ; ; ;REGIÓN SIERRA; ; ; ;TOTAL NACIONAL;126,579328964148
17015001155770002;PICHINCHA;01;15577;0002; ; ; ; ; ; ; ; ;REGIÓN SIERRA; ; ; ;TOTAL NACIONAL;53,3229895515134
17015001155770004;PICHINCHA;01;15577;0004; ; ; ; ; ; ; ; ;REGIÓN SIERRA; ; ; ;TOTAL NACIONAL;52,3155502070045
17075001158430003;PICHINCHA;01;15843;0003; ; ; ; ; ; ; ; ;REGIÓN SIERRA; ; ; ;TOTAL NACIONAL;,562647124374793
17025201167420007;PICHINCHA;01;16742;0007; ; ; ; ;0; ; ; ;REGIÓN SIERRA; ; ; ;TOTAL NACIONAL;1,67079940520089
17025201167420008;PICHINCHA;01;16742;0008; ; ; ; ; ; ; ; ;REGIÓN SIERRA; ; ; ;TOTAL NACIONAL;,156928051740807
17025201167420014;PICHINCHA;01;16742;0014; ; ; ; ;0; ; ; ;REGIÓN SIERRA; ; ; ;TOTAL NACIONAL;28,6504125278198
17016001168860002;PICHINCHA;01;16886;0002; ; ; ;1; ; ;1;1;REGIÓN SIERRA; ; ; ;TOTAL NACIONAL;114,301743167952
17016001168860003;PICHINCHA;01;16886;0003; ; ; ; ; ; ; ; ;REGIÓN SIERRA; ; ; ;TOTAL NACIONAL;51,1573824374903
17016001169120001;PICHINCHA;01;16912;0001; ; ; ; ;0; ; ; ;REGIÓN SIERRA; ; ; ;TOTAL NACIONAL;46,3140532093186
17016001169900002;PICHINCHA;01;16990;0002; ; ; ; ;0; ; ; ;REGIÓN SIERRA; ; ; ;TOTAL NACIONAL;40,3215652665948
17017901172700002;PICHINCHA;01;17270;0002; ; ; ; ;10; ; ; ;REGIÓN SIERRA; ; ; ;TOTAL NACIONAL;26,7647325249241
17015901178120001;PICHINCHA;01;17812;0001; ; ; ; ; ; ; ; ;REGIÓN SIERRA; ; ; ;TOTAL NACIONAL;31,5870594693961
17015901179310001;PICHINCHA;01;17931;0001; ;3; ;1;0; ;4;4;REGIÓN SIERRA; ; ; ;TOTAL NACIONAL;16,1776779810594
17015901179310009;PICHINCHA;01;17931;0009; ;8; ; ; ; ;8;8;REGIÓN SIERRA; ; ; ;TOTAL NACIONAL;56,8939745511264
17015901181130001;PICHINCHA;01;18113;0001; ; ; ; ; ; ; ; ;REGIÓN SIERRA; ; ; ;TOTAL NACIONAL;40,3053233137747
17018501182540003;PICHINCHA;01;18254;0003; ; ; ; ; ; ; ; ;REGIÓN SIERRA; ; ; ;TOTAL NACIONAL;71,9962652786565
17018501182540007;PICHINCHA;01;18254;0007; ; ; ; ; ; ; ; ;REGIÓN SIERRA; ; ; ;TOTAL NACIONAL;67,048963143776
17018501182540008;PICHINCHA;01;18254;0008; ; ; ; ; ; ; ; ;REGIÓN SIERRA; ; ; ;TOTAL NACIONAL;28,5306822364916
17018501182540010;PICHINCHA;01;18254;0010; ; ; ; ;1; ; ; ;REGIÓN SIERRA; ; ; ;TOTAL NACIONAL;62,6925331262192
17018501182540012;PICHINCHA;01;18254;0012; ; ; ; ; ; ; ; ;REGIÓN SIERRA; ; ; ;TOTAL NACIONAL;62,4421635849803
17018501182540014;PICHINCHA;01;18254;0014;8; ;12; ;0;20; ;20;REGIÓN SIERRA; ; ; ;TOTAL NACIONAL;52,0247877131124
17018501182540018;PICHINCHA;01;18254;0018; ; ; ; ;1; ; ; ;REGIÓN SIERRA; ; ; ;TOTAL NACIONAL;1,20572407293069
17018501182540019;PICHINCHA;01;18254;0019;4; ; ;7; ;4;7;11;REGIÓN SIERRA; ; ; ;TOTAL NACIONAL;1,29415786169558
17015901182760001;PICHINCHA;01;18276;0001; ; ; ; ; ; ; ; ;REGIÓN SIERRA; ; ; ;TOTAL NACIONAL;31,7912984226617
17018501183230001;PICHINCHA;01;18323;0001; ; ; ; ; ; ; ; ;REGIÓN SIERRA; ; ; ;TOTAL NACIONAL;,0797870250095933
17018501183230003;PICHINCHA;01;18323;0003; ; ; ; ; ; ; ; ;REGIÓN SIERRA; ; ; ;TOTAL NACIONAL;31,2167961877302
17018501183230007;PICHINCHA;01;18323;0007; ;6; ;4;0; ;10;10;REGIÓN SIERRA; ; ; ;TOTAL NACIONAL;6,50207629427647
17017601216570004;PICHINCHA;01;21657;0004;8; ;8; ; ;16; ;16;REGIÓN SIERRA; ; ; ;TOTAL NACIONAL;2,3694973382849
17017601216570005;PICHINCHA;01;21657;0005; ; ; ; ; ; ; ; ;REGIÓN SIERRA; ; ; ;TOTAL NACIONAL;6,88933520975692
17017601218890001;PICHINCHA;01;21889;0001; ; ;1; ; ;1; ;1;REGIÓN SIERRA; ; ; ;TOTAL NACIONAL;6,0916912339753
17017601219220009;PICHINCHA;01;21922;0009; ; ; ; ; ; ; ; ;REGIÓN SIERRA; ; ; ;TOTAL NACIONAL;36,8769297290768
17017601219990003;PICHINCHA;01;21999;0003; ; ; ; ;1; ; ; ;REGIÓN SIERRA; ; ; ;TOTAL NACIONAL;5,29100944109331
17017601219990004;PICHINCHA;01;21999;0004;8; ;8; ; ;16; ;16;REGIÓN SIERRA; ; ; ;TOTAL NACIONAL;10,4934882124046
17055001222190001;PICHINCHA;01;22219;0001; ; ; ; ;4; ; ; ;REGIÓN SIERRA; ; ; ;TOTAL NACIONAL;64,7457106405789
17017601232010001;PICHINCHA;01;23201;0001; ;3; ;3; ; ;6;6;REGIÓN SIERRA; ; ; ;TOTAL NACIONAL;,986565976244004
17017601234820001;PICHINCHA;01;23482;0001; ;3; ;3; ; ;6;6;REGIÓN SIERRA; ; ; ;TOTAL NACIONAL;1,04617538730525
17017601235180003;PICHINCHA;01;23518;0003; ; ; ; ; ; ; ; ;REGIÓN SIERRA; ; ; ;TOTAL NACIONAL;7,09710020072833
17035001241590003;PICHINCHA;01;24159;0003; ; ; ; ;0; ; ; ;REGIÓN SIERRA; ; ; ;TOTAL NACIONAL;260,176698040981
17035001242020001;PICHINCHA;01;24202;0001; ;2; ; ;0; ;2;2;REGIÓN SIERRA; ; ; ;TOTAL NACIONAL;147,201764268434
17035001242020002;PICHINCHA;01;24202;0002; ;4; ; ;2; ;4;4;REGIÓN SIERRA; ; ; ;TOTAL NACIONAL;123,857882861938
17035001242020004;PICHINCHA;01;24202;0004; ;2; ;2;2; ;4;4;REGIÓN SIERRA; ; ; ;TOTAL NACIONAL;112,031452756411
17035001242020006;PICHINCHA;01;24202;0006; ; ; ; ;1; ; ; ;REGIÓN SIERRA; ; ; ;TOTAL NACIONAL;11,0806191979713
17035001250160002;PICHINCHA;01;25016;0002; ; ; ; ; ; ; ; ;REGIÓN SIERRA; ; ; ;TOTAL NACIONAL;19,9921551441265
17035001254120003;PICHINCHA;01;25412;0003; ; ; ; ;0; ; ; ;REGIÓN SIERRA; ; ; ;TOTAL NACIONAL;55,1878981287653
17035001256270003;PICHINCHA;01;25627;0003; ; ; ; ; ; ; ; ;REGIÓN SIERRA; ; ; ;TOTAL NACIONAL;67,9335509891716
17095002000020001;PICHINCHA;02;00002;0001; ; ; ;3;3; ;3;3;REGIÓN SIERRA; ; ; ;TOTAL NACIONAL;22,4034979492834
17095002000390003;PICHINCHA;02;00039;0003; ; ; ; ; ; ; ; ;REGIÓN SIERRA; ; ; ;TOTAL NACIONAL;26,982944510462
17095002000390005;PICHINCHA;02;00039;0005; ; ; ;3;3; ;3;3;REGIÓN SIERRA; ; ; ;TOTAL NACIONAL;6,82736395138896
17095002002410003;PICHINCHA;02;00241;0003;1;1;3;1;1;4;2;6;REGIÓN SIERRA; ; ; ;TOTAL NACIONAL;3,79743781088586
17017203000780006;PICHINCHA;03;00078;0006; ; ; ; ;1; ; ; ;REGIÓN SIERRA; ; ; ;TOTAL NACIONAL;12,9454050873856
17085003004270006;PICHINCHA;03;00427;0006; ; ; ; ;0; ; ; ;REGIÓN SIERRA; ; ; ;TOTAL NACIONAL;11,6327519116032
17085003004270008;PICHINCHA;03;00427;0008; ; ; ; ;0; ; ; ;REGIÓN SIERRA; ; ; ;TOTAL NACIONAL;43,3249439650285
17016903004730001;PICHINCHA;03;00473;0001; ; ; ; ; ; ; ; ;REGIÓN SIERRA; ; ; ;TOTAL NACIONAL;23,3199311243611
17095004000610009;PICHINCHA;04;00061;0009; ; ;1; ;1;1; ;1;REGIÓN SIERRA; ; ; ;TOTAL NACIONAL;47,9287022928482
17095004000610011;PICHINCHA;04;00061;0011; ; ; ; ;0; ; ; ;REGIÓN SIERRA; ; ; ;TOTAL NACIONAL;73,9245042939571
17095004000610018;PICHINCHA;04;00061;0018; ; ; ; ;0; ; ; ;REGIÓN SIERRA; ; ; ;TOTAL NACIONAL;63,4921336798694
17095004000610020;PICHINCHA;04;00061;0020; ;2; ; ;6; ;2;2;REGIÓN SIERRA; ; ; ;TOTAL NACIONAL;73,6487784797875
17095004000610027;PICHINCHA;04;00061;0027; ;1; ;1;1; ;2;2;REGIÓN SIERRA; ; ; ;TOTAL NACIONAL;19,1007147381802
17075104001120006;PICHINCHA;04;00112;0006; ; ; ; ; ; ; ; ;REGIÓN SIERRA; ; ; ;TOTAL NACIONAL;33,7896726611964
17025162000990523;PICHINCHA;62;00099;0523; ; ; ; ; ; ; ; ;REGIÓN SIERRA; ; ; ;TOTAL NACIONAL;1
17045164000994440;PICHINCHA;64;00099;4440; ; ; ; ; ; ; ; ;REGIÓN SIERRA; ; ; ;TOTAL NACIONAL;1
18085501000010001;TUNGURAHUA;01;00001;0001; ;2000; ;2000;0; ;4000;4000;REGIÓN SIERRA; ; ; ;TOTAL NACIONAL;0
18085501000500002;TUNGURAHUA;01;00050;0002; ; ; ; ;0; ; ; ;REGIÓN SIERRA; ; ; ;TOTAL NACIONAL;68,4181176402543
18085501000500003;TUNGURAHUA;01;00050;0003;4; ;3; ;0;7; ;7;REGIÓN SIERRA; ; ; ;TOTAL NACIONAL;16,5686849078888
18085501000500004;TUNGURAHUA;01;00050;0004; ; ; ; ;0; ; ; ;REGIÓN SIERRA; ; ; ;TOTAL NACIONAL;49,9617318783812
18085501000500005;TUNGURAHUA;01;00050;0005;1; ;1; ;0;2; ;2;REGIÓN SIERRA; ; ; ;TOTAL NACIONAL;25,1538898054826
18085501000500015;TUNGURAHUA;01;00050;0015; ; ; ;1;0; ;1;1;REGIÓN SIERRA; ; ; ;TOTAL NACIONAL;56,7271104486072
18085501000500016;TUNGURAHUA;01;00050;0016; ; ; ; ;0; ; ; ;REGIÓN SIERRA; ; ; ;TOTAL NACIONAL;68,4716506164562
18085501000500026;TUNGURAHUA;01;00050;0026; ; ; ; ;0; ; ; ;REGIÓN SIERRA; ; ; ;TOTAL NACIONAL;70,7071480485908
18085501000500028;TUNGURAHUA;01;00050;0028; ; ; ; ;0; ; ; ;REGIÓN SIERRA; ; ; ;TOTAL NACIONAL;54,7511488159107
18085501000500030;TUNGURAHUA;01;00050;0030; ; ; ; ;0; ; ; ;REGIÓN SIERRA; ; ; ;TOTAL NACIONAL;33,395060176435
18085501000500031;TUNGURAHUA;01;00050;0031; ; ; ; ;0; ; ; ;REGIÓN SIERRA; ; ; ;TOTAL NACIONAL;65,8455607283299
18085501000500032;TUNGURAHUA;01;00050;0032; ; ; ; ;0; ; ; ;REGIÓN SIERRA; ; ; ;TOTAL NACIONAL;67,5110310990555
18085501001040019;TUNGURAHUA;01;00104;0019; ; ; ; ; ; ; ; ;REGIÓN SIERRA; ; ; ;TOTAL NACIONAL;61,4549754785202
18085501001040024;TUNGURAHUA;01;00104;0024; ; ; ; ;0; ; ; ;REGIÓN SIERRA; ; ; ;TOTAL NACIONAL;16,6435510038806
18085501002120002;TUNGURAHUA;01;00212;0002; ; ; ; ;0; ; ; ;REGIÓN SIERRA; ; ; ;TOTAL NACIONAL;65,9164318079352
18085501002120003;TUNGURAHUA;01;00212;0003; ; ; ; ;0; ; ; ;REGIÓN SIERRA; ; ; ;TOTAL NACIONAL;59,2985673678699
18016701002710001;TUNGURAHUA;01;00271;0001; ; ; ; ;2; ; ; ;REGIÓN SIERRA; ; ; ;TOTAL NACIONAL;5,45349148611206
18016701002710002;TUNGURAHUA;01;00271;0002; ; ; ; ;0; ; ; ;REGIÓN SIERRA; ; ; ;TOTAL NACIONAL;42,8030708067128
18016701002710005;TUNGURAHUA;01;00271;0005; ; ; ; ;2; ; ; ;REGIÓN SIERRA; ; ; ;TOTAL NACIONAL;39,1825749553306
18016701002710006;TUNGURAHUA;01;00271;0006; ; ; ; ;0; ; ; ;REGIÓN SIERRA; ; ; ;TOTAL NACIONAL;85,4396213696343
18016701002710010;TUNGURAHUA;01;00271;0010; ; ; ; ;0; ; ; ;REGIÓN SIERRA; ; ; ;TOTAL NACIONAL;29,3122785247705
18016701002710012;TUNGURAHUA;01;00271;0012; ; ; ; ;0; ; ; ;REGIÓN SIERRA; ; ; ;TOTAL NACIONAL;86,4671952361878
18016701002710014;TUNGURAHUA;01;00271;0014; ; ; ; ;0; ; ; ;REGIÓN SIERRA; ; ; ;TOTAL NACIONAL;133,066621539625
18016701002710017;TUNGURAHUA;01;00271;0017; ; ;1; ;0;1; ;1;REGIÓN SIERRA; ; ; ;TOTAL NACIONAL;,436194620904323
18016701002710020;TUNGURAHUA;01;00271;0020; ; ; ; ;0; ; ; ;REGIÓN SIERRA; ; ; ;TOTAL NACIONAL;69,6243590484636
18016701002710025;TUNGURAHUA;01;00271;0025; ; ; ; ;0; ; ; ;REGIÓN SIERRA; ; ; ;TOTAL NACIONAL;48,8226407826482
18016701003390006;TUNGURAHUA;01;00339;0006; ; ; ; ;0; ; ; ;REGIÓN SIERRA; ; ; ;TOTAL NACIONAL;,514086517494381
18085501004430003;TUNGURAHUA;01;00443;0003; ; ; ; ;0; ; ; ;REGIÓN SIERRA; ; ; ;TOTAL NACIONAL;52,7949080949479
18085501004430006;TUNGURAHUA;01;00443;0006; ; ; ; ;1; ; ; ;REGIÓN SIERRA; ; ; ;TOTAL NACIONAL;19,4418173888784
18085501004430007;TUNGURAHUA;01;00443;0007; ; ; ; ;0; ; ; ;REGIÓN SIERRA; ; ; ;TOTAL NACIONAL;22,900217597477
18085501004430017;TUNGURAHUA;01;00443;0017; ; ; ; ;0; ; ; ;REGIÓN SIERRA; ; ; ;TOTAL NACIONAL;80,4779075568477
18016701007440003;TUNGURAHUA;01;00744;0003; ; ; ; ;0; ; ; ;REGIÓN SIERRA; ; ; ;TOTAL NACIONAL;1,16318565574486
18016701007520003;TUNGURAHUA;01;00752;0003; ; ; ; ;0; ; ; ;REGIÓN SIERRA; ; ; ;TOTAL NACIONAL;25,7576566590263
18016701007520015;TUNGURAHUA;01;00752;0015; ; ; ; ;0; ; ; ;REGIÓN SIERRA; ; ; ;TOTAL NACIONAL;17,6620686163756
18016701007520016;TUNGURAHUA;01;00752;0016; ; ; ; ;0; ; ; ;REGIÓN SIERRA; ; ; ;TOTAL NACIONAL;75,5615499369484
18016701007520019;TUNGURAHUA;01;00752;0019; ; ; ; ; ; ; ; ;REGIÓN SIERRA; ; ; ;TOTAL NACIONAL;60,9311013338409
18016701007520020;TUNGURAHUA;01;00752;0020; ; ; ; ;0; ; ; ;REGIÓN SIERRA; ; ; ;TOTAL NACIONAL;36,6345945746254
18016701007520022;TUNGURAHUA;01;00752;0022; ; ; ; ;0; ; ; ;REGIÓN SIERRA; ; ; ;TOTAL NACIONAL;36,0340274504512
18016701007520024;TUNGURAHUA;01;00752;0024; ; ; ; ; ; ; ; ;REGIÓN SIERRA; ; ; ;TOTAL NACIONAL;79,9922044559786
18016701007520025;TUNGURAHUA;01;00752;0025; ; ; ; ;1; ; ; ;REGIÓN SIERRA; ; ; ;TOTAL NACIONAL;61,7249544290137
18016701007520026;TUNGURAHUA;01;00752;0026; ; ; ; ;0; ; ; ;REGIÓN SIERRA; ; ; ;TOTAL NACIONAL;32,4751111590487
18016701007520031;TUNGURAHUA;01;00752;0031;15; ;15; ;0;30; ;30;REGIÓN SIERRA; ; ; ;TOTAL NACIONAL;67,3969772684366
18016701007520032;TUNGURAHUA;01;00752;0032; ; ; ; ;1; ; ; ;REGIÓN SIERRA; ; ; ;TOTAL NACIONAL;40,3195558180152
18016701007520034;TUNGURAHUA;01;00752;0034; ; ; ; ; ; ; ; ;REGIÓN SIERRA; ; ; ;TOTAL NACIONAL;59,2984205939665
18016701007520039;TUNGURAHUA;01;00752;0039; ; ; ; ;3; ; ; ;REGIÓN SIERRA; ; ; ;TOTAL NACIONAL;12,4720950390671
18016701007520041;TUNGURAHUA;01;00752;0041; ; ; ; ;1; ; ; ;REGIÓN SIERRA; ; ; ;TOTAL NACIONAL;22,8412414440019
18016701007520043;TUNGURAHUA;01;00752;0043; ; ; ; ;0; ; ; ;REGIÓN SIERRA; ; ; ;TOTAL NACIONAL;50,3612823735609
18085001008810002;TUNGURAHUA;01;00881;0002; ; ; ; ;0; ; ; ;REGIÓN SIERRA; ; ; ;TOTAL NACIONAL;20,1613211406359
18085001009330005;TUNGURAHUA;01;00933;0005; ; ; ; ;0; ; ; ;REGIÓN SIERRA; ; ; ;TOTAL NACIONAL;60,5741573551482
18015401012350007;TUNGURAHUA;01;01235;0007; ; ; ;1;0; ;1;1;REGIÓN SIERRA; ; ; ;TOTAL NACIONAL;65,6385665536826
18015401012350009;TUNGURAHUA;01;01235;0009; ; ; ; ;0; ; ; ;REGIÓN SIERRA; ; ; ;TOTAL NACIONAL;53,8117324402759
18015401014030001;TUNGURAHUA;01;01403;0001; ; ; ; ;1; ; ; ;REGIÓN SIERRA; ; ; ;TOTAL NACIONAL;57,2633231329768
18015401014030003;TUNGURAHUA;01;01403;0003; ; ; ; ; ; ; ; ;REGIÓN SIERRA; ; ; ;TOTAL NACIONAL;54,4130534750547
18015401014030012;TUNGURAHUA;01;01403;0012;6; ;6; ; ;12; ;12;REGIÓN SIERRA; ; ; ;TOTAL NACIONAL;1,84098550183799
18085701015790011;TUNGURAHUA;01;01579;0011; ; ; ; ; ; ; ; ;REGIÓN SIERRA; ; ; ;TOTAL NACIONAL;8,47308051106649
18085701017040001;TUNGURAHUA;01;01704;0001; ; ; ; ; ; ; ; ;REGIÓN SIERRA; ; ; ;TOTAL NACIONAL;12,3141096824528
18085701017040007;TUNGURAHUA;01;01704;0007; ; ; ; ; ; ; ; ;REGIÓN SIERRA; ; ; ;TOTAL NACIONAL;88,4384593883517
18085701017040038;TUNGURAHUA;01;01704;0038; ;2; ; ; ; ;2;2;REGIÓN SIERRA; ; ; ;TOTAL NACIONAL;40,9758583273759
18085701017040041;TUNGURAHUA;01;01704;0041; ;1; ; ; ; ;1;1;REGIÓN SIERRA; ; ; ;TOTAL NACIONAL;65,9324946213074
18085701017040049;TUNGURAHUA;01;01704;0049; ;10; ;10; ; ;20;20;REGIÓN SIERRA; ; ; ;TOTAL NACIONAL;117,460980057807
18085701017040057;TUNGURAHUA;01;01704;0057; ; ; ; ; ; ; ; ;REGIÓN SIERRA; ; ; ;TOTAL NACIONAL;99,5458438420939
18085701020200001;TUNGURAHUA;01;02020;0001; ; ; ; ; ; ; ; ;REGIÓN SIERRA; ; ; ;TOTAL NACIONAL;7,60440356390384
18085701020200008;TUNGURAHUA;01;02020;0008; ; ; ; ; ; ; ; ;REGIÓN SIERRA; ; ; ;TOTAL NACIONAL;77,2033616173702
18015401020550007;TUNGURAHUA;01;02055;0007; ; ; ; ;0; ; ; ;REGIÓN SIERRA; ; ; ;TOTAL NACIONAL;46,0321635873094
18015401020550009;TUNGURAHUA;01;02055;0009; ;2; ;3;0; ;5;5;REGIÓN SIERRA; ; ; ;TOTAL NACIONAL;79,5032852007646
18015401020550013;TUNGURAHUA;01;02055;0013; ;1; ; ;0; ;1;1;REGIÓN SIERRA; ; ; ;TOTAL NACIONAL;71,1849174693001
18015401020550022;TUNGURAHUA;01;02055;0022; ;1; ; ;0; ;1;1;REGIÓN SIERRA; ; ; ;TOTAL NACIONAL;93,5228529382677
18085201023020014;TUNGURAHUA;01;02302;0014; ; ; ; ; ; ; ; ;REGIÓN SIERRA; ; ; ;TOTAL NACIONAL;104,657499555816
18085201023020017;TUNGURAHUA;01;02302;0017; ; ; ; ; ; ; ; ;REGIÓN SIERRA; ; ; ;TOTAL NACIONAL;76,8953385013321
18016201026810007;TUNGURAHUA;01;02681;0007; ; ; ; ;2; ; ; ;REGIÓN SIERRA; ; ; ;TOTAL NACIONAL;8,05869562120737
18016201026810009;TUNGURAHUA;01;02681;0009; ;1; ; ;0; ;1;1;REGIÓN SIERRA; ; ; ;TOTAL NACIONAL;42,6722966278972
18016201026810014;TUNGURAHUA;01;02681;0014; ; ; ;1;0; ;1;1;REGIÓN SIERRA; ; ; ;TOTAL NACIONAL;14,8480648955832
18016201026810015;TUNGURAHUA;01;02681;0015; ;2; ; ;0; ;2;2;REGIÓN SIERRA; ; ; ;TOTAL NACIONAL;21,9187797004423
18016201026810025;TUNGURAHUA;01;02681;0025; ;1; ; ;0; ;1;1;REGIÓN SIERRA; ; ; ;TOTAL NACIONAL;22,8534824595229
18075401028070002;TUNGURAHUA;01;02807;0002; ; ; ; ; ; ; ; ;REGIÓN SIERRA; ; ; ;TOTAL NACIONAL;49,0968678262156
18075401028070006;TUNGURAHUA;01;02807;0006; ; ; ; ;0; ; ; ;REGIÓN SIERRA; ; ; ;TOTAL NACIONAL;61,8527252101134
18075401028070011;TUNGURAHUA;01;02807;0011; ; ; ; ;0; ; ; ;REGIÓN SIERRA; ; ; ;TOTAL NACIONAL;9,88325180522691
18075401028070023;TUNGURAHUA;01;02807;0023; ; ; ; ;1; ; ; ;REGIÓN SIERRA; ; ; ;TOTAL NACIONAL;86,5678555333195
18016501030290010;TUNGURAHUA;01;03029;0010; ; ; ; ;1; ; ; ;REGIÓN SIERRA; ; ; ;TOTAL NACIONAL;53,3499574798365
18016501030290011;TUNGURAHUA;01;03029;0011; ;2; ; ;0; ;2;2;REGIÓN SIERRA; ; ; ;TOTAL NACIONAL;37,4418557718748
18016501030290018;TUNGURAHUA;01;03029;0018; ;2; ;1;0; ;3;3;REGIÓN SIERRA; ; ; ;TOTAL NACIONAL;42,4169796219934
18016501030290021;TUNGURAHUA;01;03029;0021; ;1; ; ;0; ;1;1;REGIÓN SIERRA; ; ; ;TOTAL NACIONAL;64,001647103598
18016501030290023;TUNGURAHUA;01;03029;0023; ;1; ; ;0; ;1;1;REGIÓN SIERRA; ; ; ;TOTAL NACIONAL;50,7076246801276
18016501031590010;TUNGURAHUA;01;03159;0010; ; ; ; ; ; ; ; ;REGIÓN SIERRA; ; ; ;TOTAL NACIONAL;98,6815638936288
18016501031610002;TUNGURAHUA;01;03161;0002;20; ; ; ;0;20; ;20;REGIÓN SIERRA; ; ; ;TOTAL NACIONAL;8,87656053540298
18055301031970004;TUNGURAHUA;01;03197;0004; ; ; ; ;0; ; ; ;REGIÓN SIERRA; ; ; ;TOTAL NACIONAL;46,9804974282933
18016501032440004;TUNGURAHUA;01;03244;0004; ; ; ; ; ; ; ; ;REGIÓN SIERRA; ; ; ;TOTAL NACIONAL;16,8371123669069
18015901032730003;TUNGURAHUA;01;03273;0003; ; ; ; ;0; ; ; ;REGIÓN SIERRA; ; ; ;TOTAL NACIONAL;61,5513165668772
18015901032730016;TUNGURAHUA;01;03273;0016; ; ; ; ; ; ; ; ;REGIÓN SIERRA; ; ; ;TOTAL NACIONAL;37,0590949920313
18015901032730017;TUNGURAHUA;01;03273;0017; ; ; ; ; ; ; ; ;REGIÓN SIERRA; ; ; ;TOTAL NACIONAL;31,5314186586213
18015901032730019;TUNGURAHUA;01;03273;0019; ; ; ; ; ; ; ; ;REGIÓN SIERRA; ; ; ;TOTAL NACIONAL;40,8594030236757
18015901032730020;TUNGURAHUA;01;03273;0020; ; ; ; ; ; ; ; ;REGIÓN SIERRA; ; ; ;TOTAL NACIONAL;68,5878438387488
18015901032730023;TUNGURAHUA;01;03273;0023; ; ; ; ; ; ; ; ;REGIÓN SIERRA; ; ; ;TOTAL NACIONAL;60,8702558074872
18015901032730024;TUNGURAHUA;01;03273;0024; ; ; ; ; ; ; ; ;REGIÓN SIERRA; ; ; ;TOTAL NACIONAL;74,7831444505968
18015901032730026;TUNGURAHUA;01;03273;0026; ; ; ; ; ; ; ; ;REGIÓN SIERRA; ; ; ;TOTAL NACIONAL;33,288771119831
18015901032730033;TUNGURAHUA;01;03273;0033; ; ; ; ; ; ; ; ;REGIÓN SIERRA; ; ; ;TOTAL NACIONAL;6,66188148290239
18016101033750002;TUNGURAHUA;01;03375;0002; ; ; ; ;0; ; ; ;REGIÓN SIERRA; ; ; ;TOTAL NACIONAL;8,26370709303241
18016101033750006;TUNGURAHUA;01;03375;0006; ; ; ; ; ; ; ; ;REGIÓN SIERRA; ; ; ;TOTAL NACIONAL;68,9274739953012
18016101033750011;TUNGURAHUA;01;03375;0011; ; ; ;1; ; ;1;1;REGIÓN SIERRA; ; ; ;TOTAL NACIONAL;67,9472257199598
18016101033750014;TUNGURAHUA;01;03375;0014; ; ; ;1; ; ;1;1;REGIÓN SIERRA; ; ; ;TOTAL NACIONAL;23,0830942242536
18016101033750017;TUNGURAHUA;01;03375;0017; ; ; ; ; ; ; ; ;REGIÓN SIERRA; ; ; ;TOTAL NACIONAL;2,16243483313318
18016001036090003;TUNGURAHUA;01;03609;0003; ; ; ; ; ; ; ; ;REGIÓN SIERRA; ; ; ;TOTAL NACIONAL;36,5858238283501
18016001036090010;TUNGURAHUA;01;03609;0010; ; ; ; ;0; ; ; ;REGIÓN SIERRA; ; ; ;TOTAL NACIONAL;49,0334070910683
18016001036090015;TUNGURAHUA;01;03609;0015; ; ; ; ;0; ; ; ;REGIÓN SIERRA; ; ; ;TOTAL NACIONAL;39,1519849247187
18016001036090020;TUNGURAHUA;01;03609;0020; ; ; ; ;0; ; ; ;REGIÓN SIERRA; ; ; ;TOTAL NACIONAL;15,8036666496874
18016001036090029;TUNGURAHUA;01;03609;0029; ;2; ; ; ; ;2;2;REGIÓN SIERRA; ; ; ;TOTAL NACIONAL;32,6008066667188
18016001036090032;TUNGURAHUA;01;03609;0032; ; ; ; ;0; ; ; ;REGIÓN SIERRA; ; ; ;TOTAL NACIONAL;67,8702053410939
18016001036090040;TUNGURAHUA;01;03609;0040; ; ; ; ; ; ; ; ;REGIÓN SIERRA; ; ; ;TOTAL NACIONAL;14,3375275392899
18016001036090043;TUNGURAHUA;01;03609;0043; ;1; ; ;0; ;1;1;REGIÓN SIERRA; ; ; ;TOTAL NACIONAL;47,3858348747793
18016001036090044;TUNGURAHUA;01;03609;0044; ;1; ;1; ; ;2;2;REGIÓN SIERRA; ; ; ;TOTAL NACIONAL;63,7042416802541
18016001036090045;TUNGURAHUA;01;03609;0045; ;1; ;1; ; ;2;2;REGIÓN SIERRA; ; ; ;TOTAL NACIONAL;28,7385148311195
18016001036090046;TUNGURAHUA;01;03609;0046; ;2; ;1; ; ;3;3;REGIÓN SIERRA; ; ; ;TOTAL NACIONAL;76,8138727412513
18016101036780002;TUNGURAHUA;01;03678;0002; ; ; ; ; ; ; ; ;REGIÓN SIERRA; ; ; ;TOTAL NACIONAL;28,3369599047917
18016101036780009;TUNGURAHUA;01;03678;0009; ; ; ; ; ; ; ; ;REGIÓN SIERRA; ; ; ;TOTAL NACIONAL;56,353530861994
18055001038040003;TUNGURAHUA;01;03804;0003; ; ; ; ;0; ; ; ;REGIÓN SIERRA; ; ; ;TOTAL NACIONAL;29,10536165406
18055001038040005;TUNGURAHUA;01;03804;0005; ; ; ; ; ; ; ; ;REGIÓN SIERRA; ; ; ;TOTAL NACIONAL;69,3416820495032
18016101038830001;TUNGURAHUA;01;03883;0001; ; ; ; ; ; ; ; ;REGIÓN SIERRA; ; ; ;TOTAL NACIONAL;4,61516088304278
18016101038830002;TUNGURAHUA;01;03883;0002; ; ; ; ; ; ; ; ;REGIÓN SIERRA; ; ; ;TOTAL NACIONAL;22,7407683032809
18016101038830005;TUNGURAHUA;01;03883;0005; ; ; ; ; ; ; ; ;REGIÓN SIERRA; ; ; ;TOTAL NACIONAL;60,6365047384623
18016101038830007;TUNGURAHUA;01;03883;0007; ; ; ; ; ; ; ; ;REGIÓN SIERRA; ; ; ;TOTAL NACIONAL;48,4983797020288
18016101041390001;TUNGURAHUA;01;04139;0001; ;2; ; ; ; ;2;2;REGIÓN SIERRA; ; ; ;TOTAL NACIONAL;9,47456185811108
18016101041390003;TUNGURAHUA;01;04139;0003; ; ; ; ; ; ; ; ;REGIÓN SIERRA; ; ; ;TOTAL NACIONAL;31,8573164770409
18016101041390005;TUNGURAHUA;01;04139;0005; ; ; ; ; ; ; ; ;REGIÓN SIERRA; ; ; ;TOTAL NACIONAL;42,7906923107142
18016101041390008;TUNGURAHUA;01;04139;0008; ; ; ; ; ; ; ; ;REGIÓN SIERRA; ; ; ;TOTAL NACIONAL;19,8669710224991
18016101041390017;TUNGURAHUA;01;04139;0017; ; ; ; ; ; ; ; ;REGIÓN SIERRA; ; ; ;TOTAL NACIONAL;74,4257071918002
18016101041390018;TUNGURAHUA;01;04139;0018; ; ; ; ; ; ; ; ;REGIÓN SIERRA; ; ; ;TOTAL NACIONAL;21,51893463128
18016101041390022;TUNGURAHUA;01;04139;0022; ; ; ; ; ; ; ; ;REGIÓN SIERRA; ; ; ;TOTAL NACIONAL;16,2278030058312
18016101041390023;TUNGURAHUA;01;04139;0023;5; ;4; ; ;9; ;9;REGIÓN SIERRA; ; ; ;TOTAL NACIONAL;12,6224748873465
18016101041390024;TUNGURAHUA;01;04139;0024;4; ;3; ; ;7; ;7;REGIÓN SIERRA; ; ; ;TOTAL NACIONAL;55,3631634224719
18016101041390025;TUNGURAHUA;01;04139;0025; ;1; ; ; ; ;1;1;REGIÓN SIERRA; ; ; ;TOTAL NACIONAL;26,235572950681
18016101041390029;TUNGURAHUA;01;04139;0029; ; ; ;3; ; ;3;3;REGIÓN SIERRA; ; ; ;TOTAL NACIONAL;24,0283071342985
18016101041390036;TUNGURAHUA;01;04139;0036; ;3; ; ; ; ;3;3;REGIÓN SIERRA; ; ; ;TOTAL NACIONAL;2,83107085683095
18016101041390039;TUNGURAHUA;01;04139;0039; ; ;1; ; ;1; ;1;REGIÓN SIERRA; ; ; ;TOTAL NACIONAL;15,6977298047221
18016101041390042;TUNGURAHUA;01;04139;0042; ; ; ; ; ; ; ; ;REGIÓN SIERRA; ; ; ;TOTAL NACIONAL;7,53604099508809
18016001042550002;TUNGURAHUA;01;04255;0002; ; ; ; ; ; ; ; ;REGIÓN SIERRA; ; ; ;TOTAL NACIONAL;39,0612283019822
18016501042710002;TUNGURAHUA;01;04271;0002; ; ; ; ; ; ; ; ;REGIÓN SIERRA; ; ; ;TOTAL NACIONAL;6,28847245137066
18016501042710017;TUNGURAHUA;01;04271;0017; ; ; ; ; ; ; ; ;REGIÓN SIERRA; ; ; ;TOTAL NACIONAL;61,2931334267164
18016501042710021;TUNGURAHUA;01;04271;0021; ; ; ; ; ; ; ; ;REGIÓN SIERRA; ; ; ;TOTAL NACIONAL;69,7998632371098
18016501042710023;TUNGURAHUA;01;04271;0023; ; ; ; ; ; ; ; ;REGIÓN SIERRA; ; ; ;TOTAL NACIONAL;27,6765486963793
18016501042710030;TUNGURAHUA;01;04271;0030; ; ; ; ; ; ; ; ;REGIÓN SIERRA; ; ; ;TOTAL NACIONAL;66,3351358098344
18016501043500004;TUNGURAHUA;01;04350;0004; ; ; ; ; ; ; ; ;REGIÓN SIERRA; ; ; ;TOTAL NACIONAL;70,6021887179357
18016501043500014;TUNGURAHUA;01;04350;0014; ; ; ; ;0; ; ; ;REGIÓN SIERRA; ; ; ;TOTAL NACIONAL;70,6040475018316
18016501043500023;TUNGURAHUA;01;04350;0023; ;2; ; ; ; ;2;2;REGIÓN SIERRA; ; ; ;TOTAL NACIONAL;,773254100694028
18016501043500030;TUNGURAHUA;01;04350;0030; ; ; ; ; ; ; ; ;REGIÓN SIERRA; ; ; ;TOTAL NACIONAL;69,3124582347383
18016101044660006;TUNGURAHUA;01;04466;0006; ;1; ; ; ; ;1;1;REGIÓN SIERRA; ; ; ;TOTAL NACIONAL;5,78989414031448
18016101044660011;TUNGURAHUA;01;04466;0011; ;1; ; ; ; ;1;1;REGIÓN SIERRA; ; ; ;TOTAL NACIONAL;66,2434230946699
18016101044660013;TUNGURAHUA;01;04466;0013; ; ; ; ; ; ; ; ;REGIÓN SIERRA; ; ; ;TOTAL NACIONAL;7,64659533600419
18016101046530002;TUNGURAHUA;01;04653;0002; ; ; ; ; ; ; ; ;REGIÓN SIERRA; ; ; ;TOTAL NACIONAL;1,52668117316513
18016101046530005;TUNGURAHUA;01;04653;0005; ; ; ; ; ; ; ; ;REGIÓN SIERRA; ; ; ;TOTAL NACIONAL;25,124810164089
18016101046530006;TUNGURAHUA;01;04653;0006; ; ; ; ; ; ; ; ;REGIÓN SIERRA; ; ; ;TOTAL NACIONAL;1,60264765208667
18016101046530009;TUNGURAHUA;01;04653;0009; ; ; ; ; ; ; ; ;REGIÓN SIERRA; ; ; ;TOTAL NACIONAL;11,1229628330602
18016101046530011;TUNGURAHUA;01;04653;0011; ; ; ; ; ; ; ; ;REGIÓN SIERRA; ; ; ;TOTAL NACIONAL;44,491851332241
18016101046530014;TUNGURAHUA;01;04653;0014; ; ; ; ; ; ; ; ;REGIÓN SIERRA; ; ; ;TOTAL NACIONAL;10,1088103394577
18016101046530016;TUNGURAHUA;01;04653;0016; ; ; ; ; ; ; ; ;REGIÓN SIERRA; ; ; ;TOTAL NACIONAL;4,55200243672297
18016101046530020;TUNGURAHUA;01;04653;0020; ; ;1; ; ;1; ;1;REGIÓN SIERRA; ; ; ;TOTAL NACIONAL;8,07908297848877
18016101046530022;TUNGURAHUA;01;04653;0022; ; ; ;1; ; ;1;1;REGIÓN SIERRA; ; ; ;TOTAL NACIONAL;57,0477134949719
18016101046530023;TUNGURAHUA;01;04653;0023; ; ; ;2; ; ;2;2;REGIÓN SIERRA; ; ; ;TOTAL NACIONAL;34,0231804305372
18016101046530024;TUNGURAHUA;01;04653;0024; ; ; ;1; ; ;1;1;REGIÓN SIERRA; ; ; ;TOTAL NACIONAL;7,47353841981461
18016101046530025;TUNGURAHUA;01;04653;0025; ; ; ; ; ; ; ; ;REGIÓN SIERRA; ; ; ;TOTAL NACIONAL;1,09910699931425
18016101046530026;TUNGURAHUA;01;04653;0026; ; ; ; ; ; ; ; ;REGIÓN SIERRA; ; ; ;TOTAL NACIONAL;2,35859874911668
18015501047250002;TUNGURAHUA;01;04725;0002; ;1; ; ;0; ;1;1;REGIÓN SIERRA; ; ; ;TOTAL NACIONAL;65,1747462734543
18015501047250005;TUNGURAHUA;01;04725;0005; ;1; ;1;0; ;2;2;REGIÓN SIERRA; ; ; ;TOTAL NACIONAL;21,7318391486261
18015501047250017;TUNGURAHUA;01;04725;0017; ; ; ; ;0; ; ; ;REGIÓN SIERRA; ; ; ;TOTAL NACIONAL;5,85123927184514
18015501047250021;TUNGURAHUA;01;04725;0021; ; ; ; ;0; ; ; ;REGIÓN SIERRA; ; ; ;TOTAL NACIONAL;2,08666075405582
18075801047840001;TUNGURAHUA;01;04784;0001; ; ; ; ; ; ; ; ;REGIÓN SIERRA; ; ; ;TOTAL NACIONAL;4,10749934684905
18075801047840012;TUNGURAHUA;01;04784;0012; ; ; ; ;0; ; ; ;REGIÓN SIERRA; ; ; ;TOTAL NACIONAL;14,8639144100527
18075801047840013;TUNGURAHUA;01;04784;0013; ; ; ; ;0; ; ; ;REGIÓN SIERRA; ; ; ;TOTAL NACIONAL;1,70115902152686
18075801047840020;TUNGURAHUA;01;04784;0020; ; ; ; ;0; ; ; ;REGIÓN SIERRA; ; ; ;TOTAL NACIONAL;10,2256481843428
18075801047840052;TUNGURAHUA;01;04784;0052; ; ; ; ;0; ; ; ;REGIÓN SIERRA; ; ; ;TOTAL NACIONAL;18,945600188837
18075801047840057;TUNGURAHUA;01;04784;0057; ; ; ; ;0; ; ; ;REGIÓN SIERRA; ; ; ;TOTAL NACIONAL;14,1891544329465
18075801047840058;TUNGURAHUA;01;04784;0058; ; ; ; ;0; ; ; ;REGIÓN SIERRA; ; ; ;TOTAL NACIONAL;47,5670234096165
18075801047840059;TUNGURAHUA;01;04784;0059; ; ; ; ;0; ; ; ;REGIÓN SIERRA; ; ; ;TOTAL NACIONAL;8,65501958320684
18015501047960001;TUNGURAHUA;01;04796;0001; ; ; ;5;2; ;5;5;REGIÓN SIERRA; ; ; ;TOTAL NACIONAL;34,2214507127665
18015501047960003;TUNGURAHUA;01;04796;0003; ; ; ; ;0; ; ; ;REGIÓN SIERRA; ; ; ;TOTAL NACIONAL;16,2383361145746
18015501047960004;TUNGURAHUA;01;04796;0004; ;15; ;20;3; ;35;35;REGIÓN SIERRA; ; ; ;TOTAL NACIONAL;45,4009396407123
18015501047960006;TUNGURAHUA;01;04796;0006; ;2; ;2;0; ;4;4;REGIÓN SIERRA; ; ; ;TOTAL NACIONAL;73,149837925655
18015501047960008;TUNGURAHUA;01;04796;0008; ; ; ; ;0; ; ; ;REGIÓN SIERRA; ; ; ;TOTAL NACIONAL;48,4584961660897
18015501047960015;TUNGURAHUA;01;04796;0015; ; ; ; ;0; ; ; ;REGIÓN SIERRA; ; ; ;TOTAL NACIONAL;12,4315466957732
18015501049130002;TUNGURAHUA;01;04913;0002; ;1; ; ;0; ;1;1;REGIÓN SIERRA; ; ; ;TOTAL NACIONAL;68,4156147233251
18015501049130011;TUNGURAHUA;01;04913;0011; ;1; ; ;0; ;1;1;REGIÓN SIERRA; ; ; ;TOTAL NACIONAL;49,6468786702012
18015501049130026;TUNGURAHUA;01;04913;0026; ;2; ; ;0; ;2;2;REGIÓN SIERRA; ; ; ;TOTAL NACIONAL;67,943051608755
18016601049200007;TUNGURAHUA;01;04920;0007;4; ; ; ; ;4; ;4;REGIÓN SIERRA; ; ; ;TOTAL NACIONAL;18,3999657769275
18075801049780003;TUNGURAHUA;01;04978;0003; ; ; ; ;0; ; ; ;REGIÓN SIERRA; ; ; ;TOTAL NACIONAL;61,3684289267535
18075801049780012;TUNGURAHUA;01;04978;0012; ; ; ; ;0; ; ; ;REGIÓN SIERRA; ; ; ;TOTAL NACIONAL;54,2815400410276
18075801049780022;TUNGURAHUA;01;04978;0022; ; ; ; ;0; ; ; ;REGIÓN SIERRA; ; ; ;TOTAL NACIONAL;29,712551235718
18075801049780024;TUNGURAHUA;01;04978;0024; ; ; ; ;0; ; ; ;REGIÓN SIERRA; ; ; ;TOTAL NACIONAL;46,3238687400391
18075801049780027;TUNGURAHUA;01;04978;0027; ; ; ; ;0; ; ; ;REGIÓN SIERRA; ; ; ;TOTAL NACIONAL;21,630121495432
18075801049780029;TUNGURAHUA;01;04978;0029; ; ; ; ;0; ; ; ;REGIÓN SIERRA; ; ; ;TOTAL NACIONAL;12,012390927248
18075801049780030;TUNGURAHUA;01;04978;0030; ; ; ; ;0; ; ; ;REGIÓN SIERRA; ; ; ;TOTAL NACIONAL;19,1819244265974
18075801049780032;TUNGURAHUA;01;04978;0032; ; ; ; ;0; ; ; ;REGIÓN SIERRA; ; ; ;TOTAL NACIONAL;5,78531812988892
18075801049780033;TUNGURAHUA;01;04978;0033; ; ; ; ;0; ; ; ;REGIÓN SIERRA; ; ; ;TOTAL NACIONAL;42,2563539001063
18075801049780034;TUNGURAHUA;01;04978;0034; ; ; ; ;0; ; ; ;REGIÓN SIERRA; ; ; ;TOTAL NACIONAL;100,630099042627
18075801049780036;TUNGURAHUA;01;04978;0036; ; ; ; ;0; ; ; ;REGIÓN SIERRA; ; ; ;TOTAL NACIONAL;82,3794434823524
18075101052510001;TUNGURAHUA;01;05251;0001; ; ; ; ;0; ; ; ;REGIÓN SIERRA; ; ; ;TOTAL NACIONAL;12,3224980405471
18075101052510002;TUNGURAHUA;01;05251;0002; ; ; ; ;0; ; ; ;REGIÓN SIERRA; ; ; ;TOTAL NACIONAL;41,3267806073864
18075101052510006;TUNGURAHUA;01;05251;0006; ; ; ; ;0; ; ; ;REGIÓN SIERRA; ; ; ;TOTAL NACIONAL;51,1438193010319
18075101052510011;TUNGURAHUA;01;05251;0011; ; ; ; ;1; ; ; ;REGIÓN SIERRA; ; ; ;TOTAL NACIONAL;53,0677491468063
18075101052510021;TUNGURAHUA;01;05251;0021; ; ; ; ;0; ; ; ;REGIÓN SIERRA; ; ; ;TOTAL NACIONAL;61,9614458994591
18075101052510022;TUNGURAHUA;01;05251;0022; ; ; ; ;0; ; ; ;REGIÓN SIERRA; ; ; ;TOTAL NACIONAL;70,4386157350966
18075101052510024;TUNGURAHUA;01;05251;0024; ; ; ; ;0; ; ; ;REGIÓN SIERRA; ; ; ;TOTAL NACIONAL;60,2917898227753
18075101052510031;TUNGURAHUA;01;05251;0031; ; ; ; ; ; ; ; ;REGIÓN SIERRA; ; ; ;TOTAL NACIONAL;44,4046124080601
18025401053010006;TUNGURAHUA;01;05301;0006; ; ; ; ;0; ; ; ;REGIÓN SIERRA; ; ; ;TOTAL NACIONAL;4,99315484841755
18025401053010008;TUNGURAHUA;01;05301;0008; ; ; ; ;0; ; ; ;REGIÓN SIERRA; ; ; ;TOTAL NACIONAL;7,48470315415373
18075001053210018;TUNGURAHUA;01;05321;0018; ; ; ; ; ; ; ; ;REGIÓN SIERRA; ; ; ;TOTAL NACIONAL;62,7029767549965
18075001054670010;TUNGURAHUA;01;05467;0010; ; ; ; ; ; ; ; ;REGIÓN SIERRA; ; ; ;TOTAL NACIONAL;81,9522453755043
18075001054670020;TUNGURAHUA;01;05467;0020; ; ; ; ; ; ; ; ;REGIÓN SIERRA; ; ; ;TOTAL NACIONAL;47,5733552670167
18075001054670025;TUNGURAHUA;01;05467;0025; ; ; ; ; ; ; ; ;REGIÓN SIERRA; ; ; ;TOTAL NACIONAL;1,92281710439457
18075001054700003;TUNGURAHUA;01;05470;0003; ; ; ; ; ; ; ; ;REGIÓN SIERRA; ; ; ;TOTAL NACIONAL;19,3483471129703
18075001054700004;TUNGURAHUA;01;05470;0004; ; ; ; ; ; ; ; ;REGIÓN SIERRA; ; ; ;TOTAL NACIONAL;52,0162085428406
18075001054700011;TUNGURAHUA;01;05470;0011; ; ; ; ; ; ; ; ;REGIÓN SIERRA; ; ; ;TOTAL NACIONAL;19,1576677501179
18075001054700014;TUNGURAHUA;01;05470;0014; ; ; ; ; ; ; ; ;REGIÓN SIERRA; ; ; ;TOTAL NACIONAL;24,8036123068777
18075001054700021;TUNGURAHUA;01;05470;0021; ; ; ; ; ; ; ; ;REGIÓN SIERRA; ; ; ;TOTAL NACIONAL;30,9069764862801
18016501056150001;TUNGURAHUA;01;05615;0001; ; ; ; ; ; ; ; ;REGIÓN SIERRA; ; ; ;TOTAL NACIONAL;3,34415876026648
18016501056150002;TUNGURAHUA;01;05615;0002; ; ; ; ; ; ; ; ;REGIÓN SIERRA; ; ; ;TOTAL NACIONAL;6,96353555515116
18016501056150004;TUNGURAHUA;01;05615;0004; ; ; ; ; ; ; ; ;REGIÓN SIERRA; ; ; ;TOTAL NACIONAL;22,2459256661205
18016501056150006;TUNGURAHUA;01;05615;0006; ; ; ; ; ; ; ; ;REGIÓN SIERRA; ; ; ;TOTAL NACIONAL;26,4988232199376
18016501056150009;TUNGURAHUA;01;05615;0009; ; ; ; ; ; ; ; ;REGIÓN SIERRA; ; ; ;TOTAL NACIONAL;46,7949589306158
18016501056150011;TUNGURAHUA;01;05615;0011; ; ; ; ; ; ; ; ;REGIÓN SIERRA; ; ; ;TOTAL NACIONAL;53,4338410607796
18016501056150015;TUNGURAHUA;01;05615;0015; ; ; ; ;0; ; ; ;REGIÓN SIERRA; ; ; ;TOTAL NACIONAL;37,4772331844424
18016501056150017;TUNGURAHUA;01;05615;0017; ; ; ; ; ; ; ; ;REGIÓN SIERRA; ; ; ;TOTAL NACIONAL;22,991091476832
18016501056150022;TUNGURAHUA;01;05615;0022; ; ; ; ; ; ; ; ;REGIÓN SIERRA; ; ; ;TOTAL NACIONAL;9,19857479965882
18016501056150023;TUNGURAHUA;01;05615;0023; ; ; ; ; ; ; ; ;REGIÓN SIERRA; ; ; ;TOTAL NACIONAL;23,7726068392856
18016501056150024;TUNGURAHUA;01;05615;0024; ; ; ; ; ; ; ; ;REGIÓN SIERRA; ; ; ;TOTAL NACIONAL;29,1814201384992
18016501056150031;TUNGURAHUA;01;05615;0031; ; ; ; ; ; ; ; ;REGIÓN SIERRA; ; ; ;TOTAL NACIONAL;54,9605222339447
18016501056150034;TUNGURAHUA;01;05615;0034; ; ; ; ; ; ; ; ;REGIÓN SIERRA; ; ; ;TOTAL NACIONAL;41,3250783844756
18016501056150036;TUNGURAHUA;01;05615;0036; ; ; ; ; ; ; ; ;REGIÓN SIERRA; ; ; ;TOTAL NACIONAL;51,2771009907527
18016501056150037;TUNGURAHUA;01;05615;0037; ; ; ; ; ; ; ; ;REGIÓN SIERRA; ; ; ;TOTAL NACIONAL;36,8366357353701
18016501056150038;TUNGURAHUA;01;05615;0038; ; ; ; ; ; ; ; ;REGIÓN SIERRA; ; ; ;TOTAL NACIONAL;63,8588925003929
18016501056150039;TUNGURAHUA;01;05615;0039; ; ; ; ; ; ; ; ;REGIÓN SIERRA; ; ; ;TOTAL NACIONAL;60,0024188814565
18016501056150040;TUNGURAHUA;01;05615;0040; ; ; ; ; ; ; ; ;REGIÓN SIERRA; ; ; ;TOTAL NACIONAL;17,3659983447534
18016501056150042;TUNGURAHUA;01;05615;0042; ; ; ; ; ; ; ; ;REGIÓN SIERRA; ; ; ;TOTAL NACIONAL;28,5707476692332
18016501056150046;TUNGURAHUA;01;05615;0046; ; ; ; ; ; ; ; ;REGIÓN SIERRA; ; ; ;TOTAL NACIONAL;13,8382743481897
18016501056150048;TUNGURAHUA;01;05615;0048; ; ; ; ;0; ; ; ;REGIÓN SIERRA; ; ; ;TOTAL NACIONAL;42,8682380210971
18016501056150058;TUNGURAHUA;01;05615;0058; ; ; ; ; ; ; ; ;REGIÓN SIERRA; ; ; ;TOTAL NACIONAL;69,5792733859668
18016501056150060;TUNGURAHUA;01;05615;0060; ; ; ; ; ; ; ; ;REGIÓN SIERRA; ; ; ;TOTAL NACIONAL;52,1688766601571
18016501056150062;TUNGURAHUA;01;05615;0062; ; ; ; ; ; ; ; ;REGIÓN SIERRA; ; ; ;TOTAL NACIONAL;43,3319701811999
18035001056370014;TUNGURAHUA;01;05637;0014; ; ; ; ;0; ; ; ;REGIÓN SIERRA; ; ; ;TOTAL NACIONAL;42,0560714689733
18035001056450003;TUNGURAHUA;01;05645;0003; ; ; ; ; ; ; ; ;REGIÓN SIERRA; ; ; ;TOTAL NACIONAL;100,106665497542
18035001056450004;TUNGURAHUA;01;05645;0004; ; ; ; ; ; ; ; ;REGIÓN SIERRA; ; ; ;TOTAL NACIONAL;65,0085768940622
18035001056450014;TUNGURAHUA;01;05645;0014; ;1; ;1; ; ;2;2;REGIÓN SIERRA; ; ; ;TOTAL NACIONAL;14,7295476254155
18016501057900001;TUNGURAHUA;01;05790;0001; ; ; ; ; ; ; ; ;REGIÓN SIERRA; ; ; ;TOTAL NACIONAL;18,859002727334
18016501057900002;TUNGURAHUA;01;05790;0002; ; ; ; ; ; ; ; ;REGIÓN SIERRA; ; ; ;TOTAL NACIONAL;34,3503263962155
18016501057900004;TUNGURAHUA;01;05790;0004; ; ; ; ; ; ; ; ;REGIÓN SIERRA; ; ; ;TOTAL NACIONAL;55,604748135588
18016501057900005;TUNGURAHUA;01;05790;0005; ; ; ; ; ; ; ; ;REGIÓN SIERRA; ; ; ;TOTAL NACIONAL;63,0301227206747
18016501057900006;TUNGURAHUA;01;05790;0006; ; ; ; ; ; ; ; ;REGIÓN SIERRA; ; ; ;TOTAL NACIONAL;53,1912634399706
18016501057900018;TUNGURAHUA;01;05790;0018; ; ; ; ; ; ; ; ;REGIÓN SIERRA; ; ; ;TOTAL NACIONAL;50,8571771215805
18075001059300001;TUNGURAHUA;01;05930;0001; ; ; ; ; ; ; ; ;REGIÓN SIERRA; ; ; ;TOTAL NACIONAL;26,2471724771082
18075001059300003;TUNGURAHUA;01;05930;0003; ; ; ; ; ; ; ; ;REGIÓN SIERRA; ; ; ;TOTAL NACIONAL;40,1063270355813
18075001059300005;TUNGURAHUA;01;05930;0005; ; ; ; ; ; ; ; ;REGIÓN SIERRA; ; ; ;TOTAL NACIONAL;60,8491496161531
18075001059300008;TUNGURAHUA;01;05930;0008; ; ; ; ; ; ; ; ;REGIÓN SIERRA; ; ; ;TOTAL NACIONAL;69,5381464645672
18075001059300009;TUNGURAHUA;01;05930;0009; ; ; ; ; ; ; ; ;REGIÓN SIERRA; ; ; ;TOTAL NACIONAL;4,45736378236605
18075001059300010;TUNGURAHUA;01;05930;0010; ; ; ; ; ; ; ; ;REGIÓN SIERRA; ; ; ;TOTAL NACIONAL;18,5382713884337
18075001059300011;TUNGURAHUA;01;05930;0011; ; ; ; ; ; ; ; ;REGIÓN SIERRA; ; ; ;TOTAL NACIONAL;49,6667056984241
18075001059300013;TUNGURAHUA;01;05930;0013; ; ; ; ; ; ; ; ;REGIÓN SIERRA; ; ; ;TOTAL NACIONAL;55,2187953647434
18075001059300015;TUNGURAHUA;01;05930;0015; ; ; ; ; ; ; ; ;REGIÓN SIERRA; ; ; ;TOTAL NACIONAL;63,5901023015654
18075001059300020;TUNGURAHUA;01;05930;0020; ; ; ; ; ; ; ; ;REGIÓN SIERRA; ; ; ;TOTAL NACIONAL;65,6974528275046
18095001061650005;TUNGURAHUA;01;06165;0005; ; ; ; ; ; ; ; ;REGIÓN SIERRA; ; ; ;TOTAL NACIONAL;43,8920837284975
18095001062190001;TUNGURAHUA;01;06219;0001; ; ; ; ; ; ; ; ;REGIÓN SIERRA; ; ; ;TOTAL NACIONAL;38,1583054367102
18095001062190007;TUNGURAHUA;01;06219;0007;10; ;20; ; ;30; ;30;REGIÓN SIERRA; ; ; ;TOTAL NACIONAL;66,1956493980947
18075001062540001;TUNGURAHUA;01;06254;0001; ; ; ; ; ; ; ; ;REGIÓN SIERRA; ; ; ;TOTAL NACIONAL;47,3543785319256
18075001062540009;TUNGURAHUA;01;06254;0009; ; ; ; ; ; ; ; ;REGIÓN SIERRA; ; ; ;TOTAL NACIONAL;69,1240181597792
18075001062540012;TUNGURAHUA;01;06254;0012; ; ; ; ; ; ; ; ;REGIÓN SIERRA; ; ; ;TOTAL NACIONAL;66,9911999295207
18075001062540014;TUNGURAHUA;01;06254;0014; ; ; ; ; ; ; ; ;REGIÓN SIERRA; ; ; ;TOTAL NACIONAL;7,77542271914335
18075001062540018;TUNGURAHUA;01;06254;0018; ; ; ; ; ; ; ; ;REGIÓN SIERRA; ; ; ;TOTAL NACIONAL;62,5783497204524
18075001062540021;TUNGURAHUA;01;06254;0021; ; ; ; ; ; ; ; ;REGIÓN SIERRA; ; ; ;TOTAL NACIONAL;92,0844774696062
18075701066300001;TUNGURAHUA;01;06630;0001; ; ; ; ;0; ; ; ;REGIÓN SIERRA; ; ; ;TOTAL NACIONAL;68,7006527924309
18075701066300054;TUNGURAHUA;01;06630;0054; ; ; ; ;0; ; ; ;REGIÓN SIERRA; ; ; ;TOTAL NACIONAL;45,0271810942599
18075701066300082;TUNGURAHUA;01;06630;0082; ; ; ; ;0; ; ; ;REGIÓN SIERRA; ; ; ;TOTAL NACIONAL;45,5200243672297
18045001067340020;TUNGURAHUA;01;06734;0020; ; ; ; ; ; ; ; ;REGIÓN SIERRA; ; ; ;TOTAL NACIONAL;,21567265997465
18095101067450017;TUNGURAHUA;01;06745;0017; ; ; ; ; ; ; ; ;REGIÓN SIERRA; ; ; ;TOTAL NACIONAL;4,08932457097803
18065001069310003;TUNGURAHUA;01;06931;0003; ; ; ; ; ; ; ; ;REGIÓN SIERRA; ; ; ;TOTAL NACIONAL;8,11096376974677
18065001069310004;TUNGURAHUA;01;06931;0004; ; ; ; ; ; ; ; ;REGIÓN SIERRA; ; ; ;TOTAL NACIONAL;63,6768940551191
18065001069310005;TUNGURAHUA;01;06931;0005; ; ; ; ; ; ; ; ;REGIÓN SIERRA; ; ; ;TOTAL NACIONAL;51,2635068494508
18065001069310006;TUNGURAHUA;01;06931;0006; ; ; ; ; ; ; ; ;REGIÓN SIERRA; ; ; ;TOTAL NACIONAL;28,548937938188
18065001069310007;TUNGURAHUA;01;06931;0007; ; ; ; ; ; ; ; ;REGIÓN SIERRA; ; ; ;TOTAL NACIONAL;19,2117739637161
18065001069310008;TUNGURAHUA;01;06931;0008; ; ; ; ; ; ; ; ;REGIÓN SIERRA; ; ; ;TOTAL NACIONAL;5,87832357226574
18065001069310009;TUNGURAHUA;01;06931;0009; ; ; ; ; ; ; ; ;REGIÓN SIERRA; ; ; ;TOTAL NACIONAL;11,0509306938283
18065001069310011;TUNGURAHUA;01;06931;0011; ; ; ; ; ; ; ; ;REGIÓN SIERRA; ; ; ;TOTAL NACIONAL;30,162858035534
18065001069310013;TUNGURAHUA;01;06931;0013; ; ; ; ; ; ; ; ;REGIÓN SIERRA; ; ; ;TOTAL NACIONAL;7,43348333124451
18065001069310014;TUNGURAHUA;01;06931;0014; ; ; ; ; ; ; ; ;REGIÓN SIERRA; ; ; ;TOTAL NACIONAL;5,95678279172467
18065001069310015;TUNGURAHUA;01;06931;0015; ; ; ; ; ; ; ; ;REGIÓN SIERRA; ; ; ;TOTAL NACIONAL;58,1309124053957
18065001069310016;TUNGURAHUA;01;06931;0016; ; ; ; ;0; ; ; ;REGIÓN SIERRA; ; ; ;TOTAL NACIONAL;8,85475080435776
18065001069310018;TUNGURAHUA;01;06931;0018; ; ; ; ; ; ; ; ;REGIÓN SIERRA; ; ; ;TOTAL NACIONAL;7,87331290732304
18065001069310020;TUNGURAHUA;01;06931;0020;4; ;4; ; ;8; ;8;REGIÓN SIERRA; ; ; ;TOTAL NACIONAL;6,0678854455937
18065001069310021;TUNGURAHUA;01;06931;0021; ; ; ; ; ; ; ; ;REGIÓN SIERRA; ; ; ;TOTAL NACIONAL;7,65972795501816
18065001069310023;TUNGURAHUA;01;06931;0023; ; ; ; ; ; ; ; ;REGIÓN SIERRA; ; ; ;TOTAL NACIONAL;22,298269020629
18065001069310024;TUNGURAHUA;01;06931;0024; ; ; ; ; ; ; ; ;REGIÓN SIERRA; ; ; ;TOTAL NACIONAL;4,37067010146132
18065001069310027;TUNGURAHUA;01;06931;0027; ; ; ; ; ; ; ; ;REGIÓN SIERRA; ; ; ;TOTAL NACIONAL;,932714029806053
18065001069310028;TUNGURAHUA;01;06931;0028; ; ; ; ; ; ; ; ;REGIÓN SIERRA; ; ; ;TOTAL NACIONAL;2,07385110398151
18065001069310030;TUNGURAHUA;01;06931;0030; ; ; ; ; ; ; ; ;REGIÓN SIERRA; ; ; ;TOTAL NACIONAL;27,4068825826146
18065001069310033;TUNGURAHUA;01;06931;0033; ; ; ; ; ; ; ; ;REGIÓN SIERRA; ; ; ;TOTAL NACIONAL;26,8005597902234
18065001069310037;TUNGURAHUA;01;06931;0037; ;1; ; ; ; ;1;1;REGIÓN SIERRA; ; ; ;TOTAL NACIONAL;6,1844811250826
18065001069310038;TUNGURAHUA;01;06931;0038; ; ; ; ; ; ; ; ;REGIÓN SIERRA; ; ; ;TOTAL NACIONAL;9,14961836808909
18075701069370002;TUNGURAHUA;01;06937;0002; ; ; ; ;0; ; ; ;REGIÓN SIERRA; ; ; ;TOTAL NACIONAL;53,6519383712318
18075701069370006;TUNGURAHUA;01;06937;0006; ; ; ; ;0; ; ; ;REGIÓN SIERRA; ; ; ;TOTAL NACIONAL;93,5902715325459
18045001072350001;TUNGURAHUA;01;07235;0001; ; ; ; ; ; ; ; ;REGIÓN SIERRA; ; ; ;TOTAL NACIONAL;19,1314960728636
18045001072540018;TUNGURAHUA;01;07254;0018; ; ; ; ; ; ; ; ;REGIÓN SIERRA; ; ; ;TOTAL NACIONAL;66,3561067050702
18065001074280001;TUNGURAHUA;01;07428;0001; ; ; ; ; ; ; ; ;REGIÓN SIERRA; ; ; ;TOTAL NACIONAL;5,68299277521061
18065001074280002;TUNGURAHUA;01;07428;0002; ; ; ; ; ; ; ; ;REGIÓN SIERRA; ; ; ;TOTAL NACIONAL;27,5269962549264
18065001074280008;TUNGURAHUA;01;07428;0008; ; ; ; ; ; ; ; ;REGIÓN SIERRA; ; ; ;TOTAL NACIONAL;93,9999408048817
18065001074280021;TUNGURAHUA;01;07428;0021; ; ; ; ; ; ; ; ;REGIÓN SIERRA; ; ; ;TOTAL NACIONAL;73,7605103949211
18065001074280024;TUNGURAHUA;01;07428;0024; ; ; ; ; ; ; ; ;REGIÓN SIERRA; ; ; ;TOTAL NACIONAL;22,6457707352828
18045001074700007;TUNGURAHUA;01;07470;0007; ; ; ; ; ; ; ; ;REGIÓN SIERRA; ; ; ;TOTAL NACIONAL;9,07294335381012
18045001074700008;TUNGURAHUA;01;07470;0008; ; ; ; ;1; ; ; ;REGIÓN SIERRA; ; ; ;TOTAL NACIONAL;11,3427774451695
18025201076170008;TUNGURAHUA;01;07617;0008; ;50; ;50;3; ;100;100;REGIÓN SIERRA; ; ; ;TOTAL NACIONAL;52,3404594114774
18025201076170009;TUNGURAHUA;01;07617;0009; ; ; ; ;0; ; ; ;REGIÓN SIERRA; ; ; ;TOTAL NACIONAL;19,4448281444713
18075001076730002;TUNGURAHUA;01;07673;0002; ; ; ; ; ; ; ; ;REGIÓN SIERRA; ; ; ;TOTAL NACIONAL;35,2791201148652
18075001076730003;TUNGURAHUA;01;07673;0003; ; ; ; ; ; ; ; ;REGIÓN SIERRA; ; ; ;TOTAL NACIONAL;72,9044784513963
18075001076730004;TUNGURAHUA;01;07673;0004; ; ; ; ; ; ; ; ;REGIÓN SIERRA; ; ; ;TOTAL NACIONAL;58,2411972700421
18075001076730005;TUNGURAHUA;01;07673;0005; ; ; ; ; ; ; ; ;REGIÓN SIERRA; ; ; ;TOTAL NACIONAL;58,6941404771615
18075001076730008;TUNGURAHUA;01;07673;0008; ; ; ; ; ; ; ; ;REGIÓN SIERRA; ; ; ;TOTAL NACIONAL;1,08838946273723
18075001076730009;TUNGURAHUA;01;07673;0009; ; ; ; ; ; ; ; ;REGIÓN SIERRA; ; ; ;TOTAL NACIONAL;47,1842626297729
18075001076730010;TUNGURAHUA;01;07673;0010; ; ; ; ; ; ; ; ;REGIÓN SIERRA; ; ; ;TOTAL NACIONAL;43,0196944866889
18075001076730011;TUNGURAHUA;01;07673;0011; ; ; ; ; ; ; ; ;REGIÓN SIERRA; ; ; ;TOTAL NACIONAL;21,6615367188833
18075201076920013;TUNGURAHUA;01;07692;0013; ; ; ; ; ; ; ; ;REGIÓN SIERRA; ; ; ;TOTAL NACIONAL;35,2821967226929
18025201079080011;TUNGURAHUA;01;07908;0011; ; ; ; ;0; ; ; ;REGIÓN SIERRA; ; ; ;TOTAL NACIONAL;46,6248370143973
18025201079080018;TUNGURAHUA;01;07908;0018; ; ; ; ;0; ; ; ;REGIÓN SIERRA; ; ; ;TOTAL NACIONAL;,228926308963111
18075701079790002;TUNGURAHUA;01;07979;0002; ; ; ; ;0; ; ; ;REGIÓN SIERRA; ; ; ;TOTAL NACIONAL;2,17169236790663
18075701079790005;TUNGURAHUA;01;07979;0005; ;1; ;1; ; ;2;2;REGIÓN SIERRA; ; ; ;TOTAL NACIONAL;34,2848972030798
18075701079790010;TUNGURAHUA;01;07979;0010; ; ; ; ;0; ; ; ;REGIÓN SIERRA; ; ; ;TOTAL NACIONAL;23,9718651793997
18075701079790012;TUNGURAHUA;01;07979;0012; ;10; ;10;0; ;20;20;REGIÓN SIERRA; ; ; ;TOTAL NACIONAL;,539394528625009
18075701079790013;TUNGURAHUA;01;07979;0013; ; ; ; ;0; ; ; ;REGIÓN SIERRA; ; ; ;TOTAL NACIONAL;7,58661259959059
18075701079790017;TUNGURAHUA;01;07979;0017; ; ; ; ;0; ; ; ;REGIÓN SIERRA; ; ; ;TOTAL NACIONAL;23,3725466840183
18075701079790018;TUNGURAHUA;01;07979;0018; ; ; ; ; ; ; ; ;REGIÓN SIERRA; ; ; ;TOTAL NACIONAL;5,55873229076812
18045001080460004;TUNGURAHUA;01;08046;0004; ; ; ; ;0; ; ; ;REGIÓN SIERRA; ; ; ;TOTAL NACIONAL;54,2556570132081
18045001080460016;TUNGURAHUA;01;08046;0016; ;5; ;3; ; ;8;8;REGIÓN SIERRA; ; ; ;TOTAL NACIONAL;4,64002027986974
18025001081280001;TUNGURAHUA;01;08128;0001; ; ; ; ;0; ; ; ;REGIÓN SIERRA; ; ; ;TOTAL NACIONAL;12,0576655921409
18025001081280006;TUNGURAHUA;01;08128;0006; ; ; ; ; ; ; ; ;REGIÓN SIERRA; ; ; ;TOTAL NACIONAL;33,9733973488036
18025201081790003;TUNGURAHUA;01;08179;0003; ; ; ; ;0; ; ; ;REGIÓN SIERRA; ; ; ;TOTAL NACIONAL;24,062676262187
18065001084410003;TUNGURAHUA;01;08441;0003; ; ; ; ; ; ; ; ;REGIÓN SIERRA; ; ; ;TOTAL NACIONAL;8,22643450772929
18065001084410005;TUNGURAHUA;01;08441;0005; ; ; ; ;0; ; ; ;REGIÓN SIERRA; ; ; ;TOTAL NACIONAL;48,0904569547017
18065001084410008;TUNGURAHUA;01;08441;0008; ; ; ; ; ; ; ; ;REGIÓN SIERRA; ; ; ;TOTAL NACIONAL;,077026146473404
18065001084410009;TUNGURAHUA;01;08441;0009; ; ; ; ; ; ; ; ;REGIÓN SIERRA; ; ; ;TOTAL NACIONAL;3,24680343510447
18065001084410015;TUNGURAHUA;01;08441;0015; ; ; ; ;0; ; ; ;REGIÓN SIERRA; ; ; ;TOTAL NACIONAL;5,66822390684206
18065001085580001;TUNGURAHUA;01;08558;0001; ; ; ; ;0; ; ; ;REGIÓN SIERRA; ; ; ;TOTAL NACIONAL;7,53675632883228
18065001085580002;TUNGURAHUA;01;08558;0002; ; ; ; ; ; ; ; ;REGIÓN SIERRA; ; ; ;TOTAL NACIONAL;12,0125057959157
18065001085580003;TUNGURAHUA;01;08558;0003;5; ; ; ; ;5; ;5;REGIÓN SIERRA; ; ; ;TOTAL NACIONAL;46,4241935028471
18065001085580004;TUNGURAHUA;01;08558;0004; ; ; ; ; ; ; ; ;REGIÓN SIERRA; ; ; ;TOTAL NACIONAL;30,288629433599
18065001085580005;TUNGURAHUA;01;08558;0005; ; ; ; ; ; ; ; ;REGIÓN SIERRA; ; ; ;TOTAL NACIONAL;60,0036031202463
18065001085580006;TUNGURAHUA;01;08558;0006; ; ; ; ; ; ; ; ;REGIÓN SIERRA; ; ; ;TOTAL NACIONAL;34,976992668248
18065001088280001;TUNGURAHUA;01;08828;0001; ; ; ; ; ; ; ; ;REGIÓN SIERRA; ; ; ;TOTAL NACIONAL;10,1209614753257
18065001088280006;TUNGURAHUA;01;08828;0006; ; ; ; ; ; ; ; ;REGIÓN SIERRA; ; ; ;TOTAL NACIONAL;30,3591456149409
18065001088280025;TUNGURAHUA;01;08828;0025; ; ; ; ; ; ; ; ;REGIÓN SIERRA; ; ; ;TOTAL NACIONAL;7,55564943340358
18065001088280026;TUNGURAHUA;01;08828;0026; ; ; ; ; ; ; ; ;REGIÓN SIERRA; ; ; ;TOTAL NACIONAL;22,5730716317987
18065101088810009;TUNGURAHUA;01;08881;0009; ; ; ; ;0; ; ; ;REGIÓN SIERRA; ; ; ;TOTAL NACIONAL;73,4442692947654
18065101088810018;TUNGURAHUA;01;08881;0018; ; ; ; ; ; ; ; ;REGIÓN SIERRA; ; ; ;TOTAL NACIONAL;61,6779193958713
18065001089050003;TUNGURAHUA;01;08905;0003; ; ; ; ; ; ; ; ;REGIÓN SIERRA; ; ; ;TOTAL NACIONAL;2,87407684198612
18065001089050004;TUNGURAHUA;01;08905;0004; ; ; ; ; ; ; ; ;REGIÓN SIERRA; ; ; ;TOTAL NACIONAL;5,85873997299825
18065101089670002;TUNGURAHUA;01;08967;0002; ; ; ; ;0; ; ; ;REGIÓN SIERRA; ; ; ;TOTAL NACIONAL;22,0998708220887
18065101089670003;TUNGURAHUA;01;08967;0003; ; ; ; ;0; ; ; ;REGIÓN SIERRA; ; ; ;TOTAL NACIONAL;51,5231857494945
18065101090900009;TUNGURAHUA;01;09090;0009; ; ; ; ; ; ; ; ;REGIÓN SIERRA; ; ; ;TOTAL NACIONAL;1,15436336080631
18065001092610003;TUNGURAHUA;01;09261;0003; ; ; ; ; ; ; ; ;REGIÓN SIERRA; ; ; ;TOTAL NACIONAL;32,6494634343861
18065001092610005;TUNGURAHUA;01;09261;0005; ; ; ; ; ; ; ; ;REGIÓN SIERRA; ; ; ;TOTAL NACIONAL;11,8608322009039
18065001092610006;TUNGURAHUA;01;09261;0006; ; ; ; ; ; ; ; ;REGIÓN SIERRA; ; ; ;TOTAL NACIONAL;11,5706362597778
18065001092610012;TUNGURAHUA;01;09261;0012; ; ; ; ;0; ; ; ;REGIÓN SIERRA; ; ; ;TOTAL NACIONAL;28,7124555663798
18065201092880001;TUNGURAHUA;01;09288;0001; ; ; ; ;0; ; ; ;REGIÓN SIERRA; ; ; ;TOTAL NACIONAL;14,4694612367975
18016403001120015;TUNGURAHUA;03;00112;0015; ; ; ; ; ; ; ; ;REGIÓN SIERRA; ; ; ;TOTAL NACIONAL;29,1421568706009
18016403001120016;TUNGURAHUA;03;00112;0016; ; ; ; ; ; ; ; ;REGIÓN SIERRA; ; ; ;TOTAL NACIONAL;15,2566114882086
18016403001120027;TUNGURAHUA;03;00112;0027; ; ; ; ; ; ; ; ;REGIÓN SIERRA; ; ; ;TOTAL NACIONAL;15,1845084091363
18016403001120029;TUNGURAHUA;03;00112;0029; ; ; ; ; ; ; ; ;REGIÓN SIERRA; ; ; ;TOTAL NACIONAL;6,32413222871888
18016403001120040;TUNGURAHUA;03;00112;0040; ; ; ;1; ; ;1;1;REGIÓN SIERRA; ; ; ;TOTAL NACIONAL;25,3858957693631
18015703001580001;TUNGURAHUA;03;00158;0001; ;5; ; ; ; ;5;5;REGIÓN SIERRA; ; ; ;TOTAL NACIONAL;15,9001894615026
18015703001580011;TUNGURAHUA;03;00158;0011; ; ; ; ; ; ; ; ;REGIÓN SIERRA; ; ; ;TOTAL NACIONAL;106,499499177069
18015703001580021;TUNGURAHUA;03;00158;0021; ; ; ; ; ; ; ; ;REGIÓN SIERRA; ; ; ;TOTAL NACIONAL;104,331579488757
18015703001580022;TUNGURAHUA;03;00158;0022; ; ; ; ; ; ; ; ;REGIÓN SIERRA; ; ; ;TOTAL NACIONAL;90,9868425774043
18016103001770002;TUNGURAHUA;03;00177;0002; ; ; ; ; ; ; ; ;REGIÓN SIERRA; ; ; ;TOTAL NACIONAL;111,778158004562
18016103001770004;TUNGURAHUA;03;00177;0004; ; ; ;1; ; ;1;1;REGIÓN SIERRA; ; ; ;TOTAL NACIONAL;93,830068509841
18016103001770007;TUNGURAHUA;03;00177;0007; ; ; ; ; ; ; ; ;REGIÓN SIERRA; ; ; ;TOTAL NACIONAL;46,7224029884433
18016103001770009;TUNGURAHUA;03;00177;0009; ; ; ; ; ; ; ; ;REGIÓN SIERRA; ; ; ;TOTAL NACIONAL;114,882508005074
18016103001770012;TUNGURAHUA;03;00177;0012; ; ; ; ; ; ; ; ;REGIÓN SIERRA; ; ; ;TOTAL NACIONAL;83,3253619090432
18016103001770026;TUNGURAHUA;03;00177;0026; ; ; ; ; ; ; ; ;REGIÓN SIERRA; ; ; ;TOTAL NACIONAL;10,5334540660668
18016103001770030;TUNGURAHUA;03;00177;0030; ; ; ; ;1; ; ; ;REGIÓN SIERRA; ; ; ;TOTAL NACIONAL;4,48125906527807
18016104000310001;TUNGURAHUA;04;00031;0001; ; ; ; ; ; ; ; ;REGIÓN SIERRA; ; ; ;TOTAL NACIONAL;4,78406067080358
18016104000310002;TUNGURAHUA;04;00031;0002; ; ; ; ; ; ; ; ;REGIÓN SIERRA; ; ; ;TOTAL NACIONAL;1,85992380717591
18016104000310018;TUNGURAHUA;04;00031;0018; ; ; ; ; ; ; ; ;REGIÓN SIERRA; ; ; ;TOTAL NACIONAL;3,36527976296291
18016104000310019;TUNGURAHUA;04;00031;0019; ; ; ; ; ; ; ; ;REGIÓN SIERRA; ; ; ;TOTAL NACIONAL;4,7054737060399
18015662000990426;TUNGURAHUA;62;00099;0426; ;25; ;25;2; ;50;50;REGIÓN SIERRA; ; ; ;TOTAL NACIONAL;1
18016562000990517;TUNGURAHUA;62;00099;0517;10; ;15; ;1;25; ;25;REGIÓN SIERRA; ; ; ;TOTAL NACIONAL;1
18085562000994197;TUNGURAHUA;62;00099;4197; ;2000; ;2000;0; ;4000;4000;REGIÓN SIERRA; ; ; ;TOTAL NACIONAL;1
18035064000991859;TUNGURAHUA;64;00099;1859; ; ; ; ; ; ; ; ;REGIÓN SIERRA; ; ; ;TOTAL NACIONAL;1
18015064000992015;TUNGURAHUA;64;00099;2015; ;5; ;6;1; ;11;11;REGIÓN SIERRA; ; ; ;TOTAL NACIONAL;1
19045201001040001;ZAMORA CHINCHIPE;01;00104;0001; ; ; ; ; ; ; ; ; ; ;REGIÓN AMAZÓNICA; ;TOTAL NACIONAL;10,3168938916563
19045001004050001;ZAMORA CHINCHIPE;01;00405;0001; ; ; ; ;1; ; ; ; ; ;REGIÓN AMAZÓNICA; ;TOTAL NACIONAL;25,3913659558482
19045001004800001;ZAMORA CHINCHIPE;01;00480;0001; ; ; ; ; ; ; ; ; ; ;REGIÓN AMAZÓNICA; ;TOTAL NACIONAL;42,9775047944701
19045001005350001;ZAMORA CHINCHIPE;01;00535;0001; ; ; ; ; ; ; ; ; ; ;REGIÓN AMAZÓNICA; ;TOTAL NACIONAL;29,6926489987991
19045001006340001;ZAMORA CHINCHIPE;01;00634;0001; ; ; ; ;1; ; ; ; ; ;REGIÓN AMAZÓNICA; ;TOTAL NACIONAL;7,23858030696701
19055101009440001;ZAMORA CHINCHIPE;01;00944;0001; ; ; ; ; ; ; ; ; ; ;REGIÓN AMAZÓNICA; ;TOTAL NACIONAL;27,307191452448
19015201017270001;ZAMORA CHINCHIPE;01;01727;0001; ; ; ; ; ; ; ; ; ; ;REGIÓN AMAZÓNICA; ;TOTAL NACIONAL;2,52471503727687
19085001022420002;ZAMORA CHINCHIPE;01;02242;0002; ;5; ;5;2; ;10;10; ; ;REGIÓN AMAZÓNICA; ;TOTAL NACIONAL;19,5868977769364
19065302000010001;ZAMORA CHINCHIPE;02;00001;0001; ;1; ; ; ; ;1;1; ; ;REGIÓN AMAZÓNICA; ;TOTAL NACIONAL;16,5183383681274
19065302000870001;ZAMORA CHINCHIPE;02;00087;0001; ;5; ;2;3; ;7;7; ; ;REGIÓN AMAZÓNICA; ;TOTAL NACIONAL;3,6653923757685
19065102001040002;ZAMORA CHINCHIPE;02;00104;0002; ; ; ; ; ; ; ; ; ; ;REGIÓN AMAZÓNICA; ;TOTAL NACIONAL;32,7321836397021
19065202004360003;ZAMORA CHINCHIPE;02;00436;0003; ; ; ; ;2; ; ; ; ; ;REGIÓN AMAZÓNICA; ;TOTAL NACIONAL;34,3974378746489
19055002005600001;ZAMORA CHINCHIPE;02;00560;0001; ; ; ; ;1; ; ; ; ; ;REGIÓN AMAZÓNICA; ;TOTAL NACIONAL;30,562618755623
19055002005600002;ZAMORA CHINCHIPE;02;00560;0002; ; ; ; ; ; ; ; ; ; ;REGIÓN AMAZÓNICA; ;TOTAL NACIONAL;12,4507215984919
19075002005830002;ZAMORA CHINCHIPE;02;00583;0002; ; ; ; ; ; ; ; ; ; ;REGIÓN AMAZÓNICA; ;TOTAL NACIONAL;7,13296602185286
19075002005830004;ZAMORA CHINCHIPE;02;00583;0004; ; ; ; ; ; ; ; ; ; ;REGIÓN AMAZÓNICA; ;TOTAL NACIONAL;15,1436820799568
19075002005830017;ZAMORA CHINCHIPE;02;00583;0017; ; ; ; ; ; ; ; ; ; ;REGIÓN AMAZÓNICA; ;TOTAL NACIONAL;,886441424744525
19045203000350006;ZAMORA CHINCHIPE;03;00035;0006; ; ; ; ; ; ; ; ; ; ;REGIÓN AMAZÓNICA; ;TOTAL NACIONAL;34,759126542246
19045103003750007;ZAMORA CHINCHIPE;03;00375;0007; ; ; ; ; ; ; ; ; ; ;REGIÓN AMAZÓNICA; ;TOTAL NACIONAL;28,3879696343617
19015303004800003;ZAMORA CHINCHIPE;03;00480;0003;1; ; ; ; ;1; ;1; ; ;REGIÓN AMAZÓNICA; ;TOTAL NACIONAL;63,4636803937341
19085003005930001;ZAMORA CHINCHIPE;03;00593;0001; ;2; ; ;4; ;2;2; ; ;REGIÓN AMAZÓNICA; ;TOTAL NACIONAL;40,5604805794064
19085003005930003;ZAMORA CHINCHIPE;03;00593;0003;10; ; ; ;2;10; ;10; ; ;REGIÓN AMAZÓNICA; ;TOTAL NACIONAL;17,117831441626
19085003005930005;ZAMORA CHINCHIPE;03;00593;0005; ; ; ; ;1; ; ; ; ; ;REGIÓN AMAZÓNICA; ;TOTAL NACIONAL;58,3349741427373
19085203006410002;ZAMORA CHINCHIPE;03;00641;0002; ; ; ; ; ; ; ; ; ; ;REGIÓN AMAZÓNICA; ;TOTAL NACIONAL;62,2093906499923
19045204000150001;ZAMORA CHINCHIPE;04;00015;0001; ; ; ; ; ; ; ; ; ; ;REGIÓN AMAZÓNICA; ;TOTAL NACIONAL;28,007622721366
19045204000150003;ZAMORA CHINCHIPE;04;00015;0003; ; ; ; ; ; ; ; ; ; ;REGIÓN AMAZÓNICA; ;TOTAL NACIONAL;20,92277064049
19015204000790007;ZAMORA CHINCHIPE;04;00079;0007; ; ; ; ;1; ; ; ; ; ;REGIÓN AMAZÓNICA; ;TOTAL NACIONAL;18,5255295081754
19015504001070001;ZAMORA CHINCHIPE;04;00107;0001; ; ; ;2; ; ;2;2; ; ;REGIÓN AMAZÓNICA; ;TOTAL NACIONAL;39,155618764711
19015504001070003;ZAMORA CHINCHIPE;04;00107;0003;7; ;8; ;2;15; ;15; ; ;REGIÓN AMAZÓNICA; ;TOTAL NACIONAL;3,27328544575996
19015504001070005;ZAMORA CHINCHIPE;04;00107;0005; ; ; ; ; ; ; ; ; ; ;REGIÓN AMAZÓNICA; ;TOTAL NACIONAL;,117144960613612
19015504001070006;ZAMORA CHINCHIPE;04;00107;0006; ; ; ; ; ; ; ; ; ; ;REGIÓN AMAZÓNICA; ;TOTAL NACIONAL;13,3628405898603
19035004001190002;ZAMORA CHINCHIPE;04;00119;0002; ; ; ; ;1; ; ; ; ; ;REGIÓN AMAZÓNICA; ;TOTAL NACIONAL;21,1992158494513
19015162000990393;ZAMORA CHINCHIPE;62;00099;0393; ;1000; ;1000; ; ;2000;2000; ; ;REGIÓN AMAZÓNICA; ;TOTAL NACIONAL;1
19015862000990488;ZAMORA CHINCHIPE;62;00099;0488; ; ; ; ;7; ; ; ; ; ;REGIÓN AMAZÓNICA; ;TOTAL NACIONAL;1
19055062000990505;ZAMORA CHINCHIPE;62;00099;0505;30; ;30; ; ;60; ;60; ; ;REGIÓN AMAZÓNICA; ;TOTAL NACIONAL;1
21055001001500005;SUCUMBÍOS;01;00150;0005; ;2; ; ; ; ;2;2; ; ;REGIÓN AMAZÓNICA; ;TOTAL NACIONAL;1,39337394779894
21025001010620001;SUCUMBÍOS;01;01062;0001; ;1; ;1; ; ;2;2; ; ;REGIÓN AMAZÓNICA; ;TOTAL NACIONAL;1,83552745100821
21025101011020002;SUCUMBÍOS;01;01102;0002; ; ; ; ; ; ; ; ; ; ;REGIÓN AMAZÓNICA; ;TOTAL NACIONAL;3,13993603127463
21025001012250001;SUCUMBÍOS;01;01225;0001; ; ; ; ; ; ; ; ; ; ;REGIÓN AMAZÓNICA; ;TOTAL NACIONAL;3,03760768732966
21015302001020003;SUCUMBÍOS;02;00102;0003; ; ; ; ; ; ; ; ; ; ;REGIÓN AMAZÓNICA; ;TOTAL NACIONAL;33,4059767901438
21015302002710005;SUCUMBÍOS;02;00271;0005; ; ; ; ;1; ; ; ; ; ;REGIÓN AMAZÓNICA; ;TOTAL NACIONAL;14,3376135588839
21015302004300002;SUCUMBÍOS;02;00430;0002; ; ; ; ; ; ; ; ; ; ;REGIÓN AMAZÓNICA; ;TOTAL NACIONAL;8,13193245768297
21015702006350002;SUCUMBÍOS;02;00635;0002; ; ; ; ;0; ; ; ; ; ;REGIÓN AMAZÓNICA; ;TOTAL NACIONAL;14,8645286400758
21015702006350006;SUCUMBÍOS;02;00635;0006; ; ; ; ;0; ; ; ; ; ;REGIÓN AMAZÓNICA; ;TOTAL NACIONAL;13,8712600628296
21015702006360001;SUCUMBÍOS;02;00636;0001; ; ; ; ; ; ; ; ; ; ;REGIÓN AMAZÓNICA; ;TOTAL NACIONAL;41,3266357036367
21015302006930003;SUCUMBÍOS;02;00693;0003; ; ; ; ;0; ; ; ; ; ;REGIÓN AMAZÓNICA; ;TOTAL NACIONAL;4,67453200710836
21065202007540001;SUCUMBÍOS;02;00754;0001; ;3; ;2; ; ;5;5; ; ;REGIÓN AMAZÓNICA; ;TOTAL NACIONAL;13,0606012373605
21065202009720003;SUCUMBÍOS;02;00972;0003; ; ; ; ; ; ; ; ; ; ;REGIÓN AMAZÓNICA; ;TOTAL NACIONAL;15,7170703372562
21065202009720019;SUCUMBÍOS;02;00972;0019; ; ; ;2;1; ;2;2; ; ;REGIÓN AMAZÓNICA; ;TOTAL NACIONAL;7,05761225362632
21015802010740001;SUCUMBÍOS;02;01074;0001; ; ; ;1;1; ;1;1; ; ;REGIÓN AMAZÓNICA; ;TOTAL NACIONAL;21,9072272859703
21015802010740007;SUCUMBÍOS;02;01074;0007; ;2; ; ;2; ;2;2; ; ;REGIÓN AMAZÓNICA; ;TOTAL NACIONAL;27,7721593169114
21015602011660002;SUCUMBÍOS;02;01166;0002; ; ; ; ; ; ; ; ; ; ;REGIÓN AMAZÓNICA; ;TOTAL NACIONAL;19,9642004642362
21015002013980002;SUCUMBÍOS;02;01398;0002; ; ; ; ;2; ; ; ; ; ;REGIÓN AMAZÓNICA; ;TOTAL NACIONAL;7,50731786569457
21065302017210001;SUCUMBÍOS;02;01721;0001; ; ; ; ; ; ; ; ; ; ;REGIÓN AMAZÓNICA; ;TOTAL NACIONAL;16,8549307451076
21065302017210002;SUCUMBÍOS;02;01721;0002; ; ; ; ; ; ; ; ; ; ;REGIÓN AMAZÓNICA; ;TOTAL NACIONAL;8,32311170799277
21065302017210003;SUCUMBÍOS;02;01721;0003; ; ; ; ;2; ; ; ; ; ;REGIÓN AMAZÓNICA; ;TOTAL NACIONAL;45,708825697315
21015502019760004;SUCUMBÍOS;02;01976;0004; ; ; ; ; ; ; ; ; ; ;REGIÓN AMAZÓNICA; ;TOTAL NACIONAL;10,407736490024
21015502019760005;SUCUMBÍOS;02;01976;0005; ; ; ; ;1; ; ; ; ; ;REGIÓN AMAZÓNICA; ;TOTAL NACIONAL;3,55300707198986
21015502020030005;SUCUMBÍOS;02;02003;0005; ; ; ; ;0; ; ; ; ; ;REGIÓN AMAZÓNICA; ;TOTAL NACIONAL;9,41671330962214
21065302023600001;SUCUMBÍOS;02;02360;0001; ; ; ; ;2; ; ; ; ; ;REGIÓN AMAZÓNICA; ;TOTAL NACIONAL;44,7048511338304
21065302023600003;SUCUMBÍOS;02;02360;0003; ; ; ; ; ; ; ; ; ; ;REGIÓN AMAZÓNICA; ;TOTAL NACIONAL;21,6444682340126
21065302023600004;SUCUMBÍOS;02;02360;0004; ; ; ; ; ; ; ; ; ; ;REGIÓN AMAZÓNICA; ;TOTAL NACIONAL;,702912591687827
21065302023600010;SUCUMBÍOS;02;02360;0010; ; ; ; ; ; ; ; ; ; ;REGIÓN AMAZÓNICA; ;TOTAL NACIONAL;40,7866435123817
21065302023610003;SUCUMBÍOS;02;02361;0003; ; ; ; ; ; ; ; ; ; ;REGIÓN AMAZÓNICA; ;TOTAL NACIONAL;19,1202253401617
21065302023610005;SUCUMBÍOS;02;02361;0005; ; ; ; ;2; ; ; ; ; ;REGIÓN AMAZÓNICA; ;TOTAL NACIONAL;25,7192128461143
21015202024120005;SUCUMBÍOS;02;02412;0005; ; ; ; ;1; ; ; ; ; ;REGIÓN AMAZÓNICA; ;TOTAL NACIONAL;16,1908231702326
21015202027480001;SUCUMBÍOS;02;02748;0001;55; ;35; ;0;90; ;90; ; ;REGIÓN AMAZÓNICA; ;TOTAL NACIONAL;50,8836150877852
21015502028990001;SUCUMBÍOS;02;02899;0001; ; ; ; ;0; ; ; ; ; ;REGIÓN AMAZÓNICA; ;TOTAL NACIONAL;9,11830388968894
21015502029020001;SUCUMBÍOS;02;02902;0001; ; ; ; ; ; ; ; ; ; ;REGIÓN AMAZÓNICA; ;TOTAL NACIONAL;16,6104831905131
21045702029640001;SUCUMBÍOS;02;02964;0001; ; ; ; ;1; ; ; ; ; ;REGIÓN AMAZÓNICA; ;TOTAL NACIONAL;23,0403009419654
21045502030200001;SUCUMBÍOS;02;03020;0001; ; ; ;3;0; ;3;3; ; ;REGIÓN AMAZÓNICA; ;TOTAL NACIONAL;9,72935641831607
21045502030200002;SUCUMBÍOS;02;03020;0002; ; ; ; ;0; ; ; ; ; ;REGIÓN AMAZÓNICA; ;TOTAL NACIONAL;23,0571662570408
21045402033410002;SUCUMBÍOS;02;03341;0002; ; ; ; ;0; ; ; ; ; ;REGIÓN AMAZÓNICA; ;TOTAL NACIONAL;25,0342760739716
21045502035290002;SUCUMBÍOS;02;03529;0002; ; ; ; ;0; ; ; ; ; ;REGIÓN AMAZÓNICA; ;TOTAL NACIONAL;,112545398128751
21045502035290003;SUCUMBÍOS;02;03529;0003;5; ;5; ;0;10; ;10; ; ;REGIÓN AMAZÓNICA; ;TOTAL NACIONAL;12,4072025717322
21045502035290004;SUCUMBÍOS;02;03529;0004; ;1; ; ;0; ;1;1; ; ;REGIÓN AMAZÓNICA; ;TOTAL NACIONAL;105,992593280495
21045502035290008;SUCUMBÍOS;02;03529;0008; ; ; ; ;0; ; ; ; ; ;REGIÓN AMAZÓNICA; ;TOTAL NACIONAL;1,49808328265497
21045002036940006;SUCUMBÍOS;02;03694;0006; ; ; ; ;0; ; ; ; ; ;REGIÓN AMAZÓNICA; ;TOTAL NACIONAL;52,2376519009541
21045002036940008;SUCUMBÍOS;02;03694;0008; ; ; ; ;0; ; ; ; ; ;REGIÓN AMAZÓNICA; ;TOTAL NACIONAL;3,41710235947475
21045002037390007;SUCUMBÍOS;02;03739;0007; ; ; ; ;0; ; ; ; ; ;REGIÓN AMAZÓNICA; ;TOTAL NACIONAL;79,6587463971713
21045502037910001;SUCUMBÍOS;02;03791;0001;4; ; ; ;0;4; ;4; ; ;REGIÓN AMAZÓNICA; ;TOTAL NACIONAL;71,4510501559025
21045502037910005;SUCUMBÍOS;02;03791;0005; ;3; ; ;0; ;3;3; ; ;REGIÓN AMAZÓNICA; ;TOTAL NACIONAL;68,4572843650839
21045502038930002;SUCUMBÍOS;02;03893;0002; ;4; ;4;0; ;8;8; ; ;REGIÓN AMAZÓNICA; ;TOTAL NACIONAL;5,6901556479647
21045002039460004;SUCUMBÍOS;02;03946;0004; ; ; ; ;0; ; ; ; ; ;REGIÓN AMAZÓNICA; ;TOTAL NACIONAL;50,9598987560591
21045002039460005;SUCUMBÍOS;02;03946;0005; ; ; ; ;0; ; ; ; ; ;REGIÓN AMAZÓNICA; ;TOTAL NACIONAL;40,1927720507875
21045002039460011;SUCUMBÍOS;02;03946;0011; ; ; ; ;0; ; ; ; ; ;REGIÓN AMAZÓNICA; ;TOTAL NACIONAL;29,6283197358921
21045502039900007;SUCUMBÍOS;02;03990;0007; ; ; ; ;0; ; ; ; ; ;REGIÓN AMAZÓNICA; ;TOTAL NACIONAL;67,6527581577322
21045602043500001;SUCUMBÍOS;02;04350;0001; ; ; ; ;0; ; ; ; ; ;REGIÓN AMAZÓNICA; ;TOTAL NACIONAL;29,4811471807333
21045602043500006;SUCUMBÍOS;02;04350;0006; ; ; ; ;0; ; ; ; ; ;REGIÓN AMAZÓNICA; ;TOTAL NACIONAL;8,81396437837561
21045602043500007;SUCUMBÍOS;02;04350;0007; ; ; ; ;1; ; ; ; ; ;REGIÓN AMAZÓNICA; ;TOTAL NACIONAL;9,06712917707865
21045602043720001;SUCUMBÍOS;02;04372;0001;0; ;2; ;0;2; ;2; ; ;REGIÓN AMAZÓNICA; ;TOTAL NACIONAL;38,8947923379321
21045602044300005;SUCUMBÍOS;02;04430;0005;6; ; ; ;0;6; ;6; ; ;REGIÓN AMAZÓNICA; ;TOTAL NACIONAL;1,10476815341237
21045302046650002;SUCUMBÍOS;02;04665;0002; ; ; ; ;0; ; ; ; ; ;REGIÓN AMAZÓNICA; ;TOTAL NACIONAL;1,1926858359215
21045302046650005;SUCUMBÍOS;02;04665;0005; ; ; ; ;0; ; ; ; ; ;REGIÓN AMAZÓNICA; ;TOTAL NACIONAL;3,35423356503653
21045302047220011;SUCUMBÍOS;02;04722;0011; ; ; ; ;0; ; ; ; ; ;REGIÓN AMAZÓNICA; ;TOTAL NACIONAL;17,7345770097119
21055303002220007;SUCUMBÍOS;03;00222;0007; ; ; ; ; ; ; ; ; ; ;REGIÓN AMAZÓNICA; ;TOTAL NACIONAL;4,50152370068745
21016003003450001;SUCUMBÍOS;03;00345;0001;3;0;3; ;4;6;0;6; ; ;REGIÓN AMAZÓNICA; ;TOTAL NACIONAL;33,5107643594592
21015303004230006;SUCUMBÍOS;03;00423;0006; ; ; ; ;0; ; ; ; ; ;REGIÓN AMAZÓNICA; ;TOTAL NACIONAL;23,1074014222432
21015303004230008;SUCUMBÍOS;03;00423;0008; ;1; ;3; ; ;4;4; ; ;REGIÓN AMAZÓNICA; ;TOTAL NACIONAL;5,60335409291373
21015303004230009;SUCUMBÍOS;03;00423;0009; ; ; ; ;0; ; ; ; ; ;REGIÓN AMAZÓNICA; ;TOTAL NACIONAL;8,44536575040209
21015303004230010;SUCUMBÍOS;03;00423;0010; ; ;2;2;4;2;2;4; ; ;REGIÓN AMAZÓNICA; ;TOTAL NACIONAL;31,9999020689037
21015603007660003;SUCUMBÍOS;03;00766;0003; ; ; ; ;2; ; ; ; ; ;REGIÓN AMAZÓNICA; ;TOTAL NACIONAL;35,3441379846436
21015603007660004;SUCUMBÍOS;03;00766;0004; ; ; ; ;1; ; ; ; ; ;REGIÓN AMAZÓNICA; ;TOTAL NACIONAL;2,64853593890879
21015303009040004;SUCUMBÍOS;03;00904;0004; ;1; ; ;2; ;1;1; ; ;REGIÓN AMAZÓNICA; ;TOTAL NACIONAL;28,2097067550765
21015303009040006;SUCUMBÍOS;03;00904;0006; ; ; ; ; ; ; ; ; ; ;REGIÓN AMAZÓNICA; ;TOTAL NACIONAL;27,4799063527849
21015303009040011;SUCUMBÍOS;03;00904;0011; ; ; ; ;0; ; ; ; ; ;REGIÓN AMAZÓNICA; ;TOTAL NACIONAL;11,7727720238179
21035003010880006;SUCUMBÍOS;03;01088;0006; ; ; ; ;0; ; ; ; ; ;REGIÓN AMAZÓNICA; ;TOTAL NACIONAL;31,4010040586924
21035003010880008;SUCUMBÍOS;03;01088;0008; ; ; ; ;0; ; ; ; ; ;REGIÓN AMAZÓNICA; ;TOTAL NACIONAL;29,2885872830055
21025403011200005;SUCUMBÍOS;03;01120;0005; ; ; ; ; ; ; ; ; ; ;REGIÓN AMAZÓNICA; ;TOTAL NACIONAL;77,1259925009839
21025403011200006;SUCUMBÍOS;03;01120;0006;6; ;4; ;1;10; ;10; ; ;REGIÓN AMAZÓNICA; ;TOTAL NACIONAL;19,678058129055
21015603011480008;SUCUMBÍOS;03;01148;0008; ; ; ; ;0; ; ; ; ; ;REGIÓN AMAZÓNICA; ;TOTAL NACIONAL;32,5938369802544
21015603011480009;SUCUMBÍOS;03;01148;0009; ; ; ; ;0; ; ; ; ; ;REGIÓN AMAZÓNICA; ;TOTAL NACIONAL;31,8817650784404
21015603011600004;SUCUMBÍOS;03;01160;0004; ; ; ; ;0; ; ; ; ; ;REGIÓN AMAZÓNICA; ;TOTAL NACIONAL;52,5936024210624
21035503012290005;SUCUMBÍOS;03;01229;0005; ; ; ; ;0; ; ; ; ; ;REGIÓN AMAZÓNICA; ;TOTAL NACIONAL;25,3820468552428
21035503012290011;SUCUMBÍOS;03;01229;0011; ; ; ; ;0; ; ; ; ; ;REGIÓN AMAZÓNICA; ;TOTAL NACIONAL;13,483630251292
21035003013050001;SUCUMBÍOS;03;01305;0001; ; ; ; ;0; ; ; ; ; ;REGIÓN AMAZÓNICA; ;TOTAL NACIONAL;51,5207929021595
21015503017440004;SUCUMBÍOS;03;01744;0004; ;2; ; ; ; ;2;2; ; ;REGIÓN AMAZÓNICA; ;TOTAL NACIONAL;13,1982680032626
21015503017440009;SUCUMBÍOS;03;01744;0009; ; ; ; ;0; ; ; ; ; ;REGIÓN AMAZÓNICA; ;TOTAL NACIONAL;26,8817683635284
21015503017440013;SUCUMBÍOS;03;01744;0013; ; ; ; ;0; ; ; ; ; ;REGIÓN AMAZÓNICA; ;TOTAL NACIONAL;20,3601484442293
21075003021060004;SUCUMBÍOS;03;02106;0004; ;2; ; ; ; ;2;2; ; ;REGIÓN AMAZÓNICA; ;TOTAL NACIONAL;87,341632266811
21055304000410001;SUCUMBÍOS;04;00041;0001; ;2; ; ;0; ;2;2; ; ;REGIÓN AMAZÓNICA; ;TOTAL NACIONAL;26,0385227112658
21035004000720001;SUCUMBÍOS;04;00072;0001; ; ; ;4;0; ;4;4; ; ;REGIÓN AMAZÓNICA; ;TOTAL NACIONAL;29,6581366233232
21065104001240007;SUCUMBÍOS;04;00124;0007;5; ; ; ; ;5; ;5; ; ;REGIÓN AMAZÓNICA; ;TOTAL NACIONAL;8,52511211155142
21065104001240008;SUCUMBÍOS;04;00124;0008; ; ; ; ; ; ; ; ; ; ;REGIÓN AMAZÓNICA; ;TOTAL NACIONAL;20,1135967055392
21015704001390012;SUCUMBÍOS;04;00139;0012; ; ; ; ;0; ; ; ; ; ;REGIÓN AMAZÓNICA; ;TOTAL NACIONAL;35,4761486289443
21015204002500007;SUCUMBÍOS;04;00250;0007; ; ; ; ;0; ; ; ; ; ;REGIÓN AMAZÓNICA; ;TOTAL NACIONAL;9,46766662117495
21015204002500008;SUCUMBÍOS;04;00250;0008; ; ; ; ;0; ; ; ; ; ;REGIÓN AMAZÓNICA; ;TOTAL NACIONAL;11,2303395452996
21025104002600002;SUCUMBÍOS;04;00260;0002;2; ; ; ;2;2; ;2; ; ;REGIÓN AMAZÓNICA; ;TOTAL NACIONAL;14,7079926105853
21075004002670007;SUCUMBÍOS;04;00267;0007; ; ; ; ;0; ; ; ; ; ;REGIÓN AMAZÓNICA; ;TOTAL NACIONAL;28,2200524911682
21075004002670009;SUCUMBÍOS;04;00267;0009; ; ; ; ;0; ; ; ; ; ;REGIÓN AMAZÓNICA; ;TOTAL NACIONAL;4,52113852226898
22045501002090002;ORELLANA;01;00209;0002; ; ; ; ;0; ; ; ; ; ;REGIÓN AMAZÓNICA; ;TOTAL NACIONAL;28,519447845024
22035102000140001;ORELLANA;02;00014;0001; ; ; ; ;0; ; ; ; ; ;REGIÓN AMAZÓNICA; ;TOTAL NACIONAL;26,0083396607503
22035102000140003;ORELLANA;02;00014;0003; ; ; ; ;0; ; ; ; ; ;REGIÓN AMAZÓNICA; ;TOTAL NACIONAL;17,6315989694311
22035102000140004;ORELLANA;02;00014;0004; ;2; ;1;1; ;3;3; ; ;REGIÓN AMAZÓNICA; ;TOTAL NACIONAL;45,2843116306119
22035002003790001;ORELLANA;02;00379;0001;4; ;6; ;0;10; ;10; ; ;REGIÓN AMAZÓNICA; ;TOTAL NACIONAL;56,316779371213
22035002003790006;ORELLANA;02;00379;0006; ; ; ; ;0; ; ; ; ; ;REGIÓN AMAZÓNICA; ;TOTAL NACIONAL;3,86829091382967
22016002004310019;ORELLANA;02;00431;0019; ; ; ; ;2; ; ; ; ; ;REGIÓN AMAZÓNICA; ;TOTAL NACIONAL;7,45033813786584
22015202008570001;ORELLANA;02;00857;0001; ; ; ; ;1; ; ; ; ; ;REGIÓN AMAZÓNICA; ;TOTAL NACIONAL;60,8056472450432
22015202008610004;ORELLANA;02;00861;0004; ; ; ; ;0; ; ; ; ; ;REGIÓN AMAZÓNICA; ;TOTAL NACIONAL;49,8812968503548
22015802012110004;ORELLANA;02;01211;0004; ; ; ; ;0; ; ; ; ; ;REGIÓN AMAZÓNICA; ;TOTAL NACIONAL;6,06770144995369
22045102014220001;ORELLANA;02;01422;0001; ; ; ; ;0; ; ; ; ; ;REGIÓN AMAZÓNICA; ;TOTAL NACIONAL;13,9509351237907
22045102014220002;ORELLANA;02;01422;0002; ; ; ; ;0; ; ; ; ; ;REGIÓN AMAZÓNICA; ;TOTAL NACIONAL;53,9189089202864
22035403001040001;ORELLANA;03;00104;0001; ; ; ; ; ; ; ; ; ; ;REGIÓN AMAZÓNICA; ;TOTAL NACIONAL;67,3830301342895
22035403001040004;ORELLANA;03;00104;0004; ; ; ; ; ; ; ; ; ; ;REGIÓN AMAZÓNICA; ;TOTAL NACIONAL;79,682490212201
22015203004470001;ORELLANA;03;00447;0001; ; ; ; ;0; ; ; ; ; ;REGIÓN AMAZÓNICA; ;TOTAL NACIONAL;65,5574265508861
22015203004470007;ORELLANA;03;00447;0007; ; ; ;90;1; ;90;90; ; ;REGIÓN AMAZÓNICA; ;TOTAL NACIONAL;20,2467013453962
22015203004470008;ORELLANA;03;00447;0008; ; ; ; ; ; ; ; ; ; ;REGIÓN AMAZÓNICA; ;TOTAL NACIONAL;47,4141865822648
22015403005060004;ORELLANA;03;00506;0004; ; ; ; ; ; ; ; ; ; ;REGIÓN AMAZÓNICA; ;TOTAL NACIONAL;17,1993011794736
22015403005060005;ORELLANA;03;00506;0005; ; ; ; ;0; ; ; ; ; ;REGIÓN AMAZÓNICA; ;TOTAL NACIONAL;10,5381706518774
22015803009280002;ORELLANA;03;00928;0002;14; ;4; ;7;18; ;18; ; ;REGIÓN AMAZÓNICA; ;TOTAL NACIONAL;68,8538764565702
22035804000480009;ORELLANA;04;00048;0009; ; ; ; ; ; ; ; ; ; ;REGIÓN AMAZÓNICA; ;TOTAL NACIONAL;11,4070354715295
22035804000480010;ORELLANA;04;00048;0010; ; ; ; ; ; ; ; ; ; ;REGIÓN AMAZÓNICA; ;TOTAL NACIONAL;47,4805105686815
22035804000480016;ORELLANA;04;00048;0016; ; ; ; ;0; ; ; ; ; ;REGIÓN AMAZÓNICA; ;TOTAL NACIONAL;28,3492283278037
22035804000480018;ORELLANA;04;00048;0018; ; ; ; ; ; ; ; ; ; ;REGIÓN AMAZÓNICA; ;TOTAL NACIONAL;52,2253747764548
22035804000480019;ORELLANA;04;00048;0019; ; ; ; ;0; ; ; ; ; ;REGIÓN AMAZÓNICA; ;TOTAL NACIONAL;14,4363002532124
22015204001860002;ORELLANA;04;00186;0002; ; ; ;1;0; ;1;1; ; ;REGIÓN AMAZÓNICA; ;TOTAL NACIONAL;30,591080684321
22015704002980006;ORELLANA;04;00298;0006; ; ; ; ; ; ; ; ; ; ;REGIÓN AMAZÓNICA; ;TOTAL NACIONAL;37,7784744687806
22015064000991800;ORELLANA;64;00099;1800;47; ; ; ;1;47; ;47; ; ;REGIÓN AMAZÓNICA; ;TOTAL NACIONAL;1
23015501004180001;SANTO DOMINGO DE LOS TSÁCHILAS;01;00418;0001; ; ; ; ;1; ; ; ;REGIÓN SIERRA; ; ; ;TOTAL NACIONAL;4,54623222070797
23015001023730001;SANTO DOMINGO DE LOS TSÁCHILAS;01;02373;0001; ; ; ; ; ; ; ; ;REGIÓN SIERRA; ; ; ;TOTAL NACIONAL;11,9101724480604
23015001028320002;SANTO DOMINGO DE LOS TSÁCHILAS;01;02832;0002; ; ; ; ; ; ; ; ;REGIÓN SIERRA; ; ; ;TOTAL NACIONAL;15,3783172955059
23015001029690002;SANTO DOMINGO DE LOS TSÁCHILAS;01;02969;0002; ; ; ; ; ; ; ; ;REGIÓN SIERRA; ; ; ;TOTAL NACIONAL;4,31618814391289
23015001034540001;SANTO DOMINGO DE LOS TSÁCHILAS;01;03454;0001; ; ; ; ; ; ; ; ;REGIÓN SIERRA; ; ; ;TOTAL NACIONAL;4,35763669547027
23015401037140001;SANTO DOMINGO DE LOS TSÁCHILAS;01;03714;0001; ; ; ;8;1; ;8;8;REGIÓN SIERRA; ; ; ;TOTAL NACIONAL;4,80332032348134
23015001037250002;SANTO DOMINGO DE LOS TSÁCHILAS;01;03725;0002; ; ; ; ; ; ; ; ;REGIÓN SIERRA; ; ; ;TOTAL NACIONAL;60,912200565319
23015001040060001;SANTO DOMINGO DE LOS TSÁCHILAS;01;04006;0001; ;1; ; ;0; ;1;1;REGIÓN SIERRA; ; ; ;TOTAL NACIONAL;15,485484813602
23015001041830003;SANTO DOMINGO DE LOS TSÁCHILAS;01;04183;0003; ; ; ; ;2; ; ; ;REGIÓN SIERRA; ; ; ;TOTAL NACIONAL;45,1731977895347
23015001043780004;SANTO DOMINGO DE LOS TSÁCHILAS;01;04378;0004; ; ; ; ;1; ; ; ;REGIÓN SIERRA; ; ; ;TOTAL NACIONAL;5,39866797337105
23015001043840002;SANTO DOMINGO DE LOS TSÁCHILAS;01;04384;0002; ; ;8; ; ;8; ;8;REGIÓN SIERRA; ; ; ;TOTAL NACIONAL;20,533727771301
23015101047080001;SANTO DOMINGO DE LOS TSÁCHILAS;01;04708;0001; ; ; ; ; ; ; ; ;REGIÓN SIERRA; ; ; ;TOTAL NACIONAL;8,06668202514509
23015001050390004;SANTO DOMINGO DE LOS TSÁCHILAS;01;05039;0004; ;12; ;12;1; ;24;24;REGIÓN SIERRA; ; ; ;TOTAL NACIONAL;18,6791896426058
23015101050840001;SANTO DOMINGO DE LOS TSÁCHILAS;01;05084;0001; ; ; ; ; ; ; ; ;REGIÓN SIERRA; ; ; ;TOTAL NACIONAL;6,64653833436838
23015001051690001;SANTO DOMINGO DE LOS TSÁCHILAS;01;05169;0001; ; ; ; ; ; ; ; ;REGIÓN SIERRA; ; ; ;TOTAL NACIONAL;47,6947282701357
23015001062630001;SANTO DOMINGO DE LOS TSÁCHILAS;01;06263;0001;3; ;2;2;1;5;2;7;REGIÓN SIERRA; ; ; ;TOTAL NACIONAL;21,0977743078688
23015001063560001;SANTO DOMINGO DE LOS TSÁCHILAS;01;06356;0001; ; ; ; ; ; ; ; ;REGIÓN SIERRA; ; ; ;TOTAL NACIONAL;9,34669453270553
23015201069980001;SANTO DOMINGO DE LOS TSÁCHILAS;01;06998;0001; ; ; ; ; ; ; ; ;REGIÓN SIERRA; ; ; ;TOTAL NACIONAL;14,4735018769206
23015101070500001;SANTO DOMINGO DE LOS TSÁCHILAS;01;07050;0001; ; ; ; ; ; ; ; ;REGIÓN SIERRA; ; ; ;TOTAL NACIONAL;1,34100557434216
23015101073400001;SANTO DOMINGO DE LOS TSÁCHILAS;01;07340;0001; ;5; ;3; ; ;8;8;REGIÓN SIERRA; ; ; ;TOTAL NACIONAL;3,06680446386839
23015201073970002;SANTO DOMINGO DE LOS TSÁCHILAS;01;07397;0002;60; ; ; ; ;60; ;60;REGIÓN SIERRA; ; ; ;TOTAL NACIONAL;38,1178973476027
23015101074900001;SANTO DOMINGO DE LOS TSÁCHILAS;01;07490;0001; ; ; ; ; ; ; ; ;REGIÓN SIERRA; ; ; ;TOTAL NACIONAL;16,3850463018849
23015101074900002;SANTO DOMINGO DE LOS TSÁCHILAS;01;07490;0002; ;1; ;16; ; ;17;17;REGIÓN SIERRA; ; ; ;TOTAL NACIONAL;28,1436257531389
23015001080990001;SANTO DOMINGO DE LOS TSÁCHILAS;01;08099;0001; ; ; ; ; ; ; ; ;REGIÓN SIERRA; ; ; ;TOTAL NACIONAL;8,24548755641833
23015001084160002;SANTO DOMINGO DE LOS TSÁCHILAS;01;08416;0002; ; ; ; ;1; ; ; ;REGIÓN SIERRA; ; ; ;TOTAL NACIONAL;40,4043065346254
23015001084160005;SANTO DOMINGO DE LOS TSÁCHILAS;01;08416;0005;5;23; ;23; ;5;46;51;REGIÓN SIERRA; ; ; ;TOTAL NACIONAL;30,132081538859
23015001084180001;SANTO DOMINGO DE LOS TSÁCHILAS;01;08418;0001;10;10; ; ; ;10;10;20;REGIÓN SIERRA; ; ; ;TOTAL NACIONAL;43,5686035800089
23015001084180002;SANTO DOMINGO DE LOS TSÁCHILAS;01;08418;0002;20; ;20; ; ;40; ;40;REGIÓN SIERRA; ; ; ;TOTAL NACIONAL;65,6186626185795
23015001084180003;SANTO DOMINGO DE LOS TSÁCHILAS;01;08418;0003;2; ;3; ;1;5; ;5;REGIÓN SIERRA; ; ; ;TOTAL NACIONAL;37,9327437797167
23015001086170001;SANTO DOMINGO DE LOS TSÁCHILAS;01;08617;0001; ; ; ; ; ; ; ; ;REGIÓN SIERRA; ; ; ;TOTAL NACIONAL;12,2377540820909
23015001086170002;SANTO DOMINGO DE LOS TSÁCHILAS;01;08617;0002; ;4; ;4; ; ;8;8;REGIÓN SIERRA; ; ; ;TOTAL NACIONAL;27,3714674052881
23015001087110003;SANTO DOMINGO DE LOS TSÁCHILAS;01;08711;0003; ; ; ; ; ; ; ; ;REGIÓN SIERRA; ; ; ;TOTAL NACIONAL;1,30604478270339
23015001091700002;SANTO DOMINGO DE LOS TSÁCHILAS;01;09170;0002; ; ; ; ; ; ; ; ;REGIÓN SIERRA; ; ; ;TOTAL NACIONAL;23,6191386250115
23015001091700003;SANTO DOMINGO DE LOS TSÁCHILAS;01;09170;0003; ;1;1;2;2;1;3;4;REGIÓN SIERRA; ; ; ;TOTAL NACIONAL;13,4206390775387
23015001093380003;SANTO DOMINGO DE LOS TSÁCHILAS;01;09338;0003; ;1;1;2; ;1;3;4;REGIÓN SIERRA; ; ; ;TOTAL NACIONAL;,727029039343987
23015301096430002;SANTO DOMINGO DE LOS TSÁCHILAS;01;09643;0002; ; ; ; ; ; ; ; ;REGIÓN SIERRA; ; ; ;TOTAL NACIONAL;8,01490822028362
23015301096430003;SANTO DOMINGO DE LOS TSÁCHILAS;01;09643;0003; ; ; ; ; ; ; ; ;REGIÓN SIERRA; ; ; ;TOTAL NACIONAL;66,7557739408753
23015301096430004;SANTO DOMINGO DE LOS TSÁCHILAS;01;09643;0004; ;3; ; ; ; ;3;3;REGIÓN SIERRA; ; ; ;TOTAL NACIONAL;64,9738316399277
23015301096620001;SANTO DOMINGO DE LOS TSÁCHILAS;01;09662;0001;0; ; ;2;1;0;2;2;REGIÓN SIERRA; ; ; ;TOTAL NACIONAL;44,0399630035249
23015301098560001;SANTO DOMINGO DE LOS TSÁCHILAS;01;09856;0001; ; ; ; ;0; ; ; ;REGIÓN SIERRA; ; ; ;TOTAL NACIONAL;37,7523377392124
23015101108090002;SANTO DOMINGO DE LOS TSÁCHILAS;01;10809;0002; ; ; ; ; ; ; ; ;REGIÓN SIERRA; ; ; ;TOTAL NACIONAL;,2756984101096
23015601109350003;SANTO DOMINGO DE LOS TSÁCHILAS;01;10935;0003; ;2; ; ;0; ;2;2;REGIÓN SIERRA; ; ; ;TOTAL NACIONAL;3,62000494314438
23015601109370001;SANTO DOMINGO DE LOS TSÁCHILAS;01;10937;0001; ; ;2; ;0;2; ;2;REGIÓN SIERRA; ; ; ;TOTAL NACIONAL;1,84645123018002
23015601109370003;SANTO DOMINGO DE LOS TSÁCHILAS;01;10937;0003; ; ; ; ;0; ; ; ;REGIÓN SIERRA; ; ; ;TOTAL NACIONAL;6,84741149291818
23015601115040002;SANTO DOMINGO DE LOS TSÁCHILAS;01;11504;0002;25; ;25; ;0;50; ;50;REGIÓN SIERRA; ; ; ;TOTAL NACIONAL;3,34810690811649
23015601115960002;SANTO DOMINGO DE LOS TSÁCHILAS;01;11596;0002; ;5;0;2;0;0;7;7;REGIÓN SIERRA; ; ; ;TOTAL NACIONAL;14,5417957470191
23015601116200003;SANTO DOMINGO DE LOS TSÁCHILAS;01;11620;0003; ; ; ; ;0; ; ; ;REGIÓN SIERRA; ; ; ;TOTAL NACIONAL;8,03642041018361
23015601116260004;SANTO DOMINGO DE LOS TSÁCHILAS;01;11626;0004; ; ; ; ;0; ; ; ;REGIÓN SIERRA; ; ; ;TOTAL NACIONAL;9,35704919295867
23015701122040001;SANTO DOMINGO DE LOS TSÁCHILAS;01;12204;0001; ; ; ; ; ; ; ; ;REGIÓN SIERRA; ; ; ;TOTAL NACIONAL;20,8319958791804
23015701122040002;SANTO DOMINGO DE LOS TSÁCHILAS;01;12204;0002; ;11; ;14; ; ;25;25;REGIÓN SIERRA; ; ; ;TOTAL NACIONAL;2,0338118699679
23025102004120003;SANTO DOMINGO DE LOS TSÁCHILAS;02;00412;0003; ; ; ; ; ; ; ; ;REGIÓN SIERRA; ; ; ;TOTAL NACIONAL;55,3112690893777
23025102004260003;SANTO DOMINGO DE LOS TSÁCHILAS;02;00426;0003; ; ; ; ; ; ; ; ;REGIÓN SIERRA; ; ; ;TOTAL NACIONAL;30,6797340751424
23025202005590003;SANTO DOMINGO DE LOS TSÁCHILAS;02;00559;0003; ; ; ; ; ; ; ; ;REGIÓN SIERRA; ; ; ;TOTAL NACIONAL;44,6713437408015
23015402009060001;SANTO DOMINGO DE LOS TSÁCHILAS;02;00906;0001; ; ; ;3;3; ;3;3;REGIÓN SIERRA; ; ; ;TOTAL NACIONAL;18,988703198044
23015402010130005;SANTO DOMINGO DE LOS TSÁCHILAS;02;01013;0005; ;2; ; ; ; ;2;2;REGIÓN SIERRA; ; ; ;TOTAL NACIONAL;2,76530338524826
23015002010240002;SANTO DOMINGO DE LOS TSÁCHILAS;02;01024;0002; ; ; ; ; ; ; ; ;REGIÓN SIERRA; ; ; ;TOTAL NACIONAL;10,2297308377794
23015002010240005;SANTO DOMINGO DE LOS TSÁCHILAS;02;01024;0005; ; ; ; ;10; ; ; ;REGIÓN SIERRA; ; ; ;TOTAL NACIONAL;23,8452003905404
23015202010660006;SANTO DOMINGO DE LOS TSÁCHILAS;02;01066;0006; ; ; ; ; ; ; ; ;REGIÓN SIERRA; ; ; ;TOTAL NACIONAL;40,1570450520629
23015202010660012;SANTO DOMINGO DE LOS TSÁCHILAS;02;01066;0012; ; ; ; ;7; ; ; ;REGIÓN SIERRA; ; ; ;TOTAL NACIONAL;16,3640534765521
23015202010660014;SANTO DOMINGO DE LOS TSÁCHILAS;02;01066;0014; ; ; ; ; ; ; ; ;REGIÓN SIERRA; ; ; ;TOTAL NACIONAL;20,3541004064443
23015202011030004;SANTO DOMINGO DE LOS TSÁCHILAS;02;01103;0004; ; ; ; ; ; ; ; ;REGIÓN SIERRA; ; ; ;TOTAL NACIONAL;22,6507238481231
23015202012370003;SANTO DOMINGO DE LOS TSÁCHILAS;02;01237;0003;10; ; ; ; ;10; ;10;REGIÓN SIERRA; ; ; ;TOTAL NACIONAL;22,262505769977
23015702017580002;SANTO DOMINGO DE LOS TSÁCHILAS;02;01758;0002; ; ; ; ; ; ; ; ;REGIÓN SIERRA; ; ; ;TOTAL NACIONAL;36,8706287035559
23015003000880002;SANTO DOMINGO DE LOS TSÁCHILAS;03;00088;0002; ; ; ; ; ; ; ; ;REGIÓN SIERRA; ; ; ;TOTAL NACIONAL;23,130764379404
23015003000880005;SANTO DOMINGO DE LOS TSÁCHILAS;03;00088;0005; ; ; ; ; ; ; ; ;REGIÓN SIERRA; ; ; ;TOTAL NACIONAL;26,3316252630824
23015103001130001;SANTO DOMINGO DE LOS TSÁCHILAS;03;00113;0001; ;2; ; ; ; ;2;2;REGIÓN SIERRA; ; ; ;TOTAL NACIONAL;3,29978967006245
23015003001540001;SANTO DOMINGO DE LOS TSÁCHILAS;03;00154;0001; ; ; ; ;2; ; ; ;REGIÓN SIERRA; ; ; ;TOTAL NACIONAL;12,1707726143646
23015003001540003;SANTO DOMINGO DE LOS TSÁCHILAS;03;00154;0003;2; ;4; ;1;6; ;6;REGIÓN SIERRA; ; ; ;TOTAL NACIONAL;12,3671237767502
23015003001540004;SANTO DOMINGO DE LOS TSÁCHILAS;03;00154;0004;7;4;3;2; ;10;6;16;REGIÓN SIERRA; ; ; ;TOTAL NACIONAL;29,1348637490388
23015003001540005;SANTO DOMINGO DE LOS TSÁCHILAS;03;00154;0005;2;2;2; ;1;4;2;6;REGIÓN SIERRA; ; ; ;TOTAL NACIONAL;7,5663487003424
23015703002510003;SANTO DOMINGO DE LOS TSÁCHILAS;03;00251;0003; ; ; ; ;1; ; ; ;REGIÓN SIERRA; ; ; ;TOTAL NACIONAL;27,9972027372809
23015703002510005;SANTO DOMINGO DE LOS TSÁCHILAS;03;00251;0005; ; ; ; ;1; ; ; ;REGIÓN SIERRA; ; ; ;TOTAL NACIONAL;9,85014863176184
23015703002620002;SANTO DOMINGO DE LOS TSÁCHILAS;03;00262;0002; ; ; ; ;1; ; ; ;REGIÓN SIERRA; ; ; ;TOTAL NACIONAL;4,83234118963077
23015703002620003;SANTO DOMINGO DE LOS TSÁCHILAS;03;00262;0003; ; ; ; ; ; ; ; ;REGIÓN SIERRA; ; ; ;TOTAL NACIONAL;24,2007956113446
23015703002630001;SANTO DOMINGO DE LOS TSÁCHILAS;03;00263;0001; ; ; ; ;1; ; ; ;REGIÓN SIERRA; ; ; ;TOTAL NACIONAL;4,02336340728041
23015059000990578;SANTO DOMINGO DE LOS TSÁCHILAS;59;00099;0578; ; ; ; ;0; ; ; ;REGIÓN SIERRA; ; ; ;TOTAL NACIONAL;1
23015059000990592;SANTO DOMINGO DE LOS TSÁCHILAS;59;00099;0592; ; ; ;2;0; ;2;2;REGIÓN SIERRA; ; ; ;TOTAL NACIONAL;1
23015561000993011;SANTO DOMINGO DE LOS TSÁCHILAS;61;00099;3011; ; ; ; ;6; ; ; ;REGIÓN SIERRA; ; ; ;TOTAL NACIONAL;1
23015061000993040;SANTO DOMINGO DE LOS TSÁCHILAS;61;00099;3040; ;20; ; ;0; ;20;20;REGIÓN SIERRA; ; ; ;TOTAL NACIONAL;1
23015062000990324;SANTO DOMINGO DE LOS TSÁCHILAS;62;00099;0324;0;10000; ;10500;0;0;20500;20500;REGIÓN SIERRA; ; ; ;TOTAL NACIONAL;1
23015062000990325;SANTO DOMINGO DE LOS TSÁCHILAS;62;00099;0325;0;4500; ;6000;0;0;10500;10500;REGIÓN SIERRA; ; ; ;TOTAL NACIONAL;1
23025062000990329;SANTO DOMINGO DE LOS TSÁCHILAS;62;00099;0329; ; ; ; ; ; ; ; ;REGIÓN SIERRA; ; ; ;TOTAL NACIONAL;1
23015062000990339;SANTO DOMINGO DE LOS TSÁCHILAS;62;00099;0339;0;10000; ;6000;0;0;16000;16000;REGIÓN SIERRA; ; ; ;TOTAL NACIONAL;1
23015062000990343;SANTO DOMINGO DE LOS TSÁCHILAS;62;00099;0343; ;10000; ;5420;0; ;15420;15420;REGIÓN SIERRA; ; ; ;TOTAL NACIONAL;1
23025062000990365;SANTO DOMINGO DE LOS TSÁCHILAS;62;00099;0365; ;500; ;500; ; ;1000;1000;REGIÓN SIERRA; ; ; ;TOTAL NACIONAL;1
23015062000990443;SANTO DOMINGO DE LOS TSÁCHILAS;62;00099;0443; ;2480; ;5420;0; ;7900;7900;REGIÓN SIERRA; ; ; ;TOTAL NACIONAL;1
23015062000990449;SANTO DOMINGO DE LOS TSÁCHILAS;62;00099;0449;0;5450; ;6240;0;0;11690;11690;REGIÓN SIERRA; ; ; ;TOTAL NACIONAL;1
23025062000990519;SANTO DOMINGO DE LOS TSÁCHILAS;62;00099;0519; ;2000; ;1900;0; ;3900;3900;REGIÓN SIERRA; ; ; ;TOTAL NACIONAL;1
23015562000994219;SANTO DOMINGO DE LOS TSÁCHILAS;62;00099;4219; ;120; ;120;0; ;240;240;REGIÓN SIERRA; ; ; ;TOTAL NACIONAL;1
23015064000991343;SANTO DOMINGO DE LOS TSÁCHILAS;64;00099;1343; ; ; ;1;0; ;1;1;REGIÓN SIERRA; ; ; ;TOTAL NACIONAL;1
23015064000991354;SANTO DOMINGO DE LOS TSÁCHILAS;64;00099;1354;0;2; ;8;1;0;10;10;REGIÓN SIERRA; ; ; ;TOTAL NACIONAL;1
23015064000991478;SANTO DOMINGO DE LOS TSÁCHILAS;64;00099;1478; ;60; ;300; ; ;360;360;REGIÓN SIERRA; ; ; ;TOTAL NACIONAL;1
24015402000530004;SANTA ELENA;02;00053;0004; ; ; ; ; ; ; ; ; ;REGIÓN COSTA; ; ;TOTAL NACIONAL;,327454465998498
24015402000800001;SANTA ELENA;02;00080;0001; ; ; ; ; ; ; ; ; ;REGIÓN COSTA; ; ;TOTAL NACIONAL;4,71880239978372
24015402000800006;SANTA ELENA;02;00080;0006; ; ; ;3; ; ;3;3; ;REGIÓN COSTA; ; ;TOTAL NACIONAL;2,44465640407749
24015402000800007;SANTA ELENA;02;00080;0007; ; ; ; ;0; ; ; ; ;REGIÓN COSTA; ; ;TOTAL NACIONAL;6,28091892003336
24015202001350007;SANTA ELENA;02;00135;0007; ; ; ; ;1; ; ; ; ;REGIÓN COSTA; ; ;TOTAL NACIONAL;18,8074124685319
24015303001800001;SANTA ELENA;03;00180;0001; ; ; ; ; ; ; ; ; ;REGIÓN COSTA; ; ;TOTAL NACIONAL;,990194302677699
24015304000590001;SANTA ELENA;04;00059;0001;100; ; ; ; ;100; ;100; ;REGIÓN COSTA; ; ;TOTAL NACIONAL;0
24035104000620001;SANTA ELENA;04;00062;0001; ; ; ; ;1; ; ; ; ;REGIÓN COSTA; ; ;TOTAL NACIONAL;9,54710076713974
24015355000993977;SANTA ELENA;55;00099;3977; ;100; ;600;0; ;700;700; ;REGIÓN COSTA; ; ;TOTAL NACIONAL;1
24015062000990327;SANTA ELENA;62;00099;0327; ;15000; ;12000;0; ;27000;27000; ;REGIÓN COSTA; ; ;TOTAL NACIONAL;1
24015362000990341;SANTA ELENA;62;00099;0341; ;17; ;63;0; ;80;80; ;REGIÓN COSTA; ; ;TOTAL NACIONAL;1
90065103000290001;90;03;00029;0001; ; ; ; ; ; ; ; ; ; ; ;ZONA NO DELIMITADA;TOTAL NACIONAL;2,91574935233313
90065103000380002;90;03;00038;0002; ; ; ; ; ; ; ; ; ; ; ;ZONA NO DELIMITADA;TOTAL NACIONAL;5,12454909441113
90065103000380005;90;03;00038;0005; ; ; ; ;1; ; ; ; ; ; ;ZONA NO DELIMITADA;TOTAL NACIONAL;5,4700550350724
90065103000380006;90;03;00038;0006; ; ; ; ; ; ; ; ; ; ; ;ZONA NO DELIMITADA;TOTAL NACIONAL;2,33673877373851
90065103000380009;90;03;00038;0009; ; ; ; ;2; ; ; ; ; ; ;ZONA NO DELIMITADA;TOTAL NACIONAL;3,78910064774026
90065103000470001;90;03;00047;0001; ; ; ; ; ; ; ; ; ; ; ;ZONA NO DELIMITADA;TOTAL NACIONAL;3,07503155698728
90065103000470003;90;03;00047;0003; ; ; ; ;1; ; ; ; ; ; ;ZONA NO DELIMITADA;TOTAL NACIONAL;4,31940276423927
90065103000530001;90;03;00053;0001; ; ; ; ;1; ; ; ; ; ; ;ZONA NO DELIMITADA;TOTAL NACIONAL;5,10781299059666
90065103000530002;90;03;00053;0002; ; ; ; ; ; ; ; ; ; ; ;ZONA NO DELIMITADA;TOTAL NACIONAL;3,93244544165568
90065103000530003;90;03;00053;0003; ; ; ; ;1; ; ; ; ; ; ;ZONA NO DELIMITADA;TOTAL NACIONAL;1,82163417082669
90065103000550002;90;03;00055;0002; ; ; ; ;4; ; ; ; ; ; ;ZONA NO DELIMITADA;TOTAL NACIONAL;2,07453193943434
90065103000560002;90;03;00056;0002; ; ; ; ; ; ; ; ; ; ; ;ZONA NO DELIMITADA;TOTAL NACIONAL;3,33615620253991
90065104000060001;90;04;00006;0001; ; ; ; ;2; ; ; ; ; ; ;ZONA NO DELIMITADA;TOTAL NACIONAL;1,16316154200903
90065104000060002;90;04;00006;0002; ;1; ; ; ; ;1;1; ; ; ;ZONA NO DELIMITADA;TOTAL NACIONAL;2,61361417061772
90065104000060003;90;04;00006;0003; ; ; ; ;1; ; ; ; ; ; ;ZONA NO DELIMITADA;TOTAL NACIONAL;4,12584291423834
90065104000110001;90;04;00011;0001; ; ; ; ; ; ; ; ; ; ; ;ZONA NO DELIMITADA;TOTAL NACIONAL;1,75580008163171
90065104000110002;90;04;00011;0002; ;1; ; ; ; ;1;1; ; ; ;ZONA NO DELIMITADA;TOTAL NACIONAL;1,65451799856872
90065104000110004;90;04;00011;0004; ; ; ; ; ; ; ; ; ; ; ;ZONA NO DELIMITADA;TOTAL NACIONAL;1,96063579099106
90065104000110005;90;04;00011;0005; ; ; ; ; ; ; ; ; ; ; ;ZONA NO DELIMITADA;TOTAL NACIONAL;1,91482234896799
90065104000140002;90;04;00014;0002; ; ; ; ;1; ; ; ; ; ; ;ZONA NO DELIMITADA;TOTAL NACIONAL;,0858219351499883
90065104000170001;90;04;00017;0001; ; ; ; ; ; ; ; ; ; ; ;ZONA NO DELIMITADA;TOTAL NACIONAL;,423831743640768
90065104000170003;90;04;00017;0003; ; ; ; ; ; ; ; ; ; ; ;ZONA NO DELIMITADA;TOTAL NACIONAL;,341461709956203
